fen,observations,errors_50cp,actual_error_rate_50cp,best_move_hits,actual_best_move_rate,not_best_move_count,actual_not_best_move_rate,stockfish_best_move,gmr,number_of_good_moves,dts_raw,dts_normalized,breadth_inv_n,breadth_inv_sqrt_n,breadth_inv_log_n,complexity_gmr,complexity_dts_inv_n,complexity_dts_inv_sqrt_n,complexity_dts_inv_log_n
r1bqk2r/5ppp/p1np1b2/1p1Np3/4P3/N7/PPP2PPP/R2QKB1R w KQkq -,11798,499,0.042295304288862516,7445,0.6310391591795219,4353,0.36896084082047803,c2c3,0.1794871794871795,7,12.0,0.375,0.14285714285714285,0.3779644730092272,0.3333333333333333,0.8205128205128205,0.2589285714285714,0.3764822365046136,0.35416666666666663
r2qkbnr/pp1n1pp1/2p1p2p/7P/3P4/3Q1NN1/PPP2PP1/R1B1K2R w KQkq -,9153,65,0.007101496777013001,4243,0.46356385884409484,4910,0.5364361411559052,c1d2,0.22916666666666666,11,20.0,0.875,0.09090909090909091,0.30151134457776363,0.27894294565112987,0.7708333333333334,0.48295454545454547,0.5882556722888819,0.5769714728255649
r1bq1rk1/2p1bppp/p7/1p1nR3/8/1BP5/PP1P1PPP/RNBQ2K1 b - -,8603,53,0.006160641636638382,6413,0.7454376380332443,2190,0.2545623619667558,c7c6,0.16666666666666666,6,22.0,1.0,0.16666666666666666,0.4082482904638631,0.3562071871080222,0.8333333333333334,0.5833333333333334,0.7041241452319316,0.6781035935540111
r1bq1rk1/4bppp/p2p1n2/npp1p3/4P3/2P2N1P/PPBP1PP1/RNBQR1K1 w - c6,7198,261,0.036260072242289526,5898,0.81939427618783,1300,0.18060572381217005,d2d4,0.11538461538461539,3,6.0,0.0,0.3333333333333333,0.5773502691896258,0.5,0.8846153846153846,0.16666666666666666,0.2886751345948129,0.25
r2qkb1r/pp1nppp1/2p2n1p/7P/3P4/3Q1NN1/PPP2PP1/R1B1K2R w KQkq -,6767,366,0.054086005615486925,2356,0.3481601891532437,4411,0.6518398108467564,c1f4,0.20833333333333334,10,6.0,0.0,0.1,0.31622776601683794,0.2890648263178879,0.7916666666666666,0.05,0.15811388300841897,0.14453241315894394
rn1qkb1r/pp3pp1/2p1pn1p/7P/3P4/3Q1NN1/PPP2PP1/R1B1K2R w KQkq -,5406,46,0.008509064002959674,2074,0.3836477987421384,3332,0.6163522012578616,c1d2,0.25,12,6.0,0.0,0.08333333333333333,0.2886751345948129,0.27023815442731974,0.75,0.041666666666666664,0.14433756729740646,0.13511907721365987
2rq1rk1/pp1bppbp/2np1np1/8/2BNP3/2N1BP2/PPPQ2PP/2KR3R w - -,4772,363,0.07606873428331937,28,0.00586756077116513,4744,0.9941324392288349,c4e2,0.08695652173913043,4,22.0,1.0,0.25,0.5,0.43067655807339306,0.9130434782608696,0.625,0.75,0.7153382790366966
r1bqkb1r/5p1p/p1np4/1p1Npp2/4P3/N7/PPP2PPP/R2QKB1R w KQkq -,3451,231,0.06693711967545639,458,0.13271515502752826,2993,0.8672848449724717,c2c3,0.15,6,22.0,1.0,0.16666666666666666,0.4082482904638631,0.3562071871080222,0.85,0.5833333333333334,0.7041241452319316,0.6781035935540111
r2q1rk1/3nppbp/b2p1np1/2pP4/8/2N2NP1/PP2PPBP/R1BQ1RK1 w - -,3285,80,0.0243531202435312,842,0.2563165905631659,2443,0.7436834094368341,a1b1,0.4444444444444444,16,22.0,1.0,0.0625,0.25,0.24465054211822604,0.5555555555555556,0.53125,0.625,0.6223252710591131
r4rk1/ppqn1ppp/2pb1n2/3p2B1/3P2b1/2PB1N2/PPQN1PPP/R4RK1 w - -,3297,86,0.026084319077949652,1154,0.3500151653017895,2143,0.6499848346982104,h2h3,0.5476190476190477,23,6.0,0.0,0.043478260869565216,0.20851441405707477,0.21810429198553155,0.45238095238095233,0.021739130434782608,0.10425720702853739,0.10905214599276578
r3kbnr/pp1b1ppp/4p3/3pq3/8/2NB4/PP3PPP/R1BQ1RK1 w kq -,3185,266,0.08351648351648351,2919,0.9164835164835164,266,0.08351648351648351,f1e1,0.023255813953488372,1,8.0,0.125,1.0,1.0,1.0,0.9767441860465116,0.5625,0.5625,0.5625
r1bq1rk1/p4ppp/2p2n2/3p2B1/1b6/2NB4/PPP2PPP/R2Q1RK1 w - -,3067,44,0.014346266710140202,1890,0.6162373655037496,1177,0.3837626344962504,d1f3,0.2857142857142857,12,6.0,0.0,0.08333333333333333,0.2886751345948129,0.27023815442731974,0.7142857142857143,0.041666666666666664,0.14433756729740646,0.13511907721365987
r1b1kb1r/pp1n1ppp/4p3/3pP3/3q4/3B4/PP1N1PPP/R1BQ1RK1 w kq -,3049,70,0.022958346999016072,2979,0.9770416530009839,70,0.022958346999016072,d2f3,0.029411764705882353,1,6.0,0.0,1.0,1.0,1.0,0.9705882352941176,0.5,0.5,0.5
r1bq1rk1/ppp2ppp/2n5/3n4/2BP4/5N2/PP1N1PPP/R2Q1RK1 w - -,2800,521,0.18607142857142858,177,0.06321428571428571,2623,0.9367857142857143,a1c1,0.46875,15,20.0,0.875,0.06666666666666667,0.2581988897471611,0.25,0.53125,0.4708333333333333,0.5665994448735805,0.5625
r3kbnr/1p1b1ppp/p3p3/3pP3/3q4/2NB4/PP3PPP/R1BQ1RK1 w kq -,2744,831,0.30284256559766765,633,0.23068513119533526,2111,0.7693148688046647,f1e1,0.12195121951219512,5,20.0,0.875,0.2,0.4472135954999579,0.38685280723454163,0.8780487804878049,0.5375,0.6611067977499789,0.6309264036172708
r2q1rk1/1p1nbppp/p2pbn2/4p3/4P3/1NN1BP2/PPPQ2PP/2KR1B1R w - -,2676,145,0.054185351270553066,1955,0.7305680119581465,721,0.26943198804185353,g2g4,0.125,5,8.0,0.125,0.2,0.4472135954999579,0.38685280723454163,0.875,0.1625,0.28610679774997894,0.2559264036172708
r1bqk2r/p4pp1/2pb1n1p/n3N3/4p3/8/PPPPBPPP/RNBQK2R w KQkq -,2558,737,0.28811571540265835,1618,0.6325254104769351,940,0.3674745895230649,d2d4,0.05555555555555555,2,6.0,0.0,0.5,0.7071067811865475,0.6309297535714575,0.9444444444444444,0.25,0.35355339059327373,0.31546487678572877
r1bq1rk1/2pnbppp/p2p1n2/1p2p3/3PP3/1BP2N1P/PP3PP1/RNBQR1K1 w - -,2439,121,0.04961049610496105,1783,0.7310373103731037,656,0.2689626896268963,b1d2,0.5277777777777778,19,20.0,0.875,0.05263157894736842,0.22941573387056174,0.23137821315975915,0.4722222222222222,0.4638157894736842,0.5522078669352809,0.5531891065798795
r2qk2r/p1pb1ppp/2p5/2bpP1n1/3N4/5P2/PPP3PP/RNBQ1RK1 w kq -,2444,13,0.005319148936170213,58,0.023731587561374796,2386,0.9762684124386252,c2c3,0.18518518518518517,5,22.0,1.0,0.2,0.4472135954999579,0.38685280723454163,0.8148148148148149,0.6,0.7236067977499789,0.6934264036172708
r2q1rk1/pp1n1ppp/2pb1n2/3p2Bb/3P4/2PB1N1P/PP1N1PP1/R2Q1RK1 w - -,2442,1,0.0004095004095004095,1729,0.7080262080262081,713,0.291973791973792,d1c2,0.5952380952380952,25,10.0,0.25,0.04,0.2,0.21274605355336312,0.40476190476190477,0.145,0.225,0.23137302677668156
r1bqk2r/5pbp/p1np1p2/1p1Np3/4P3/N7/PPP2PPP/R2QKB1R w KQkq -,2324,71,0.03055077452667814,613,0.26376936316695354,1711,0.7362306368330465,f1d3,0.20512820512820512,8,12.0,0.375,0.125,0.35355339059327373,0.31546487678572877,0.7948717948717949,0.25,0.36427669529663687,0.3452324383928644
r1bq1rk1/pppnn1bp/3p2p1/3Ppp2/2P1P3/2N1BP2/PP2B1PP/R2QNRK1 b - -,2301,3,0.001303780964797914,2005,0.8713602781399391,296,0.12863972186006084,f5f4,0.48148148148148145,13,22.0,1.0,0.07692307692307693,0.2773500981126146,0.26264953503719357,0.5185185185185186,0.5384615384615384,0.6386750490563073,0.6313247675185968
r1bqk2r/pp4pp/2nbpn2/3p4/3P4/3B4/PP1NNPPP/R1BQ1RK1 w kq -,2295,46,0.020043572984749455,1963,0.8553376906318083,332,0.14466230936819172,d2f3,0.38235294117647056,13,6.0,0.0,0.07692307692307693,0.2773500981126146,0.26264953503719357,0.6176470588235294,0.038461538461538464,0.1386750490563073,0.13132476751859679
2rq1rk1/pp1bppbp/2np1np1/8/3NP3/1BN1BP2/PPPQ2PP/R3K2R w KQ -,2295,149,0.06492374727668845,355,0.15468409586056645,1940,0.8453159041394336,h2h4,0.08888888888888889,4,22.0,1.0,0.25,0.5,0.43067655807339306,0.9111111111111111,0.625,0.75,0.7153382790366966
r2q1rk1/p1p1bppp/2pp1n2/6B1/4P3/2N5/PPP2PPP/R2Q1RK1 w - -,1821,411,0.2257001647446458,56,0.030752333882482153,1765,0.9692476661175179,d1d3,0.46153846153846156,18,6.0,0.0,0.05555555555555555,0.23570226039551587,0.23540891336663824,0.5384615384615384,0.027777777777777776,0.11785113019775793,0.11770445668331912
r1bq1rk1/1p3ppp/p1np1b2/3Np3/4P3/N7/PPP2PPP/R2QKB1R w KQ -,2153,519,0.24105898745935903,385,0.17882025081281933,1768,0.8211797491871807,a3c4,0.175,7,6.0,0.0,0.14285714285714285,0.3779644730092272,0.3333333333333333,0.825,0.07142857142857142,0.1889822365046136,0.16666666666666666
r1bq1rk1/p3ppbp/2p2np1/3p4/4P3/2N1BP2/PPPQ2PP/2KR1B1R w - -,2119,115,0.05427088249174139,201,0.09485606418121756,1918,0.9051439358187825,e3h6,0.1282051282051282,5,18.0,0.75,0.2,0.4472135954999579,0.38685280723454163,0.8717948717948718,0.475,0.5986067977499789,0.5684264036172708
r2q1rk1/p1p1bppp/2pp1n2/8/4P3/2N5/PPP2PPP/R1BQR1K1 w - -,1732,8,0.004618937644341801,52,0.03002309468822171,1680,0.9699769053117783,f2f4,0.6388888888888888,23,20.0,0.875,0.043478260869565216,0.20851441405707477,0.21810429198553155,0.36111111111111116,0.4592391304347826,0.5417572070285374,0.5465521459927658
rnbq1rk1/pp3ppp/4p3/8/3PP3/5N2/P2Q1PPP/R3KB1R w KQ -,1837,31,0.016875340228633642,706,0.38432226456178553,1131,0.6156777354382145,f1c4,0.5135135135135135,19,18.0,0.75,0.05263157894736842,0.22941573387056174,0.23137821315975915,0.4864864864864865,0.4013157894736842,0.4897078669352809,0.4906891065798796
r1bqnrk1/ppp1n1bp/3p2p1/3Ppp2/2P1P3/2N1BP2/PP2B1PP/R2QNRK1 b - -,1951,0,0.0,12,0.006150691952844695,1939,0.9938493080471553,a7a5,0.68,17,22.0,1.0,0.058823529411764705,0.24253562503633297,0.23981246656813146,0.31999999999999995,0.5294117647058824,0.6212678125181665,0.6199062332840657
r1bqrnk1/pp2bppp/2p2n2/3p2B1/3P4/2NBPN2/PPQ2PPP/R4RK1 w - -,1893,158,0.08346539883782356,364,0.19228737453777073,1529,0.8077126254622292,h2h3,0.3541666666666667,17,12.0,0.375,0.058823529411764705,0.24253562503633297,0.23981246656813146,0.6458333333333333,0.21691176470588236,0.3087678125181665,0.30740623328406574
r1b1k2r/2qnbppp/p2ppn2/1p4B1/3NPPP1/2N2Q2/PPP4P/2KR1B1R w kq b6,1899,249,0.13112164296998421,1384,0.7288046340179042,515,0.2711953659820958,g5f6,0.0975609756097561,4,6.0,0.0,0.25,0.5,0.43067655807339306,0.9024390243902439,0.125,0.25,0.21533827903669653
r1bqr1k1/pp1nbpp1/2p2n1p/3p4/3P3B/2NBPN2/PPQ2PPP/R3K2R w KQ -,1907,208,0.10907184058730991,1549,0.8122705820660724,358,0.18772941793392764,e1g1,0.4897959183673469,24,22.0,1.0,0.041666666666666664,0.20412414523193154,0.21533827903669653,0.5102040816326531,0.5208333333333334,0.6020620726159658,0.6076691395183482
r1b2rk1/pp2ppbp/2n3p1/3q4/3N4/4BP2/PPPQ2PP/R3KB1R w KQ -,1860,311,0.16720430107526882,1069,0.5747311827956989,791,0.4252688172043011,d4c6,0.06976744186046512,3,6.0,0.0,0.3333333333333333,0.5773502691896258,0.5,0.9302325581395349,0.16666666666666666,0.2886751345948129,0.25
r1bq1rk1/pp2ppbp/2n3p1/3n4/3N4/2N1BP2/PPPQ2PP/2KR1B1R w - -,1791,643,0.3590173087660525,1148,0.6409826912339475,643,0.3590173087660525,d4c6,0.02631578947368421,1,6.0,0.0,1.0,1.0,1.0,0.9736842105263158,0.5,0.5,0.5
rn1q1rk1/4ppbp/3p1np1/2pP4/4P3/2N2NP1/PP3PKP/R1BQ3R b - -,1763,20,0.011344299489506523,3,0.0017016449234259785,1760,0.998298355076574,d8c8,0.5483870967741935,17,22.0,1.0,0.058823529411764705,0.24253562503633297,0.23981246656813146,0.4516129032258065,0.5294117647058824,0.6212678125181665,0.6199062332840657
r4rk1/pppqbppp/3p1n2/6B1/3QP3/2N5/PPP2PPP/R4RK1 w - -,1552,359,0.23131443298969073,259,0.16688144329896906,1293,0.833118556701031,e4e5,0.1702127659574468,8,6.0,0.0,0.125,0.35355339059327373,0.31546487678572877,0.8297872340425532,0.0625,0.17677669529663687,0.15773243839286438
r4rk1/pp3ppp/2nqpn2/3p4/3P2b1/2PB1N2/PP1N1PPP/R2Q1RK1 w - -,1765,8,0.004532577903682719,503,0.284985835694051,1262,0.715014164305949,f1e1,0.5675675675675675,21,8.0,0.125,0.047619047619047616,0.2182178902359924,0.22424382421757544,0.43243243243243246,0.08630952380952381,0.17160894511799618,0.17462191210878772
r1b1k2r/4qppp/p1np1n2/1p2p1B1/4P3/N7/PPP2PPP/R2QKB1R w KQkq -,1698,221,0.13015312131919907,460,0.270906949352179,1238,0.7290930506478209,c2c3,0.225,9,6.0,0.0,0.1111111111111111,0.3333333333333333,0.3010299956639812,0.775,0.05555555555555555,0.16666666666666666,0.1505149978319906
r2q1rk1/pp2ppbp/2n3p1/2p5/2BPP1b1/2P1BP2/P3N1PP/R2Q1RK1 b - -,1674,6,0.0035842293906810036,469,0.2801672640382318,1205,0.7198327359617682,g4d7,0.0975609756097561,4,6.0,0.0,0.25,0.5,0.43067655807339306,0.9024390243902439,0.125,0.25,0.21533827903669653
r1bqk2r/pp4pp/2nbpn2/3p4/3P4/3B1N2/PP2NPPP/R1BQK2R w KQkq -,1623,5,0.0030807147258163892,1281,0.789279112754159,342,0.21072088724584104,e1g1,0.4146341463414634,17,6.0,0.0,0.058823529411764705,0.24253562503633297,0.23981246656813146,0.5853658536585367,0.029411764705882353,0.12126781251816648,0.11990623328406573
r1bq1rk1/4bppp/p2p1n2/npp1p3/4P3/2PP1N1P/PPB2PP1/RNBQ1RK1 w - c6,1611,23,0.014276846679081317,188,0.11669770328988206,1423,0.883302296710118,d3d4,0.3870967741935484,12,6.0,0.0,0.08333333333333333,0.2886751345948129,0.27023815442731974,0.6129032258064516,0.041666666666666664,0.14433756729740646,0.13511907721365987
r1bq3r/ppp2kpp/8/3p4/1n1Pn3/1Q3N2/PP3PPP/RN2K2R w KQ d6,1537,0,0.0,481,0.3129472999349382,1056,0.6870527000650618,f3e5,0.06666666666666667,2,10.0,0.25,0.5,0.7071067811865475,0.6309297535714575,0.9333333333333333,0.375,0.47855339059327373,0.44046487678572877
r1bq1rk1/p3ppbp/2p3p1/3n4/8/2N1BP2/PPPQ2PP/R3KB1R w KQ -,1576,545,0.34581218274111675,1029,0.6529187817258884,547,0.3470812182741117,c3d5,0.044444444444444446,2,12.0,0.375,0.5,0.7071067811865475,0.6309297535714575,0.9555555555555556,0.4375,0.5410533905932737,0.5029648767857288
r2q1rk1/1p1bppbp/p1np1np1/8/2PNP3/2N1BP2/PP2B1PP/R2Q1RK1 w - -,1534,75,0.04889178617992177,812,0.529335071707953,722,0.4706649282920469,d1d2,0.42857142857142855,18,18.0,0.75,0.05555555555555555,0.23570226039551587,0.23540891336663824,0.5714285714285714,0.4027777777777778,0.49285113019775795,0.49270445668331914
r2q1rk1/pp2ppbp/1nnp2p1/8/2PP2b1/2N1BN2/PP2BPPP/R2Q1RK1 w - -,1544,979,0.6340673575129534,561,0.3633419689119171,983,0.6366580310880829,b2b3,0.05405405405405406,2,8.0,0.125,0.5,0.7071067811865475,0.6309297535714575,0.9459459459459459,0.3125,0.41605339059327373,0.37796487678572877
r3kbnr/ppqnppp1/2p4p/7P/3P4/3Q1NN1/PPP2PP1/R1B1K2R w KQkq -,1520,118,0.07763157894736843,1012,0.6657894736842105,508,0.33421052631578946,c1d2,0.20833333333333334,10,14.0,0.5,0.1,0.31622776601683794,0.2890648263178879,0.7916666666666666,0.3,0.408113883008419,0.39453241315894394
r1b1kb1r/pp4pp/1qn1pn2/3p4/3P4/3B1N2/PP2NPPP/R1BQK2R w KQkq -,1518,24,0.015810276679841896,1443,0.950592885375494,75,0.04940711462450593,e1g1,0.2926829268292683,12,14.0,0.5,0.08333333333333333,0.2886751345948129,0.27023815442731974,0.7073170731707317,0.2916666666666667,0.39433756729740643,0.3851190772136599
r2q1rk1/pp1n1ppp/2pb1n2/3p2Bb/3P4/2NB1N1P/PPP2PP1/R2QR1K1 w - -,1516,148,0.09762532981530343,184,0.12137203166226913,1332,0.8786279683377308,d3f5,0.40816326530612246,20,22.0,1.0,0.05,0.22360679774997896,0.227670248696953,0.5918367346938775,0.525,0.6118033988749895,0.6138351243484765
r1bq1rk1/p2nppbp/2p3p1/3pP3/8/2N1BP2/PPPQ2PP/R3KB1R w KQ -,1508,51,0.033819628647214856,1431,0.9489389920424404,77,0.05106100795755968,f3f4,0.043478260869565216,2,6.0,0.0,0.5,0.7071067811865475,0.6309297535714575,0.9565217391304348,0.25,0.35355339059327373,0.31546487678572877
r1bqkb1r/p2n1p2/2p1pn2/1p2P1B1/2pP4/2N5/PP3PPP/R2QKB1R w KQkq -,1462,97,0.06634746922024624,539,0.3686730506155951,923,0.6313269493844049,g2g3,0.09090909090909091,4,12.0,0.375,0.25,0.5,0.43067655807339306,0.9090909090909091,0.3125,0.4375,0.40283827903669656
r1bq1rk1/2p1bppp/p1n5/1p1n4/3p4/1BP2N2/PP3PPP/RNBQR1K1 w - -,1453,35,0.024088093599449415,294,0.20233998623537508,1159,0.7976600137646249,c3d4,0.18421052631578946,7,20.0,0.875,0.14285714285714285,0.3779644730092272,0.3333333333333333,0.8157894736842105,0.5089285714285714,0.6264822365046137,0.6041666666666666
r1bqk2r/p3bpp1/2p2n1p/n7/B3p3/5N2/PPPPQPPP/RNB1K2R w KQkq -,1411,544,0.3855421686746988,867,0.6144578313253012,544,0.3855421686746988,f3e5,0.029411764705882353,1,6.0,0.0,1.0,1.0,1.0,0.9705882352941176,0.5,0.5,0.5
rn1q1rk1/4ppbp/3p1np1/2pP4/4P3/2N3P1/PP3PKP/R1BQ2NR w - -,1462,98,0.06703146374829001,904,0.6183310533515732,558,0.3816689466484268,g1f3,0.4473684210526316,17,12.0,0.375,0.058823529411764705,0.24253562503633297,0.23981246656813146,0.5526315789473684,0.21691176470588236,0.3087678125181665,0.30740623328406574
r4rk1/pppqbppp/3p1n2/8/3QP3/2N5/PPP2PPP/R1B1R1K1 w - -,1129,283,0.25066430469441986,360,0.31886625332152346,769,0.6811337466784765,c1g5,0.6511627906976745,28,12.0,0.375,0.03571428571428571,0.1889822365046136,0.20584683246043448,0.34883720930232553,0.20535714285714285,0.2819911182523068,0.2904234162302172
rn1q1rk1/pp3ppp/2pb1nb1/3p2B1/3P2P1/2NB1N1P/PPP2P2/R2Q1RK1 w - -,1428,20,0.014005602240896359,554,0.38795518207282914,874,0.6120448179271709,f3e5,0.475,19,6.0,0.0,0.05263157894736842,0.22941573387056174,0.23137821315975915,0.525,0.02631578947368421,0.11470786693528087,0.11568910657987957
r2q1rk1/pp2bppp/2n1pn2/3p2Bb/3P4/2PB1N1P/PP1N1PP1/R2Q1RK1 w - -,1441,56,0.0388619014573213,7,0.004857737682165163,1434,0.9951422623178349,g5f4,0.3953488372093023,17,6.0,0.0,0.058823529411764705,0.24253562503633297,0.23981246656813146,0.6046511627906976,0.029411764705882353,0.12126781251816648,0.11990623328406573
r1bqr1k1/pp1nbpp1/2p2n1p/3p4/3P3B/2NBP3/PPQ1NPPP/R3K2R w KQ -,1417,110,0.0776287932251235,1049,0.7402964008468595,368,0.25970359915314045,e1g1,0.45652173913043476,21,20.0,0.875,0.047619047619047616,0.2182178902359924,0.22424382421757544,0.5434782608695652,0.46130952380952384,0.5466089451179962,0.5496219121087877
r2q1rk1/pp1n1ppp/2pb1n2/3p2Bb/3P4/2N2N1P/PPP1BPP1/R2Q1RK1 w - -,1402,736,0.5249643366619116,82,0.05848787446504993,1320,0.9415121255349501,f3h4,0.32432432432432434,12,6.0,0.0,0.08333333333333333,0.2886751345948129,0.27023815442731974,0.6756756756756757,0.041666666666666664,0.14433756729740646,0.13511907721365987
r1bq1rk1/pppnn1bp/3p2p1/3Ppp2/2P1P3/2NN4/PP2BPPP/R1BQ1RK1 w - f6,1358,50,0.036818851251840944,536,0.3946980854197349,822,0.605301914580265,f2f3,0.3611111111111111,13,6.0,0.0,0.07692307692307693,0.2773500981126146,0.26264953503719357,0.6388888888888888,0.038461538461538464,0.1386750490563073,0.13132476751859679
r1bq1rk1/4bppp/p2p1n2/npp1p3/4P3/2PP1N2/PPB2PPP/RNBQR1K1 w - c6,1348,36,0.026706231454005934,145,0.10756676557863501,1203,0.892433234421365,h2h3,0.25806451612903225,8,20.0,0.875,0.125,0.35355339059327373,0.31546487678572877,0.7419354838709677,0.5,0.6142766952966369,0.5952324383928644
r1b1k2r/ppp1qppp/3p4/4n3/2P2B2/P3P3/1P1Q1PPP/R3KB1R w KQkq -,1316,3,0.0022796352583586625,1029,0.7819148936170213,287,0.21808510638297873,f1e2,0.5714285714285714,20,8.0,0.125,0.05,0.22360679774997896,0.227670248696953,0.4285714285714286,0.0875,0.17430339887498947,0.17633512434847648
2kr1b1r/ppp2ppp/2n1b3/q5N1/3p4/5N2/PPP2PPP/R1BQR1K1 w - -,1266,28,0.022116903633491312,1238,0.9778830963665087,28,0.022116903633491312,g5e6,0.02857142857142857,1,6.0,0.0,1.0,1.0,1.0,0.9714285714285714,0.5,0.5,0.5
r1b2rk1/pp2ppbp/2n3p1/3q4/3N4/4B3/PPP1BPPP/R2Q1RK1 w - -,1278,295,0.23082942097026604,520,0.40688575899843504,758,0.593114241001565,e2f3,0.07692307692307693,3,6.0,0.0,0.3333333333333333,0.5773502691896258,0.5,0.9230769230769231,0.16666666666666666,0.2886751345948129,0.25
r1b1k2r/1pq1bppp/p1nppn2/8/2B1PB2/2N2N2/PP2QPPP/R2R2K1 w kq -,1280,42,0.0328125,872,0.68125,408,0.31875,a1c1,0.09615384615384616,5,12.0,0.375,0.2,0.4472135954999579,0.38685280723454163,0.9038461538461539,0.2875,0.41110679774997894,0.3809264036172708
r4rk1/ppqn1ppp/2pb1n2/3p2B1/3P2b1/2PB1N2/PP1N1PPP/R2QR1K1 w - -,1277,109,0.08535630383711824,767,0.6006264682850431,510,0.39937353171495693,d1c2,0.1836734693877551,9,16.0,0.625,0.1111111111111111,0.3333333333333333,0.3010299956639812,0.8163265306122449,0.3680555555555556,0.47916666666666663,0.4630149978319906
r2qk2r/p2bbppp/2Q2n2/4p1N1/8/8/PPPP1PPP/RNB1K2R w KQkq -,1200,150,0.125,573,0.4775,627,0.5225,c6f3,0.06521739130434782,3,16.0,0.625,0.3333333333333333,0.5773502691896258,0.5,0.9347826086956522,0.47916666666666663,0.6011751345948129,0.5625
r1bqr1k1/pp1nbpp1/2p2n1p/3p4/3P3B/2NBPN2/PP3PPP/R2Q1RK1 w - -,1228,49,0.039902280130293157,9,0.007328990228013029,1219,0.992671009771987,f3d2,0.5813953488372093,25,10.0,0.25,0.04,0.2,0.21274605355336312,0.41860465116279066,0.145,0.225,0.23137302677668156
r4b1r/ppp4p/2n1kp2/4p3/8/8/PPPP1PPP/RNB1K2R w KQ -,669,413,0.617339312406577,69,0.1031390134529148,600,0.8968609865470852,d2d3,0.4090909090909091,9,6.0,0.0,0.1111111111111111,0.3333333333333333,0.3010299956639812,0.5909090909090908,0.05555555555555555,0.16666666666666666,0.1505149978319906
r1bqrnk1/pp2bppp/2p2n2/3p2B1/3P4/2NBP3/PPQ1NPPP/R4RK1 w - -,1190,30,0.025210084033613446,481,0.4042016806722689,709,0.5957983193277311,f2f3,0.5434782608695652,25,14.0,0.5,0.04,0.2,0.21274605355336312,0.4565217391304348,0.27,0.35,0.3563730267766816
r1b1kb1r/p4pp1/2p2n1p/n3N3/3qp3/8/PPPPBPPP/RNBQK2R w KQkq -,1201,442,0.3680266444629475,759,0.6319733555370525,442,0.3680266444629475,f2f4,0.02857142857142857,1,6.0,0.0,1.0,1.0,1.0,0.9714285714285714,0.5,0.5,0.5
r2q1rk1/p1pb1ppp/2p5/2bpP3/3Nn3/4B3/PPP2PPP/RN1Q1RK1 w - -,1149,90,0.0783289817232376,246,0.21409921671018275,903,0.7859007832898173,b1d2,0.07894736842105263,3,22.0,1.0,0.3333333333333333,0.5773502691896258,0.5,0.9210526315789473,0.6666666666666666,0.7886751345948129,0.75
r1b2rk1/pp1nqppp/2p1p3/3n4/2BP4/2N1PN2/PP3PPP/R2Q1RK1 w - -,1142,6,0.005253940455341506,221,0.19352014010507881,921,0.8064798598949212,a1c1,0.7435897435897436,29,22.0,1.0,0.034482758620689655,0.18569533817705186,0.2037950470905062,0.2564102564102564,0.5172413793103449,0.5928476690885259,0.601897523545253
r2q1rk1/pp1n1pp1/2pb1n1p/3p4/3P2bB/2PB1N2/PP1N1PPP/R2Q1RK1 w - -,1135,0,0.0,82,0.0722466960352423,1053,0.9277533039647577,f1e1,0.5526315789473685,21,22.0,1.0,0.047619047619047616,0.2182178902359924,0.22424382421757544,0.4473684210526315,0.5238095238095238,0.6091089451179962,0.6121219121087877
r1b1k1r1/ppq1np1Q/2n1p3/3pP3/3p4/P1P5/2P1NPPP/R1B1KB1R w KQq -,1115,112,0.10044843049327354,969,0.8690582959641255,146,0.13094170403587443,f2f4,0.1111111111111111,4,8.0,0.125,0.25,0.5,0.43067655807339306,0.8888888888888888,0.1875,0.3125,0.27783827903669656
r1b1k2r/pp1n1ppp/1qn1p3/3pP3/3P4/3B1N2/PP1QNPPP/R3K2R b KQkq -,1122,237,0.21122994652406418,88,0.0784313725490196,1034,0.9215686274509803,f7f6,0.10810810810810811,4,10.0,0.25,0.25,0.5,0.43067655807339306,0.8918918918918919,0.25,0.375,0.34033827903669656
r2q1rk1/ppp1b1pp/3ppn2/6B1/3QP3/2N5/PPP2PPP/R4RK1 w - -,986,324,0.3286004056795132,206,0.20892494929006086,780,0.7910750507099391,e4e5,0.3191489361702128,15,22.0,1.0,0.06666666666666667,0.2581988897471611,0.25,0.6808510638297872,0.5333333333333333,0.6290994448735805,0.625
r2q1rk1/pp1bppbp/3p1np1/4n3/3NP3/1BN1BP2/PPPQ2PP/R3K2R w KQ -,1071,165,0.15406162464985995,716,0.6685340802987861,355,0.3314659197012138,e1c1,0.13636363636363635,6,8.0,0.125,0.16666666666666666,0.4082482904638631,0.3562071871080222,0.8636363636363636,0.14583333333333331,0.26662414523193156,0.2406035935540111
1rbq1rk1/p3ppbp/2Bp1np1/8/2P5/2N3P1/PP2PP1P/R1BQ1RK1 w - -,1051,143,0.13606089438629876,654,0.6222645099904852,397,0.37773549000951473,c6g2,0.15217391304347827,7,20.0,0.875,0.14285714285714285,0.3779644730092272,0.3333333333333333,0.8478260869565217,0.5089285714285714,0.6264822365046137,0.6041666666666666
r2q1rk1/2p1bppp/p1np1n2/1p6/3PP1b1/1B3N2/PP3PPP/RNBQR1K1 w - -,974,217,0.22279260780287474,138,0.14168377823408623,836,0.8583162217659137,b1c3,0.23529411764705882,8,22.0,1.0,0.125,0.35355339059327373,0.31546487678572877,0.7647058823529411,0.5625,0.6767766952966369,0.6577324383928644
r3k2r/ppp2ppp/2n1bP2/2b2qN1/2pp4/2N5/PPP2PPP/R1BQR1K1 w kq -,1046,93,0.08891013384321224,645,0.6166347992351816,401,0.38336520076481834,c3e4,0.047619047619047616,2,6.0,0.0,0.5,0.7071067811865475,0.6309297535714575,0.9523809523809523,0.25,0.35355339059327373,0.31546487678572877
r3kb1r/p2q1ppp/4pn2/3p4/8/2N5/PPP2PPP/R1BQ1RK1 w kq -,791,16,0.020227560050568902,8,0.010113780025284451,783,0.9898862199747156,b2b3,0.6363636363636364,21,6.0,0.0,0.047619047619047616,0.2182178902359924,0.22424382421757544,0.36363636363636365,0.023809523809523808,0.1091089451179962,0.11212191210878772
r1b2rk1/ppq1ppbp/2n3p1/2p5/2BPP3/2P1B3/P3NPPP/R2Q1RK1 w - -,1002,120,0.11976047904191617,657,0.655688622754491,345,0.344311377245509,a1c1,0.4473684210526316,17,8.0,0.125,0.058823529411764705,0.24253562503633297,0.23981246656813146,0.5526315789473684,0.09191176470588236,0.18376781251816648,0.18240623328406574
r4rk1/pp1bppbp/2np1np1/q7/2BNP3/2N1BP2/PPPQ2PP/2KR3R w - -,1007,51,0.0506454816285998,246,0.2442899702085402,761,0.7557100297914597,c4b3,0.13043478260869565,6,16.0,0.625,0.16666666666666666,0.4082482904638631,0.3562071871080222,0.8695652173913043,0.3958333333333333,0.5166241452319316,0.49060359355401106
rnb1r3/ppp2kpp/5n2/8/4P3/8/PB1N1PPP/R3K1NR w KQ -,1005,128,0.12736318407960198,460,0.4577114427860697,545,0.5422885572139303,f2f3,0.13333333333333333,4,14.0,0.5,0.25,0.5,0.43067655807339306,0.8666666666666667,0.375,0.5,0.46533827903669656
r1bq1r2/p3ppkp/2pp1np1/8/4P3/2N5/PPPQ1PPP/R3KB1R w KQ -,906,6,0.006622516556291391,7,0.00772626931567329,899,0.9922737306843267,h2h3,0.35,14,22.0,1.0,0.07142857142857142,0.2672612419124244,0.2559580248098155,0.65,0.5357142857142857,0.6336306209562121,0.6279790124049077
r1bq1rk1/pp3ppp/2pbpn2/8/2PPB3/5N2/PP3PPP/R1BQ1RK1 w - -,984,74,0.07520325203252033,854,0.8678861788617886,130,0.13211382113821138,e4c2,0.05263157894736842,2,8.0,0.125,0.5,0.7071067811865475,0.6309297535714575,0.9473684210526316,0.3125,0.41605339059327373,0.37796487678572877
r1bq1rk1/pp2ppbp/2n3p1/8/2BPP3/4B3/P3NPPP/R2Q1RK1 b - -,989,74,0.07482305358948432,307,0.3104145601617796,682,0.6895854398382204,c8g4,0.34285714285714286,12,12.0,0.375,0.08333333333333333,0.2886751345948129,0.27023815442731974,0.6571428571428571,0.22916666666666666,0.33183756729740643,0.3226190772136599
rnbqr1k1/pp3pbp/5np1/2pPP3/8/2N2N2/PP2B1PP/R1BQK2R b KQ -,977,52,0.05322415557830092,925,0.946775844421699,52,0.05322415557830092,f6g4,0.02702702702702703,1,6.0,0.0,1.0,1.0,1.0,0.972972972972973,0.5,0.5,0.5
r2q1rk1/2p1bppp/p2p1n2/np2p3/4P1b1/2PP1N2/PPBN1PPP/R1BQR1K1 b - -,958,31,0.032359081419624215,866,0.9039665970772442,92,0.09603340292275574,c7c5,0.45454545454545453,15,6.0,0.0,0.06666666666666667,0.2581988897471611,0.25,0.5454545454545454,0.03333333333333333,0.12909944487358055,0.125
r2q1rk1/pp2ppbp/3pbnp1/8/2PBP3/2N5/PP2BPPP/R2Q1RK1 w - -,949,30,0.03161222339304531,97,0.10221285563751317,852,0.8977871443624869,f2f4,0.5263157894736842,20,10.0,0.25,0.05,0.22360679774997896,0.227670248696953,0.4736842105263158,0.15,0.23680339887498947,0.23883512434847648
r2q1rk1/1p1bppbp/p1np1np1/8/2PNP3/2N1B3/PP2BPPP/2RQ1RK1 w - -,961,38,0.03954214360041623,23,0.023933402705515087,938,0.9760665972944849,d4c2,0.38095238095238093,16,14.0,0.5,0.0625,0.25,0.24465054211822604,0.6190476190476191,0.28125,0.375,0.372325271059113
r1bq1rk1/1p2ppbp/p2p1np1/8/2BBP3/2N2P2/PPPQ2PP/2KR3R b - -,932,33,0.03540772532188841,807,0.8658798283261803,125,0.13412017167381973,b7b5,0.25806451612903225,8,6.0,0.0,0.125,0.35355339059327373,0.31546487678572877,0.7419354838709677,0.0625,0.17677669529663687,0.15773243839286438
r1b2rk1/pp1n1ppp/1qn1p3/3pP3/1b1P4/3B1N2/PP1BNPPP/R2QK2R w KQ -,938,5,0.005330490405117271,808,0.8614072494669509,130,0.13859275053304904,e1g1,0.2972972972972973,11,14.0,0.5,0.09090909090909091,0.30151134457776363,0.27894294565112987,0.7027027027027026,0.29545454545454547,0.4007556722888818,0.38947147282556493
r1bqnrk1/ppp1n1bp/3p2p1/3Ppp2/2P1P3/2NN4/PP2BPPP/R1BQ1RK1 w - f6,921,11,0.011943539630836048,395,0.42888165038002174,526,0.5711183496199783,f2f3,0.3333333333333333,12,6.0,0.0,0.08333333333333333,0.2886751345948129,0.27023815442731974,0.6666666666666667,0.041666666666666664,0.14433756729740646,0.13511907721365987
r2qr1k1/1bp1bppp/p1np1n2/1p2p3/3PP3/1BP2N1P/PP3PP1/RNBQR1K1 w - -,864,72,0.08333333333333333,469,0.5428240740740741,395,0.45717592592592593,b1d2,0.4444444444444444,16,10.0,0.25,0.0625,0.25,0.24465054211822604,0.5555555555555556,0.15625,0.25,0.247325271059113
r2q1rk1/pp2bppp/2n1pn2/1B1p2B1/3P4/2N2Q1P/PPP2PP1/R4RK1 w - -,848,341,0.40212264150943394,256,0.3018867924528302,592,0.6981132075471698,b5c6,0.16666666666666666,8,6.0,0.0,0.125,0.35355339059327373,0.31546487678572877,0.8333333333333334,0.0625,0.17677669529663687,0.15773243839286438
r2q1rk1/2p1bppp/p1np1n2/1p2p2b/4P3/1BPP1N1P/PP3PP1/RNBQR1K1 w - -,883,11,0.01245753114382786,691,0.782559456398641,192,0.217440543601359,b1d2,0.2857142857142857,10,6.0,0.0,0.1,0.31622776601683794,0.2890648263178879,0.7142857142857143,0.05,0.15811388300841897,0.14453241315894394
2kr1bnr/1pp2ppp/p1p5/8/8/5K1P/PPPP1PP1/RNB4R w - -,608,36,0.05921052631578947,260,0.4276315789473684,348,0.5723684210526315,d2d3,0.5416666666666666,13,6.0,0.0,0.07692307692307693,0.2773500981126146,0.26264953503719357,0.45833333333333337,0.038461538461538464,0.1386750490563073,0.13132476751859679
r2q1rk1/pp1nbppp/2p2n2/3p2B1/3P4/2NQPN2/PP3PPP/R4RK1 w - -,894,17,0.01901565995525727,7,0.007829977628635347,887,0.9921700223713646,g5f4,0.7111111111111111,32,12.0,0.375,0.03125,0.17677669529663687,0.19823986317056053,0.28888888888888886,0.203125,0.27588834764831843,0.28661993158528026
r2qk2r/3nppbp/3p1np1/2pP4/4P3/2N2NP1/PP3PKP/R1BQ3R b kq -,889,1,0.0011248593925759281,17,0.019122609673790775,872,0.9808773903262092,d8b6,0.5,17,16.0,0.625,0.058823529411764705,0.24253562503633297,0.23981246656813146,0.5,0.34191176470588236,0.4337678125181665,0.43240623328406574
r3k2r/pp3ppp/2nqpn2/3p3b/3P4/2PB1N1P/PP1N1PP1/R2QK2R w KQkq -,895,66,0.07374301675977654,427,0.4770949720670391,468,0.5229050279329609,e1g1,0.37209302325581395,16,6.0,0.0,0.0625,0.25,0.24465054211822604,0.627906976744186,0.03125,0.125,0.12232527105911302
r1bqk2r/pppp1ppp/8/3P4/2n1n3/2P2N2/P4PPP/R1BQ1RK1 w kq -,879,14,0.015927189988623434,825,0.9385665529010239,54,0.06143344709897611,d1d4,0.06451612903225806,2,6.0,0.0,0.5,0.7071067811865475,0.6309297535714575,0.935483870967742,0.25,0.35355339059327373,0.31546487678572877
r2qk2r/1p3ppp/p1npbb2/3Np3/4P3/N7/PPP2PPP/R2QKB1R w KQkq -,878,362,0.4123006833712984,118,0.13439635535307518,760,0.8656036446469249,a3c4,0.1,4,6.0,0.0,0.25,0.5,0.43067655807339306,0.9,0.125,0.25,0.21533827903669653
r1bqk2r/p4pp1/2p2n1p/n1b1N3/4p3/8/PPPPBPPP/RNBQK2R w KQkq -,866,251,0.28983833718244806,320,0.3695150115473441,546,0.6304849884526559,e1g1,0.05555555555555555,2,12.0,0.375,0.5,0.7071067811865475,0.6309297535714575,0.9444444444444444,0.4375,0.5410533905932737,0.5029648767857288
r2qk2r/3nbppp/p2pbn2/1p2p3/4P3/1NN1BP2/PPPQ2PP/2KR1B1R w kq b6,865,22,0.025433526011560695,558,0.6450867052023121,307,0.35491329479768785,g2g4,0.1282051282051282,5,12.0,0.375,0.2,0.4472135954999579,0.38685280723454163,0.8717948717948718,0.2875,0.41110679774997894,0.3809264036172708
r2qkb1r/pp1n1pp1/2p1pn1p/8/3P3P/3Q1NN1/PPPB1PP1/R3K2R w KQkq -,863,3,0.0034762456546929316,754,0.8736964078794901,109,0.12630359212050984,e1c1,0.38,19,6.0,0.0,0.05263157894736842,0.22941573387056174,0.23137821315975915,0.62,0.02631578947368421,0.11470786693528087,0.11568910657987957
r3kbnr/pp1b1ppp/1q2p3/3pP3/8/2NB4/PP3PPP/R1BQ1RK1 w kq -,856,259,0.30257009345794394,72,0.08411214953271028,784,0.9158878504672897,a2a4,0.4146341463414634,17,22.0,1.0,0.058823529411764705,0.24253562503633297,0.23981246656813146,0.5853658536585367,0.5294117647058824,0.6212678125181665,0.6199062332840657
r1b1k2r/pppp1ppp/8/4q3/2P5/P7/1P1QPPPP/R3KB1R w KQkq -,798,16,0.020050125313283207,79,0.09899749373433583,719,0.9010025062656641,g2g3,0.29411764705882354,10,8.0,0.125,0.1,0.31622776601683794,0.2890648263178879,0.7058823529411764,0.1125,0.22061388300841897,0.20703241315894394
rnb1r1k1/ppp2pbp/6p1/3Pp1B1/4P3/5N2/PP2BPPP/R3K2R b KQ -,834,176,0.21103117505995203,608,0.7290167865707434,226,0.2709832134292566,c7c6,0.10714285714285714,3,8.0,0.125,0.3333333333333333,0.5773502691896258,0.5,0.8928571428571429,0.22916666666666666,0.3511751345948129,0.3125
r1b1k2r/2qnbppp/p2ppn2/1p4B1/3NPP2/2NB1Q2/PPP3PP/2KR3R w kq b6,831,165,0.19855595667870035,11,0.013237063778580024,820,0.98676293622142,g5f6,0.08888888888888889,4,22.0,1.0,0.25,0.5,0.43067655807339306,0.9111111111111111,0.625,0.75,0.7153382790366966
r1b2rk1/1pq1bppp/p1nppn2/8/3NPP2/2N1B3/PPP1B1PP/R2Q1R1K w - -,817,273,0.33414932680538556,252,0.3084455324357405,565,0.6915544675642595,d1e1,0.18604651162790697,8,16.0,0.625,0.125,0.35355339059327373,0.31546487678572877,0.813953488372093,0.375,0.48927669529663687,0.4702324383928644
r2q1rk1/4ppbp/n2p1np1/2pP4/4P3/2N2N2/PP3PPP/R1BQ1RK1 w - -,827,38,0.045949214026602174,24,0.02902055622732769,803,0.9709794437726723,a1b1,0.5142857142857142,18,22.0,1.0,0.05555555555555555,0.23570226039551587,0.23540891336663824,0.48571428571428577,0.5277777777777778,0.617851130197758,0.6177044566833191
r2q1rk1/pp1nbppp/2p2n2/3p2Bb/3P4/2NBPN1P/PP3PP1/R2Q1RK1 w - -,827,4,0.0048367593712212815,13,0.015719467956469165,814,0.9842805320435308,g5f4,0.6304347826086957,29,14.0,0.5,0.034482758620689655,0.18569533817705186,0.2037950470905062,0.3695652173913043,0.2672413793103448,0.34284766908852593,0.3518975235452531
r2q1rk1/1bp1bppp/p1np1n2/1p6/3PP3/1B3N1P/PP3PP1/RNBQR1K1 b - -,809,32,0.03955500618046971,89,0.1100123609394314,720,0.8899876390605687,f8e8,0.3448275862068966,10,16.0,0.625,0.1,0.31622776601683794,0.2890648263178879,0.6551724137931034,0.3625,0.470613883008419,0.45703241315894394
rnbqr1k1/1p3pbp/p2p1np1/2pP4/4P3/2NB1N1P/PP3PP1/R1BQ1RK1 w - -,814,46,0.056511056511056514,700,0.85995085995086,114,0.14004914004914004,a2a4,0.1,4,6.0,0.0,0.25,0.5,0.43067655807339306,0.9,0.125,0.25,0.21533827903669653
r2q1rk1/ppp1b1pp/3ppn2/6B1/3QP3/2N5/PPP2PPP/2KR3R w - -,750,160,0.21333333333333335,162,0.216,588,0.784,f2f4,0.2222222222222222,10,20.0,0.875,0.1,0.31622776601683794,0.2890648263178879,0.7777777777777778,0.4875,0.595613883008419,0.5820324131589439
r1b1k2r/1pqnbpp1/p2ppn1p/8/3NPP1B/2N2Q2/PPP3PP/2KR1B1R w kq -,810,690,0.8518518518518519,98,0.12098765432098765,712,0.8790123456790123,f1e2,0.045454545454545456,2,6.0,0.0,0.5,0.7071067811865475,0.6309297535714575,0.9545454545454546,0.25,0.35355339059327373,0.31546487678572877
r1bq1b1r/ppp3pp/4k3/3np3/2B5/P1N2Q2/1P1P1PPP/n1BK3R w - -,569,271,0.47627416520210897,298,0.523725834797891,271,0.47627416520210897,c3d5,0.023255813953488372,1,6.0,0.0,1.0,1.0,1.0,0.9767441860465116,0.5,0.5,0.5
r3k2r/pp3ppp/2nqpn2/3p3b/3P4/2PB1N1P/PP3PP1/RN1Q1RK1 w kq -,813,16,0.01968019680196802,731,0.8991389913899139,82,0.1008610086100861,b1d2,0.20588235294117646,7,8.0,0.125,0.14285714285714285,0.3779644730092272,0.3333333333333333,0.7941176470588236,0.13392857142857142,0.2514822365046136,0.22916666666666666
r2q1rk1/1bpnbppp/p3pn2/1p4B1/3P4/2NBPN2/PP3PPP/R2Q1RK1 w - -,813,87,0.1070110701107011,51,0.06273062730627306,762,0.9372693726937269,d1c2,0.3111111111111111,14,12.0,0.375,0.07142857142857142,0.2672612419124244,0.2559580248098155,0.6888888888888889,0.2232142857142857,0.3211306209562122,0.3154790124049077
r1bqk2r/ppppnppp/5b2/3P4/2B1R3/5N2/PP3PPP/R1BQ2K1 b kq -,807,2,0.0024783147459727386,59,0.07311028500619579,748,0.9268897149938042,e8g8,0.09090909090909091,2,20.0,0.875,0.5,0.7071067811865475,0.6309297535714575,0.9090909090909091,0.6875,0.7910533905932737,0.7529648767857288
r2q1rk1/pp1bppbp/3p1np1/8/2PBP3/2N2P2/PP2B1PP/R2Q1RK1 b - -,781,4,0.005121638924455826,9,0.011523687580025609,772,0.9884763124199744,f6h5,0.5833333333333334,21,16.0,0.625,0.047619047619047616,0.2182178902359924,0.22424382421757544,0.41666666666666663,0.33630952380952384,0.4216089451179962,0.42462191210878775
r2q1rk1/1b2bppp/p1nppn2/1pp3B1/4P3/P1NP1N1P/BPP2PP1/R2Q1RK1 w - -,757,250,0.33025099075297226,5,0.0066050198150594455,752,0.9933949801849405,g5f4,0.5365853658536586,22,16.0,0.625,0.045454545454545456,0.21320071635561041,0.22106472945750374,0.46341463414634143,0.3352272727272727,0.4191003581778052,0.4230323647287519
r1bq1rk1/pp2ppbp/2n3p1/8/2BPP3/4B3/P3NPPP/R2QK2R w KQ -,796,31,0.038944723618090454,694,0.871859296482412,102,0.12814070351758794,e1g1,0.0975609756097561,4,6.0,0.0,0.25,0.5,0.43067655807339306,0.9024390243902439,0.125,0.25,0.21533827903669653
1rbqk2r/p2pppbp/6p1/3QP3/8/4B3/PPP2PPP/R3KB1R w KQk -,782,439,0.5613810741687979,284,0.3631713554987212,498,0.6368286445012787,e1c1,0.03773584905660377,2,8.0,0.125,0.5,0.7071067811865475,0.6309297535714575,0.9622641509433962,0.3125,0.41605339059327373,0.37796487678572877
rnbqr1k1/1p3pbp/p2p1np1/2pP4/P7/2N2NP1/1P2PPBP/R1BQ1RK1 w - -,773,8,0.01034928848641656,214,0.276843467011643,559,0.723156532988357,c1f4,0.3611111111111111,13,16.0,0.625,0.07692307692307693,0.2773500981126146,0.26264953503719357,0.6388888888888888,0.35096153846153844,0.4511750490563073,0.4438247675185968
r3kb1r/p2q1ppp/4pn2/3p4/8/8/PPP2PPP/RNBQ1RK1 w kq -,646,29,0.04489164086687306,20,0.030959752321981424,626,0.9690402476780186,c1f4,0.45161290322580644,14,14.0,0.5,0.07142857142857142,0.2672612419124244,0.2559580248098155,0.5483870967741935,0.2857142857142857,0.3836306209562122,0.3779790124049077
r2q1rk1/2p1bppp/p2p1n2/np1Pp3/4P1b1/1BP2N2/PP3PPP/RNBQR1K1 w - -,756,13,0.017195767195767195,694,0.917989417989418,62,0.082010582010582,b3c2,0.0967741935483871,3,6.0,0.0,0.3333333333333333,0.5773502691896258,0.5,0.9032258064516129,0.16666666666666666,0.2886751345948129,0.25
r2q1rk1/ppp2ppp/2np1n2/8/2BPP1b1/5N2/PP1N1PPP/R2QR1K1 w - -,712,172,0.24157303370786518,307,0.4311797752808989,405,0.5688202247191011,h2h3,0.21621621621621623,8,18.0,0.75,0.125,0.35355339059327373,0.31546487678572877,0.7837837837837838,0.4375,0.5517766952966369,0.5327324383928644
r1bq1rk1/p2nbpp1/2p1pn1p/1p6/2BP3B/2N1PN2/PP3PPP/R2Q1RK1 w - b6,760,0,0.0,470,0.618421052631579,290,0.3815789473684211,c4d3,0.0975609756097561,4,22.0,1.0,0.25,0.5,0.43067655807339306,0.9024390243902439,0.625,0.75,0.7153382790366966
r3k2r/1pp2ppp/p1pbbn2/8/8/5N2/PPPP1PPP/RNB1RK2 w kq -,386,192,0.49740932642487046,47,0.12176165803108809,339,0.8782383419689119,f3d4,0.1111111111111111,3,22.0,1.0,0.3333333333333333,0.5773502691896258,0.5,0.8888888888888888,0.6666666666666666,0.7886751345948129,0.75
r2qk2r/pp2bppp/2n1b3/3pPp2/3P4/2N2N2/PP3PPP/R1BQ1RK1 w kq -,755,594,0.7867549668874172,4,0.005298013245033113,751,0.9947019867549669,f3e1,0.30303030303030304,10,8.0,0.125,0.1,0.31622776601683794,0.2890648263178879,0.696969696969697,0.1125,0.22061388300841897,0.20703241315894394
r1bq1rk1/1pp1npbp/3p1np1/3Pp3/1BP1P3/2N2N2/P3BPPP/R2Q1RK1 b - -,736,7,0.009510869565217392,379,0.5149456521739131,357,0.485054347826087,b7b6,0.35294117647058826,12,10.0,0.25,0.08333333333333333,0.2886751345948129,0.27023815442731974,0.6470588235294117,0.16666666666666666,0.26933756729740643,0.2601190772136599
r1bq1rk1/pp2npbp/2n3p1/1B1p4/3P4/5N2/PP3PPP/RNBQR1K1 w - -,722,311,0.4307479224376731,21,0.029085872576177285,701,0.9709141274238227,h2h3,0.07142857142857142,3,6.0,0.0,0.3333333333333333,0.5773502691896258,0.5,0.9285714285714286,0.16666666666666666,0.2886751345948129,0.25
r2q1rk1/1p1bppbp/p1np1np1/8/2PNP3/2N1BP2/PP1QB1PP/R3K2R w KQ -,748,27,0.03609625668449198,526,0.7032085561497327,222,0.2967914438502674,e1g1,0.3181818181818182,14,16.0,0.625,0.07142857142857142,0.2672612419124244,0.2559580248098155,0.6818181818181819,0.3482142857142857,0.4461306209562122,0.4404790124049077
2rq1rk1/pp1bppbp/2np1np1/8/2PNP3/2N1BP2/PP2B1PP/R2Q1RK1 w - -,746,13,0.01742627345844504,358,0.47989276139410186,388,0.5201072386058981,d1d2,0.4523809523809524,19,20.0,0.875,0.05263157894736842,0.22941573387056174,0.23137821315975915,0.5476190476190477,0.4638157894736842,0.5522078669352809,0.5531891065798795
r2q1rk1/pp1bppbp/3p1np1/8/2PBP3/2N5/PP1QBPPP/R4RK1 b - -,699,5,0.00715307582260372,656,0.9384835479256081,43,0.06151645207439199,d7c6,0.5555555555555556,20,8.0,0.125,0.05,0.22360679774997896,0.227670248696953,0.4444444444444444,0.0875,0.17430339887498947,0.17633512434847648
r1bq1rk1/pp2bppp/2np1n2/4p3/2B1P3/2N2N1P/PP2QPP1/R1BR2K1 w - -,745,2,0.0026845637583892616,26,0.0348993288590604,719,0.9651006711409396,c4b5,0.5531914893617021,26,14.0,0.5,0.038461538461538464,0.19611613513818404,0.2103099178571525,0.44680851063829785,0.2692307692307692,0.348058067569092,0.35515495892857624
r1b1k2r/ppp1q1pp/2np1n2/8/2P2B2/2PQ1N2/P3PPPP/R3KB1R w KQkq -,735,48,0.0653061224489796,230,0.3129251700680272,505,0.6870748299319728,g2g3,0.19047619047619047,8,6.0,0.0,0.125,0.35355339059327373,0.31546487678572877,0.8095238095238095,0.0625,0.17677669529663687,0.15773243839286438
r3k2r/1pqnbppp/p2pbn2/4p3/4P3/1NN1BP2/PPPQ2PP/2KR1B1R w kq -,742,19,0.025606469002695417,421,0.5673854447439353,321,0.4326145552560647,g2g4,0.125,5,6.0,0.0,0.2,0.4472135954999579,0.38685280723454163,0.875,0.1,0.22360679774997896,0.19342640361727081
rn1q1rk1/4bppp/p2pbn2/1p2p3/4P3/1NN1BP2/PPPQ2PP/2KR1B1R w - b6,735,27,0.036734693877551024,46,0.06258503401360545,689,0.9374149659863945,c3d5,0.1282051282051282,5,12.0,0.375,0.2,0.4472135954999579,0.38685280723454163,0.8717948717948718,0.2875,0.41110679774997894,0.3809264036172708
r1bq1rk1/p4ppp/2p2n2/3p4/1b6/2NB3P/PPP2PP1/R1BQ1RK1 w - -,663,0,0.0,558,0.8416289592760181,105,0.1583710407239819,d1f3,0.32432432432432434,12,20.0,0.875,0.08333333333333333,0.2886751345948129,0.27023815442731974,0.6756756756756757,0.4791666666666667,0.5818375672974064,0.5726190772136599
r2qkb1r/pp3ppp/2p1pn2/7b/3P4/2PB1N1P/PP3PP1/R1BQK2R w KQkq -,720,24,0.03333333333333333,17,0.02361111111111111,703,0.9763888888888889,d1e2,0.4318181818181818,19,18.0,0.75,0.05263157894736842,0.22941573387056174,0.23137821315975915,0.5681818181818181,0.4013157894736842,0.4897078669352809,0.4906891065798796
r1bqk2r/4np1p/p2p1p2/1p2p3/4P3/N7/PPP2PPP/R2QKB1R w KQkq -,725,29,0.04,245,0.33793103448275863,480,0.6620689655172414,c2c4,0.3333333333333333,11,12.0,0.375,0.09090909090909091,0.30151134457776363,0.27894294565112987,0.6666666666666667,0.23295454545454547,0.3382556722888818,0.32697147282556493
r2q1rk1/1b2bppp/p1nppn2/1pp5/4P3/P1NP3P/BPP2PPN/R1BQ1RK1 w - -,705,11,0.015602836879432624,525,0.7446808510638298,180,0.2553191489361702,f2f4,0.4166666666666667,15,16.0,0.625,0.06666666666666667,0.2581988897471611,0.25,0.5833333333333333,0.3458333333333333,0.44159944487358055,0.4375
r3k2r/pp1bbppp/1qn1p3/3pPn2/1P1P4/P4N2/1B2BPPP/RN1QK2R w KQkq -,710,47,0.06619718309859154,631,0.8887323943661972,79,0.11126760563380282,e1g1,0.25806451612903225,8,10.0,0.25,0.125,0.35355339059327373,0.31546487678572877,0.7419354838709677,0.1875,0.30177669529663687,0.2827324383928644
rn1q1rk1/1b2bppp/p2ppn2/1p6/3NP3/1BN1BP2/PPPQ2PP/R3K2R w KQ -,705,5,0.0070921985815602835,456,0.6468085106382979,249,0.35319148936170214,e1c1,0.22727272727272727,10,12.0,0.375,0.1,0.31622776601683794,0.2890648263178879,0.7727272727272727,0.2375,0.345613883008419,0.33203241315894394
r1bq1rk1/ppp2ppp/2n5/3n4/2BP4/2P2N2/P4PPP/R1BQ1RK1 w - -,694,282,0.40634005763688763,49,0.07060518731988473,645,0.9293948126801153,f1e1,0.20588235294117646,7,6.0,0.0,0.14285714285714285,0.3779644730092272,0.3333333333333333,0.7941176470588236,0.07142857142857142,0.1889822365046136,0.16666666666666666
r1bq1rk1/pp2bppp/2p1pn2/8/2PPB3/5N2/PP3PPP/R1BQ1RK1 w - -,716,46,0.06424581005586592,664,0.9273743016759777,52,0.07262569832402235,e4c2,0.07894736842105263,3,6.0,0.0,0.3333333333333333,0.5773502691896258,0.5,0.9210526315789473,0.16666666666666666,0.2886751345948129,0.25
r1bq1b1r/pp1nk1pp/4pp2/3pP2Q/3n1N2/3B4/PP1N1PPP/R1B1K2R w KQ -,701,34,0.04850213980028531,282,0.40228245363766046,419,0.5977175463623395,e5f6,0.0392156862745098,2,18.0,0.75,0.5,0.7071067811865475,0.6309297535714575,0.9607843137254902,0.625,0.7285533905932737,0.6904648767857288
r1b2rk1/ppp1qppp/3p4/4n3/1bP2B2/4P3/PP1NBPPP/R2Q1RK1 w - -,694,3,0.004322766570605188,355,0.5115273775216138,339,0.4884726224783862,d2b3,0.40625,13,10.0,0.25,0.07692307692307693,0.2773500981126146,0.26264953503719357,0.59375,0.16346153846153846,0.2636750490563073,0.2563247675185968
r1bq1rk1/pp2bpp1/2n2n1p/3p2B1/3N4/2N3P1/PP2PPBP/R2Q1RK1 w - -,680,23,0.033823529411764704,308,0.45294117647058824,372,0.5470588235294118,g5e3,0.0851063829787234,4,8.0,0.125,0.25,0.5,0.43067655807339306,0.9148936170212766,0.1875,0.3125,0.27783827903669656
rn1q1rk1/1p2bppp/3pbn2/p3p3/4P3/1NN1BP2/PPPQ2PP/2KR1B1R w - -,689,168,0.24383164005805516,187,0.2714078374455733,502,0.7285921625544267,a2a4,0.1,4,8.0,0.125,0.25,0.5,0.43067655807339306,0.9,0.1875,0.3125,0.27783827903669656
r1bqk2r/1p3ppp/p1np4/3Np1b1/4P3/N7/PPP2PPP/R2QKB1R w KQkq -,701,118,0.16833095577746077,132,0.18830242510699002,569,0.81169757489301,a3c4,0.15384615384615385,6,10.0,0.25,0.16666666666666666,0.4082482904638631,0.3562071871080222,0.8461538461538461,0.20833333333333331,0.32912414523193156,0.30310359355401106
r1bq1rk1/ppp1bpp1/5n1p/4Q3/2B5/2N5/PPP2PPP/R1B2RK1 w - -,468,308,0.6581196581196581,81,0.17307692307692307,387,0.8269230769230769,c1f4,0.09433962264150944,5,10.0,0.25,0.2,0.4472135954999579,0.38685280723454163,0.9056603773584906,0.225,0.34860679774997894,0.3184264036172708
r2q1rk1/pb1nbppp/2p1pn2/1p4B1/3P4/2NBPN2/PP3PPP/R2Q1RK1 w - -,690,117,0.16956521739130434,222,0.3217391304347826,468,0.6782608695652174,a1c1,0.26666666666666666,12,6.0,0.0,0.08333333333333333,0.2886751345948129,0.27023815442731974,0.7333333333333334,0.041666666666666664,0.14433756729740646,0.13511907721365987
r1bq1rk1/ppp2ppp/3b1n2/4Q3/2B5/2N5/PPP2PPP/R1B2RK1 w - -,593,139,0.23440134907251264,94,0.15851602023608768,499,0.8414839797639123,e5e2,0.07547169811320754,4,8.0,0.125,0.25,0.5,0.43067655807339306,0.9245283018867925,0.1875,0.3125,0.27783827903669656
r1q2rk1/pp2bppp/2n1pn2/3p4/3P1Bb1/1QPB1N2/PP1N1PPP/R4RK1 w - -,665,1,0.0015037593984962407,176,0.2646616541353383,489,0.7353383458646616,a1e1,0.5,25,22.0,1.0,0.04,0.2,0.21274605355336312,0.5,0.52,0.6,0.6063730267766816
r1b1k2r/1pqnbpp1/p2ppn1p/6B1/3NPPP1/2N2Q2/PPP4P/2KR1B1R w kq -,679,0,0.0,495,0.7290132547864506,184,0.2709867452135493,g5f6,0.09523809523809523,4,6.0,0.0,0.25,0.5,0.43067655807339306,0.9047619047619048,0.125,0.25,0.21533827903669653
r1bq1rk1/ppp2ppp/2n5/3p4/3Pn3/2PB1N2/P4PPP/R1BQ1RK1 w - -,691,130,0.18813314037626627,372,0.5383502170767004,319,0.46164978292329956,d1c2,0.2571428571428571,9,14.0,0.5,0.1111111111111111,0.3333333333333333,0.3010299956639812,0.7428571428571429,0.3055555555555556,0.41666666666666663,0.4005149978319906
r2qk1nr/p2b1pbp/4p1p1/1B1p4/8/2N5/PPP2PPP/R1BQ1RK1 w kq -,554,5,0.009025270758122744,12,0.021660649819494584,542,0.9783393501805054,a2a4,0.41025641025641024,16,22.0,1.0,0.0625,0.25,0.24465054211822604,0.5897435897435898,0.53125,0.625,0.6223252710591131
2kr3r/pppqn1pp/2nb1p2/3p4/3P2bB/2PB1N2/PP1N1PPP/R2Q1RK1 w - -,690,66,0.09565217391304348,66,0.09565217391304348,624,0.9043478260869565,h4g3,0.15789473684210525,6,6.0,0.0,0.16666666666666666,0.4082482904638631,0.3562071871080222,0.8421052631578947,0.08333333333333333,0.20412414523193154,0.1781035935540111
r4rk1/pp1bppbp/2np1np1/q7/3NP3/1BN1BP2/PPPQ2PP/R3K2R w KQ -,680,47,0.06911764705882353,542,0.7970588235294118,138,0.20294117647058824,e1c1,0.08888888888888889,4,20.0,0.875,0.25,0.5,0.43067655807339306,0.9111111111111111,0.5625,0.6875,0.6528382790366966
r1b1kb1r/ppqn1ppp/2n1p3/3pP3/NP1p1P2/2P1BN2/P5PP/R2QKB1R w KQkq -,668,30,0.04491017964071856,638,0.9550898203592815,30,0.04491017964071856,f3d4,0.024390243902439025,1,6.0,0.0,1.0,1.0,1.0,0.975609756097561,0.5,0.5,0.5
r4rk1/pp1bppbp/2np1np1/q7/3NP3/1BN1B2P/PPP2PP1/R2Q1RK1 w - -,645,99,0.15348837209302327,210,0.32558139534883723,435,0.6744186046511628,f1e1,0.37209302325581395,16,14.0,0.5,0.0625,0.25,0.24465054211822604,0.627906976744186,0.28125,0.375,0.372325271059113
r2k3r/pppbbppp/5n2/4p1B1/8/2N5/PPP2PPP/2KR1B1R w - -,339,146,0.4306784660766962,77,0.22713864306784662,262,0.7728613569321534,f1c4,0.3783783783783784,14,6.0,0.0,0.07142857142857142,0.2672612419124244,0.2559580248098155,0.6216216216216216,0.03571428571428571,0.1336306209562122,0.12797901240490775
r1bq1rk1/pp2ppbp/6p1/n1p5/2BPP3/2P1B3/P3NPPP/R2Q1RK1 w - -,667,37,0.05547226386806597,547,0.8200899550224887,120,0.17991004497751126,c4d3,0.07894736842105263,3,6.0,0.0,0.3333333333333333,0.5773502691896258,0.5,0.9210526315789473,0.16666666666666666,0.2886751345948129,0.25
r2q1rk1/pp3ppp/2n1bn2/2bp2B1/8/2N2NP1/PP2PPBP/R2Q1RK1 w - -,657,109,0.1659056316590563,215,0.3272450532724505,442,0.6727549467275494,a1c1,0.14285714285714285,6,20.0,0.875,0.16666666666666666,0.4082482904638631,0.3562071871080222,0.8571428571428572,0.5208333333333334,0.6416241452319316,0.6156035935540111
r1b2rk1/1p3ppp/p1nqpn2/3p4/3P4/2NBPN2/PP3PPP/R2Q1RK1 w - -,661,1,0.0015128593040847202,277,0.41906202723146746,384,0.5809379727685325,a1c1,0.6904761904761905,29,20.0,0.875,0.034482758620689655,0.18569533817705186,0.2037950470905062,0.30952380952380953,0.4547413793103448,0.5303476690885259,0.539397523545253
r2q1rk1/pp2bpp1/2n1pn1p/3p2B1/3P2b1/2PB1N2/PPQN1PPP/R4RK1 w - -,671,5,0.007451564828614009,480,0.7153502235469449,191,0.2846497764530551,g5h4,0.09523809523809523,4,22.0,1.0,0.25,0.5,0.43067655807339306,0.9047619047619048,0.625,0.75,0.7153382790366966
r2q1rk1/ppp2pp1/2np1n1p/8/2BPP1b1/2N2N2/PPP3PP/R2Q1RK1 w - -,360,109,0.30277777777777776,106,0.29444444444444445,254,0.7055555555555556,h2h3,0.41025641025641024,16,14.0,0.5,0.0625,0.25,0.24465054211822604,0.5897435897435898,0.28125,0.375,0.372325271059113
r2q1rk1/pp1n1ppp/2pb1n2/3p2Bb/3P4/3B1N1P/PPPN1PP1/R2QR1K1 w - -,668,98,0.1467065868263473,105,0.15718562874251496,563,0.842814371257485,c2c4,0.3695652173913043,17,6.0,0.0,0.058823529411764705,0.24253562503633297,0.23981246656813146,0.6304347826086957,0.029411764705882353,0.12126781251816648,0.11990623328406573
r1b2rk1/pp2ppbp/2n3p1/q1p5/2BPP3/2P1B3/P3NPPP/R2Q1RK1 w - -,668,239,0.35778443113772457,139,0.20808383233532934,529,0.7919161676646707,a1b1,0.23684210526315788,9,10.0,0.25,0.1111111111111111,0.3333333333333333,0.3010299956639812,0.7631578947368421,0.18055555555555555,0.29166666666666663,0.2755149978319906
r1bq1rk1/p3ppbp/2p3p1/3n4/8/2N1B3/PPP1BPPP/R2Q1RK1 w - -,659,23,0.03490136570561457,443,0.6722306525037937,216,0.3277693474962064,c3d5,0.09523809523809523,4,6.0,0.0,0.25,0.5,0.43067655807339306,0.9047619047619048,0.125,0.25,0.21533827903669653
r2qk2r/p1pbbppp/2p5/2npP3/3N4/5P2/PPP3PP/RNBQ1RK1 w kq -,648,310,0.4783950617283951,338,0.5216049382716049,310,0.4783950617283951,f3f4,0.029411764705882353,1,6.0,0.0,1.0,1.0,1.0,0.9705882352941176,0.5,0.5,0.5
r2qkb1r/pQ3ppp/4p3/1n1n4/8/2N2P2/PP3P1P/R1B1K2R w KQkq -,630,4,0.006349206349206349,529,0.8396825396825397,101,0.16031746031746033,b7c6,0.05,2,6.0,0.0,0.5,0.7071067811865475,0.6309297535714575,0.95,0.25,0.35355339059327373,0.31546487678572877
r2qk2r/1b1nbppp/p1p1pn2/1p4B1/3P4/2NBPN2/PP3PPP/R2Q1RK1 w kq -,651,222,0.34101382488479265,14,0.021505376344086023,637,0.978494623655914,g5f6,0.13333333333333333,6,18.0,0.75,0.16666666666666666,0.4082482904638631,0.3562071871080222,0.8666666666666667,0.4583333333333333,0.5791241452319316,0.5531035935540111
r3kb1r/pp1bnppp/1q2p3/3pP3/8/3B1N2/PP3PPP/R1BQ1RK1 w kq -,650,167,0.2569230769230769,472,0.7261538461538461,178,0.27384615384615385,c1e3,0.05405405405405406,2,10.0,0.25,0.5,0.7071067811865475,0.6309297535714575,0.9459459459459459,0.375,0.47855339059327373,0.44046487678572877
r1bq1rk1/p3ppbp/5np1/3p4/8/2N1BP2/PPPQ2PP/R3KB1R w KQ -,653,128,0.19601837672281777,388,0.5941807044410413,265,0.4058192955589586,e1c1,0.13333333333333333,6,6.0,0.0,0.16666666666666666,0.4082482904638631,0.3562071871080222,0.8666666666666667,0.08333333333333333,0.20412414523193154,0.1781035935540111
r2q1rk1/p1p1bppp/2pp1n2/8/4PP2/2N5/PPP3PP/R1BQ1RK1 w - -,619,234,0.3780290791599354,19,0.030694668820678513,600,0.9693053311793215,b2b3,0.48484848484848486,16,22.0,1.0,0.0625,0.25,0.24465054211822604,0.5151515151515151,0.53125,0.625,0.6223252710591131
r1bq1rk1/pppnn1bp/3p2p1/3Ppp2/2P1P3/2N2P2/PP2B1PP/R1BQNRK1 w - f6,621,5,0.008051529790660225,313,0.5040257648953301,308,0.49597423510466987,c1e3,0.375,12,8.0,0.125,0.08333333333333333,0.2886751345948129,0.27023815442731974,0.625,0.10416666666666666,0.20683756729740646,0.19761907721365987
r1b2rk1/1pq1bppp/p1nppn2/8/3NPP2/2N1BB2/PPP3PP/R2Q1RK1 w - -,642,401,0.6246105919003115,47,0.07320872274143302,595,0.926791277258567,d4c6,0.1794871794871795,7,20.0,0.875,0.14285714285714285,0.3779644730092272,0.3333333333333333,0.8205128205128205,0.5089285714285714,0.6264822365046137,0.6041666666666666
r2q1rk1/pp1nbpp1/2p1bn1p/3p4/3P3B/2NBP3/PPQ1NPPP/R3K2R w KQ -,645,31,0.04806201550387597,103,0.15968992248062017,542,0.8403100775193798,e2f4,0.2608695652173913,12,6.0,0.0,0.08333333333333333,0.2886751345948129,0.27023815442731974,0.7391304347826086,0.041666666666666664,0.14433756729740646,0.13511907721365987
r3kb1r/pp1b1ppp/1qn5/3pPp2/3P4/5N2/PP3PPP/RNBQ1RK1 w kq -,626,31,0.04952076677316294,429,0.6853035143769968,197,0.3146964856230032,b1c3,0.4,12,6.0,0.0,0.08333333333333333,0.2886751345948129,0.27023815442731974,0.6,0.041666666666666664,0.14433756729740646,0.13511907721365987
r1bqr1k1/pp1n1pp1/2pb1n1p/3p4/3P3B/2NBPN2/PPQ2PPP/R3K2R w KQ -,632,59,0.09335443037974683,460,0.7278481012658228,172,0.2721518987341772,e1g1,0.2857142857142857,14,8.0,0.125,0.07142857142857142,0.2672612419124244,0.2559580248098155,0.7142857142857143,0.09821428571428571,0.1961306209562122,0.19047901240490775
r2q1rk1/1pp2pp1/1pnpbn1p/4p3/2B1P3/P2P1N1P/1PP2PP1/R1BQ1RK1 w - -,630,200,0.31746031746031744,327,0.5190476190476191,303,0.48095238095238096,c4e6,0.17647058823529413,6,6.0,0.0,0.16666666666666666,0.4082482904638631,0.3562071871080222,0.8235294117647058,0.08333333333333333,0.20412414523193154,0.1781035935540111
r1b1k2r/2q1bppp/p2p1n2/npp1p3/3PP3/2P2N2/PPB2PPP/RNBQR1K1 w kq -,638,164,0.25705329153605017,115,0.18025078369905956,523,0.8197492163009404,d4d5,0.17647058823529413,6,12.0,0.375,0.16666666666666666,0.4082482904638631,0.3562071871080222,0.8235294117647058,0.2708333333333333,0.39162414523193156,0.36560359355401106
r1bqk2r/p4pp1/2p2n1p/n1b5/4p3/8/PPPPBPPP/RNBQK1NR w KQkq -,619,431,0.6962843295638126,48,0.07754442649434572,571,0.9224555735056543,d2d4,0.14814814814814814,4,10.0,0.25,0.25,0.5,0.43067655807339306,0.8518518518518519,0.25,0.375,0.34033827903669656
rnb2rk1/ppp1qpp1/7p/3p4/3P4/2P1PN2/P4PPP/R2QKB1R w KQ -,603,0,0.0,311,0.5157545605306799,292,0.4842454394693201,f1d3,0.6451612903225806,20,14.0,0.5,0.05,0.22360679774997896,0.227670248696953,0.3548387096774194,0.275,0.36180339887498947,0.3638351243484765
r2q1rk1/p1pb1ppp/2p5/2bpP3/3Nn3/2P5/PP3PPP/RNBQ1RK1 w - -,640,209,0.3265625,239,0.3734375,401,0.6265625,f2f3,0.07692307692307693,3,8.0,0.125,0.3333333333333333,0.5773502691896258,0.5,0.9230769230769231,0.22916666666666666,0.3511751345948129,0.3125
rnb2rk1/p1p1qpp1/1p5p/3p4/3P4/4PN2/PP3PPP/R2QKB1R w KQ -,623,1,0.0016051364365971107,101,0.16211878009630817,522,0.8378812199036918,a1c1,0.59375,19,10.0,0.25,0.05263157894736842,0.22941573387056174,0.23137821315975915,0.40625,0.1513157894736842,0.23970786693528087,0.24068910657987957
r2q1rk1/1b1nppbp/pp1p1np1/2p5/P2P1B2/2P1PN1P/1P1NBPP1/R2Q1RK1 w - -,608,57,0.09375,109,0.17927631578947367,499,0.8207236842105263,f1e1,0.6097560975609756,25,22.0,1.0,0.04,0.2,0.21274605355336312,0.3902439024390244,0.52,0.6,0.6063730267766816
r2q1rk1/pp2bppp/2n1pn2/3p2Bb/3P4/2P2N1P/PP1NBPP1/R2Q1RK1 w - -,631,43,0.06814580031695722,13,0.020602218700475437,618,0.9793977812995246,g5f4,0.5833333333333334,21,10.0,0.25,0.047619047619047616,0.2182178902359924,0.22424382421757544,0.41666666666666663,0.1488095238095238,0.23410894511799618,0.23712191210878772
r1b1k1nr/pppp2pp/5p2/8/8/2B5/PPP1BPPP/R3K2R w KQkq -,471,179,0.38004246284501064,242,0.5138004246284501,229,0.4861995753715499,e1c1,0.08571428571428572,3,6.0,0.0,0.3333333333333333,0.5773502691896258,0.5,0.9142857142857143,0.16666666666666666,0.2886751345948129,0.25
r1bq1rk1/ppp2pp1/3p1n1p/4p3/4P3/1nNPPN1P/PPP3P1/R2Q1RK1 w - -,591,0,0.0,585,0.9898477157360406,6,0.01015228426395939,a2b3,0.0625,2,6.0,0.0,0.5,0.7071067811865475,0.6309297535714575,0.9375,0.25,0.35355339059327373,0.31546487678572877
r2q1rk1/1bp1bppp/p1np1n2/1p6/3PP3/1B3N2/PP3PPP/RNBQR1K1 w - -,567,119,0.20987654320987653,198,0.3492063492063492,369,0.6507936507936508,b1c3,0.45714285714285713,16,6.0,0.0,0.0625,0.25,0.24465054211822604,0.5428571428571429,0.03125,0.125,0.12232527105911302
r1bq1rk1/2p2ppp/pbnp1n2/1p6/3PP3/1B3N2/PP3PPP/RNBQR1K1 w - -,527,50,0.09487666034155598,133,0.2523719165085389,394,0.7476280834914611,h2h3,0.17142857142857143,6,6.0,0.0,0.16666666666666666,0.4082482904638631,0.3562071871080222,0.8285714285714285,0.08333333333333333,0.20412414523193154,0.1781035935540111
r2q1rk1/2p1bppp/p1np1n2/1p2p2b/B3P3/2PP1N1P/PP1N1PP1/R1BQR1K1 w - b6,608,0,0.0,278,0.45723684210526316,330,0.5427631578947368,a4b3,0.06666666666666667,2,20.0,0.875,0.5,0.7071067811865475,0.6309297535714575,0.9333333333333333,0.6875,0.7910533905932737,0.7529648767857288
r2q1rk1/pbpnbpp1/1p2pn1p/8/2BP3B/2N1PN2/PP3PPP/R2Q1RK1 w - -,612,27,0.04411764705882353,101,0.1650326797385621,511,0.8349673202614379,d1e2,0.47619047619047616,20,10.0,0.25,0.05,0.22360679774997896,0.227670248696953,0.5238095238095238,0.15,0.23680339887498947,0.23883512434847648
r1bq1rk1/pp1nbpp1/2p1p2p/3n4/2BP3B/2N1PN2/PP3PPP/R2Q1RK1 w - -,621,19,0.030595813204508857,172,0.27697262479871176,449,0.7230273752012882,h4g3,0.07317073170731707,3,6.0,0.0,0.3333333333333333,0.5773502691896258,0.5,0.926829268292683,0.16666666666666666,0.2886751345948129,0.25
rn1q1rk1/pp3pbp/3p1np1/2pP4/4P3/2NB1b1P/PP3PP1/R1BQ1RK1 w - -,614,1,0.0016286644951140066,613,0.998371335504886,1,0.0016286644951140066,d1f3,0.02857142857142857,1,6.0,0.0,1.0,1.0,1.0,0.9714285714285714,0.5,0.5,0.5
r2q1rk1/pp1n1pp1/2pb1n1p/3p2B1/3P2b1/2PB1N2/PPQN1PPP/R4RK1 w - -,622,8,0.012861736334405145,550,0.8842443729903537,72,0.1157556270096463,g5h4,0.09523809523809523,4,22.0,1.0,0.25,0.5,0.43067655807339306,0.9047619047619048,0.625,0.75,0.7153382790366966
r4b1r/p1p2k1p/2p1bp2/4p3/8/8/PPPP1PPP/RNB1K2R w KQ -,457,3,0.006564551422319475,104,0.2275711159737418,353,0.7724288840262582,d2d3,0.36363636363636365,8,6.0,0.0,0.125,0.35355339059327373,0.31546487678572877,0.6363636363636364,0.0625,0.17677669529663687,0.15773243839286438
rn1qkb1r/pp3ppn/2p1p2p/7P/3P4/5NN1/PPP2PP1/R1BQK2R w KQkq -,605,2,0.003305785123966942,29,0.047933884297520664,576,0.9520661157024793,d1e2,0.4,14,14.0,0.5,0.07142857142857142,0.2672612419124244,0.2559580248098155,0.6,0.2857142857142857,0.3836306209562122,0.3779790124049077
r1bq1rk1/pp2ppbp/2n3p1/8/2BPP3/8/P3NPPP/R1BQ1RK1 w - -,602,18,0.029900332225913623,545,0.9053156146179402,57,0.0946843853820598,c1e3,0.1111111111111111,4,6.0,0.0,0.25,0.5,0.43067655807339306,0.8888888888888888,0.125,0.25,0.21533827903669653
r1bq1rk1/p4ppp/2p2n2/3p4/1b6/2NB4/PPPB1PPP/R2Q1RK1 w - -,583,12,0.02058319039451115,38,0.06518010291595197,545,0.934819897084048,h2h3,0.325,13,6.0,0.0,0.07692307692307693,0.2773500981126146,0.26264953503719357,0.675,0.038461538461538464,0.1386750490563073,0.13132476751859679
r1bq1rk1/ppp2ppp/2n5/3p4/2BPn3/2P2N2/P4PPP/R1BQR1K1 w - -,600,166,0.27666666666666667,368,0.6133333333333333,232,0.38666666666666666,c4d3,0.08108108108108109,3,6.0,0.0,0.3333333333333333,0.5773502691896258,0.5,0.9189189189189189,0.16666666666666666,0.2886751345948129,0.25
r2q1rk1/pbpnbpp1/1p3n1p/3p4/3P3B/2NBPN2/PP3PPP/R2Q1RK1 w - -,590,0,0.0,57,0.09661016949152543,533,0.9033898305084745,d1c2,0.5581395348837209,24,6.0,0.0,0.041666666666666664,0.20412414523193154,0.21533827903669653,0.4418604651162791,0.020833333333333332,0.10206207261596577,0.10766913951834826
rnb1k1r1/ppq1np1Q/4p3/3pP3/8/P1p5/2P1NPPP/R1B1KB1R w KQq -,594,11,0.018518518518518517,506,0.8518518518518519,88,0.14814814814814814,f2f4,0.23529411764705882,8,22.0,1.0,0.125,0.35355339059327373,0.31546487678572877,0.7647058823529411,0.5625,0.6767766952966369,0.6577324383928644
r2qk2r/3nppbp/3p1np1/2pP4/4P3/2N3P1/PP3PKP/R1BQ2NR w kq -,593,10,0.016863406408094434,355,0.5986509274873525,238,0.40134907251264756,g1f3,0.3684210526315789,14,16.0,0.625,0.07142857142857142,0.2672612419124244,0.2559580248098155,0.631578947368421,0.3482142857142857,0.4461306209562122,0.4404790124049077
r1bq1rk1/pp2ppbp/1n1p2p1/3Pn3/2P5/1PN1B3/P4PPP/2RQKBNR w K -,587,83,0.141396933560477,504,0.858603066439523,83,0.141396933560477,f1e2,0.025,1,6.0,0.0,1.0,1.0,1.0,0.975,0.5,0.5,0.5
r1b2rk1/pp2ppbp/2N2np1/8/4p3/2N1BP2/PPPq2PP/2KR1B1R w - -,597,480,0.8040201005025126,113,0.18927973199329984,484,0.8107202680067002,e3d2,0.5,2,8.0,0.125,0.5,0.7071067811865475,0.6309297535714575,0.5,0.3125,0.41605339059327373,0.37796487678572877
r1bq1rk1/1pp2pb1/3p1npp/p1nPp1B1/2P1P3/2N2N2/PPQ1BPPP/R4RK1 w - -,569,178,0.31282952548330406,387,0.680140597539543,182,0.31985940246045697,g5e3,0.07142857142857142,3,6.0,0.0,0.3333333333333333,0.5773502691896258,0.5,0.9285714285714286,0.16666666666666666,0.2886751345948129,0.25
r2q1rk1/pp1bppbp/3p1np1/8/2PBP3/2N2P2/PP1QB1PP/R3K2R b KQ -,569,9,0.015817223198594025,7,0.012302284710017574,562,0.9876977152899824,d8a5,0.3333333333333333,12,22.0,1.0,0.08333333333333333,0.2886751345948129,0.27023815442731974,0.6666666666666667,0.5416666666666666,0.6443375672974064,0.6351190772136599
r1bq1rk1/2p1bpp1/p1np1n1p/1p6/3pP3/1BP2N1P/PP3PP1/RNBQR1K1 w - -,562,1,0.0017793594306049821,554,0.9857651245551602,8,0.014234875444839857,c3d4,0.07894736842105263,3,6.0,0.0,0.3333333333333333,0.5773502691896258,0.5,0.9210526315789473,0.16666666666666666,0.2886751345948129,0.25
r2qk2r/pp1nbppp/2p1pn2/6B1/3P4/3Q1NN1/PPP2PPP/R4RK1 w kq -,580,46,0.07931034482758621,76,0.1310344827586207,504,0.8689655172413793,c2c4,0.75,36,6.0,0.0,0.027777777777777776,0.16666666666666666,0.19195872000656014,0.25,0.013888888888888888,0.08333333333333333,0.09597936000328007
r1b2rk1/p1p1qppp/4pn2/8/2pP4/6P1/PP2PP1P/RNBQ1RK1 w - -,525,5,0.009523809523809525,78,0.14857142857142858,447,0.8514285714285714,d1c2,0.3103448275862069,9,22.0,1.0,0.1111111111111111,0.3333333333333333,0.3010299956639812,0.6896551724137931,0.5555555555555556,0.6666666666666666,0.6505149978319906
r1bq1rk1/3nbppp/p1p1pn2/1p4B1/3P4/2NBPN2/PP3PPP/R2Q1RK1 w - -,586,391,0.6672354948805461,47,0.08020477815699659,539,0.9197952218430034,d1c2,0.13333333333333333,6,22.0,1.0,0.16666666666666666,0.4082482904638631,0.3562071871080222,0.8666666666666667,0.5833333333333334,0.7041241452319316,0.6781035935540111
r2q1rk1/pp1bppbp/3p1np1/8/2PBP3/2N5/PP2BPPP/2RQ1RK1 b - -,577,12,0.02079722703639515,9,0.01559792027729636,568,0.9844020797227037,g7h6,0.1111111111111111,4,14.0,0.5,0.25,0.5,0.43067655807339306,0.8888888888888888,0.375,0.5,0.46533827903669656
r2q1rk1/pp2ppbp/2n3p1/2p5/2BPP1b1/2P1BN2/P4PPP/R2Q1RK1 w - -,585,237,0.40512820512820513,152,0.25982905982905985,433,0.7401709401709402,d4d5,0.10256410256410256,4,22.0,1.0,0.25,0.5,0.43067655807339306,0.8974358974358975,0.625,0.75,0.7153382790366966
r4bnr/pp1k1ppp/4p3/3pP3/3q4/8/PP1N1PPP/R1BQK2R w KQ -,436,68,0.1559633027522936,49,0.11238532110091744,387,0.8876146788990825,d1e2,0.06896551724137931,2,16.0,0.625,0.5,0.7071067811865475,0.6309297535714575,0.9310344827586207,0.5625,0.6660533905932737,0.6279648767857288
r1b2rk1/1pq1bppp/p1nppn2/8/3NPP2/1BN1B3/PPP3PP/R2Q1RK1 w - -,584,205,0.351027397260274,212,0.363013698630137,372,0.636986301369863,f4f5,0.14285714285714285,6,6.0,0.0,0.16666666666666666,0.4082482904638631,0.3562071871080222,0.8571428571428572,0.08333333333333333,0.20412414523193154,0.1781035935540111
r1bq1rk1/2p1bppp/p1P2n2/1p6/8/1BP2p2/PP1P1PPP/RNBQR1K1 w - -,582,493,0.8470790378006873,18,0.030927835051546393,564,0.9690721649484536,g2g3,0.06896551724137931,2,18.0,0.75,0.5,0.7071067811865475,0.6309297535714575,0.9310344827586207,0.625,0.7285533905932737,0.6904648767857288
r2q1rk1/pp2ppbp/3pbnp1/8/3BP1P1/2N2P2/PPPQ3P/R3KB1R w KQ -,578,287,0.49653979238754326,291,0.5034602076124568,287,0.49653979238754326,h2h4,0.020833333333333332,1,12.0,0.375,1.0,1.0,1.0,0.9791666666666666,0.6875,0.6875,0.6875
r1b1k2r/pppp1ppp/5n2/8/8/2B5/PPP1BPPP/R3K2R w KQkq -,370,0,0.0,130,0.35135135135135137,240,0.6486486486486487,e1c1,0.8571428571428571,30,10.0,0.25,0.03333333333333333,0.18257418583505536,0.20184908658209985,0.1428571428571429,0.14166666666666666,0.21628709291752768,0.22592454329104994
r1b2rk1/1pq1bppp/p1nppn2/8/3NP3/1BN1BP2/PPPQ2PP/R3K2R w KQ -,569,4,0.007029876977152899,103,0.18101933216168717,466,0.8189806678383128,g2g4,0.18181818181818182,8,20.0,0.875,0.125,0.35355339059327373,0.31546487678572877,0.8181818181818181,0.5,0.6142766952966369,0.5952324383928644
r1bqnrk1/ppp1n1bp/3p2p1/2PPpp2/1P2P3/2N2N2/P3BPPP/R1BQ1RK1 w - f6,555,70,0.12612612612612611,226,0.4072072072072072,329,0.5927927927927928,f3d2,0.3,12,16.0,0.625,0.08333333333333333,0.2886751345948129,0.27023815442731974,0.7,0.3541666666666667,0.45683756729740643,0.4476190772136599
r1bq1rk1/p3bppp/4pn2/3p2B1/8/2NB4/PPP2PPP/R2Q1RK1 w - -,553,92,0.16636528028933092,97,0.17540687160940324,456,0.8245931283905967,f1e1,0.4883720930232558,21,16.0,0.625,0.047619047619047616,0.2182178902359924,0.22424382421757544,0.5116279069767442,0.33630952380952384,0.4216089451179962,0.42462191210878775
rnb2rk1/pp2q1pp/2p5/3p1p2/3Pn3/2NBPN2/PP3PPP/R2Q1RK1 w - -,569,40,0.070298769771529,292,0.5131810193321616,277,0.4868189806678383,f3e5,0.6578947368421053,25,14.0,0.5,0.04,0.2,0.21274605355336312,0.3421052631578947,0.27,0.35,0.3563730267766816
r2q1rk1/1p1nbppp/p2pbn2/4p3/4P3/1NN1BP2/PPP1B1PP/R2Q1RK1 w - -,567,126,0.2222222222222222,39,0.06878306878306878,528,0.9312169312169312,a2a4,0.13636363636363635,6,8.0,0.125,0.16666666666666666,0.4082482904638631,0.3562071871080222,0.8636363636363636,0.14583333333333331,0.26662414523193156,0.2406035935540111
r2qkb1r/pp1n1pp1/2p1pn1p/8/3P1B1P/3Q1NN1/PPP2PP1/R3K2R w KQkq -,570,39,0.06842105263157895,418,0.7333333333333333,152,0.26666666666666666,e1c1,0.18181818181818182,10,6.0,0.0,0.1,0.31622776601683794,0.2890648263178879,0.8181818181818181,0.05,0.15811388300841897,0.14453241315894394
rn1qk1nr/pp3pp1/4p2p/2bpP2P/8/3P2N1/PP3PP1/RNBQK2R w KQkq -,561,5,0.008912655971479501,535,0.9536541889483066,26,0.04634581105169341,d3d4,0.05714285714285714,2,14.0,0.5,0.5,0.7071067811865475,0.6309297535714575,0.9428571428571428,0.5,0.6035533905932737,0.5654648767857288
r2q1rk1/ppp1bppp/2b2n2/4Q1B1/8/2N2N2/PPP2PPP/2KR3R b - -,556,302,0.5431654676258992,254,0.4568345323741007,302,0.5431654676258992,e7d6,0.02631578947368421,1,6.0,0.0,1.0,1.0,1.0,0.9736842105263158,0.5,0.5,0.5
r2qk2r/p3bppp/2pp1n2/4p1B1/4P3/2N5/PPP2PPP/R2Q1RK1 w kq -,450,118,0.26222222222222225,65,0.14444444444444443,385,0.8555555555555555,g5f6,0.47368421052631576,18,22.0,1.0,0.05555555555555555,0.23570226039551587,0.23540891336663824,0.5263157894736843,0.5277777777777778,0.617851130197758,0.6177044566833191
r1b1kb1r/pp1n1ppp/4p3/q2pP3/NP1p1P2/4BN2/P5PP/R2QKB1R b KQkq -,537,20,0.037243947858473,517,0.962756052141527,20,0.037243947858473,f8b4,0.03125,1,6.0,0.0,1.0,1.0,1.0,0.96875,0.5,0.5,0.5
r1b2rk1/1pq1ppbp/p1np1np1/8/2PN4/1PN3P1/PB2PPBP/R2Q1RK1 w - -,551,1,0.0018148820326678765,53,0.09618874773139746,498,0.9038112522686026,d4c2,0.5,20,12.0,0.375,0.05,0.22360679774997896,0.227670248696953,0.5,0.2125,0.29930339887498947,0.3013351243484765
1rbqkb1r/p2n1ppp/2Q5/4p1N1/8/8/PPPP1PPP/RNB1K2R w KQk -,557,171,0.30700179533213645,279,0.5008976660682226,278,0.4991023339317774,d2d3,0.0625,3,10.0,0.25,0.3333333333333333,0.5773502691896258,0.5,0.9375,0.29166666666666663,0.4136751345948129,0.375
r2q1rk1/pb1nbppp/1pp1pn2/8/2PPN3/5NP1/PPQ2PBP/R1B2RK1 w - -,549,146,0.2659380692167577,51,0.09289617486338798,498,0.907103825136612,e4f6,0.10256410256410256,4,8.0,0.125,0.25,0.5,0.43067655807339306,0.8974358974358975,0.1875,0.3125,0.27783827903669656
r1bq1rk1/1p2bppp/p1n1pn2/6B1/2BP4/2N2N2/PP3PPP/R2Q1RK1 w - -,553,14,0.02531645569620253,120,0.21699819168173598,433,0.783001808318264,a2a4,0.43478260869565216,20,22.0,1.0,0.05,0.22360679774997896,0.227670248696953,0.5652173913043479,0.525,0.6118033988749895,0.6138351243484765
r2q1rk1/pp3ppp/2nbpn2/3p3b/3P4/2PB1N1P/PP1N1PP1/R1BQR1K1 w - -,554,2,0.0036101083032490976,286,0.516245487364621,268,0.48375451263537905,d2f1,0.5853658536585366,24,6.0,0.0,0.041666666666666664,0.20412414523193154,0.21533827903669653,0.41463414634146345,0.020833333333333332,0.10206207261596577,0.10766913951834826
rnbqr1k1/1p3pbp/p2p1np1/2pP4/4PP2/2NB1N2/PP4PP/R1BQ1RK1 w - -,555,156,0.2810810810810811,32,0.05765765765765766,523,0.9423423423423424,h2h3,0.10256410256410256,4,14.0,0.5,0.25,0.5,0.43067655807339306,0.8974358974358975,0.375,0.5,0.46533827903669656
r1bqk1nr/ppp3pp/2np4/8/4P3/2Q2N2/P4PPP/RNB2RK1 b - -,420,166,0.3952380952380952,5,0.011904761904761904,415,0.9880952380952381,h7h6,0.06060606060606061,2,20.0,0.875,0.5,0.7071067811865475,0.6309297535714575,0.9393939393939394,0.6875,0.7910533905932737,0.7529648767857288
r2qkb1r/1b1n1ppp/p3pn2/1pp5/3PP3/2NB1N2/PP3PPP/R1BQ1RK1 w kq -,545,92,0.1688073394495413,237,0.43486238532110094,308,0.5651376146788991,e4e5,0.05,2,22.0,1.0,0.5,0.7071067811865475,0.6309297535714575,0.95,0.75,0.8535533905932737,0.8154648767857288
rn3rk1/1pq1bppp/p2pbn2/4p3/4P3/1NN1BP2/PPPQ2PP/2KR1B1R w - -,547,8,0.014625228519195612,321,0.5868372943327239,226,0.41316270566727603,g2g4,0.175,7,10.0,0.25,0.14285714285714285,0.3779644730092272,0.3333333333333333,0.825,0.19642857142857142,0.3139822365046136,0.29166666666666663
r1bq1rk1/1pp1bppp/p1p1n3/4N3/3P4/2P5/PP3PPP/RNBQR1K1 w - -,542,20,0.03690036900369004,58,0.1070110701107011,484,0.8929889298892989,c1e3,0.5952380952380952,25,16.0,0.625,0.04,0.2,0.21274605355336312,0.40476190476190477,0.3325,0.4125,0.4188730267766816
r2q1rk1/pp1nbppp/2p2n2/3p2Bb/3P4/2NB1N1P/PPP2PP1/R2QR1K1 w - -,532,43,0.08082706766917293,2,0.0037593984962406013,530,0.9962406015037594,c3b1,0.46938775510204084,23,18.0,0.75,0.043478260869565216,0.20851441405707477,0.21810429198553155,0.5306122448979591,0.3967391304347826,0.47925720702853736,0.4840521459927658
r1bq1rk1/1p2bppp/p1n1pn2/8/2BP4/P1N2N2/1P3PPP/R1BQ1RK1 w - -,531,13,0.02448210922787194,46,0.08662900188323917,485,0.9133709981167608,c1f4,0.38636363636363635,17,22.0,1.0,0.058823529411764705,0.24253562503633297,0.23981246656813146,0.6136363636363636,0.5294117647058824,0.6212678125181665,0.6199062332840657
r1bq1rk1/1pp1npp1/1b1p1n1p/pP2p3/P1B1P3/2PP1N1P/5PP1/RNBQ1RK1 w - -,481,148,0.3076923076923077,63,0.13097713097713098,418,0.8690228690228691,b1d2,0.2,7,8.0,0.125,0.14285714285714285,0.3779644730092272,0.3333333333333333,0.8,0.13392857142857142,0.2514822365046136,0.22916666666666666
r1b2rk1/pp2ppbp/2n3p1/3q4/3N4/4B3/PPPQBPPP/R3K2R w KQ -,548,117,0.21350364963503649,204,0.3722627737226277,344,0.6277372262773723,e2f3,0.044444444444444446,2,6.0,0.0,0.5,0.7071067811865475,0.6309297535714575,0.9555555555555556,0.25,0.35355339059327373,0.31546487678572877
r2q1rk1/2p1bppp/p1np1n2/1p2p2b/3PP3/1BP2N1P/PP3PP1/RNBQR1K1 w - -,507,229,0.4516765285996055,72,0.14201183431952663,435,0.8579881656804734,g2g4,0.1111111111111111,4,8.0,0.125,0.25,0.5,0.43067655807339306,0.8888888888888888,0.1875,0.3125,0.27783827903669656
r1bq1rk1/pp3ppp/2n2n2/2b3B1/3p4/2N2NP1/PP2PPBP/R2Q1RK1 w - -,520,19,0.03653846153846154,199,0.38269230769230766,321,0.6173076923076923,g5f6,0.07317073170731707,3,18.0,0.75,0.3333333333333333,0.5773502691896258,0.5,0.926829268292683,0.5416666666666666,0.6636751345948129,0.625
r2q1rk1/pp2ppbp/3p1np1/2pPn3/2P1P3/2NB1Q1P/PP3PP1/R1B2RK1 w - -,495,3,0.006060606060606061,397,0.802020202020202,98,0.19797979797979798,f3e2,0.11764705882352941,4,22.0,1.0,0.25,0.5,0.43067655807339306,0.8823529411764706,0.625,0.75,0.7153382790366966
r1b1k2r/pp2bppp/1qn1p3/3pP3/1P1P4/P3PN2/6PP/RN1QKB1R w KQkq -,529,12,0.022684310018903593,304,0.5746691871455577,225,0.42533081285444235,f1d3,0.16666666666666666,5,18.0,0.75,0.2,0.4472135954999579,0.38685280723454163,0.8333333333333334,0.475,0.5986067977499789,0.5684264036172708
r1bq1rk1/4bppp/p2p1n2/npp1p3/4P3/2P2N1P/PPBP1PP1/RNBQR1K1 w - -,541,9,0.0166358595194085,453,0.8373382624768947,88,0.16266173752310537,d2d4,0.11538461538461539,3,6.0,0.0,0.3333333333333333,0.5773502691896258,0.5,0.8846153846153846,0.16666666666666666,0.2886751345948129,0.25
r2q1rk1/1b2bppp/p1nppn2/1pp5/4P3/P1NPBN1P/BPP2PP1/R2Q1RK1 w - -,489,23,0.04703476482617587,4,0.0081799591002045,485,0.9918200408997955,e3f4,0.5714285714285714,24,22.0,1.0,0.041666666666666664,0.20412414523193154,0.21533827903669653,0.4285714285714286,0.5208333333333334,0.6020620726159658,0.6076691395183482
r2q1rk1/pbp1bppp/1p2pn2/6B1/3P4/2PB1N2/PP3PPP/R2Q1RK1 w - -,544,75,0.13786764705882354,116,0.21323529411764705,428,0.7867647058823529,f1e1,0.37209302325581395,16,18.0,0.75,0.0625,0.25,0.24465054211822604,0.627906976744186,0.40625,0.5,0.497325271059113
r2qk2r/p1pb1ppp/1bp5/3pP3/3Nn3/4B3/PPP2PPP/RN1Q1RK1 w kq -,539,18,0.03339517625231911,107,0.19851576994434136,432,0.8014842300556586,b1d2,0.23684210526315788,9,6.0,0.0,0.1111111111111111,0.3333333333333333,0.3010299956639812,0.7631578947368421,0.05555555555555555,0.16666666666666666,0.1505149978319906
r1bq1rk1/bpp2pp1/p1np1n1p/P3p3/1PB1P3/2PP1N1P/5PP1/RNBQ1RK1 w - -,456,81,0.17763157894736842,47,0.10307017543859649,409,0.8969298245614035,b1d2,0.325,13,22.0,1.0,0.07692307692307693,0.2773500981126146,0.26264953503719357,0.675,0.5384615384615384,0.6386750490563073,0.6313247675185968
r3kb1r/pp1bnppp/4p3/3pP3/3q4/2NB4/PP3PPP/R1BQ1RK1 w kq -,524,316,0.6030534351145038,208,0.3969465648854962,316,0.6030534351145038,c3b5,0.024390243902439025,1,8.0,0.125,1.0,1.0,1.0,0.975609756097561,0.5625,0.5625,0.5625
rn1qr1k1/pp3pbp/3p1np1/2pP4/4PPb1/2NB1N2/PP4PP/R1BQ1RK1 w - -,534,121,0.22659176029962547,331,0.6198501872659176,203,0.3801498127340824,h2h3,0.10526315789473684,4,8.0,0.125,0.25,0.5,0.43067655807339306,0.8947368421052632,0.1875,0.3125,0.27783827903669656
r2q1rk1/1pp2pp1/1pnpbn1p/4p3/2B1P3/P1NP1N1P/1PP2PP1/R2Q1RK1 w - -,521,2,0.003838771593090211,17,0.03262955854126679,504,0.9673704414587332,c4b5,0.5945945945945946,22,20.0,0.875,0.045454545454545456,0.21320071635561041,0.22106472945750374,0.4054054054054054,0.4602272727272727,0.5441003581778052,0.5480323647287518
r2qk2r/pp2bppp/2n1p3/3n3b/3P4/2N2N1P/PP2BPP1/R1BQ1RK1 w kq -,528,66,0.125,51,0.09659090909090909,477,0.9034090909090909,d1b3,0.43243243243243246,16,8.0,0.125,0.0625,0.25,0.24465054211822604,0.5675675675675675,0.09375,0.1875,0.184825271059113
r3kbnr/1pp2ppp/p1p3b1/8/6P1/5N1P/PPPPKP2/RNB4R w kq -,404,78,0.19306930693069307,318,0.7871287128712872,86,0.21287128712871287,d2d3,0.07142857142857142,2,6.0,0.0,0.5,0.7071067811865475,0.6309297535714575,0.9285714285714286,0.25,0.35355339059327373,0.31546487678572877
r1bq1rk1/pp2bppp/2n1pn2/6B1/2BP4/2N2N2/PP3PPP/R2Q1RK1 w - -,517,74,0.14313346228239845,35,0.06769825918762089,482,0.9323017408123792,d1d2,0.30434782608695654,14,20.0,0.875,0.07142857142857142,0.2672612419124244,0.2559580248098155,0.6956521739130435,0.4732142857142857,0.5711306209562121,0.5654790124049077
r1bq1b1r/pp4pp/n1p1k3/3np3/8/PBN2Q2/1PPP1PPP/R1B1K2R w KQ -,407,297,0.7297297297297297,34,0.08353808353808354,373,0.9164619164619164,c3d5,0.047619047619047616,2,12.0,0.375,0.5,0.7071067811865475,0.6309297535714575,0.9523809523809523,0.4375,0.5410533905932737,0.5029648767857288
r2q1rk1/1pp2pp1/p1npbn1p/4p3/2B1P3/P1NPPN1P/1PP3P1/R2Q1RK1 w - -,509,7,0.0137524557956778,78,0.15324165029469547,431,0.8467583497053045,c4e6,0.358974358974359,14,22.0,1.0,0.07142857142857142,0.2672612419124244,0.2559580248098155,0.641025641025641,0.5357142857142857,0.6336306209562121,0.6279790124049077
r2q1rk1/pp1bppbp/3p1np1/8/3BP3/1BN2P2/PPPQ2PP/R3K2R b KQ -,518,120,0.23166023166023167,398,0.7683397683397684,120,0.23166023166023167,b7b5,0.027777777777777776,1,6.0,0.0,1.0,1.0,1.0,0.9722222222222222,0.5,0.5,0.5
r3kb1r/pp3ppp/1qn1b3/3pPp2/3P4/2N2N2/PP3PPP/R1BQ1RK1 w kq -,518,62,0.11969111969111969,2,0.003861003861003861,516,0.9961389961389961,c3e2,0.6363636363636364,21,22.0,1.0,0.047619047619047616,0.2182178902359924,0.22424382421757544,0.36363636363636365,0.5238095238095238,0.6091089451179962,0.6121219121087877
r2q1rk1/p1p1bppp/2pp1n2/6B1/4P3/8/PPP2PPP/RN1QR1K1 w - -,433,7,0.016166281755196306,226,0.5219399538106235,207,0.4780600461893764,b1c3,0.631578947368421,24,20.0,0.875,0.041666666666666664,0.20412414523193154,0.21533827903669653,0.368421052631579,0.4583333333333333,0.5395620726159658,0.5451691395183482
r1b1kb1r/pp3ppp/2n1p3/3pP3/3q4/2N5/PP2BPPP/R1BQ1RK1 w kq -,511,222,0.4344422700587084,67,0.13111545988258316,444,0.8688845401174168,c3b5,0.05714285714285714,2,10.0,0.25,0.5,0.7071067811865475,0.6309297535714575,0.9428571428571428,0.375,0.47855339059327373,0.44046487678572877
r2q1rk1/ppp1bppp/1nn1p3/4Pb2/2PP4/2N1BN2/PP2B1PP/R2Q1RK1 b - -,515,43,0.08349514563106795,351,0.6815533980582524,164,0.31844660194174756,f7f6,0.21428571428571427,9,18.0,0.75,0.1111111111111111,0.3333333333333333,0.3010299956639812,0.7857142857142857,0.4305555555555556,0.5416666666666666,0.5255149978319906
2rq1rk1/pp1bppbp/2np1np1/8/2PNP3/2N1B3/PP2BPPP/2RQ1RK1 w - -,523,9,0.017208413001912046,2,0.0038240917782026767,521,0.9961759082217974,d4c2,0.38095238095238093,16,6.0,0.0,0.0625,0.25,0.24465054211822604,0.6190476190476191,0.03125,0.125,0.12232527105911302
r1b1k2r/ppp1qppp/3p4/4n3/2P2B2/4P3/PP1QBPPP/R4RK1 b kq -,523,108,0.20650095602294455,292,0.5583173996175909,231,0.4416826003824092,e8g8,0.28205128205128205,11,12.0,0.375,0.09090909090909091,0.30151134457776363,0.27894294565112987,0.717948717948718,0.23295454545454547,0.3382556722888818,0.32697147282556493
r1bq1rk1/p3ppbp/2p3p1/3p4/2B1N3/4B3/PPP2PPP/R2Q1RK1 w - -,515,318,0.6174757281553398,197,0.3825242718446602,318,0.6174757281553398,c4d3,0.020833333333333332,1,6.0,0.0,1.0,1.0,1.0,0.9791666666666666,0.5,0.5,0.5
r1br2k1/ppp2pbp/5np1/4p1B1/2P5/2N3P1/PP2PPBP/R4RK1 b - -,505,456,0.902970297029703,18,0.03564356435643564,487,0.9643564356435643,d8d7,0.08571428571428572,3,6.0,0.0,0.3333333333333333,0.5773502691896258,0.5,0.9142857142857143,0.16666666666666666,0.2886751345948129,0.25
r3kb1r/pp1b1ppp/1qn5/3pPp2/3P4/P4N2/1P3PPP/RNBQK2R w KQkq -,512,45,0.087890625,239,0.466796875,273,0.533203125,b1c3,0.1875,6,8.0,0.125,0.16666666666666666,0.4082482904638631,0.3562071871080222,0.8125,0.14583333333333331,0.26662414523193156,0.2406035935540111
r1bq1rk1/2p2pp1/p1np1n1p/1pb5/3PP3/1B3N1P/PP3PP1/RNBQR1K1 b - -,477,4,0.008385744234800839,218,0.4570230607966457,259,0.5429769392033543,c5b6,0.07692307692307693,3,22.0,1.0,0.3333333333333333,0.5773502691896258,0.5,0.9230769230769231,0.6666666666666666,0.7886751345948129,0.75
r3kb1r/p2q1ppp/4pn2/3p4/8/2N5/PPP2PPP/R1BQK2R w KQkq -,389,2,0.005141388174807198,246,0.6323907455012854,143,0.3676092544987147,e1g1,0.5,18,6.0,0.0,0.05555555555555555,0.23570226039551587,0.23540891336663824,0.5,0.027777777777777776,0.11785113019775793,0.11770445668331912
r1b2rk1/1pq1bppp/p1nppn2/8/P2NPP2/2N1B3/1PP1B1PP/R2Q1RK1 w - -,498,43,0.08634538152610442,119,0.2389558232931727,379,0.7610441767068273,e2f3,0.3953488372093023,17,22.0,1.0,0.058823529411764705,0.24253562503633297,0.23981246656813146,0.6046511627906976,0.5294117647058824,0.6212678125181665,0.6199062332840657
r2q1rk1/pb1p1ppp/2p2b2/4p3/2B1P3/2N5/PPP2PPP/R2Q1RK1 w - -,429,122,0.28438228438228436,17,0.039627039627039624,412,0.9603729603729604,d1e2,0.5,20,22.0,1.0,0.05,0.22360679774997896,0.227670248696953,0.5,0.525,0.6118033988749895,0.6138351243484765
r1bq1rk1/2p2pp1/p1np1n1p/1p2p3/2B1P3/P1NPPN1P/1PP3P1/R2Q1RK1 w - b6,433,1,0.0023094688221709007,63,0.14549653579676675,370,0.8545034642032333,c4b3,0.07692307692307693,3,10.0,0.25,0.3333333333333333,0.5773502691896258,0.5,0.9230769230769231,0.29166666666666663,0.4136751345948129,0.375
r2q1rk1/pp2ppbp/1nnp2p1/8/2PP2b1/2NBBN2/PP3PPP/R2Q1RK1 w - -,516,261,0.5058139534883721,139,0.2693798449612403,377,0.7306201550387597,h2h3,0.06976744186046512,3,6.0,0.0,0.3333333333333333,0.5773502691896258,0.5,0.9302325581395349,0.16666666666666666,0.2886751345948129,0.25
rn1q1rk1/1p2bppp/p2pbn2/8/4Pp2/1NN1B3/PPP1B1PP/R2Q1RK1 w - -,515,0,0.0,424,0.8233009708737864,91,0.1766990291262136,e3f4,0.06382978723404255,3,8.0,0.125,0.3333333333333333,0.5773502691896258,0.5,0.9361702127659575,0.22916666666666666,0.3511751345948129,0.3125
2r1kbnr/pp1b1ppp/1q2p3/3pP3/3P4/5N2/PPQ2PPP/RNB2RK1 w k -,515,46,0.08932038834951456,338,0.6563106796116505,177,0.34368932038834954,b1c3,0.07692307692307693,3,10.0,0.25,0.3333333333333333,0.5773502691896258,0.5,0.9230769230769231,0.29166666666666663,0.4136751345948129,0.375
2kr3r/pppqn1pp/2nb1p2/3p4/3P2bB/2PB1N2/PP3PPP/RN1QR1K1 w - -,513,443,0.8635477582846004,70,0.1364522417153996,443,0.8635477582846004,h4g3,0.025,1,6.0,0.0,1.0,1.0,1.0,0.975,0.5,0.5,0.5
r1bqkb1r/4nppp/p2p4/1p1Pp3/8/N3B3/PPP2PPP/R2QKB1R w KQkq -,512,74,0.14453125,365,0.712890625,147,0.287109375,c2c4,0.075,3,6.0,0.0,0.3333333333333333,0.5773502691896258,0.5,0.925,0.16666666666666666,0.2886751345948129,0.25
r1bq1rk1/1p2bppp/p2ppn2/8/3nP1P1/2N1BP2/PPPQ3P/2KR1B1R w - -,504,2,0.003968253968253968,30,0.05952380952380952,474,0.9404761904761905,d2d4,0.05555555555555555,2,14.0,0.5,0.5,0.7071067811865475,0.6309297535714575,0.9444444444444444,0.5,0.6035533905932737,0.5654648767857288
r2q1rk1/ppp1bppp/3p1n2/6B1/2Q1P3/2N5/PPP2PPP/R4RK1 w - -,432,100,0.23148148148148148,223,0.5162037037037037,209,0.4837962962962963,a1d1,0.5106382978723404,24,6.0,0.0,0.041666666666666664,0.20412414523193154,0.21533827903669653,0.4893617021276596,0.020833333333333332,0.10206207261596577,0.10766913951834826
r1bq1rk1/2p1bppp/p7/1p1nR3/8/1B5P/PPPP1PP1/RNBQ2K1 b - -,508,324,0.6377952755905512,1,0.001968503937007874,507,0.9980314960629921,d5b6,0.1111111111111111,4,12.0,0.375,0.25,0.5,0.43067655807339306,0.8888888888888888,0.3125,0.4375,0.40283827903669656
r4rk1/1bqnbppp/pp1ppn2/8/2PNP3/2N1BP2/PP1QB1PP/2R2RK1 w - -,496,2,0.004032258064516129,348,0.7016129032258065,148,0.29838709677419356,f1d1,0.7380952380952381,31,22.0,1.0,0.03225806451612903,0.1796053020267749,0.2,0.26190476190476186,0.5161290322580645,0.5898026510133875,0.6
r1b2rk1/ppp2ppp/2n2q2/2p5/2B1P3/2P5/PP3PPP/RN1Q1RK1 w - -,500,155,0.31,94,0.188,406,0.812,f2f4,0.07692307692307693,3,8.0,0.125,0.3333333333333333,0.5773502691896258,0.5,0.9230769230769231,0.22916666666666666,0.3511751345948129,0.3125
r2qr1k1/pp1nbppp/2p2n2/3p2B1/3P2b1/2PB1N2/PP1N1PPP/R2QR1K1 w - -,497,21,0.04225352112676056,371,0.7464788732394366,126,0.2535211267605634,d1c2,0.3958333333333333,19,8.0,0.125,0.05263157894736842,0.22941573387056174,0.23137821315975915,0.6041666666666667,0.08881578947368421,0.17720786693528087,0.17818910657987957
r1bq1rk1/1p2bpp1/p1n1pn1p/3p4/3P3B/2NBPN2/PP3PPP/R2Q1RK1 w - -,492,23,0.046747967479674794,205,0.4166666666666667,287,0.5833333333333334,a1c1,0.5348837209302325,23,6.0,0.0,0.043478260869565216,0.20851441405707477,0.21810429198553155,0.4651162790697675,0.021739130434782608,0.10425720702853739,0.10905214599276578
r1bq1rk1/ppp2ppp/1b3n2/3Pp3/2B1P3/2N5/PP3PPP/R1BQ1RK1 w - -,443,136,0.30699774266365687,16,0.03611738148984198,427,0.963882618510158,d1d3,0.5405405405405406,20,22.0,1.0,0.05,0.22360679774997896,0.227670248696953,0.45945945945945943,0.525,0.6118033988749895,0.6138351243484765
r2q1rk1/pp2ppbp/1nnp2p1/8/2PP2b1/1PN1BN2/P3BPPP/R2QK2R w KQ -,503,186,0.3697813121272366,60,0.11928429423459244,443,0.8807157057654076,h2h3,0.10810810810810811,4,6.0,0.0,0.25,0.5,0.43067655807339306,0.8918918918918919,0.125,0.25,0.21533827903669653
r2qk2r/p3ppbp/2pp1np1/6B1/4P3/2N5/PPP2PPP/R2Q1RK1 w kq -,404,23,0.05693069306930693,114,0.28217821782178215,290,0.7178217821782178,d1d2,0.5641025641025641,22,14.0,0.5,0.045454545454545456,0.21320071635561041,0.22106472945750374,0.4358974358974359,0.2727272727272727,0.3566003581778052,0.3605323647287519
r1b2rk1/pp3ppp/5n2/2ppq3/8/2PBP3/PP1N1PPP/R2Q1RK1 w - -,488,2,0.004098360655737705,17,0.03483606557377049,471,0.9651639344262295,f1e1,0.5609756097560976,23,20.0,0.875,0.043478260869565216,0.20851441405707477,0.21810429198553155,0.4390243902439024,0.4592391304347826,0.5417572070285374,0.5465521459927658
r2q1rk1/p1p1b1pp/2pppn2/6B1/4P3/2N5/PPP2PPP/R2Q1RK1 w - -,448,132,0.29464285714285715,20,0.044642857142857144,428,0.9553571428571429,d1d3,0.5384615384615384,21,22.0,1.0,0.047619047619047616,0.2182178902359924,0.22424382421757544,0.46153846153846156,0.5238095238095238,0.6091089451179962,0.6121219121087877
r2q1rk1/ppp2ppp/1nnp1b2/8/2PP2b1/1P3N2/PB2BPPP/RN1Q1RK1 w - -,503,24,0.04771371769383698,80,0.15904572564612326,423,0.8409542743538767,b1a3,0.4074074074074074,11,18.0,0.75,0.09090909090909091,0.30151134457776363,0.27894294565112987,0.5925925925925926,0.42045454545454547,0.5257556722888819,0.5144714728255649
r1b1kb1r/pp3ppp/1q2p3/3pP3/3n4/2N5/PP2BPPP/R1BQ1RK1 w kq -,466,185,0.3969957081545064,277,0.5944206008583691,189,0.4055793991416309,c1e3,0.05405405405405406,2,6.0,0.0,0.5,0.7071067811865475,0.6309297535714575,0.9459459459459459,0.25,0.35355339059327373,0.31546487678572877
r1bqk2r/pp4pp/2nbpn2/3p4/3P4/3B1N2/PP1N1PPP/R1BQ1RK1 w kq -,501,8,0.015968063872255488,301,0.6007984031936128,200,0.3992015968063872,f1e1,0.35294117647058826,12,16.0,0.625,0.08333333333333333,0.2886751345948129,0.27023815442731974,0.6470588235294117,0.3541666666666667,0.45683756729740643,0.4476190772136599
r2q1rk1/pp2bppp/2n1bn2/3pN1B1/2pP4/2N3P1/PP2PPBP/R2Q1RK1 w - -,483,60,0.12422360248447205,40,0.08281573498964803,443,0.917184265010352,e2e3,0.3333333333333333,16,14.0,0.5,0.0625,0.25,0.24465054211822604,0.6666666666666667,0.28125,0.375,0.372325271059113
r2q1rk1/pp1bppbp/3p1np1/8/2PBP3/2N5/PP2BPPP/R2Q1RK1 w - -,484,14,0.028925619834710745,2,0.004132231404958678,482,0.9958677685950413,d1c2,0.5789473684210527,22,18.0,0.75,0.045454545454545456,0.21320071635561041,0.22106472945750374,0.42105263157894735,0.3977272727272727,0.4816003581778052,0.4855323647287519
r2qk2r/1p1nbpp1/p2pbn2/4p2p/4P3/1NN1BP2/PPPQ2PP/2KR1B1R w kq -,494,9,0.018218623481781375,198,0.4008097165991903,296,0.5991902834008097,c1b1,0.325,13,20.0,0.875,0.07692307692307693,0.2773500981126146,0.26264953503719357,0.675,0.47596153846153844,0.5761750490563073,0.5688247675185968
r4rk1/pp1qppbp/2np1np1/8/2PNP3/2N1BP2/PP4PP/R2QK2R w KQ -,458,2,0.004366812227074236,264,0.5764192139737991,194,0.42358078602620086,e1g1,0.2765957446808511,13,18.0,0.75,0.07692307692307693,0.2773500981126146,0.26264953503719357,0.7234042553191489,0.41346153846153844,0.5136750490563073,0.5063247675185968
2rq1rk1/pp1bppbp/2np1np1/8/2PNP3/2N1BP2/PP1QB1PP/R3K2R w KQ -,497,17,0.03420523138832998,297,0.5975855130784709,200,0.4024144869215292,e1g1,0.25,11,20.0,0.875,0.09090909090909091,0.30151134457776363,0.27894294565112987,0.75,0.48295454545454547,0.5882556722888819,0.5769714728255649
r3k1nr/pp1b1ppp/4p3/3pP3/1b1q4/2NB4/PP3PPP/R1BQ1RK1 w kq -,484,194,0.40082644628099173,290,0.5991735537190083,194,0.40082644628099173,c3b5,0.025,1,12.0,0.375,1.0,1.0,1.0,0.975,0.6875,0.6875,0.6875
r4rk1/ppp2ppp/2n2n2/3q4/3P2b1/2P2N2/P3BPPP/R1BQ1RK1 w - -,482,30,0.06224066390041494,167,0.34647302904564314,315,0.6535269709543569,h2h3,0.3870967741935484,12,22.0,1.0,0.08333333333333333,0.2886751345948129,0.27023815442731974,0.6129032258064516,0.5416666666666666,0.6443375672974064,0.6351190772136599
rn2kb1r/ppq2ppp/2p1pn2/4N3/3P4/2N4P/PPPBQPP1/R4RK1 b kq -,478,3,0.006276150627615063,208,0.4351464435146444,270,0.5648535564853556,b8d7,0.12121212121212122,4,22.0,1.0,0.25,0.5,0.43067655807339306,0.8787878787878788,0.625,0.75,0.7153382790366966
r3k2r/1pp1bppp/p1p1bn2/8/8/5N2/PPPP1PPP/RNB1RK2 w kq -,256,37,0.14453125,60,0.234375,196,0.765625,d2d3,0.37037037037037035,10,16.0,0.625,0.1,0.31622776601683794,0.2890648263178879,0.6296296296296297,0.3625,0.470613883008419,0.45703241315894394
r3k2r/1pp2ppp/p1p1bn2/2b5/8/5N2/PPPP1PPP/RNB1RK2 w kq -,224,133,0.59375,65,0.29017857142857145,159,0.7098214285714286,f3g5,0.07407407407407407,2,6.0,0.0,0.5,0.7071067811865475,0.6309297535714575,0.9259259259259259,0.25,0.35355339059327373,0.31546487678572877
2r1kbnr/pp1b1ppp/1q2p3/3pP3/3P4/2N2N2/PPQ2PPP/R1B1K2R w KQk -,495,0,0.0,344,0.694949494949495,151,0.30505050505050507,e1g1,0.4186046511627907,18,6.0,0.0,0.05555555555555555,0.23570226039551587,0.23540891336663824,0.5813953488372092,0.027777777777777776,0.11785113019775793,0.11770445668331912
r1bq1rk1/p4ppp/4pn2/3p4/1b6/2NB4/PPPB1PPP/R2Q1RK1 w - -,468,8,0.017094017094017096,34,0.07264957264957266,434,0.9273504273504274,f1e1,0.575,23,20.0,0.875,0.043478260869565216,0.20851441405707477,0.21810429198553155,0.42500000000000004,0.4592391304347826,0.5417572070285374,0.5465521459927658
r1b2rk1/pp3ppp/2n1pn2/3q4/3P4/2P2N2/P3BPPP/R1BQ1RK1 w - -,490,61,0.12448979591836734,143,0.29183673469387755,347,0.7081632653061225,c3c4,0.625,20,18.0,0.75,0.05,0.22360679774997896,0.227670248696953,0.375,0.4,0.48680339887498947,0.4888351243484765
r1bq1rk1/p2nppbp/2p3p1/3pP3/5P2/2N1B3/PPP1B1PP/R2Q1RK1 b - f3,494,7,0.01417004048582996,383,0.7753036437246964,111,0.22469635627530365,e7e6,0.4642857142857143,13,22.0,1.0,0.07692307692307693,0.2773500981126146,0.26264953503719357,0.5357142857142857,0.5384615384615384,0.6386750490563073,0.6313247675185968
r2q1rk1/1p1bppbp/p1np1np1/8/2PNP3/2N1B3/PP1QBPPP/R4RK1 w - -,492,10,0.02032520325203252,10,0.02032520325203252,482,0.9796747967479674,d4c2,0.5,23,12.0,0.375,0.043478260869565216,0.20851441405707477,0.21810429198553155,0.5,0.2092391304347826,0.29175720702853736,0.2965521459927658
r1bq1rk1/1p1n1pbp/p2p1np1/2pP4/P7/2N2NP1/1P2PPBP/R1BQ1RK1 w - -,481,13,0.02702702702702703,165,0.34303534303534305,316,0.656964656964657,c1f4,0.2777777777777778,10,6.0,0.0,0.1,0.31622776601683794,0.2890648263178879,0.7222222222222222,0.05,0.15811388300841897,0.14453241315894394
r1bqk2r/4bppp/p1np1n2/1p1Np1B1/4P3/N7/PPP2PPP/R2QKB1R w KQkq -,475,12,0.02526315789473684,428,0.9010526315789473,47,0.09894736842105263,g5f6,0.043478260869565216,2,6.0,0.0,0.5,0.7071067811865475,0.6309297535714575,0.9565217391304348,0.25,0.35355339059327373,0.31546487678572877
2r1kb1r/pp1b1ppp/1qn1p3/3pPn2/1P1P4/P4N2/1B2BPPP/RN1Q1RK1 b k -,492,167,0.3394308943089431,253,0.5142276422764228,239,0.48577235772357724,f8e7,0.1,4,6.0,0.0,0.25,0.5,0.43067655807339306,0.9,0.125,0.25,0.21533827903669653
r1b2rk1/p1qnbppp/2n1p3/1pppP3/8/3P1NP1/PPPNQPBP/R1B1R1K1 w - b6,481,9,0.018711018711018712,265,0.5509355509355509,216,0.4490644490644491,d2f1,0.3,9,12.0,0.375,0.1111111111111111,0.3333333333333333,0.3010299956639812,0.7,0.24305555555555555,0.35416666666666663,0.3380149978319906
r1bqk2r/pp1n1ppp/4p3/3pP3/3Q1P2/2N5/PPP3PP/R3KB1R b KQkq -,472,3,0.006355932203389831,385,0.815677966101695,87,0.1843220338983051,d8b6,0.3793103448275862,11,12.0,0.375,0.09090909090909091,0.30151134457776363,0.27894294565112987,0.6206896551724138,0.23295454545454547,0.3382556722888818,0.32697147282556493
r1bq1rk1/1pp1bpp1/p2p1n1p/4p3/4P3/1PNPBN1P/1PP2PP1/R2Q1RK1 w - -,466,40,0.08583690987124463,79,0.16952789699570817,387,0.8304721030042919,d3d4,0.4523809523809524,19,8.0,0.125,0.05263157894736842,0.22941573387056174,0.23137821315975915,0.5476190476190477,0.08881578947368421,0.17720786693528087,0.17818910657987957
r2q1rk1/pp2ppbp/3pbnp1/8/2BBP3/2N2P2/PPPQ2PP/R3K2R w KQ -,479,1,0.0020876826722338203,269,0.5615866388308977,210,0.4384133611691023,c4e6,0.15384615384615385,8,16.0,0.625,0.125,0.35355339059327373,0.31546487678572877,0.8461538461538461,0.375,0.48927669529663687,0.4702324383928644
r1b1k2r/1pqnbpp1/p2ppn1p/6B1/3NPP2/2NB1Q2/PPP3PP/2KR3R w kq -,474,113,0.23839662447257384,36,0.0759493670886076,438,0.9240506329113924,f3h3,0.043478260869565216,2,14.0,0.5,0.5,0.7071067811865475,0.6309297535714575,0.9565217391304348,0.5,0.6035533905932737,0.5654648767857288
rnb2rk1/pp2ppbp/6p1/q7/3PP3/5N2/P3BPPP/1RBQK2R w K -,457,1,0.002188183807439825,283,0.6192560175054704,174,0.38074398249452956,c1d2,0.4,2,10.0,0.25,0.5,0.7071067811865475,0.6309297535714575,0.6,0.375,0.47855339059327373,0.44046487678572877
r2q1rk1/1p1nbppp/p2pbn2/4p3/4P3/1NN1BP2/PPPQB1PP/R3K2R w KQ -,475,333,0.7010526315789474,4,0.008421052631578947,471,0.991578947368421,a2a4,0.06382978723404255,3,22.0,1.0,0.3333333333333333,0.5773502691896258,0.5,0.9361702127659575,0.6666666666666666,0.7886751345948129,0.75
r4rk1/pppqbppp/3p1n2/8/3QP3/2N4P/PPP2PP1/R1B2RK1 w - -,424,60,0.14150943396226415,14,0.0330188679245283,410,0.9669811320754716,f1d1,0.525,21,22.0,1.0,0.047619047619047616,0.2182178902359924,0.22424382421757544,0.475,0.5238095238095238,0.6091089451179962,0.6121219121087877
r1bqnrk1/pp2bppp/2npp3/4P3/2B5/2N2N2/PP2QPPP/R1BR2K1 w - -,476,92,0.19327731092436976,384,0.8067226890756303,92,0.19327731092436976,e5d6,0.02127659574468085,1,6.0,0.0,1.0,1.0,1.0,0.9787234042553191,0.5,0.5,0.5
r1b4r/ppp2kpp/2n2n2/8/4P3/8/PB1N1PPP/R3K1NR w KQ -,472,90,0.1906779661016949,7,0.014830508474576272,465,0.9851694915254238,a2a3,0.23333333333333334,7,14.0,0.5,0.14285714285714285,0.3779644730092272,0.3333333333333333,0.7666666666666666,0.3214285714285714,0.4389822365046136,0.41666666666666663
r2q1rk1/pb1nbppp/1pn1p3/2ppP3/8/3P1NP1/PPP2PBP/R1BQRNK1 w - -,473,0,0.0,362,0.7653276955602537,111,0.2346723044397463,h2h4,0.3,9,18.0,0.75,0.1111111111111111,0.3333333333333333,0.3010299956639812,0.7,0.4305555555555556,0.5416666666666666,0.5255149978319906
r1bq1rk1/2p1bppp/p2p1n2/np6/3PP3/1B3N2/PP3PPP/RNBQR1K1 w - -,443,43,0.09706546275395034,396,0.8939051918735892,47,0.10609480812641084,b3c2,0.08571428571428572,3,6.0,0.0,0.3333333333333333,0.5773502691896258,0.5,0.9142857142857143,0.16666666666666666,0.2886751345948129,0.25
rn1q1rk1/pp2n1pp/2pb1p2/3p4/3P3B/2NQ1N2/PPP2PPP/R3R1K1 b - -,464,7,0.015086206896551725,53,0.11422413793103449,411,0.8857758620689655,b8a6,0.5454545454545454,18,18.0,0.75,0.05555555555555555,0.23570226039551587,0.23540891336663824,0.4545454545454546,0.4027777777777778,0.49285113019775795,0.49270445668331914
r1b1k2r/p2pqppp/4p3/3pP3/8/8/PPP2PPP/R2QKB1R w KQkq -,406,319,0.7857142857142857,22,0.054187192118226604,384,0.9458128078817734,d1d4,0.28125,9,10.0,0.25,0.1111111111111111,0.3333333333333333,0.3010299956639812,0.71875,0.18055555555555555,0.29166666666666663,0.2755149978319906
r2q1rk1/p1p1bppp/2pp1n2/8/4PB2/2N5/PPP2PPP/R2Q1RK1 w - -,414,5,0.012077294685990338,12,0.028985507246376812,402,0.9710144927536232,d1d3,0.5897435897435898,23,18.0,0.75,0.043478260869565216,0.20851441405707477,0.21810429198553155,0.41025641025641024,0.3967391304347826,0.47925720702853736,0.4840521459927658
2rq1rk1/pp1bppbp/2np1np1/8/2BNP2P/2N1BP2/PPPQ2P1/R3K2R w KQ -,463,31,0.06695464362850972,7,0.01511879049676026,456,0.9848812095032398,d4c6,0.03773584905660377,2,14.0,0.5,0.5,0.7071067811865475,0.6309297535714575,0.9622641509433962,0.5,0.6035533905932737,0.5654648767857288
r2q1rk1/pp2bppp/2bppn2/6B1/3QP3/2N2N2/PPP2PPP/2KRR3 w - -,426,110,0.25821596244131456,77,0.1807511737089202,349,0.8192488262910798,e4e5,0.21739130434782608,10,16.0,0.625,0.1,0.31622776601683794,0.2890648263178879,0.782608695652174,0.3625,0.470613883008419,0.45703241315894394
r1bq1rk1/pp3ppp/2n2n2/3p4/8/P1NB4/1PP2PPP/R1BQ1RK1 b - -,453,0,0.0,77,0.16997792494481237,376,0.8300220750551877,c8g4,0.22857142857142856,8,18.0,0.75,0.125,0.35355339059327373,0.31546487678572877,0.7714285714285715,0.4375,0.5517766952966369,0.5327324383928644
r1bqkb1r/5ppp/p1np1n2/1p1Np3/4P3/N7/PPPB1PPP/R2QKB1R w KQkq -,456,19,0.041666666666666664,31,0.06798245614035088,425,0.9320175438596491,c2c4,0.09302325581395349,4,18.0,0.75,0.25,0.5,0.43067655807339306,0.9069767441860466,0.5,0.625,0.5903382790366966
r2qk2r/pp3ppp/2pbpn2/8/3P2b1/2PB1N2/PP3PPP/R1BQ1RK1 w kq -,469,132,0.2814498933901919,227,0.4840085287846482,242,0.5159914712153518,h2h3,0.39473684210526316,15,10.0,0.25,0.06666666666666667,0.2581988897471611,0.25,0.6052631578947368,0.15833333333333333,0.25409944487358055,0.25
r1bq1rk1/pp3pbp/2n1p1p1/3n4/3P4/2N2NP1/PP3PBP/R1BQ1RK1 w - -,459,39,0.08496732026143791,78,0.16993464052287582,381,0.8300653594771242,f1e1,0.4,14,18.0,0.75,0.07142857142857142,0.2672612419124244,0.2559580248098155,0.6,0.4107142857142857,0.5086306209562121,0.5029790124049077
r2q1rk1/pbpnnppp/1p2p3/8/3P4/2NBPN2/PP3PPP/R2Q1RK1 w - -,465,21,0.04516129032258064,23,0.04946236559139785,442,0.9505376344086022,d3e4,0.5813953488372093,25,14.0,0.5,0.04,0.2,0.21274605355336312,0.41860465116279066,0.27,0.35,0.3563730267766816
r1b2rk1/ppp1bppp/2np1n2/6B1/8/2NP1N2/PPP1BPPP/R4RK1 w - -,345,8,0.02318840579710145,29,0.08405797101449275,316,0.9159420289855073,c3b5,0.8378378378378378,31,6.0,0.0,0.03225806451612903,0.1796053020267749,0.2,0.16216216216216217,0.016129032258064516,0.08980265101338746,0.1
r2q3r/ppp2k1p/2npb1p1/8/2QpP3/8/PPP2PPP/RNB1K2R w KQ -,437,1,0.002288329519450801,200,0.4576659038901602,237,0.5423340961098398,c4e2,0.07317073170731707,3,12.0,0.375,0.3333333333333333,0.5773502691896258,0.5,0.926829268292683,0.35416666666666663,0.4761751345948129,0.4375
r2qk2r/pp2bppp/2p1pn2/8/3P2b1/2PB1N2/PP3PPP/R1BQ1RK1 w kq -,465,47,0.1010752688172043,87,0.1870967741935484,378,0.8129032258064516,f1e1,0.34210526315789475,13,16.0,0.625,0.07692307692307693,0.2773500981126146,0.26264953503719357,0.6578947368421053,0.35096153846153844,0.4511750490563073,0.4438247675185968
r1b1k2r/1p2qppp/p1n1p3/2npP3/5P2/2N2N2/PPPQ2PP/R3KB1R w KQkq -,455,2,0.004395604395604396,18,0.03956043956043956,437,0.9604395604395605,a2a3,0.2926829268292683,12,20.0,0.875,0.08333333333333333,0.2886751345948129,0.27023815442731974,0.7073170731707317,0.4791666666666667,0.5818375672974064,0.5726190772136599
r2qkb1r/1b1n1ppp/p3pn2/1pp5/3P4/P1NBPN2/1P3PPP/R1BQ1RK1 w kq -,462,20,0.04329004329004329,188,0.4069264069264069,274,0.5930735930735931,d4c5,0.4523809523809524,19,12.0,0.375,0.05263157894736842,0.22941573387056174,0.23137821315975915,0.5476190476190477,0.2138157894736842,0.3022078669352809,0.3031891065798796
r1b2rk1/ppppqppp/8/4n3/2P2B2/P3P3/1P1Q1PPP/R3KB1R w KQ -,460,40,0.08695652173913043,27,0.058695652173913045,433,0.941304347826087,c4c5,0.19444444444444445,7,6.0,0.0,0.14285714285714285,0.3779644730092272,0.3333333333333333,0.8055555555555556,0.07142857142857142,0.1889822365046136,0.16666666666666666
r2qk2r/pp1nbppp/2p1pn2/8/3P4/3Q1NN1/PPP2PPP/R1B1R1K1 w kq -,455,30,0.06593406593406594,127,0.27912087912087913,328,0.7208791208791209,c2c4,0.673469387755102,33,10.0,0.25,0.030303030303030304,0.17407765595569785,0.1965616322328226,0.326530612244898,0.14015151515151514,0.21203882797784893,0.22328081611641132
r1bq1rk1/3nbppp/2n1p3/ppppP3/8/3P1NP1/PPP2PBP/R1BQRNK1 w - a6,448,65,0.14508928571428573,352,0.7857142857142857,96,0.21428571428571427,h2h4,0.26666666666666666,8,6.0,0.0,0.125,0.35355339059327373,0.31546487678572877,0.7333333333333334,0.0625,0.17677669529663687,0.15773243839286438
r2q1rk1/pp1nbpp1/2p1bn1p/3p4/3P3B/2NBPN2/PPQ2PPP/R3K2R w KQ -,458,34,0.07423580786026202,369,0.8056768558951966,89,0.1943231441048035,e1g1,0.4489795918367347,22,10.0,0.25,0.045454545454545456,0.21320071635561041,0.22106472945750374,0.5510204081632653,0.14772727272727273,0.23160035817780522,0.2355323647287519
r3kb1r/1bp2ppp/p1Np1n2/3P4/8/8/PPP1KPPP/RNB4R w kq -,232,91,0.3922413793103448,141,0.6077586206896551,91,0.3922413793103448,c2c4,0.02564102564102564,1,6.0,0.0,1.0,1.0,1.0,0.9743589743589743,0.5,0.5,0.5
r1b1k2r/pp1p1ppp/4pn2/q7/N2QP3/2P5/PP3PPP/R3KB1R w KQkq -,462,317,0.6861471861471862,52,0.11255411255411256,410,0.8874458874458875,e4e5,0.05128205128205128,2,6.0,0.0,0.5,0.7071067811865475,0.6309297535714575,0.9487179487179487,0.25,0.35355339059327373,0.31546487678572877
r2q1rk1/pp2bppp/2bp1n2/4p1B1/4P3/2NQ1N2/PPP2PPP/2KR3R w - -,436,76,0.1743119266055046,320,0.7339449541284404,116,0.26605504587155965,g5f6,0.22727272727272727,10,6.0,0.0,0.1,0.31622776601683794,0.2890648263178879,0.7727272727272727,0.05,0.15811388300841897,0.14453241315894394
r1b2rk1/pp1nqppp/2p1p3/3n4/2BP4/2N1PN2/PP3PPP/2RQK2R w K -,453,10,0.02207505518763797,359,0.7924944812362031,94,0.20750551876379691,e1g1,0.47619047619047616,20,8.0,0.125,0.05,0.22360679774997896,0.227670248696953,0.5238095238095238,0.0875,0.17430339887498947,0.17633512434847648
r2q1rk1/pp1n1ppp/2pb1p2/7b/3P4/2PB1N1P/PP3PP1/R1BQ1RK1 w - -,456,64,0.14035087719298245,14,0.03070175438596491,442,0.9692982456140351,d3f5,0.4358974358974359,17,18.0,0.75,0.058823529411764705,0.24253562503633297,0.23981246656813146,0.5641025641025641,0.40441176470588236,0.4962678125181665,0.49490623328406574
r2qk2r/p3bppp/2pppn2/6B1/4P3/2N5/PPP2PPP/R2Q1RK1 w kq -,374,32,0.0855614973262032,58,0.15508021390374332,316,0.8449197860962567,d1f3,0.6410256410256411,25,6.0,0.0,0.04,0.2,0.21274605355336312,0.3589743589743589,0.02,0.1,0.10637302677668156
r2q1rk1/pp1nbppp/2p2n2/3p2Bb/3P4/2PB1N1P/PP1N1PP1/R2Q1RK1 w - -,456,2,0.0043859649122807015,3,0.006578947368421052,453,0.993421052631579,g5f4,0.5581395348837209,24,22.0,1.0,0.041666666666666664,0.20412414523193154,0.21533827903669653,0.4418604651162791,0.5208333333333334,0.6020620726159658,0.6076691395183482
r2q1rk1/ppp3p1/1bnppn1p/4p3/1P2P3/P1NP1N1P/2P2PP1/R1BQ1RK1 w - -,348,206,0.5919540229885057,96,0.27586206896551724,252,0.7241379310344828,c3a4,0.15151515151515152,5,6.0,0.0,0.2,0.4472135954999579,0.38685280723454163,0.8484848484848485,0.1,0.22360679774997896,0.19342640361727081
r1bqrnk1/pp2bppp/2p2n2/3p2B1/3P4/2NBPN2/PP3PPP/2RQ1RK1 w - -,453,6,0.013245033112582781,121,0.2671081677704194,332,0.7328918322295805,f3e5,0.6136363636363636,27,22.0,1.0,0.037037037037037035,0.19245008972987526,0.20801459767650948,0.38636363636363635,0.5185185185185185,0.5962250448649377,0.6040072988382548
r1br2k1/ppp2pbp/5np1/4p3/2P1P3/2N5/PP2BPPP/R1B2RK1 w - -,446,0,0.0,0,0.0,446,1.0,a2a4,0.6666666666666666,20,16.0,0.625,0.05,0.22360679774997896,0.227670248696953,0.33333333333333337,0.3375,0.42430339887498947,0.4263351243484765
r1bq1rk1/2p2pp1/pbnp1n1p/1p2p3/3PP3/1BP2N1P/PP3PP1/RNBQR1K1 w - -,431,177,0.41067285382830626,84,0.19489559164733178,347,0.8051044083526682,c1e3,0.1111111111111111,4,6.0,0.0,0.25,0.5,0.43067655807339306,0.8888888888888888,0.125,0.25,0.21533827903669653
r1bq1rk1/pp2ppbp/2n3p1/8/3PP3/4BN2/P3BPPP/R2Q1RK1 b - -,449,101,0.22494432071269488,331,0.7371937639198218,118,0.26280623608017817,c8g4,0.08108108108108109,3,6.0,0.0,0.3333333333333333,0.5773502691896258,0.5,0.9189189189189189,0.16666666666666666,0.2886751345948129,0.25
rnb2rk1/ppp1q1p1/4p2p/5p2/2PPp3/4P3/PP1N1PPP/R2QKB1R w KQ f6,440,42,0.09545454545454546,208,0.4727272727272727,232,0.5272727272727272,f1e2,0.5161290322580645,16,6.0,0.0,0.0625,0.25,0.24465054211822604,0.4838709677419355,0.03125,0.125,0.12232527105911302
r2q1rk1/1bp1bppp/p1np1n2/1p6/3pP3/2P2N1P/PPB2PP1/RNBQR1K1 w - -,434,0,0.0,411,0.9470046082949308,23,0.052995391705069124,c3d4,0.05555555555555555,2,6.0,0.0,0.5,0.7071067811865475,0.6309297535714575,0.9444444444444444,0.25,0.35355339059327373,0.31546487678572877
r1b2rk1/pp3ppp/5n2/3pq3/8/2PB4/PP1N1PPP/R2Q1RK1 w - -,434,2,0.004608294930875576,177,0.4078341013824885,257,0.5921658986175116,f1e1,0.525,21,6.0,0.0,0.047619047619047616,0.2182178902359924,0.22424382421757544,0.475,0.023809523809523808,0.1091089451179962,0.11212191210878772
rn1q1rk1/pp2bppp/2p2nb1/3p2B1/3P2P1/2NBPN1P/PP3P2/R2QK2R w KQ -,444,88,0.1981981981981982,12,0.02702702702702703,432,0.972972972972973,g5f6,0.14893617021276595,7,14.0,0.5,0.14285714285714285,0.3779644730092272,0.3333333333333333,0.851063829787234,0.3214285714285714,0.4389822365046136,0.41666666666666663
r1b2rk1/ppp2ppp/2n2q2/2p5/4P3/2P5/PP2BPPP/RN1Q1RK1 w - -,440,56,0.12727272727272726,79,0.17954545454545454,361,0.8204545454545454,f2f4,0.3142857142857143,11,6.0,0.0,0.09090909090909091,0.30151134457776363,0.27894294565112987,0.6857142857142857,0.045454545454545456,0.15075567228888181,0.13947147282556493
r2q1rk1/pp2ppbp/3pbnp1/8/2PBP3/2N2P2/PP1Q2PP/R3KB1R w KQ -,439,5,0.011389521640091117,223,0.5079726651480638,216,0.4920273348519362,f1e2,0.35555555555555557,16,20.0,0.875,0.0625,0.25,0.24465054211822604,0.6444444444444444,0.46875,0.5625,0.5598252710591131
r2q1rk1/1p2bppp/p1npbn2/4p3/4P3/1NN1BP2/PPPQB1PP/R3K2R w KQ -,436,227,0.5206422018348624,191,0.4380733944954128,245,0.5619266055045872,e1c1,0.0425531914893617,2,22.0,1.0,0.5,0.7071067811865475,0.6309297535714575,0.9574468085106383,0.75,0.8535533905932737,0.8154648767857288
r2q1rk1/2p1bpp1/p1np1n1p/1p2p3/4P1b1/1BPP1N2/PP1N1PPP/R1BQR1K1 w - -,422,1,0.002369668246445498,109,0.25829383886255924,313,0.7417061611374408,h2h3,0.35714285714285715,10,6.0,0.0,0.1,0.31622776601683794,0.2890648263178879,0.6428571428571428,0.05,0.15811388300841897,0.14453241315894394
rnb2rk1/pp3ppp/5q2/3Q4/1b6/2N1PN2/PP3PPP/R3KB1R w KQ -,433,49,0.11316397228637413,107,0.2471131639722864,326,0.7528868360277137,d5d4,0.08333333333333333,4,22.0,1.0,0.25,0.5,0.43067655807339306,0.9166666666666666,0.625,0.75,0.7153382790366966
r1bqr1k1/pp1nbppp/2p1p3/8/2PPQ3/5NP1/PP3PBP/R1B2RK1 b - -,435,421,0.967816091954023,1,0.0022988505747126436,434,0.9977011494252873,e6e5,0.2727272727272727,9,6.0,0.0,0.1111111111111111,0.3333333333333333,0.3010299956639812,0.7272727272727273,0.05555555555555555,0.16666666666666666,0.1505149978319906
r1bq1rk1/ppppbppp/2n5/8/2BP4/2P2N2/P4PPP/R1BQR1K1 w - -,420,317,0.7547619047619047,103,0.24523809523809523,317,0.7547619047619047,d4d5,0.023255813953488372,1,6.0,0.0,1.0,1.0,1.0,0.9767441860465116,0.5,0.5,0.5
r2q1rk1/2p1bppp/p1np1n2/1p2p3/3PP3/1BP2b1P/PP3PP1/RNBQR1K1 w - -,422,0,0.0,169,0.4004739336492891,253,0.5995260663507109,g2f3,0.06060606060606061,2,8.0,0.125,0.5,0.7071067811865475,0.6309297535714575,0.9393939393939394,0.3125,0.41605339059327373,0.37796487678572877
r3kb1r/1bqn1ppp/p2ppn2/1p4B1/3NPP2/2NB1Q2/PPP3PP/2KR3R w kq -,432,73,0.16898148148148148,315,0.7291666666666666,117,0.2708333333333333,h1e1,0.08888888888888889,4,14.0,0.5,0.25,0.5,0.43067655807339306,0.9111111111111111,0.375,0.5,0.46533827903669656
r1bq1rk1/p2nbppp/1pp1p3/8/2PPQ3/5NP1/PP3PBP/R1B2RK1 b - -,430,28,0.06511627906976744,395,0.9186046511627907,35,0.08139534883720931,c8b7,0.06896551724137931,2,6.0,0.0,0.5,0.7071067811865475,0.6309297535714575,0.9310344827586207,0.25,0.35355339059327373,0.31546487678572877
r2qk2r/1b1nbppp/p2ppn2/1p6/3NP3/P1N1BP2/1PP1B1PP/R2Q1RK1 w kq -,433,35,0.08083140877598152,57,0.13163972286374134,376,0.8683602771362586,d1e1,0.55,22,12.0,0.375,0.045454545454545456,0.21320071635561041,0.22106472945750374,0.44999999999999996,0.21022727272727273,0.2941003581778052,0.2980323647287519
2kr1bnr/ppp2ppp/8/4p3/4P3/8/PPP2PPP/RNBR2K1 w - -,234,0,0.0,224,0.9572649572649573,10,0.042735042735042736,d1d8,0.2903225806451613,9,6.0,0.0,0.1111111111111111,0.3333333333333333,0.3010299956639812,0.7096774193548387,0.05555555555555555,0.16666666666666666,0.1505149978319906
r4rk1/pp1qppbp/2np1np1/8/3PP3/2N2N2/PP3PPP/R1BQR1K1 w - -,428,31,0.07242990654205607,32,0.07476635514018691,396,0.9252336448598131,d4d5,0.6944444444444444,25,22.0,1.0,0.04,0.2,0.21274605355336312,0.3055555555555556,0.52,0.6,0.6063730267766816
r1bq1rk1/p4ppp/2pp1b2/4p3/2B1P3/2N5/PPP2PPP/R2Q1RK1 w - -,331,114,0.34441087613293053,15,0.045317220543806644,316,0.9546827794561934,a2a3,0.46153846153846156,18,12.0,0.375,0.05555555555555555,0.23570226039551587,0.23540891336663824,0.5384615384615384,0.2152777777777778,0.30535113019775795,0.30520445668331914
r1b1k1nr/pp3ppp/8/3qP3/4p3/2B5/PP3PPP/R2QKB1R b KQkq -,412,104,0.2524271844660194,308,0.7475728155339806,104,0.2524271844660194,g8e7,0.025,1,6.0,0.0,1.0,1.0,1.0,0.975,0.5,0.5,0.5
rqb1k2r/pp2bppp/2nppn2/1N6/2B1P3/5N2/PP2QPPP/R1BR2K1 w kq -,428,117,0.2733644859813084,311,0.7266355140186916,117,0.2733644859813084,c1f4,0.021739130434782608,1,6.0,0.0,1.0,1.0,1.0,0.9782608695652174,0.5,0.5,0.5
r1bqk2r/ppp1nppp/8/3n4/2BP4/1Q3N2/PP1N1PPP/R3K2R w KQkq -,413,15,0.03631961259079903,381,0.9225181598062954,32,0.0774818401937046,e1g1,0.425,17,8.0,0.125,0.058823529411764705,0.24253562503633297,0.23981246656813146,0.575,0.09191176470588236,0.18376781251816648,0.18240623328406574
r1bq1rk1/pp2ppbp/3p1np1/8/3NP3/1nN1BP2/PPPQ2PP/R3K2R w KQ -,428,0,0.0,233,0.544392523364486,195,0.45560747663551404,a2b3,0.07142857142857142,3,14.0,0.5,0.3333333333333333,0.5773502691896258,0.5,0.9285714285714286,0.41666666666666663,0.5386751345948129,0.5
r2qk2r/1p3ppp/p1nbpn2/3p4/3P1B2/2NQPN2/PP3PPP/R4RK1 w kq -,422,0,0.0,174,0.41232227488151657,248,0.5876777251184834,f4d6,0.3617021276595745,17,6.0,0.0,0.058823529411764705,0.24253562503633297,0.23981246656813146,0.6382978723404256,0.029411764705882353,0.12126781251816648,0.11990623328406573
r2qk2r/3nbppp/p2pbn2/1p2p3/4P3/1NN1BP2/PPPQ2PP/2KR1B1R w kq -,430,15,0.03488372093023256,285,0.6627906976744186,145,0.3372093023255814,g2g4,0.1282051282051282,5,12.0,0.375,0.2,0.4472135954999579,0.38685280723454163,0.8717948717948718,0.2875,0.41110679774997894,0.3809264036172708
r1b1k2r/1pq1bppp/p1nppn2/6B1/2B1P3/2N2N2/PP2QPPP/R2R2K1 w kq -,425,23,0.05411764705882353,365,0.8588235294117647,60,0.1411764705882353,a1c1,0.24,12,6.0,0.0,0.08333333333333333,0.2886751345948129,0.27023815442731974,0.76,0.041666666666666664,0.14433756729740646,0.13511907721365987
r1b1k2r/1p2qppp/p1n1p3/2npP3/5P2/2NB1N2/PPP3PP/R2QK2R w KQkq -,425,15,0.03529411764705882,37,0.08705882352941176,388,0.9129411764705883,d1e2,0.2619047619047619,11,22.0,1.0,0.09090909090909091,0.30151134457776363,0.27894294565112987,0.7380952380952381,0.5454545454545454,0.6507556722888819,0.6394714728255649
rnbqk2r/p3bp2/2p1pn2/1p2P1B1/2pP4/2N5/PP3PPP/R2QKB1R w KQkq -,423,2,0.004728132387706856,406,0.9598108747044918,17,0.04018912529550828,e5f6,0.045454545454545456,2,6.0,0.0,0.5,0.7071067811865475,0.6309297535714575,0.9545454545454546,0.25,0.35355339059327373,0.31546487678572877
r1b2rk1/ppp2ppp/2n2q2/4p3/3P4/2PB1N2/PP3PPP/R2QK2R w KQ -,402,17,0.04228855721393035,6,0.014925373134328358,396,0.9850746268656716,f3e5,0.11904761904761904,5,14.0,0.5,0.2,0.4472135954999579,0.38685280723454163,0.8809523809523809,0.35,0.47360679774997894,0.4434264036172708
r1bqk2r/p3bpp1/2p4p/n2np3/4N3/3B4/PPPP1PPP/RNBQ1RK1 w kq -,421,279,0.66270783847981,32,0.07600950118764846,389,0.9239904988123515,e4g3,0.12903225806451613,4,10.0,0.25,0.25,0.5,0.43067655807339306,0.8709677419354839,0.25,0.375,0.34033827903669656
r2qk2r/pp1n1ppp/2pbpn2/8/3P4/2PQ1NN1/PP3PPP/R1B2RK1 w kq -,424,0,0.0,114,0.2688679245283019,310,0.7311320754716981,f1e1,0.7,28,14.0,0.5,0.03571428571428571,0.1889822365046136,0.20584683246043448,0.30000000000000004,0.26785714285714285,0.3444911182523068,0.3529234162302172
r2qk2r/p3ppbp/2pp1np1/8/4P3/2N1B3/PPP2PPP/R2Q1RK1 w kq -,363,5,0.013774104683195593,0,0.0,363,1.0,d1e1,0.6097560975609756,25,22.0,1.0,0.04,0.2,0.21274605355336312,0.3902439024390244,0.52,0.6,0.6063730267766816
r1b1k2r/ppp2ppp/1bn5/4P3/2B1n3/5N2/PP3PPP/RNBR2K1 w kq -,405,181,0.4469135802469136,224,0.5530864197530864,181,0.4469135802469136,c1e3,0.023809523809523808,1,8.0,0.125,1.0,1.0,1.0,0.9761904761904762,0.5625,0.5625,0.5625
r2q1rk1/1p2bppp/p1npbn2/4p3/4P3/1NN1BP2/PPP1B1PP/R2Q1RK1 w - -,418,220,0.5263157894736842,124,0.2966507177033493,294,0.7033492822966507,c3d5,0.1590909090909091,7,8.0,0.125,0.14285714285714285,0.3779644730092272,0.3333333333333333,0.8409090909090909,0.13392857142857142,0.2514822365046136,0.22916666666666666
r2qk2r/pp2ppbp/1nnp2p1/8/2PP4/2N1BQ1P/PP3PP1/R3KB1R w KQkq -,417,127,0.30455635491606714,177,0.4244604316546763,240,0.5755395683453237,a1d1,0.045454545454545456,2,22.0,1.0,0.5,0.7071067811865475,0.6309297535714575,0.9545454545454546,0.75,0.8535533905932737,0.8154648767857288
rnbq1k1r/pp3pp1/4p2p/2ppP3/3P2Q1/2PB4/P1PK1PPP/R5NR w - c6,404,13,0.03217821782178218,174,0.4306930693069307,230,0.5693069306930693,h2h4,0.2,9,12.0,0.375,0.1111111111111111,0.3333333333333333,0.3010299956639812,0.8,0.24305555555555555,0.35416666666666663,0.3380149978319906
r1b2rk1/1pq1bppp/p1nppn2/8/2PNP3/2N1BP2/PP2B1PP/R2Q1RK1 w - -,420,51,0.12142857142857143,172,0.4095238095238095,248,0.5904761904761905,a1c1,0.30952380952380953,13,8.0,0.125,0.07692307692307693,0.2773500981126146,0.26264953503719357,0.6904761904761905,0.10096153846153846,0.2011750490563073,0.19382476751859679
r1b1k2r/ppq1bppp/2np1n2/4p3/2B1PB2/2N2N2/PP2QPPP/R2R2K1 w kq -,415,81,0.19518072289156627,41,0.09879518072289156,374,0.9012048192771084,c3b5,0.058823529411764705,3,10.0,0.25,0.3333333333333333,0.5773502691896258,0.5,0.9411764705882353,0.29166666666666663,0.4136751345948129,0.375
r2q1rk1/pp1bppb1/2np1np1/7p/2BNP2P/2N1BP2/PPPQ2P1/R3K2R w KQ h6,410,29,0.07073170731707316,23,0.05609756097560976,387,0.9439024390243902,c4b3,0.09615384615384616,5,22.0,1.0,0.2,0.4472135954999579,0.38685280723454163,0.9038461538461539,0.6,0.7236067977499789,0.6934264036172708
r2q1rk1/1bpnbppp/p3pn2/1p4B1/3P4/2NBPN2/PP3PPP/2RQ1RK1 w - -,411,14,0.0340632603406326,10,0.024330900243309004,401,0.975669099756691,a2a4,0.36363636363636365,16,16.0,0.625,0.0625,0.25,0.24465054211822604,0.6363636363636364,0.34375,0.4375,0.434825271059113
r2qk2r/p1p1bpp1/2pp1n1p/6B1/4P3/2N5/PPP2PPP/R2Q1RK1 w kq -,334,68,0.20359281437125748,16,0.04790419161676647,318,0.9520958083832335,g5e3,0.1282051282051282,5,6.0,0.0,0.2,0.4472135954999579,0.38685280723454163,0.8717948717948718,0.1,0.22360679774997896,0.19342640361727081
r1bq1rk1/ppp1n1bp/3p2p1/3Ppp1n/1PP1P3/2N2N2/P3BPPP/R1BQR1K1 w - f6,398,1,0.002512562814070352,22,0.05527638190954774,376,0.9447236180904522,a2a4,0.4722222222222222,17,22.0,1.0,0.058823529411764705,0.24253562503633297,0.23981246656813146,0.5277777777777778,0.5294117647058824,0.6212678125181665,0.6199062332840657
r1b1k1nr/pp1p1ppp/8/q3p3/N2QP3/2P5/PP3PPP/R3KB1R w KQkq -,412,98,0.23786407766990292,188,0.4563106796116505,224,0.5436893203883495,d4b4,0.05405405405405406,2,22.0,1.0,0.5,0.7071067811865475,0.6309297535714575,0.9459459459459459,0.75,0.8535533905932737,0.8154648767857288
r1b1k2r/pp2bppp/1qn1p3/3pPn2/3P4/P1N2N2/1P2BPPP/R1BQ1RK1 w kq -,393,72,0.183206106870229,2,0.005089058524173028,391,0.9949109414758269,g1h1,0.1111111111111111,4,18.0,0.75,0.25,0.5,0.43067655807339306,0.8888888888888888,0.5,0.625,0.5903382790366966
r2q1rk1/1bp1bpp1/p1np1n1p/1p2p3/3PP3/1BP2N1P/PP3PP1/RNBQR1K1 w - -,399,91,0.22807017543859648,260,0.6516290726817042,139,0.3483709273182957,b1d2,0.3055555555555556,11,6.0,0.0,0.09090909090909091,0.30151134457776363,0.27894294565112987,0.6944444444444444,0.045454545454545456,0.15075567228888181,0.13947147282556493
r3kb1r/p2q1ppp/5n2/3pp3/8/8/PPP2PPP/RNBQ1RK1 w kq -,357,228,0.6386554621848739,126,0.35294117647058826,231,0.6470588235294118,f1e1,0.06451612903225806,2,6.0,0.0,0.5,0.7071067811865475,0.6309297535714575,0.935483870967742,0.25,0.35355339059327373,0.31546487678572877
r2q1rk1/pp1n1ppp/2pb1n2/3p2Bb/3P4/2PB1N1P/PP3PP1/RN1QR1K1 w - -,410,28,0.06829268292682927,355,0.8658536585365854,55,0.13414634146341464,b1d2,0.1702127659574468,8,6.0,0.0,0.125,0.35355339059327373,0.31546487678572877,0.8297872340425532,0.0625,0.17677669529663687,0.15773243839286438
rn1q1rk1/pp3pbp/3p1np1/2pP4/2P5/2NB1Q1P/PP3PP1/R1B2RK1 b - -,402,19,0.0472636815920398,300,0.746268656716418,102,0.2537313432835821,b8d7,0.2222222222222222,6,16.0,0.625,0.16666666666666666,0.4082482904638631,0.3562071871080222,0.7777777777777778,0.3958333333333333,0.5166241452319316,0.49060359355401106
r3k2r/pppqbppp/5n2/4p3/3Q4/8/PPP2PPP/RNB1R1K1 w kq -,339,106,0.31268436578171094,233,0.6873156342182891,106,0.31268436578171094,d4e5,0.02127659574468085,1,6.0,0.0,1.0,1.0,1.0,0.9787234042553191,0.5,0.5,0.5
r2q1rk1/pp1n1ppp/2pb1n2/3p2B1/3P4/2NB1Q1P/PPP2PP1/R4RK1 w - -,385,10,0.025974025974025976,1,0.0025974025974025974,384,0.9974025974025974,c3d1,0.4897959183673469,24,22.0,1.0,0.041666666666666664,0.20412414523193154,0.21533827903669653,0.5102040816326531,0.5208333333333334,0.6020620726159658,0.6076691395183482
r1b1r1k1/ppqn1pbp/2pp1np1/4p3/2PPP3/2N1BNPP/PP3PB1/R2Q1RK1 w - -,408,8,0.0196078431372549,44,0.10784313725490197,364,0.8921568627450981,d4d5,0.425,17,22.0,1.0,0.058823529411764705,0.24253562503633297,0.23981246656813146,0.575,0.5294117647058824,0.6212678125181665,0.6199062332840657
r1bq1rk1/2p2ppp/p1np1n2/1p6/1b1PP3/1B3N2/PP3PPP/RNBQR1K1 w - -,331,11,0.03323262839879154,190,0.5740181268882175,141,0.4259818731117825,b1c3,0.08571428571428572,3,6.0,0.0,0.3333333333333333,0.5773502691896258,0.5,0.9142857142857143,0.16666666666666666,0.2886751345948129,0.25
r2qk1nr/1p1bbppp/p1np4/4p3/2B1PB2/2N2N2/PP2QPPP/R2R2K1 w kq -,406,3,0.007389162561576354,287,0.7068965517241379,119,0.29310344827586204,f4e3,0.0784313725490196,4,8.0,0.125,0.25,0.5,0.43067655807339306,0.9215686274509804,0.1875,0.3125,0.27783827903669656
r3kbnr/pp3ppp/2n1p3/3pP3/3q4/2N2B2/PP3PPP/R1BQ1RK1 w kq -,403,118,0.29280397022332505,1,0.0024813895781637717,402,0.9975186104218362,c1d2,0.22857142857142856,8,10.0,0.25,0.125,0.35355339059327373,0.31546487678572877,0.7714285714285715,0.1875,0.30177669529663687,0.2827324383928644
r2q1rk1/1p1bppbp/p1np1np1/8/2PNP3/2N1B2P/PP2BPP1/R2Q1RK1 w - -,400,326,0.815,14,0.035,386,0.965,d4f3,0.18181818181818182,8,18.0,0.75,0.125,0.35355339059327373,0.31546487678572877,0.8181818181818181,0.4375,0.5517766952966369,0.5327324383928644
r2q1rk1/pp1n1ppp/2pb1n2/3p2Bb/3P4/2P2N1P/PP1NBPP1/R2Q1RK1 w - -,406,34,0.08374384236453201,16,0.03940886699507389,390,0.9605911330049262,e2d3,0.6,21,18.0,0.75,0.047619047619047616,0.2182178902359924,0.22424382421757544,0.4,0.39880952380952384,0.4841089451179962,0.48712191210878775
r2qk2r/pp2bppp/2n1pn2/8/3P2b1/2N1BN2/PP2BPPP/R2Q1RK1 w kq -,403,13,0.03225806451612903,77,0.19106699751861042,326,0.8089330024813896,d1b3,0.1794871794871795,7,22.0,1.0,0.14285714285714285,0.3779644730092272,0.3333333333333333,0.8205128205128205,0.5714285714285714,0.6889822365046137,0.6666666666666666
r1b1k2r/ppp1bppp/5n2/4p1B1/8/2N5/PPP2PPP/2KR1B1R w - -,258,161,0.624031007751938,47,0.1821705426356589,211,0.8178294573643411,f1c4,0.10526315789473684,4,10.0,0.25,0.25,0.5,0.43067655807339306,0.8947368421052632,0.25,0.375,0.34033827903669656
r1bqnrk1/ppp1n1bp/3p2p1/3Ppp2/1PP1P3/2N5/P2NBPPP/R1BQ1RK1 w - f6,401,18,0.04488778054862843,144,0.35910224438902744,257,0.6408977556109726,c4c5,0.36666666666666664,11,12.0,0.375,0.09090909090909091,0.30151134457776363,0.27894294565112987,0.6333333333333333,0.23295454545454547,0.3382556722888818,0.32697147282556493
r1bq1rk1/pp2bppp/2np1n2/4p1B1/2B1P3/2N2N2/PP2QPPP/R2R2K1 w - -,395,3,0.007594936708860759,67,0.16962025316455695,328,0.830379746835443,h2h3,0.62,31,18.0,0.75,0.03225806451612903,0.1796053020267749,0.2,0.38,0.3911290322580645,0.46480265101338747,0.475
r3k2r/pppqbppp/5n2/4Q3/8/8/PPP2PPP/RNB2RK1 w kq -,333,1,0.003003003003003003,42,0.12612612612612611,291,0.8738738738738738,b1c3,0.27906976744186046,12,10.0,0.25,0.08333333333333333,0.2886751345948129,0.27023815442731974,0.7209302325581395,0.16666666666666666,0.26933756729740643,0.2601190772136599
r1b1k2r/1pq1bppp/p1nppn2/8/2B1P3/2N2N1P/PP2QPP1/R1BR2K1 w kq -,398,1,0.002512562814070352,51,0.12814070351758794,347,0.871859296482412,c1e3,0.2978723404255319,14,12.0,0.375,0.07142857142857142,0.2672612419124244,0.2559580248098155,0.7021276595744681,0.2232142857142857,0.3211306209562122,0.3154790124049077
r1bq1rk1/1p1nbpp1/p3pn1p/3p4/3P3B/2NBPN2/PP3PPP/R2Q1RK1 w - -,391,8,0.020460358056265986,172,0.4398976982097187,219,0.5601023017902813,a1c1,0.627906976744186,27,12.0,0.375,0.037037037037037035,0.19245008972987526,0.20801459767650948,0.37209302325581395,0.20601851851851852,0.28372504486493766,0.29150729883825477
r2q1rk1/3nppbp/b2p1np1/2pP4/8/2N2NP1/PP2PPBP/1RBQK2R w K -,394,15,0.03807106598984772,308,0.7817258883248731,86,0.2182741116751269,e1g1,0.16216216216216217,6,6.0,0.0,0.16666666666666666,0.4082482904638631,0.3562071871080222,0.8378378378378378,0.08333333333333333,0.20412414523193154,0.1781035935540111
r2q1rk1/pp2bppp/2n1pn2/3p3b/3P1B2/2PB1N1P/PP1N1PP1/R2Q1RK1 w - -,397,5,0.012594458438287154,83,0.20906801007556675,314,0.7909319899244333,f1e1,0.5416666666666666,26,10.0,0.25,0.038461538461538464,0.19611613513818404,0.2103099178571525,0.45833333333333337,0.14423076923076922,0.22305806756909202,0.23015495892857624
r2q1rk1/pp3ppp/2n2n2/1Bbp3b/8/2N1PN1P/PP3PP1/R1BQ1RK1 w - -,381,96,0.25196850393700787,210,0.5511811023622047,171,0.44881889763779526,b5e2,0.225,9,6.0,0.0,0.1111111111111111,0.3333333333333333,0.3010299956639812,0.775,0.05555555555555555,0.16666666666666666,0.1505149978319906
r1b2rk1/1pq1bppp/p1nppn2/8/3NP3/2N1BP2/PPPQ2PP/1K1R1B1R w - -,395,16,0.04050632911392405,312,0.789873417721519,83,0.21012658227848102,g2g4,0.175,7,6.0,0.0,0.14285714285714285,0.3779644730092272,0.3333333333333333,0.825,0.07142857142857142,0.1889822365046136,0.16666666666666666
r1bq1rk1/pp3ppp/2n1p3/2b5/4B3/2P2N2/PP3PPP/R1BQ1RK1 b - -,396,71,0.17929292929292928,141,0.3560606060606061,255,0.6439393939393939,d8d1,0.36363636363636365,16,18.0,0.75,0.0625,0.25,0.24465054211822604,0.6363636363636364,0.40625,0.5,0.497325271059113
r1b2rk1/2p1bppp/p1n2n2/1p2p3/4P3/2P2N2/PP3PPP/RNBBR1K1 b - -,386,12,0.031088082901554404,0,0.0,386,1.0,a8b8,0.5294117647058824,18,16.0,0.625,0.05555555555555555,0.23570226039551587,0.23540891336663824,0.47058823529411764,0.3402777777777778,0.43035113019775795,0.43020445668331914
r2q1rk1/pb1nbpp1/1pp1pn1p/3p4/2PP3B/2NBPN2/PP3PPP/2RQ1RK1 w - -,395,10,0.02531645569620253,147,0.3721518987341772,248,0.6278481012658228,c4d5,0.43902439024390244,18,18.0,0.75,0.05555555555555555,0.23570226039551587,0.23540891336663824,0.5609756097560976,0.4027777777777778,0.49285113019775795,0.49270445668331914
r4rk1/pppqbppp/3p1n2/8/3QPB2/2N5/PPP2PPP/R4RK1 w - -,357,4,0.011204481792717087,209,0.5854341736694678,148,0.41456582633053224,a1d1,0.574468085106383,27,12.0,0.375,0.037037037037037035,0.19245008972987526,0.20801459767650948,0.42553191489361697,0.20601851851851852,0.28372504486493766,0.29150729883825477
r2q1r2/pbpnnpkp/1p1pp1p1/8/3PP3/2NB1N2/PPPQ1PPP/R4RK1 w - -,359,140,0.38997214484679665,26,0.07242339832869081,333,0.9275766016713092,a1d1,0.36585365853658536,15,14.0,0.5,0.06666666666666667,0.2581988897471611,0.25,0.6341463414634146,0.2833333333333333,0.37909944487358055,0.375
r2q1rk1/2p2ppp/p1n1b3/1pbpP3/4n3/1BP2N2/PP1N1PPP/R1BQ1RK1 w - -,387,114,0.29457364341085274,213,0.5503875968992248,174,0.4496124031007752,b3c2,0.08333333333333333,2,14.0,0.5,0.5,0.7071067811865475,0.6309297535714575,0.9166666666666666,0.5,0.6035533905932737,0.5654648767857288
r2qk2r/p1p1bppp/2p2n2/4p3/8/8/PPP2PPP/RNBQR1K1 w kq -,331,39,0.11782477341389729,21,0.0634441087613293,310,0.9365558912386707,d1f3,0.15789473684210525,6,18.0,0.75,0.16666666666666666,0.4082482904638631,0.3562071871080222,0.8421052631578947,0.4583333333333333,0.5791241452319316,0.5531035935540111
r1bq1rk1/ppp2ppp/3b1n2/4Q1B1/8/2N5/PPP2PPP/2KR1B1R w - -,346,270,0.7803468208092486,53,0.1531791907514451,293,0.846820809248555,e5d4,0.07547169811320754,4,6.0,0.0,0.25,0.5,0.43067655807339306,0.9245283018867925,0.125,0.25,0.21533827903669653
rn1qk1nr/pp3pp1/2pbp2p/7P/3P4/3Q1NN1/PPP2PP1/R1B1K2R w KQkq -,387,38,0.09819121447028424,86,0.2222222222222222,301,0.7777777777777778,c1d2,0.20833333333333334,10,22.0,1.0,0.1,0.31622776601683794,0.2890648263178879,0.7916666666666666,0.55,0.658113883008419,0.6445324131589439
r1b1kb1r/1p3ppp/p2qpn2/8/2BN4/8/PPP2PPP/R1BQ1RK1 w kq -,368,0,0.0,118,0.32065217391304346,250,0.6793478260869565,f1e1,0.375,15,10.0,0.25,0.06666666666666667,0.2581988897471611,0.25,0.625,0.15833333333333333,0.25409944487358055,0.25
r1bqk2r/ppp2ppp/8/n2n4/2BP4/1Q3N2/PP1N1PPP/R3K2R w KQkq -,370,83,0.22432432432432434,287,0.7756756756756756,83,0.22432432432432434,b3a4,0.025,1,6.0,0.0,1.0,1.0,1.0,0.975,0.5,0.5,0.5
r1bq1rk1/p3ppbp/1pn3p1/2p5/2BPP3/2P1B3/P3NPPP/R2Q1RK1 w - -,386,29,0.07512953367875648,83,0.21502590673575128,303,0.7849740932642487,d1d2,0.5263157894736842,20,22.0,1.0,0.05,0.22360679774997896,0.227670248696953,0.4736842105263158,0.525,0.6118033988749895,0.6138351243484765
r1bqr1k1/pp1nbpp1/2p2n1p/3p2B1/3P4/2NBPN2/PPQ2PPP/R4RK1 w - -,385,2,0.005194805194805195,83,0.21558441558441557,302,0.7844155844155845,g5f4,0.0625,3,10.0,0.25,0.3333333333333333,0.5773502691896258,0.5,0.9375,0.29166666666666663,0.4136751345948129,0.375
r2q1rk1/pp1nppbp/2p2np1/8/2BP4/2N1PQ1P/PP3PP1/R1B2RK1 w - -,378,26,0.06878306878306878,102,0.2698412698412698,276,0.7301587301587301,f1d1,0.3902439024390244,16,8.0,0.125,0.0625,0.25,0.24465054211822604,0.6097560975609756,0.09375,0.1875,0.184825271059113
r3k2r/pppqbpp1/3p1n1p/6B1/3QP3/2N5/PPP2PPP/R4RK1 w kq -,316,27,0.08544303797468354,259,0.819620253164557,57,0.18037974683544303,g5h4,0.10638297872340426,5,6.0,0.0,0.2,0.4472135954999579,0.38685280723454163,0.8936170212765957,0.1,0.22360679774997896,0.19342640361727081
2kr1b1r/ppp2ppp/2n1b3/6Nq/3p4/5N2/PPP2PPP/R1BQR1K1 w - -,390,4,0.010256410256410256,386,0.9897435897435898,4,0.010256410256410256,g5e6,0.02857142857142857,1,6.0,0.0,1.0,1.0,1.0,0.9714285714285714,0.5,0.5,0.5
rnb1kb1r/1p3pp1/p2ppn1p/8/3NPP1B/q1N5/P1PQ2PP/1R2KB1R w Kkq -,363,87,0.2396694214876033,53,0.14600550964187328,310,0.8539944903581267,f4f5,0.06666666666666667,3,22.0,1.0,0.3333333333333333,0.5773502691896258,0.5,0.9333333333333333,0.6666666666666666,0.7886751345948129,0.75
r1b2rk1/pp2ppbp/2n3p1/2q5/8/4PN2/PP2BPPP/R1BQ1RK1 w - -,386,214,0.5544041450777202,27,0.06994818652849741,359,0.9300518134715026,c1d2,0.2647058823529412,9,6.0,0.0,0.1111111111111111,0.3333333333333333,0.3010299956639812,0.7352941176470589,0.05555555555555555,0.16666666666666666,0.1505149978319906
r2qk2r/p2bbppp/4pn2/1B1p2B1/8/2N5/PPP2PPP/R2Q1RK1 w kq -,337,43,0.12759643916913946,17,0.050445103857566766,320,0.9495548961424333,a2a4,0.4772727272727273,21,22.0,1.0,0.047619047619047616,0.2182178902359924,0.22424382421757544,0.5227272727272727,0.5238095238095238,0.6091089451179962,0.6121219121087877
r1b2rk1/pp2bppp/1qn1p3/3pPn2/1P1P4/P4N2/1B2BPPP/RN1Q1RK1 b - -,376,79,0.21010638297872342,133,0.3537234042553192,243,0.6462765957446809,c8d7,0.07692307692307693,3,6.0,0.0,0.3333333333333333,0.5773502691896258,0.5,0.9230769230769231,0.16666666666666666,0.2886751345948129,0.25
r1bq1rk1/ppp2ppp/2n5/1B1pP3/1b1P4/5N2/PP1N1PPP/R2QK2R w KQ -,387,8,0.020671834625323,189,0.4883720930232558,198,0.5116279069767442,e1g1,0.16129032258064516,5,16.0,0.625,0.2,0.4472135954999579,0.38685280723454163,0.8387096774193549,0.4125,0.5361067977499789,0.5059264036172708
r2q1rk1/1bpnbppp/p3pn2/1p4B1/3P4/1BN1PN2/PP3PPP/R2Q1RK1 w - -,387,7,0.01808785529715762,8,0.020671834625323,379,0.979328165374677,a2a4,0.4473684210526316,17,10.0,0.25,0.058823529411764705,0.24253562503633297,0.23981246656813146,0.5526315789473684,0.15441176470588236,0.24626781251816648,0.24490623328406574
r2q1rk1/1p1nbppp/p2pbn2/4p3/P3P3/1NN1B3/1PP1BPPP/R2Q1RK1 w - -,383,9,0.02349869451697128,130,0.3394255874673629,253,0.660574412532637,a4a5,0.30434782608695654,14,10.0,0.25,0.07142857142857142,0.2672612419124244,0.2559580248098155,0.6956521739130435,0.1607142857142857,0.2586306209562122,0.2529790124049077
r2qkb1r/1b3ppp/pn1ppn2/1p6/3NP1P1/2N1BP2/PPPQ3P/2KR1B1R w kq -,383,29,0.07571801566579635,4,0.010443864229765013,379,0.9895561357702349,a2a3,0.23076923076923078,9,12.0,0.375,0.1111111111111111,0.3333333333333333,0.3010299956639812,0.7692307692307692,0.24305555555555555,0.35416666666666663,0.3380149978319906
r1bqr1k1/2p1bpp1/p1np1n1p/1p2p3/3PP3/1BP2N1P/PP3PP1/RNBQR1K1 w - -,379,52,0.13720316622691292,256,0.6754617414248021,123,0.3245382585751979,b1d2,0.2222222222222222,8,10.0,0.25,0.125,0.35355339059327373,0.31546487678572877,0.7777777777777778,0.1875,0.30177669529663687,0.2827324383928644
r3k2r/pp1bbppp/1qn1p3/3pPn2/3P4/5N2/PPN1BPPP/R1BQ1RK1 w kq -,386,142,0.36787564766839376,11,0.02849740932642487,375,0.9715025906735751,e2d3,0.3870967741935484,12,22.0,1.0,0.08333333333333333,0.2886751345948129,0.27023815442731974,0.6129032258064516,0.5416666666666666,0.6443375672974064,0.6351190772136599
r1b2rk1/3nppbp/pq1p1np1/2pP4/4P3/2N2N2/PP2BPPP/R1BQ1RK1 w - -,381,10,0.026246719160104987,41,0.10761154855643044,340,0.8923884514435696,a2a4,0.32432432432432434,12,16.0,0.625,0.08333333333333333,0.2886751345948129,0.27023815442731974,0.6756756756756757,0.3541666666666667,0.45683756729740643,0.4476190772136599
r2q1rk1/pb1nbppp/1p3n2/2pp2B1/3P4/2NBPN2/PP3PPP/2RQ1RK1 w - c6,384,10,0.026041666666666668,12,0.03125,372,0.96875,d3f5,0.5111111111111111,23,22.0,1.0,0.043478260869565216,0.20851441405707477,0.21810429198553155,0.48888888888888893,0.5217391304347826,0.6042572070285374,0.6090521459927658
r1bq1rk1/p3ppbp/2p3p1/3n4/8/2N1B3/PPPQBPPP/R3K2R w KQ -,385,54,0.14025974025974025,268,0.6961038961038961,117,0.3038961038961039,c3d5,0.06521739130434782,3,12.0,0.375,0.3333333333333333,0.5773502691896258,0.5,0.9347826086956522,0.35416666666666663,0.4761751345948129,0.4375
r2q1rk1/ppp1bpp1/3pbn1p/8/2BQP2B/2N5/PPP2PPP/R4RK1 w - -,354,108,0.3050847457627119,73,0.2062146892655367,281,0.7937853107344632,a1d1,0.21739130434782608,10,6.0,0.0,0.1,0.31622776601683794,0.2890648263178879,0.782608695652174,0.05,0.15811388300841897,0.14453241315894394
r1bq1rk1/p1p2ppp/5n2/3p4/8/2PB4/P1P2PPP/R1BQ1RK1 w - -,347,2,0.005763688760806916,19,0.05475504322766571,328,0.9452449567723343,d1f3,0.5454545454545454,18,16.0,0.625,0.05555555555555555,0.23570226039551587,0.23540891336663824,0.4545454545454546,0.3402777777777778,0.43035113019775795,0.43020445668331914
r1bqr1k1/ppp2pbp/3p1np1/2n5/2PNP3/2N3PP/PP3PB1/R1BQ1RK1 w - -,358,46,0.12849162011173185,299,0.835195530726257,59,0.164804469273743,f1e1,0.046511627906976744,2,6.0,0.0,0.5,0.7071067811865475,0.6309297535714575,0.9534883720930233,0.25,0.35355339059327373,0.31546487678572877
r2q1rk1/pb1nbppp/1p2pn2/3p2B1/3P4/2NBPN2/PP3PPP/2RQ1RK1 w - -,380,1,0.002631578947368421,34,0.08947368421052632,346,0.9105263157894737,d1e2,0.7045454545454546,31,22.0,1.0,0.03225806451612903,0.1796053020267749,0.2,0.2954545454545454,0.5161290322580645,0.5898026510133875,0.6
r1r3k1/ppq1ppbp/3pbnp1/8/3BP1P1/2N2P2/PPPQ3P/1K1R1B1R w - -,376,0,0.0,1,0.0026595744680851063,375,0.9973404255319149,c3b5,0.20930232558139536,9,22.0,1.0,0.1111111111111111,0.3333333333333333,0.3010299956639812,0.7906976744186046,0.5555555555555556,0.6666666666666666,0.6505149978319906
r2q1rk1/pp1nbpp1/2p2n1p/3p4/3P2bB/2NBPN2/PP3PPP/R2Q1RK1 w - -,371,70,0.18867924528301888,204,0.5498652291105122,167,0.4501347708894879,h2h3,0.35714285714285715,15,20.0,0.875,0.06666666666666667,0.2581988897471611,0.25,0.6428571428571428,0.4708333333333333,0.5665994448735805,0.5625
r1bqr1k1/pp1nbpp1/2p2n1p/3p4/3P3B/2NBP3/PP2NPPP/R2Q1RK1 w - -,376,2,0.005319148936170213,1,0.0026595744680851063,375,0.9973404255319149,a2a4,0.5609756097560976,23,8.0,0.125,0.043478260869565216,0.20851441405707477,0.21810429198553155,0.4390243902439024,0.08423913043478261,0.16675720702853739,0.17155214599276578
r2q1rk1/pp2ppbp/3p1np1/2p5/3nPP2/2NP1QPP/PPP3B1/R1B2RK1 w - -,374,1,0.00267379679144385,276,0.7379679144385026,98,0.2620320855614973,f3f2,0.06666666666666667,2,6.0,0.0,0.5,0.7071067811865475,0.6309297535714575,0.9333333333333333,0.25,0.35355339059327373,0.31546487678572877
rnb1k2r/pp3p1p/2p2p2/3p4/3P4/2q1P3/P2N1PPP/R2QKB1R w KQkq -,377,13,0.034482758620689655,9,0.023872679045092837,368,0.9761273209549072,a1b1,0.2222222222222222,6,6.0,0.0,0.16666666666666666,0.4082482904638631,0.3562071871080222,0.7777777777777778,0.08333333333333333,0.20412414523193154,0.1781035935540111
2bq1rk1/rpp2pp1/p1np1n1p/4p3/2B1P3/P1NP1N1P/1PP2PP1/R2Q1RK1 w - -,371,103,0.2776280323450135,10,0.026954177897574125,361,0.9730458221024259,f1e1,0.42105263157894735,16,22.0,1.0,0.0625,0.25,0.24465054211822604,0.5789473684210527,0.53125,0.625,0.6223252710591131
r2q1rk1/pp2ppbp/3pbnp1/8/3BP3/2N2P2/PPPQB1PP/R3K2R w KQ -,374,227,0.606951871657754,36,0.0962566844919786,338,0.9037433155080213,h2h4,0.06521739130434782,3,22.0,1.0,0.3333333333333333,0.5773502691896258,0.5,0.9347826086956522,0.6666666666666666,0.7886751345948129,0.75
r1b2rk1/pp1nq1pp/2p1p3/3pNp2/2PPn3/2NBP3/PP3PPP/R2Q1RK1 w - -,375,89,0.23733333333333334,1,0.0026666666666666666,374,0.9973333333333333,c3e2,0.3023255813953488,13,14.0,0.5,0.07692307692307693,0.2773500981126146,0.26264953503719357,0.6976744186046512,0.28846153846153844,0.3886750490563073,0.3813247675185968
r3kb1r/ppqn1ppp/2p5/4nb2/P1N2B2/2N3P1/1P2PP1P/R2QKB1R w KQkq -,333,23,0.06906906906906907,286,0.8588588588588588,47,0.14114114114114115,f1g2,0.13333333333333333,6,22.0,1.0,0.16666666666666666,0.4082482904638631,0.3562071871080222,0.8666666666666667,0.5833333333333334,0.7041241452319316,0.6781035935540111
r2q1rk1/pp1nbppp/2p2n2/3p2Bb/3P4/2N1PN1P/PP2BPP1/R2Q1RK1 w - -,372,27,0.07258064516129033,22,0.05913978494623656,350,0.9408602150537635,d1b3,0.4358974358974359,17,14.0,0.5,0.058823529411764705,0.24253562503633297,0.23981246656813146,0.5641025641025641,0.27941176470588236,0.3712678125181665,0.36990623328406574
rnbq1rk1/p4pbp/3p2p1/1BpP4/4n3/2N2N1P/PP3PP1/R1BQK2R w KQ -,356,44,0.12359550561797752,312,0.8764044943820225,44,0.12359550561797752,c3e4,0.021739130434782608,1,6.0,0.0,1.0,1.0,1.0,0.9782608695652174,0.5,0.5,0.5
r1bq1rk1/p4pbp/2p1pnp1/3p4/3P4/2N3P1/PP2PPBP/R1BQ1RK1 w - -,359,20,0.055710306406685235,137,0.3816155988857939,222,0.6183844011142061,c3a4,0.4,14,22.0,1.0,0.07142857142857142,0.2672612419124244,0.2559580248098155,0.6,0.5357142857142857,0.6336306209562121,0.6279790124049077
r3kbnr/pp3ppp/2n1p3/3pP3/3P4/4BB2/Pq1N1PPP/R2Q1RK1 b kq -,368,87,0.23641304347826086,8,0.021739130434782608,360,0.9782608695652174,g8e7,0.15555555555555556,7,10.0,0.25,0.14285714285714285,0.3779644730092272,0.3333333333333333,0.8444444444444444,0.19642857142857142,0.3139822365046136,0.29166666666666663
r1bq1rk1/ppp2ppp/2n5/3p4/2BPn3/2PQ1N2/P4PPP/R1B2RK1 w - d6,352,10,0.028409090909090908,42,0.11931818181818182,310,0.8806818181818182,c4b5,0.12121212121212122,4,18.0,0.75,0.25,0.5,0.43067655807339306,0.8787878787878788,0.5,0.625,0.5903382790366966
r2qkb1r/5ppp/p1p1pn2/3p4/3P4/2N2Q1P/PPP2PP1/R1B2RK1 w kq -,279,3,0.010752688172043012,9,0.03225806451612903,270,0.967741935483871,c3a4,0.4722222222222222,17,18.0,0.75,0.058823529411764705,0.24253562503633297,0.23981246656813146,0.5277777777777778,0.40441176470588236,0.4962678125181665,0.49490623328406574
r3k2r/p1ppqpbp/b1p3p1/3nP3/2P5/1P6/PB2QPPP/RN2KB1R w KQkq -,361,78,0.21606648199445982,147,0.407202216066482,214,0.592797783933518,g2g3,0.06451612903225806,2,6.0,0.0,0.5,0.7071067811865475,0.6309297535714575,0.935483870967742,0.25,0.35355339059327373,0.31546487678572877
2kr1b1r/1pp2ppp/p1p2n2/8/6b1/5N2/PPPP1PPP/RNB1RK2 w - -,142,8,0.056338028169014086,79,0.5563380281690141,63,0.44366197183098594,f3e5,0.17857142857142858,5,6.0,0.0,0.2,0.4472135954999579,0.38685280723454163,0.8214285714285714,0.1,0.22360679774997896,0.19342640361727081
r1b2rk1/1pq1bppp/p1nppn2/8/3NPP2/P1N1B3/1PP1B1PP/R2Q1RK1 w - -,366,66,0.18032786885245902,57,0.1557377049180328,309,0.8442622950819673,d1e1,0.23255813953488372,10,8.0,0.125,0.1,0.31622776601683794,0.2890648263178879,0.7674418604651163,0.1125,0.22061388300841897,0.20703241315894394
r1bqr1k1/pp1nppbp/2p3p1/8/3PR3/2P2NP1/PP3PBP/R1BQ2K1 b - -,367,9,0.02452316076294278,2,0.005449591280653951,365,0.9945504087193461,d7f8,0.7419354838709677,23,22.0,1.0,0.043478260869565216,0.20851441405707477,0.21810429198553155,0.25806451612903225,0.5217391304347826,0.6042572070285374,0.6090521459927658
rn1q1rk1/pp3pp1/2p2b1p/3p4/3P2b1/2NBPN2/PP3PPP/R2Q1RK1 w - -,355,39,0.10985915492957747,2,0.005633802816901409,353,0.9943661971830986,d1b3,0.4146341463414634,17,18.0,0.75,0.058823529411764705,0.24253562503633297,0.23981246656813146,0.5853658536585367,0.40441176470588236,0.4962678125181665,0.49490623328406574
r1bq1rk1/pp2bpp1/2n1pn1p/8/2BP3B/2N2N2/PP3PPP/R2Q1RK1 b - -,359,53,0.14763231197771587,45,0.12534818941504178,314,0.8746518105849582,b7b6,0.21621621621621623,8,20.0,0.875,0.125,0.35355339059327373,0.31546487678572877,0.7837837837837838,0.5,0.6142766952966369,0.5952324383928644
r1bqk2r/ppp2ppp/8/8/1QpPn3/5N2/PP3PPP/RN2K2R w KQkq -,359,3,0.008356545961002786,93,0.2590529247910863,266,0.7409470752089137,e1g1,0.1111111111111111,4,8.0,0.125,0.25,0.5,0.43067655807339306,0.8888888888888888,0.1875,0.3125,0.27783827903669656
rn1q1rk1/1p3pbp/p2p1np1/2pP4/P3P1b1/2N2N2/1P2BPPP/R1BQ1RK1 w - -,367,0,0.0,56,0.15258855585831063,311,0.8474114441416893,c1f4,0.5277777777777778,19,10.0,0.25,0.05263157894736842,0.22941573387056174,0.23137821315975915,0.4722222222222222,0.1513157894736842,0.23970786693528087,0.24068910657987957
r1bq1rk1/1p2bppp/p1n1pn2/6B1/2BP4/2N2N2/PP3PPP/R2QR1K1 w - -,359,53,0.14763231197771587,68,0.1894150417827298,291,0.8105849582172702,a1c1,0.2549019607843137,13,12.0,0.375,0.07692307692307693,0.2773500981126146,0.26264953503719357,0.7450980392156863,0.22596153846153846,0.3261750490563073,0.3188247675185968
r1bq1rk1/pp2pp1p/2n3p1/2pP4/4P3/5N2/P2QBPPP/1R2K2R b K -,359,149,0.415041782729805,101,0.28133704735376047,258,0.7186629526462396,c6d4,0.06060606060606061,2,6.0,0.0,0.5,0.7071067811865475,0.6309297535714575,0.9393939393939394,0.25,0.35355339059327373,0.31546487678572877
r1bq1rk1/3nbppp/p3pn2/1p1p2B1/3P4/2NBPN2/PP3PPP/2RQ1RK1 w - b6,362,13,0.03591160220994475,10,0.027624309392265192,352,0.9723756906077348,c3e2,0.4883720930232558,21,18.0,0.75,0.047619047619047616,0.2182178902359924,0.22424382421757544,0.5116279069767442,0.39880952380952384,0.4841089451179962,0.48712191210878775
r1b1kbnr/pp1p1ppp/3P1qn1/8/5P2/2N5/PPP3PP/R1BQKB1R w KQkq -,275,252,0.9163636363636364,23,0.08363636363636363,252,0.9163636363636364,d1e2,0.02857142857142857,1,12.0,0.375,1.0,1.0,1.0,0.9714285714285714,0.6875,0.6875,0.6875
r1bqr1k1/pp1n1pp1/2pb1n1p/3p4/3P3B/2NBP3/PPQ1NPPP/R3K2R w KQ -,363,63,0.17355371900826447,46,0.12672176308539945,317,0.8732782369146006,h2h3,0.5,23,22.0,1.0,0.043478260869565216,0.20851441405707477,0.21810429198553155,0.5,0.5217391304347826,0.6042572070285374,0.6090521459927658
r2q1rk1/1p2bppp/p1npbn2/4p3/P3P3/1NN1B3/1PP1BPPP/R2Q1RK1 w - -,363,139,0.38292011019283745,50,0.13774104683195593,313,0.8622589531680441,a4a5,0.2826086956521739,13,6.0,0.0,0.07692307692307693,0.2773500981126146,0.26264953503719357,0.7173913043478262,0.038461538461538464,0.1386750490563073,0.13132476751859679
r2q1rk1/ppp2ppp/1nnp1b2/8/2PP2b1/1PN1BN2/P3BPPP/R2Q1RK1 b - -,362,15,0.04143646408839779,75,0.20718232044198895,287,0.7928176795580111,d6d5,0.41025641025641024,16,6.0,0.0,0.0625,0.25,0.24465054211822604,0.5897435897435898,0.03125,0.125,0.12232527105911302
r3k2r/1bqnbppp/pp1ppn2/8/2PNP3/2N1BP2/PP2B1PP/2RQ1RK1 w kq -,360,5,0.013888888888888888,29,0.08055555555555556,331,0.9194444444444444,d1e1,0.7,28,6.0,0.0,0.03571428571428571,0.1889822365046136,0.20584683246043448,0.30000000000000004,0.017857142857142856,0.0944911182523068,0.10292341623021724
r3kb1r/ppqb1ppp/2n1p3/3pPn2/N2P4/5N2/PP2BPPP/R1BQ1RK1 w kq -,358,71,0.19832402234636873,1,0.002793296089385475,357,0.9972067039106145,h2h3,0.3870967741935484,12,22.0,1.0,0.08333333333333333,0.2886751345948129,0.27023815442731974,0.6129032258064516,0.5416666666666666,0.6443375672974064,0.6351190772136599
2rq1rk1/pb1nbppp/1pp1pn2/3p4/2PP4/1P3NP1/PBQNPPBP/R4RK1 w - -,359,2,0.005571030640668524,190,0.5292479108635098,169,0.47075208913649025,e2e4,0.48717948717948717,19,10.0,0.25,0.05263157894736842,0.22941573387056174,0.23137821315975915,0.5128205128205128,0.1513157894736842,0.23970786693528087,0.24068910657987957
r1bq1rk1/ppp2ppp/2n5/1B1p4/3Pn3/2P2N2/P4PPP/R1BQ1RK1 w - -,359,75,0.20891364902506965,147,0.40947075208913647,212,0.5905292479108635,b5c6,0.22857142857142856,8,12.0,0.375,0.125,0.35355339059327373,0.31546487678572877,0.7714285714285715,0.25,0.36427669529663687,0.3452324383928644
rnbqk2r/1p2ppb1/p2p3p/4n1p1/3NP3/2N3BP/PPP2PP1/R2QKB1R w KQkq -,356,31,0.08707865168539326,55,0.1544943820224719,301,0.8455056179775281,d4f5,0.14285714285714285,6,16.0,0.625,0.16666666666666666,0.4082482904638631,0.3562071871080222,0.8571428571428572,0.3958333333333333,0.5166241452319316,0.49060359355401106
r2q1rk1/pp2ppbp/1nnp2p1/8/2PP2b1/1PN1BN2/P4PPP/2RQKB1R w K -,359,333,0.9275766016713092,26,0.07242339832869081,333,0.9275766016713092,d4d5,0.02857142857142857,1,6.0,0.0,1.0,1.0,1.0,0.9714285714285714,0.5,0.5,0.5
r2qk2r/pp2npbp/2n1p1p1/3pP3/3P4/2N2B1P/PP3PP1/R1BQ1RK1 b kq -,363,30,0.08264462809917356,139,0.38292011019283745,224,0.6170798898071626,e7f5,0.14285714285714285,5,10.0,0.25,0.2,0.4472135954999579,0.38685280723454163,0.8571428571428572,0.225,0.34860679774997894,0.3184264036172708
r4rk1/pp3ppp/2nqpn2/3p4/3P2b1/2P2N2/PP1NBPPP/R2Q1RK1 w - -,355,4,0.011267605633802818,17,0.04788732394366197,338,0.952112676056338,f3e5,0.7666666666666667,23,22.0,1.0,0.043478260869565216,0.20851441405707477,0.21810429198553155,0.23333333333333328,0.5217391304347826,0.6042572070285374,0.6090521459927658
