fen,rating_bucket,rating_midpoint,observations,errors_50cp,actual_error_rate_50cp,best_move_hits,actual_best_move_rate,not_best_move_count,actual_not_best_move_rate,stockfish_best_move,gmr,number_of_good_moves,dts_raw,dts_normalized,breadth_inv_n,breadth_inv_sqrt_n,breadth_inv_log_n,complexity_gmr,complexity_dts_inv_n,complexity_dts_inv_sqrt_n,complexity_dts_inv_log_n
r1bqk2r/5ppp/p1np1b2/1p1Np3/4P3/N7/PPP2PPP/R2QKB1R w KQkq -,1400-1599,1500,222,42,0.1891891891891892,96,0.43243243243243246,126,0.5675675675675675,c2c3,0.1794871794871795,7,12.0,0.375,0.14285714285714285,0.3779644730092272,0.3333333333333333,0.8205128205128205,0.2589285714285714,0.3764822365046136,0.35416666666666663
r1bqk2r/5ppp/p1np1b2/1p1Np3/4P3/N7/PPP2PPP/R2QKB1R w KQkq -,1600-1799,1700,1450,156,0.10758620689655173,879,0.6062068965517241,571,0.39379310344827584,c2c3,0.1794871794871795,7,12.0,0.375,0.14285714285714285,0.3779644730092272,0.3333333333333333,0.8205128205128205,0.2589285714285714,0.3764822365046136,0.35416666666666663
r1bqk2r/5ppp/p1np1b2/1p1Np3/4P3/N7/PPP2PPP/R2QKB1R w KQkq -,1800-1999,1900,4459,200,0.04485310607759587,2904,0.6512671002466921,1555,0.3487328997533079,c2c3,0.1794871794871795,7,12.0,0.375,0.14285714285714285,0.3779644730092272,0.3333333333333333,0.8205128205128205,0.2589285714285714,0.3764822365046136,0.35416666666666663
r1bqk2r/5ppp/p1np1b2/1p1Np3/4P3/N7/PPP2PPP/R2QKB1R w KQkq -,2000-2199,2100,4233,90,0.021261516654854713,2770,0.6543822348216395,1463,0.3456177651783605,c2c3,0.1794871794871795,7,12.0,0.375,0.14285714285714285,0.3779644730092272,0.3333333333333333,0.8205128205128205,0.2589285714285714,0.3764822365046136,0.35416666666666663
r1bqk2r/5ppp/p1np1b2/1p1Np3/4P3/N7/PPP2PPP/R2QKB1R w KQkq -,2200-2399,2300,1434,11,0.007670850767085077,796,0.5550906555090656,638,0.44490934449093444,c2c3,0.1794871794871795,7,12.0,0.375,0.14285714285714285,0.3779644730092272,0.3333333333333333,0.8205128205128205,0.2589285714285714,0.3764822365046136,0.35416666666666663
r2qkbnr/pp1n1pp1/2p1p2p/7P/3P4/3Q1NN1/PPP2PP1/R1B1K2R w KQkq -,1400-1599,1500,221,2,0.00904977375565611,58,0.26244343891402716,163,0.7375565610859729,c1d2,0.22916666666666666,11,20.0,0.875,0.09090909090909091,0.30151134457776363,0.27894294565112987,0.7708333333333334,0.48295454545454547,0.5882556722888819,0.5769714728255649
r2qkbnr/pp1n1pp1/2p1p2p/7P/3P4/3Q1NN1/PPP2PP1/R1B1K2R w KQkq -,1600-1799,1700,1221,17,0.013923013923013924,382,0.31285831285831284,839,0.6871416871416871,c1d2,0.22916666666666666,11,20.0,0.875,0.09090909090909091,0.30151134457776363,0.27894294565112987,0.7708333333333334,0.48295454545454547,0.5882556722888819,0.5769714728255649
r2qkbnr/pp1n1pp1/2p1p2p/7P/3P4/3Q1NN1/PPP2PP1/R1B1K2R w KQkq -,1800-1999,1900,3475,29,0.008345323741007195,1484,0.4270503597122302,1991,0.5729496402877697,c1d2,0.22916666666666666,11,20.0,0.875,0.09090909090909091,0.30151134457776363,0.27894294565112987,0.7708333333333334,0.48295454545454547,0.5882556722888819,0.5769714728255649
r2qkbnr/pp1n1pp1/2p1p2p/7P/3P4/3Q1NN1/PPP2PP1/R1B1K2R w KQkq -,2000-2199,2100,3258,17,0.0052179251074278695,1700,0.521792510742787,1558,0.478207489257213,c1d2,0.22916666666666666,11,20.0,0.875,0.09090909090909091,0.30151134457776363,0.27894294565112987,0.7708333333333334,0.48295454545454547,0.5882556722888819,0.5769714728255649
r2qkbnr/pp1n1pp1/2p1p2p/7P/3P4/3Q1NN1/PPP2PP1/R1B1K2R w KQkq -,2200-2399,2300,978,0,0.0,619,0.6329243353783232,359,0.3670756646216769,c1d2,0.22916666666666666,11,20.0,0.875,0.09090909090909091,0.30151134457776363,0.27894294565112987,0.7708333333333334,0.48295454545454547,0.5882556722888819,0.5769714728255649
r1bq1rk1/2p1bppp/p7/1p1nR3/8/1BP5/PP1P1PPP/RNBQ2K1 b - -,1400-1599,1500,464,19,0.040948275862068964,332,0.7155172413793104,132,0.28448275862068967,c7c6,0.16666666666666666,6,22.0,1.0,0.16666666666666666,0.4082482904638631,0.3562071871080222,0.8333333333333334,0.5833333333333334,0.7041241452319316,0.6781035935540111
r1bq1rk1/2p1bppp/p7/1p1nR3/8/1BP5/PP1P1PPP/RNBQ2K1 b - -,1600-1799,1700,2207,23,0.01042138649750793,1659,0.7516991391028546,548,0.24830086089714545,c7c6,0.16666666666666666,6,22.0,1.0,0.16666666666666666,0.4082482904638631,0.3562071871080222,0.8333333333333334,0.5833333333333334,0.7041241452319316,0.6781035935540111
r1bq1rk1/2p1bppp/p7/1p1nR3/8/1BP5/PP1P1PPP/RNBQ2K1 b - -,1800-1999,1900,3967,11,0.0027728762288883285,2973,0.7494328207713638,994,0.25056717922863625,c7c6,0.16666666666666666,6,22.0,1.0,0.16666666666666666,0.4082482904638631,0.3562071871080222,0.8333333333333334,0.5833333333333334,0.7041241452319316,0.6781035935540111
r1bq1rk1/2p1bppp/p7/1p1nR3/8/1BP5/PP1P1PPP/RNBQ2K1 b - -,2000-2199,2100,1745,0,0.0,1300,0.7449856733524355,445,0.25501432664756446,c7c6,0.16666666666666666,6,22.0,1.0,0.16666666666666666,0.4082482904638631,0.3562071871080222,0.8333333333333334,0.5833333333333334,0.7041241452319316,0.6781035935540111
r1bq1rk1/2p1bppp/p7/1p1nR3/8/1BP5/PP1P1PPP/RNBQ2K1 b - -,2200-2399,2300,220,0,0.0,149,0.6772727272727272,71,0.32272727272727275,c7c6,0.16666666666666666,6,22.0,1.0,0.16666666666666666,0.4082482904638631,0.3562071871080222,0.8333333333333334,0.5833333333333334,0.7041241452319316,0.6781035935540111
r1bq1rk1/4bppp/p2p1n2/npp1p3/4P3/2P2N1P/PPBP1PP1/RNBQR1K1 w - c6,1400-1599,1500,278,33,0.11870503597122302,209,0.7517985611510791,69,0.24820143884892087,d2d4,0.11538461538461539,3,6.0,0.0,0.3333333333333333,0.5773502691896258,0.5,0.8846153846153846,0.16666666666666666,0.2886751345948129,0.25
r1bq1rk1/4bppp/p2p1n2/npp1p3/4P3/2P2N1P/PPBP1PP1/RNBQR1K1 w - c6,1600-1799,1700,1411,120,0.08504606661941885,1075,0.7618710134656272,336,0.23812898653437278,d2d4,0.11538461538461539,3,6.0,0.0,0.3333333333333333,0.5773502691896258,0.5,0.8846153846153846,0.16666666666666666,0.2886751345948129,0.25
r1bq1rk1/4bppp/p2p1n2/npp1p3/4P3/2P2N1P/PPBP1PP1/RNBQR1K1 w - c6,1800-1999,1900,3005,84,0.027953410981697173,2453,0.81630615640599,552,0.18369384359400998,d2d4,0.11538461538461539,3,6.0,0.0,0.3333333333333333,0.5773502691896258,0.5,0.8846153846153846,0.16666666666666666,0.2886751345948129,0.25
r1bq1rk1/4bppp/p2p1n2/npp1p3/4P3/2P2N1P/PPBP1PP1/RNBQR1K1 w - c6,2000-2199,2100,1946,24,0.012332990750256937,1659,0.8525179856115108,287,0.1474820143884892,d2d4,0.11538461538461539,3,6.0,0.0,0.3333333333333333,0.5773502691896258,0.5,0.8846153846153846,0.16666666666666666,0.2886751345948129,0.25
r1bq1rk1/4bppp/p2p1n2/npp1p3/4P3/2P2N1P/PPBP1PP1/RNBQR1K1 w - c6,2200-2399,2300,558,0,0.0,502,0.899641577060932,56,0.1003584229390681,d2d4,0.11538461538461539,3,6.0,0.0,0.3333333333333333,0.5773502691896258,0.5,0.8846153846153846,0.16666666666666666,0.2886751345948129,0.25
r2qkb1r/pp1nppp1/2p2n1p/7P/3P4/3Q1NN1/PPP2PP1/R1B1K2R w KQkq -,1400-1599,1500,276,19,0.06884057971014493,97,0.35144927536231885,179,0.6485507246376812,c1f4,0.20833333333333334,10,6.0,0.0,0.1,0.31622776601683794,0.2890648263178879,0.7916666666666666,0.05,0.15811388300841897,0.14453241315894394
r2qkb1r/pp1nppp1/2p2n1p/7P/3P4/3Q1NN1/PPP2PP1/R1B1K2R w KQkq -,1600-1799,1700,1443,95,0.06583506583506583,503,0.3485793485793486,940,0.6514206514206514,c1f4,0.20833333333333334,10,6.0,0.0,0.1,0.31622776601683794,0.2890648263178879,0.7916666666666666,0.05,0.15811388300841897,0.14453241315894394
r2qkb1r/pp1nppp1/2p2n1p/7P/3P4/3Q1NN1/PPP2PP1/R1B1K2R w KQkq -,1800-1999,1900,3045,181,0.059441707717569785,1075,0.3530377668308703,1970,0.6469622331691297,c1f4,0.20833333333333334,10,6.0,0.0,0.1,0.31622776601683794,0.2890648263178879,0.7916666666666666,0.05,0.15811388300841897,0.14453241315894394
r2qkb1r/pp1nppp1/2p2n1p/7P/3P4/3Q1NN1/PPP2PP1/R1B1K2R w KQkq -,2000-2199,2100,1706,67,0.03927315357561548,574,0.3364595545134818,1132,0.6635404454865181,c1f4,0.20833333333333334,10,6.0,0.0,0.1,0.31622776601683794,0.2890648263178879,0.7916666666666666,0.05,0.15811388300841897,0.14453241315894394
r2qkb1r/pp1nppp1/2p2n1p/7P/3P4/3Q1NN1/PPP2PP1/R1B1K2R w KQkq -,2200-2399,2300,297,4,0.013468013468013467,107,0.3602693602693603,190,0.6397306397306397,c1f4,0.20833333333333334,10,6.0,0.0,0.1,0.31622776601683794,0.2890648263178879,0.7916666666666666,0.05,0.15811388300841897,0.14453241315894394
rn1qkb1r/pp3pp1/2p1pn1p/7P/3P4/3Q1NN1/PPP2PP1/R1B1K2R w KQkq -,1400-1599,1500,525,11,0.02095238095238095,148,0.2819047619047619,377,0.7180952380952381,c1d2,0.25,12,6.0,0.0,0.08333333333333333,0.2886751345948129,0.27023815442731974,0.75,0.041666666666666664,0.14433756729740646,0.13511907721365987
rn1qkb1r/pp3pp1/2p1pn1p/7P/3P4/3Q1NN1/PPP2PP1/R1B1K2R w KQkq -,1600-1799,1700,1706,19,0.011137162954279016,581,0.34056271981242675,1125,0.6594372801875733,c1d2,0.25,12,6.0,0.0,0.08333333333333333,0.2886751345948129,0.27023815442731974,0.75,0.041666666666666664,0.14433756729740646,0.13511907721365987
rn1qkb1r/pp3pp1/2p1pn1p/7P/3P4/3Q1NN1/PPP2PP1/R1B1K2R w KQkq -,1800-1999,1900,2111,12,0.005684509711037423,825,0.39081004263382285,1286,0.6091899573661772,c1d2,0.25,12,6.0,0.0,0.08333333333333333,0.2886751345948129,0.27023815442731974,0.75,0.041666666666666664,0.14433756729740646,0.13511907721365987
rn1qkb1r/pp3pp1/2p1pn1p/7P/3P4/3Q1NN1/PPP2PP1/R1B1K2R w KQkq -,2000-2199,2100,873,4,0.004581901489117984,412,0.47193585337915234,461,0.5280641466208477,c1d2,0.25,12,6.0,0.0,0.08333333333333333,0.2886751345948129,0.27023815442731974,0.75,0.041666666666666664,0.14433756729740646,0.13511907721365987
rn1qkb1r/pp3pp1/2p1pn1p/7P/3P4/3Q1NN1/PPP2PP1/R1B1K2R w KQkq -,2200-2399,2300,191,0,0.0,108,0.5654450261780105,83,0.43455497382198954,c1d2,0.25,12,6.0,0.0,0.08333333333333333,0.2886751345948129,0.27023815442731974,0.75,0.041666666666666664,0.14433756729740646,0.13511907721365987
2rq1rk1/pp1bppbp/2np1np1/8/2BNP3/2N1BP2/PPPQ2PP/2KR3R w - -,1400-1599,1500,163,44,0.26993865030674846,0,0.0,163,1.0,c4e2,0.08695652173913043,4,22.0,1.0,0.25,0.5,0.43067655807339306,0.9130434782608696,0.625,0.75,0.7153382790366966
2rq1rk1/pp1bppbp/2np1np1/8/2BNP3/2N1BP2/PPPQ2PP/2KR3R w - -,1600-1799,1700,745,127,0.1704697986577181,3,0.004026845637583893,742,0.9959731543624161,c4e2,0.08695652173913043,4,22.0,1.0,0.25,0.5,0.43067655807339306,0.9130434782608696,0.625,0.75,0.7153382790366966
2rq1rk1/pp1bppbp/2np1np1/8/2BNP3/2N1BP2/PPPQ2PP/2KR3R w - -,1800-1999,1900,2014,155,0.07696127110228401,6,0.0029791459781529296,2008,0.997020854021847,c4e2,0.08695652173913043,4,22.0,1.0,0.25,0.5,0.43067655807339306,0.9130434782608696,0.625,0.75,0.7153382790366966
2rq1rk1/pp1bppbp/2np1np1/8/2BNP3/2N1BP2/PPPQ2PP/2KR3R w - -,2000-2199,2100,1471,34,0.023113528212100613,16,0.010876954452753228,1455,0.9891230455472467,c4e2,0.08695652173913043,4,22.0,1.0,0.25,0.5,0.43067655807339306,0.9130434782608696,0.625,0.75,0.7153382790366966
2rq1rk1/pp1bppbp/2np1np1/8/2BNP3/2N1BP2/PPPQ2PP/2KR3R w - -,2200-2399,2300,379,3,0.0079155672823219,3,0.0079155672823219,376,0.9920844327176781,c4e2,0.08695652173913043,4,22.0,1.0,0.25,0.5,0.43067655807339306,0.9130434782608696,0.625,0.75,0.7153382790366966
r1bqkb1r/5p1p/p1np4/1p1Npp2/4P3/N7/PPP2PPP/R2QKB1R w KQkq -,1400-1599,1500,23,7,0.30434782608695654,2,0.08695652173913043,21,0.9130434782608695,c2c3,0.15,6,22.0,1.0,0.16666666666666666,0.4082482904638631,0.3562071871080222,0.85,0.5833333333333334,0.7041241452319316,0.6781035935540111
r1bqkb1r/5p1p/p1np4/1p1Npp2/4P3/N7/PPP2PPP/R2QKB1R w KQkq -,1600-1799,1700,241,51,0.21161825726141079,15,0.06224066390041494,226,0.9377593360995851,c2c3,0.15,6,22.0,1.0,0.16666666666666666,0.4082482904638631,0.3562071871080222,0.85,0.5833333333333334,0.7041241452319316,0.6781035935540111
r1bqkb1r/5p1p/p1np4/1p1Npp2/4P3/N7/PPP2PPP/R2QKB1R w KQkq -,1800-1999,1900,1139,113,0.09920983318700614,96,0.08428446005267778,1043,0.9157155399473222,c2c3,0.15,6,22.0,1.0,0.16666666666666666,0.4082482904638631,0.3562071871080222,0.85,0.5833333333333334,0.7041241452319316,0.6781035935540111
r1bqkb1r/5p1p/p1np4/1p1Npp2/4P3/N7/PPP2PPP/R2QKB1R w KQkq -,2000-2199,2100,1421,55,0.03870513722730472,224,0.15763546798029557,1197,0.8423645320197044,c2c3,0.15,6,22.0,1.0,0.16666666666666666,0.4082482904638631,0.3562071871080222,0.85,0.5833333333333334,0.7041241452319316,0.6781035935540111
r1bqkb1r/5p1p/p1np4/1p1Npp2/4P3/N7/PPP2PPP/R2QKB1R w KQkq -,2200-2399,2300,627,5,0.007974481658692184,121,0.19298245614035087,506,0.8070175438596491,c2c3,0.15,6,22.0,1.0,0.16666666666666666,0.4082482904638631,0.3562071871080222,0.85,0.5833333333333334,0.7041241452319316,0.6781035935540111
r2q1rk1/3nppbp/b2p1np1/2pP4/8/2N2NP1/PP2PPBP/R1BQ1RK1 w - -,1400-1599,1500,62,2,0.03225806451612903,0,0.0,62,1.0,a1b1,0.4444444444444444,16,22.0,1.0,0.0625,0.25,0.24465054211822604,0.5555555555555556,0.53125,0.625,0.6223252710591131
r2q1rk1/3nppbp/b2p1np1/2pP4/8/2N2NP1/PP2PPBP/R1BQ1RK1 w - -,1600-1799,1700,534,28,0.052434456928838954,37,0.06928838951310862,497,0.9307116104868914,a1b1,0.4444444444444444,16,22.0,1.0,0.0625,0.25,0.24465054211822604,0.5555555555555556,0.53125,0.625,0.6223252710591131
r2q1rk1/3nppbp/b2p1np1/2pP4/8/2N2NP1/PP2PPBP/R1BQ1RK1 w - -,1800-1999,1900,1362,37,0.027165932452276064,246,0.18061674008810572,1116,0.8193832599118943,a1b1,0.4444444444444444,16,22.0,1.0,0.0625,0.25,0.24465054211822604,0.5555555555555556,0.53125,0.625,0.6223252710591131
r2q1rk1/3nppbp/b2p1np1/2pP4/8/2N2NP1/PP2PPBP/R1BQ1RK1 w - -,2000-2199,2100,1088,12,0.011029411764705883,427,0.39246323529411764,661,0.6075367647058824,a1b1,0.4444444444444444,16,22.0,1.0,0.0625,0.25,0.24465054211822604,0.5555555555555556,0.53125,0.625,0.6223252710591131
r2q1rk1/3nppbp/b2p1np1/2pP4/8/2N2NP1/PP2PPBP/R1BQ1RK1 w - -,2200-2399,2300,239,1,0.0041841004184100415,132,0.5523012552301255,107,0.4476987447698745,a1b1,0.4444444444444444,16,22.0,1.0,0.0625,0.25,0.24465054211822604,0.5555555555555556,0.53125,0.625,0.6223252710591131
r4rk1/ppqn1ppp/2pb1n2/3p2B1/3P2b1/2PB1N2/PPQN1PPP/R4RK1 w - -,1400-1599,1500,98,5,0.05102040816326531,40,0.40816326530612246,58,0.5918367346938775,h2h3,0.5476190476190477,23,6.0,0.0,0.043478260869565216,0.20851441405707477,0.21810429198553155,0.45238095238095233,0.021739130434782608,0.10425720702853739,0.10905214599276578
r4rk1/ppqn1ppp/2pb1n2/3p2B1/3P2b1/2PB1N2/PPQN1PPP/R4RK1 w - -,1600-1799,1700,758,15,0.01978891820580475,347,0.4577836411609499,411,0.5422163588390502,h2h3,0.5476190476190477,23,6.0,0.0,0.043478260869565216,0.20851441405707477,0.21810429198553155,0.45238095238095233,0.021739130434782608,0.10425720702853739,0.10905214599276578
r4rk1/ppqn1ppp/2pb1n2/3p2B1/3P2b1/2PB1N2/PPQN1PPP/R4RK1 w - -,1800-1999,1900,1687,46,0.027267338470657973,587,0.34795494961470064,1100,0.6520450503852994,h2h3,0.5476190476190477,23,6.0,0.0,0.043478260869565216,0.20851441405707477,0.21810429198553155,0.45238095238095233,0.021739130434782608,0.10425720702853739,0.10905214599276578
r4rk1/ppqn1ppp/2pb1n2/3p2B1/3P2b1/2PB1N2/PPQN1PPP/R4RK1 w - -,2000-2199,2100,644,18,0.027950310559006212,168,0.2608695652173913,476,0.7391304347826086,h2h3,0.5476190476190477,23,6.0,0.0,0.043478260869565216,0.20851441405707477,0.21810429198553155,0.45238095238095233,0.021739130434782608,0.10425720702853739,0.10905214599276578
r4rk1/ppqn1ppp/2pb1n2/3p2B1/3P2b1/2PB1N2/PPQN1PPP/R4RK1 w - -,2200-2399,2300,110,2,0.01818181818181818,12,0.10909090909090909,98,0.8909090909090909,h2h3,0.5476190476190477,23,6.0,0.0,0.043478260869565216,0.20851441405707477,0.21810429198553155,0.45238095238095233,0.021739130434782608,0.10425720702853739,0.10905214599276578
r3kbnr/pp1b1ppp/4p3/3pq3/8/2NB4/PP3PPP/R1BQ1RK1 w kq -,1400-1599,1500,289,70,0.2422145328719723,219,0.7577854671280276,70,0.2422145328719723,f1e1,0.023255813953488372,1,8.0,0.125,1.0,1.0,1.0,0.9767441860465116,0.5625,0.5625,0.5625
r3kbnr/pp1b1ppp/4p3/3pq3/8/2NB4/PP3PPP/R1BQ1RK1 w kq -,1600-1799,1700,1107,100,0.09033423667570009,1007,0.9096657633242999,100,0.09033423667570009,f1e1,0.023255813953488372,1,8.0,0.125,1.0,1.0,1.0,0.9767441860465116,0.5625,0.5625,0.5625
r3kbnr/pp1b1ppp/4p3/3pq3/8/2NB4/PP3PPP/R1BQ1RK1 w kq -,1800-1999,1900,1378,75,0.054426705370101594,1303,0.9455732946298984,75,0.054426705370101594,f1e1,0.023255813953488372,1,8.0,0.125,1.0,1.0,1.0,0.9767441860465116,0.5625,0.5625,0.5625
r3kbnr/pp1b1ppp/4p3/3pq3/8/2NB4/PP3PPP/R1BQ1RK1 w kq -,2000-2199,2100,382,19,0.049738219895287955,363,0.9502617801047121,19,0.049738219895287955,f1e1,0.023255813953488372,1,8.0,0.125,1.0,1.0,1.0,0.9767441860465116,0.5625,0.5625,0.5625
r3kbnr/pp1b1ppp/4p3/3pq3/8/2NB4/PP3PPP/R1BQ1RK1 w kq -,2200-2399,2300,29,2,0.06896551724137931,27,0.9310344827586207,2,0.06896551724137931,f1e1,0.023255813953488372,1,8.0,0.125,1.0,1.0,1.0,0.9767441860465116,0.5625,0.5625,0.5625
r1bq1rk1/p4ppp/2p2n2/3p2B1/1b6/2NB4/PPP2PPP/R2Q1RK1 w - -,1400-1599,1500,40,1,0.025,22,0.55,18,0.45,d1f3,0.2857142857142857,12,6.0,0.0,0.08333333333333333,0.2886751345948129,0.27023815442731974,0.7142857142857143,0.041666666666666664,0.14433756729740646,0.13511907721365987
r1bq1rk1/p4ppp/2p2n2/3p2B1/1b6/2NB4/PPP2PPP/R2Q1RK1 w - -,1600-1799,1700,220,9,0.04090909090909091,121,0.55,99,0.45,d1f3,0.2857142857142857,12,6.0,0.0,0.08333333333333333,0.2886751345948129,0.27023815442731974,0.7142857142857143,0.041666666666666664,0.14433756729740646,0.13511907721365987
r1bq1rk1/p4ppp/2p2n2/3p2B1/1b6/2NB4/PPP2PPP/R2Q1RK1 w - -,1800-1999,1900,1019,23,0.022571148184494603,578,0.5672227674190383,441,0.43277723258096173,d1f3,0.2857142857142857,12,6.0,0.0,0.08333333333333333,0.2886751345948129,0.27023815442731974,0.7142857142857143,0.041666666666666664,0.14433756729740646,0.13511907721365987
r1bq1rk1/p4ppp/2p2n2/3p2B1/1b6/2NB4/PPP2PPP/R2Q1RK1 w - -,2000-2199,2100,1239,10,0.008071025020177562,774,0.6246973365617433,465,0.37530266343825663,d1f3,0.2857142857142857,12,6.0,0.0,0.08333333333333333,0.2886751345948129,0.27023815442731974,0.7142857142857143,0.041666666666666664,0.14433756729740646,0.13511907721365987
r1bq1rk1/p4ppp/2p2n2/3p2B1/1b6/2NB4/PPP2PPP/R2Q1RK1 w - -,2200-2399,2300,549,1,0.0018214936247723133,395,0.7194899817850637,154,0.28051001821493626,d1f3,0.2857142857142857,12,6.0,0.0,0.08333333333333333,0.2886751345948129,0.27023815442731974,0.7142857142857143,0.041666666666666664,0.14433756729740646,0.13511907721365987
r1b1kb1r/pp1n1ppp/4p3/3pP3/3q4/3B4/PP1N1PPP/R1BQ1RK1 w kq -,1400-1599,1500,111,12,0.10810810810810811,99,0.8918918918918919,12,0.10810810810810811,d2f3,0.029411764705882353,1,6.0,0.0,1.0,1.0,1.0,0.9705882352941176,0.5,0.5,0.5
r1b1kb1r/pp1n1ppp/4p3/3pP3/3q4/3B4/PP1N1PPP/R1BQ1RK1 w kq -,1600-1799,1700,670,31,0.04626865671641791,639,0.9537313432835821,31,0.04626865671641791,d2f3,0.029411764705882353,1,6.0,0.0,1.0,1.0,1.0,0.9705882352941176,0.5,0.5,0.5
r1b1kb1r/pp1n1ppp/4p3/3pP3/3q4/3B4/PP1N1PPP/R1BQ1RK1 w kq -,1800-1999,1900,1383,22,0.015907447577729574,1361,0.9840925524222705,22,0.015907447577729574,d2f3,0.029411764705882353,1,6.0,0.0,1.0,1.0,1.0,0.9705882352941176,0.5,0.5,0.5
r1b1kb1r/pp1n1ppp/4p3/3pP3/3q4/3B4/PP1N1PPP/R1BQ1RK1 w kq -,2000-2199,2100,750,4,0.005333333333333333,746,0.9946666666666667,4,0.005333333333333333,d2f3,0.029411764705882353,1,6.0,0.0,1.0,1.0,1.0,0.9705882352941176,0.5,0.5,0.5
r1b1kb1r/pp1n1ppp/4p3/3pP3/3q4/3B4/PP1N1PPP/R1BQ1RK1 w kq -,2200-2399,2300,135,1,0.007407407407407408,134,0.9925925925925926,1,0.007407407407407408,d2f3,0.029411764705882353,1,6.0,0.0,1.0,1.0,1.0,0.9705882352941176,0.5,0.5,0.5
r1bq1rk1/ppp2ppp/2n5/3n4/2BP4/5N2/PP1N1PPP/R2Q1RK1 w - -,1400-1599,1500,519,148,0.28516377649325625,17,0.03275529865125241,502,0.9672447013487476,a1c1,0.46875,15,20.0,0.875,0.06666666666666667,0.2581988897471611,0.25,0.53125,0.4708333333333333,0.5665994448735805,0.5625
r1bq1rk1/ppp2ppp/2n5/3n4/2BP4/5N2/PP1N1PPP/R2Q1RK1 w - -,1600-1799,1700,1020,225,0.22058823529411764,36,0.03529411764705882,984,0.9647058823529412,a1c1,0.46875,15,20.0,0.875,0.06666666666666667,0.2581988897471611,0.25,0.53125,0.4708333333333333,0.5665994448735805,0.5625
r1bq1rk1/ppp2ppp/2n5/3n4/2BP4/5N2/PP1N1PPP/R2Q1RK1 w - -,1800-1999,1900,940,113,0.1202127659574468,68,0.07234042553191489,872,0.9276595744680851,a1c1,0.46875,15,20.0,0.875,0.06666666666666667,0.2581988897471611,0.25,0.53125,0.4708333333333333,0.5665994448735805,0.5625
r1bq1rk1/ppp2ppp/2n5/3n4/2BP4/5N2/PP1N1PPP/R2Q1RK1 w - -,2000-2199,2100,265,27,0.1018867924528302,37,0.13962264150943396,228,0.8603773584905661,a1c1,0.46875,15,20.0,0.875,0.06666666666666667,0.2581988897471611,0.25,0.53125,0.4708333333333333,0.5665994448735805,0.5625
r1bq1rk1/ppp2ppp/2n5/3n4/2BP4/5N2/PP1N1PPP/R2Q1RK1 w - -,2200-2399,2300,56,8,0.14285714285714285,19,0.3392857142857143,37,0.6607142857142857,a1c1,0.46875,15,20.0,0.875,0.06666666666666667,0.2581988897471611,0.25,0.53125,0.4708333333333333,0.5665994448735805,0.5625
r3kbnr/1p1b1ppp/p3p3/3pP3/3q4/2NB4/PP3PPP/R1BQ1RK1 w kq -,1400-1599,1500,68,29,0.4264705882352941,25,0.36764705882352944,43,0.6323529411764706,f1e1,0.12195121951219512,5,20.0,0.875,0.2,0.4472135954999579,0.38685280723454163,0.8780487804878049,0.5375,0.6611067977499789,0.6309264036172708
r3kbnr/1p1b1ppp/p3p3/3pP3/3q4/2NB4/PP3PPP/R1BQ1RK1 w kq -,1600-1799,1700,404,133,0.3292079207920792,126,0.3118811881188119,278,0.6881188118811881,f1e1,0.12195121951219512,5,20.0,0.875,0.2,0.4472135954999579,0.38685280723454163,0.8780487804878049,0.5375,0.6611067977499789,0.6309264036172708
r3kbnr/1p1b1ppp/p3p3/3pP3/3q4/2NB4/PP3PPP/R1BQ1RK1 w kq -,1800-1999,1900,1296,398,0.30709876543209874,311,0.23996913580246915,985,0.7600308641975309,f1e1,0.12195121951219512,5,20.0,0.875,0.2,0.4472135954999579,0.38685280723454163,0.8780487804878049,0.5375,0.6611067977499789,0.6309264036172708
r3kbnr/1p1b1ppp/p3p3/3pP3/3q4/2NB4/PP3PPP/R1BQ1RK1 w kq -,2000-2199,2100,814,236,0.28992628992628994,150,0.18427518427518427,664,0.8157248157248157,f1e1,0.12195121951219512,5,20.0,0.875,0.2,0.4472135954999579,0.38685280723454163,0.8780487804878049,0.5375,0.6611067977499789,0.6309264036172708
r3kbnr/1p1b1ppp/p3p3/3pP3/3q4/2NB4/PP3PPP/R1BQ1RK1 w kq -,2200-2399,2300,162,35,0.21604938271604937,21,0.12962962962962962,141,0.8703703703703703,f1e1,0.12195121951219512,5,20.0,0.875,0.2,0.4472135954999579,0.38685280723454163,0.8780487804878049,0.5375,0.6611067977499789,0.6309264036172708
r2q1rk1/1p1nbppp/p2pbn2/4p3/4P3/1NN1BP2/PPPQ2PP/2KR1B1R w - -,1400-1599,1500,75,11,0.14666666666666667,46,0.6133333333333333,29,0.38666666666666666,g2g4,0.125,5,8.0,0.125,0.2,0.4472135954999579,0.38685280723454163,0.875,0.1625,0.28610679774997894,0.2559264036172708
r2q1rk1/1p1nbppp/p2pbn2/4p3/4P3/1NN1BP2/PPPQ2PP/2KR1B1R w - -,1600-1799,1700,388,38,0.0979381443298969,255,0.6572164948453608,133,0.3427835051546392,g2g4,0.125,5,8.0,0.125,0.2,0.4472135954999579,0.38685280723454163,0.875,0.1625,0.28610679774997894,0.2559264036172708
r2q1rk1/1p1nbppp/p2pbn2/4p3/4P3/1NN1BP2/PPPQ2PP/2KR1B1R w - -,1800-1999,1900,1049,61,0.058150619637750235,731,0.6968541468064824,318,0.3031458531935176,g2g4,0.125,5,8.0,0.125,0.2,0.4472135954999579,0.38685280723454163,0.875,0.1625,0.28610679774997894,0.2559264036172708
r2q1rk1/1p1nbppp/p2pbn2/4p3/4P3/1NN1BP2/PPPQ2PP/2KR1B1R w - -,2000-2199,2100,900,31,0.034444444444444444,687,0.7633333333333333,213,0.23666666666666666,g2g4,0.125,5,8.0,0.125,0.2,0.4472135954999579,0.38685280723454163,0.875,0.1625,0.28610679774997894,0.2559264036172708
r2q1rk1/1p1nbppp/p2pbn2/4p3/4P3/1NN1BP2/PPPQ2PP/2KR1B1R w - -,2200-2399,2300,264,4,0.015151515151515152,236,0.8939393939393939,28,0.10606060606060606,g2g4,0.125,5,8.0,0.125,0.2,0.4472135954999579,0.38685280723454163,0.875,0.1625,0.28610679774997894,0.2559264036172708
r1bqk2r/p4pp1/2pb1n1p/n3N3/4p3/8/PPPPBPPP/RNBQK2R w KQkq -,1400-1599,1500,336,137,0.40773809523809523,179,0.5327380952380952,157,0.46726190476190477,d2d4,0.05555555555555555,2,6.0,0.0,0.5,0.7071067811865475,0.6309297535714575,0.9444444444444444,0.25,0.35355339059327373,0.31546487678572877
r1bqk2r/p4pp1/2pb1n1p/n3N3/4p3/8/PPPPBPPP/RNBQK2R w KQkq -,1600-1799,1700,790,276,0.3493670886075949,443,0.5607594936708861,347,0.43924050632911393,d2d4,0.05555555555555555,2,6.0,0.0,0.5,0.7071067811865475,0.6309297535714575,0.9444444444444444,0.25,0.35355339059327373,0.31546487678572877
r1bqk2r/p4pp1/2pb1n1p/n3N3/4p3/8/PPPPBPPP/RNBQK2R w KQkq -,1800-1999,1900,1057,264,0.24976348155156103,709,0.6707663197729423,348,0.32923368022705773,d2d4,0.05555555555555555,2,6.0,0.0,0.5,0.7071067811865475,0.6309297535714575,0.9444444444444444,0.25,0.35355339059327373,0.31546487678572877
r1bqk2r/p4pp1/2pb1n1p/n3N3/4p3/8/PPPPBPPP/RNBQK2R w KQkq -,2000-2199,2100,328,53,0.16158536585365854,249,0.7591463414634146,79,0.24085365853658536,d2d4,0.05555555555555555,2,6.0,0.0,0.5,0.7071067811865475,0.6309297535714575,0.9444444444444444,0.25,0.35355339059327373,0.31546487678572877
r1bqk2r/p4pp1/2pb1n1p/n3N3/4p3/8/PPPPBPPP/RNBQK2R w KQkq -,2200-2399,2300,47,7,0.14893617021276595,38,0.8085106382978723,9,0.19148936170212766,d2d4,0.05555555555555555,2,6.0,0.0,0.5,0.7071067811865475,0.6309297535714575,0.9444444444444444,0.25,0.35355339059327373,0.31546487678572877
r1bq1rk1/2pnbppp/p2p1n2/1p2p3/3PP3/1BP2N1P/PP3PP1/RNBQR1K1 w - -,1400-1599,1500,37,2,0.05405405405405406,26,0.7027027027027027,11,0.2972972972972973,b1d2,0.5277777777777778,19,20.0,0.875,0.05263157894736842,0.22941573387056174,0.23137821315975915,0.4722222222222222,0.4638157894736842,0.5522078669352809,0.5531891065798795
r1bq1rk1/2pnbppp/p2p1n2/1p2p3/3PP3/1BP2N1P/PP3PP1/RNBQR1K1 w - -,1600-1799,1700,267,17,0.06367041198501873,170,0.6367041198501873,97,0.36329588014981273,b1d2,0.5277777777777778,19,20.0,0.875,0.05263157894736842,0.22941573387056174,0.23137821315975915,0.4722222222222222,0.4638157894736842,0.5522078669352809,0.5531891065798795
r1bq1rk1/2pnbppp/p2p1n2/1p2p3/3PP3/1BP2N1P/PP3PP1/RNBQR1K1 w - -,1800-1999,1900,876,53,0.06050228310502283,618,0.7054794520547946,258,0.2945205479452055,b1d2,0.5277777777777778,19,20.0,0.875,0.05263157894736842,0.22941573387056174,0.23137821315975915,0.4722222222222222,0.4638157894736842,0.5522078669352809,0.5531891065798795
r1bq1rk1/2pnbppp/p2p1n2/1p2p3/3PP3/1BP2N1P/PP3PP1/RNBQR1K1 w - -,2000-2199,2100,833,38,0.04561824729891957,633,0.7599039615846338,200,0.24009603841536614,b1d2,0.5277777777777778,19,20.0,0.875,0.05263157894736842,0.22941573387056174,0.23137821315975915,0.4722222222222222,0.4638157894736842,0.5522078669352809,0.5531891065798795
r1bq1rk1/2pnbppp/p2p1n2/1p2p3/3PP3/1BP2N1P/PP3PP1/RNBQR1K1 w - -,2200-2399,2300,426,11,0.025821596244131457,336,0.7887323943661971,90,0.2112676056338028,b1d2,0.5277777777777778,19,20.0,0.875,0.05263157894736842,0.22941573387056174,0.23137821315975915,0.4722222222222222,0.4638157894736842,0.5522078669352809,0.5531891065798795
r2qk2r/p1pb1ppp/2p5/2bpP1n1/3N4/5P2/PPP3PP/RNBQ1RK1 w kq -,1600-1799,1700,234,5,0.021367521367521368,6,0.02564102564102564,228,0.9743589743589743,c2c3,0.18518518518518517,5,22.0,1.0,0.2,0.4472135954999579,0.38685280723454163,0.8148148148148149,0.6,0.7236067977499789,0.6934264036172708
r2qk2r/p1pb1ppp/2p5/2bpP1n1/3N4/5P2/PPP3PP/RNBQ1RK1 w kq -,1800-1999,1900,952,8,0.008403361344537815,27,0.028361344537815126,925,0.9716386554621849,c2c3,0.18518518518518517,5,22.0,1.0,0.2,0.4472135954999579,0.38685280723454163,0.8148148148148149,0.6,0.7236067977499789,0.6934264036172708
r2qk2r/p1pb1ppp/2p5/2bpP1n1/3N4/5P2/PPP3PP/RNBQ1RK1 w kq -,2000-2199,2100,1008,0,0.0,24,0.023809523809523808,984,0.9761904761904762,c2c3,0.18518518518518517,5,22.0,1.0,0.2,0.4472135954999579,0.38685280723454163,0.8148148148148149,0.6,0.7236067977499789,0.6934264036172708
r2qk2r/p1pb1ppp/2p5/2bpP1n1/3N4/5P2/PPP3PP/RNBQ1RK1 w kq -,2200-2399,2300,241,0,0.0,1,0.004149377593360996,240,0.995850622406639,c2c3,0.18518518518518517,5,22.0,1.0,0.2,0.4472135954999579,0.38685280723454163,0.8148148148148149,0.6,0.7236067977499789,0.6934264036172708
r2q1rk1/pp1n1ppp/2pb1n2/3p2Bb/3P4/2PB1N1P/PP1N1PP1/R2Q1RK1 w - -,1400-1599,1500,97,0,0.0,66,0.6804123711340206,31,0.31958762886597936,d1c2,0.5952380952380952,25,10.0,0.25,0.04,0.2,0.21274605355336312,0.40476190476190477,0.145,0.225,0.23137302677668156
r2q1rk1/pp1n1ppp/2pb1n2/3p2Bb/3P4/2PB1N1P/PP1N1PP1/R2Q1RK1 w - -,1600-1799,1700,784,1,0.0012755102040816326,545,0.6951530612244898,239,0.3048469387755102,d1c2,0.5952380952380952,25,10.0,0.25,0.04,0.2,0.21274605355336312,0.40476190476190477,0.145,0.225,0.23137302677668156
r2q1rk1/pp1n1ppp/2pb1n2/3p2Bb/3P4/2PB1N1P/PP1N1PP1/R2Q1RK1 w - -,1800-1999,1900,1260,0,0.0,907,0.7198412698412698,353,0.28015873015873016,d1c2,0.5952380952380952,25,10.0,0.25,0.04,0.2,0.21274605355336312,0.40476190476190477,0.145,0.225,0.23137302677668156
r2q1rk1/pp1n1ppp/2pb1n2/3p2Bb/3P4/2PB1N1P/PP1N1PP1/R2Q1RK1 w - -,2000-2199,2100,287,0,0.0,204,0.710801393728223,83,0.289198606271777,d1c2,0.5952380952380952,25,10.0,0.25,0.04,0.2,0.21274605355336312,0.40476190476190477,0.145,0.225,0.23137302677668156
r2q1rk1/pp1n1ppp/2pb1n2/3p2Bb/3P4/2PB1N1P/PP1N1PP1/R2Q1RK1 w - -,2200-2399,2300,14,0,0.0,7,0.5,7,0.5,d1c2,0.5952380952380952,25,10.0,0.25,0.04,0.2,0.21274605355336312,0.40476190476190477,0.145,0.225,0.23137302677668156
r1bqk2r/5pbp/p1np1p2/1p1Np3/4P3/N7/PPP2PPP/R2QKB1R w KQkq -,1400-1599,1500,20,2,0.1,0,0.0,20,1.0,f1d3,0.20512820512820512,8,12.0,0.375,0.125,0.35355339059327373,0.31546487678572877,0.7948717948717949,0.25,0.36427669529663687,0.3452324383928644
r1bqk2r/5pbp/p1np1p2/1p1Np3/4P3/N7/PPP2PPP/R2QKB1R w KQkq -,1600-1799,1700,199,11,0.05527638190954774,25,0.12562814070351758,174,0.8743718592964824,f1d3,0.20512820512820512,8,12.0,0.375,0.125,0.35355339059327373,0.31546487678572877,0.7948717948717949,0.25,0.36427669529663687,0.3452324383928644
r1bqk2r/5pbp/p1np1p2/1p1Np3/4P3/N7/PPP2PPP/R2QKB1R w KQkq -,1800-1999,1900,735,32,0.04353741496598639,129,0.17551020408163265,606,0.8244897959183674,f1d3,0.20512820512820512,8,12.0,0.375,0.125,0.35355339059327373,0.31546487678572877,0.7948717948717949,0.25,0.36427669529663687,0.3452324383928644
r1bqk2r/5pbp/p1np1p2/1p1Np3/4P3/N7/PPP2PPP/R2QKB1R w KQkq -,2000-2199,2100,930,25,0.026881720430107527,285,0.3064516129032258,645,0.6935483870967742,f1d3,0.20512820512820512,8,12.0,0.375,0.125,0.35355339059327373,0.31546487678572877,0.7948717948717949,0.25,0.36427669529663687,0.3452324383928644
r1bqk2r/5pbp/p1np1p2/1p1Np3/4P3/N7/PPP2PPP/R2QKB1R w KQkq -,2200-2399,2300,440,1,0.0022727272727272726,174,0.39545454545454545,266,0.6045454545454545,f1d3,0.20512820512820512,8,12.0,0.375,0.125,0.35355339059327373,0.31546487678572877,0.7948717948717949,0.25,0.36427669529663687,0.3452324383928644
r1bq1rk1/pppnn1bp/3p2p1/3Ppp2/2P1P3/2N1BP2/PP2B1PP/R2QNRK1 b - -,1400-1599,1500,10,0,0.0,9,0.9,1,0.1,f5f4,0.48148148148148145,13,22.0,1.0,0.07692307692307693,0.2773500981126146,0.26264953503719357,0.5185185185185186,0.5384615384615384,0.6386750490563073,0.6313247675185968
r1bq1rk1/pppnn1bp/3p2p1/3Ppp2/2P1P3/2N1BP2/PP2B1PP/R2QNRK1 b - -,1600-1799,1700,120,1,0.008333333333333333,104,0.8666666666666667,16,0.13333333333333333,f5f4,0.48148148148148145,13,22.0,1.0,0.07692307692307693,0.2773500981126146,0.26264953503719357,0.5185185185185186,0.5384615384615384,0.6386750490563073,0.6313247675185968
r1bq1rk1/pppnn1bp/3p2p1/3Ppp2/2P1P3/2N1BP2/PP2B1PP/R2QNRK1 b - -,1800-1999,1900,720,1,0.001388888888888889,618,0.8583333333333333,102,0.14166666666666666,f5f4,0.48148148148148145,13,22.0,1.0,0.07692307692307693,0.2773500981126146,0.26264953503719357,0.5185185185185186,0.5384615384615384,0.6386750490563073,0.6313247675185968
r1bq1rk1/pppnn1bp/3p2p1/3Ppp2/2P1P3/2N1BP2/PP2B1PP/R2QNRK1 b - -,2000-2199,2100,956,1,0.0010460251046025104,837,0.8755230125523012,119,0.12447698744769875,f5f4,0.48148148148148145,13,22.0,1.0,0.07692307692307693,0.2773500981126146,0.26264953503719357,0.5185185185185186,0.5384615384615384,0.6386750490563073,0.6313247675185968
r1bq1rk1/pppnn1bp/3p2p1/3Ppp2/2P1P3/2N1BP2/PP2B1PP/R2QNRK1 b - -,2200-2399,2300,495,0,0.0,437,0.8828282828282829,58,0.11717171717171718,f5f4,0.48148148148148145,13,22.0,1.0,0.07692307692307693,0.2773500981126146,0.26264953503719357,0.5185185185185186,0.5384615384615384,0.6386750490563073,0.6313247675185968
r1bqk2r/pp4pp/2nbpn2/3p4/3P4/3B4/PP1NNPPP/R1BQ1RK1 w kq -,1600-1799,1700,121,5,0.04132231404958678,88,0.7272727272727273,33,0.2727272727272727,d2f3,0.38235294117647056,13,6.0,0.0,0.07692307692307693,0.2773500981126146,0.26264953503719357,0.6176470588235294,0.038461538461538464,0.1386750490563073,0.13132476751859679
r1bqk2r/pp4pp/2nbpn2/3p4/3P4/3B4/PP1NNPPP/R1BQ1RK1 w kq -,1800-1999,1900,844,21,0.024881516587677725,696,0.8246445497630331,148,0.17535545023696683,d2f3,0.38235294117647056,13,6.0,0.0,0.07692307692307693,0.2773500981126146,0.26264953503719357,0.6176470588235294,0.038461538461538464,0.1386750490563073,0.13132476751859679
r1bqk2r/pp4pp/2nbpn2/3p4/3P4/3B4/PP1NNPPP/R1BQ1RK1 w kq -,2000-2199,2100,996,15,0.015060240963855422,871,0.8744979919678715,125,0.12550200803212852,d2f3,0.38235294117647056,13,6.0,0.0,0.07692307692307693,0.2773500981126146,0.26264953503719357,0.6176470588235294,0.038461538461538464,0.1386750490563073,0.13132476751859679
r1bqk2r/pp4pp/2nbpn2/3p4/3P4/3B4/PP1NNPPP/R1BQ1RK1 w kq -,2200-2399,2300,326,5,0.015337423312883436,304,0.9325153374233128,22,0.06748466257668712,d2f3,0.38235294117647056,13,6.0,0.0,0.07692307692307693,0.2773500981126146,0.26264953503719357,0.6176470588235294,0.038461538461538464,0.1386750490563073,0.13132476751859679
2rq1rk1/pp1bppbp/2np1np1/8/3NP3/1BN1BP2/PPPQ2PP/R3K2R w KQ -,1400-1599,1500,50,3,0.06,5,0.1,45,0.9,h2h4,0.08888888888888889,4,22.0,1.0,0.25,0.5,0.43067655807339306,0.9111111111111111,0.625,0.75,0.7153382790366966
2rq1rk1/pp1bppbp/2np1np1/8/3NP3/1BN1BP2/PPPQ2PP/R3K2R w KQ -,1600-1799,1700,258,26,0.10077519379844961,29,0.1124031007751938,229,0.8875968992248062,h2h4,0.08888888888888889,4,22.0,1.0,0.25,0.5,0.43067655807339306,0.9111111111111111,0.625,0.75,0.7153382790366966
2rq1rk1/pp1bppbp/2np1np1/8/3NP3/1BN1BP2/PPPQ2PP/R3K2R w KQ -,1800-1999,1900,860,52,0.06046511627906977,110,0.12790697674418605,750,0.872093023255814,h2h4,0.08888888888888889,4,22.0,1.0,0.25,0.5,0.43067655807339306,0.9111111111111111,0.625,0.75,0.7153382790366966
2rq1rk1/pp1bppbp/2np1np1/8/3NP3/1BN1BP2/PPPQ2PP/R3K2R w KQ -,2000-2199,2100,853,55,0.06447831184056271,148,0.1735052754982415,705,0.8264947245017585,h2h4,0.08888888888888889,4,22.0,1.0,0.25,0.5,0.43067655807339306,0.9111111111111111,0.625,0.75,0.7153382790366966
2rq1rk1/pp1bppbp/2np1np1/8/3NP3/1BN1BP2/PPPQ2PP/R3K2R w KQ -,2200-2399,2300,274,13,0.04744525547445255,63,0.22992700729927007,211,0.7700729927007299,h2h4,0.08888888888888889,4,22.0,1.0,0.25,0.5,0.43067655807339306,0.9111111111111111,0.625,0.75,0.7153382790366966
r2q1rk1/p1p1bppp/2pp1n2/6B1/4P3/2N5/PPP2PPP/R2Q1RK1 w - -,1400-1599,1500,743,179,0.24091520861372812,12,0.016150740242261104,731,0.9838492597577388,d1d3,0.46153846153846156,18,6.0,0.0,0.05555555555555555,0.23570226039551587,0.23540891336663824,0.5384615384615384,0.027777777777777776,0.11785113019775793,0.11770445668331912
r2q1rk1/p1p1bppp/2pp1n2/6B1/4P3/2N5/PPP2PPP/R2Q1RK1 w - -,1600-1799,1700,823,186,0.22600243013365734,18,0.02187120291616039,805,0.9781287970838396,d1d3,0.46153846153846156,18,6.0,0.0,0.05555555555555555,0.23570226039551587,0.23540891336663824,0.5384615384615384,0.027777777777777776,0.11785113019775793,0.11770445668331912
r2q1rk1/p1p1bppp/2pp1n2/6B1/4P3/2N5/PPP2PPP/R2Q1RK1 w - -,1800-1999,1900,219,42,0.1917808219178082,16,0.0730593607305936,203,0.9269406392694064,d1d3,0.46153846153846156,18,6.0,0.0,0.05555555555555555,0.23570226039551587,0.23540891336663824,0.5384615384615384,0.027777777777777776,0.11785113019775793,0.11770445668331912
r2q1rk1/p1p1bppp/2pp1n2/6B1/4P3/2N5/PPP2PPP/R2Q1RK1 w - -,2000-2199,2100,36,4,0.1111111111111111,10,0.2777777777777778,26,0.7222222222222222,d1d3,0.46153846153846156,18,6.0,0.0,0.05555555555555555,0.23570226039551587,0.23540891336663824,0.5384615384615384,0.027777777777777776,0.11785113019775793,0.11770445668331912
r1bq1rk1/1p3ppp/p1np1b2/3Np3/4P3/N7/PPP2PPP/R2QKB1R w KQ -,1400-1599,1500,152,38,0.25,32,0.21052631578947367,120,0.7894736842105263,a3c4,0.175,7,6.0,0.0,0.14285714285714285,0.3779644730092272,0.3333333333333333,0.825,0.07142857142857142,0.1889822365046136,0.16666666666666666
r1bq1rk1/1p3ppp/p1np1b2/3Np3/4P3/N7/PPP2PPP/R2QKB1R w KQ -,1600-1799,1700,725,194,0.2675862068965517,126,0.17379310344827587,599,0.8262068965517242,a3c4,0.175,7,6.0,0.0,0.14285714285714285,0.3779644730092272,0.3333333333333333,0.825,0.07142857142857142,0.1889822365046136,0.16666666666666666
r1bq1rk1/1p3ppp/p1np1b2/3Np3/4P3/N7/PPP2PPP/R2QKB1R w KQ -,1800-1999,1900,992,228,0.22983870967741934,173,0.1743951612903226,819,0.8256048387096774,a3c4,0.175,7,6.0,0.0,0.14285714285714285,0.3779644730092272,0.3333333333333333,0.825,0.07142857142857142,0.1889822365046136,0.16666666666666666
r1bq1rk1/1p3ppp/p1np1b2/3Np3/4P3/N7/PPP2PPP/R2QKB1R w KQ -,2000-2199,2100,269,55,0.20446096654275092,49,0.1821561338289963,220,0.8178438661710037,a3c4,0.175,7,6.0,0.0,0.14285714285714285,0.3779644730092272,0.3333333333333333,0.825,0.07142857142857142,0.1889822365046136,0.16666666666666666
r1bq1rk1/1p3ppp/p1np1b2/3Np3/4P3/N7/PPP2PPP/R2QKB1R w KQ -,2200-2399,2300,15,4,0.26666666666666666,5,0.3333333333333333,10,0.6666666666666666,a3c4,0.175,7,6.0,0.0,0.14285714285714285,0.3779644730092272,0.3333333333333333,0.825,0.07142857142857142,0.1889822365046136,0.16666666666666666
r1bq1rk1/p3ppbp/2p2np1/3p4/4P3/2N1BP2/PPPQ2PP/2KR1B1R w - -,1400-1599,1500,22,0,0.0,2,0.09090909090909091,20,0.9090909090909091,e3h6,0.1282051282051282,5,18.0,0.75,0.2,0.4472135954999579,0.38685280723454163,0.8717948717948718,0.475,0.5986067977499789,0.5684264036172708
r1bq1rk1/p3ppbp/2p2np1/3p4/4P3/2N1BP2/PPPQ2PP/2KR1B1R w - -,1600-1799,1700,264,13,0.04924242424242424,30,0.11363636363636363,234,0.8863636363636364,e3h6,0.1282051282051282,5,18.0,0.75,0.2,0.4472135954999579,0.38685280723454163,0.8717948717948718,0.475,0.5986067977499789,0.5684264036172708
r1bq1rk1/p3ppbp/2p2np1/3p4/4P3/2N1BP2/PPPQ2PP/2KR1B1R w - -,1800-1999,1900,1003,46,0.045862412761714856,60,0.05982053838484546,943,0.9401794616151545,e3h6,0.1282051282051282,5,18.0,0.75,0.2,0.4472135954999579,0.38685280723454163,0.8717948717948718,0.475,0.5986067977499789,0.5684264036172708
r1bq1rk1/p3ppbp/2p2np1/3p4/4P3/2N1BP2/PPPQ2PP/2KR1B1R w - -,2000-2199,2100,719,45,0.06258692628650904,75,0.1043115438108484,644,0.8956884561891516,e3h6,0.1282051282051282,5,18.0,0.75,0.2,0.4472135954999579,0.38685280723454163,0.8717948717948718,0.475,0.5986067977499789,0.5684264036172708
r1bq1rk1/p3ppbp/2p2np1/3p4/4P3/2N1BP2/PPPQ2PP/2KR1B1R w - -,2200-2399,2300,111,11,0.0990990990990991,34,0.3063063063063063,77,0.6936936936936937,e3h6,0.1282051282051282,5,18.0,0.75,0.2,0.4472135954999579,0.38685280723454163,0.8717948717948718,0.475,0.5986067977499789,0.5684264036172708
r2q1rk1/p1p1bppp/2pp1n2/8/4P3/2N5/PPP2PPP/R1BQR1K1 w - -,1400-1599,1500,771,5,0.00648508430609598,25,0.0324254215304799,746,0.9675745784695201,f2f4,0.6388888888888888,23,20.0,0.875,0.043478260869565216,0.20851441405707477,0.21810429198553155,0.36111111111111116,0.4592391304347826,0.5417572070285374,0.5465521459927658
r2q1rk1/p1p1bppp/2pp1n2/8/4P3/2N5/PPP2PPP/R1BQR1K1 w - -,1600-1799,1700,670,3,0.004477611940298508,15,0.022388059701492536,655,0.9776119402985075,f2f4,0.6388888888888888,23,20.0,0.875,0.043478260869565216,0.20851441405707477,0.21810429198553155,0.36111111111111116,0.4592391304347826,0.5417572070285374,0.5465521459927658
r2q1rk1/p1p1bppp/2pp1n2/8/4P3/2N5/PPP2PPP/R1BQR1K1 w - -,1800-1999,1900,254,0,0.0,11,0.04330708661417323,243,0.9566929133858267,f2f4,0.6388888888888888,23,20.0,0.875,0.043478260869565216,0.20851441405707477,0.21810429198553155,0.36111111111111116,0.4592391304347826,0.5417572070285374,0.5465521459927658
r2q1rk1/p1p1bppp/2pp1n2/8/4P3/2N5/PPP2PPP/R1BQR1K1 w - -,2000-2199,2100,33,0,0.0,1,0.030303030303030304,32,0.9696969696969697,f2f4,0.6388888888888888,23,20.0,0.875,0.043478260869565216,0.20851441405707477,0.21810429198553155,0.36111111111111116,0.4592391304347826,0.5417572070285374,0.5465521459927658
rnbq1rk1/pp3ppp/4p3/8/3PP3/5N2/P2Q1PPP/R3KB1R w KQ -,1400-1599,1500,83,5,0.060240963855421686,18,0.21686746987951808,65,0.7831325301204819,f1c4,0.5135135135135135,19,18.0,0.75,0.05263157894736842,0.22941573387056174,0.23137821315975915,0.4864864864864865,0.4013157894736842,0.4897078669352809,0.4906891065798796
rnbq1rk1/pp3ppp/4p3/8/3PP3/5N2/P2Q1PPP/R3KB1R w KQ -,1600-1799,1700,224,8,0.03571428571428571,50,0.22321428571428573,174,0.7767857142857143,f1c4,0.5135135135135135,19,18.0,0.75,0.05263157894736842,0.22941573387056174,0.23137821315975915,0.4864864864864865,0.4013157894736842,0.4897078669352809,0.4906891065798796
rnbq1rk1/pp3ppp/4p3/8/3PP3/5N2/P2Q1PPP/R3KB1R w KQ -,1800-1999,1900,398,9,0.022613065326633167,116,0.2914572864321608,282,0.7085427135678392,f1c4,0.5135135135135135,19,18.0,0.75,0.05263157894736842,0.22941573387056174,0.23137821315975915,0.4864864864864865,0.4013157894736842,0.4897078669352809,0.4906891065798796
rnbq1rk1/pp3ppp/4p3/8/3PP3/5N2/P2Q1PPP/R3KB1R w KQ -,2000-2199,2100,486,5,0.0102880658436214,179,0.3683127572016461,307,0.6316872427983539,f1c4,0.5135135135135135,19,18.0,0.75,0.05263157894736842,0.22941573387056174,0.23137821315975915,0.4864864864864865,0.4013157894736842,0.4897078669352809,0.4906891065798796
rnbq1rk1/pp3ppp/4p3/8/3PP3/5N2/P2Q1PPP/R3KB1R w KQ -,2200-2399,2300,646,4,0.006191950464396285,343,0.5309597523219814,303,0.46904024767801855,f1c4,0.5135135135135135,19,18.0,0.75,0.05263157894736842,0.22941573387056174,0.23137821315975915,0.4864864864864865,0.4013157894736842,0.4897078669352809,0.4906891065798796
r1bqnrk1/ppp1n1bp/3p2p1/3Ppp2/2P1P3/2N1BP2/PP2B1PP/R2QNRK1 b - -,1400-1599,1500,12,0,0.0,0,0.0,12,1.0,a7a5,0.68,17,22.0,1.0,0.058823529411764705,0.24253562503633297,0.23981246656813146,0.31999999999999995,0.5294117647058824,0.6212678125181665,0.6199062332840657
r1bqnrk1/ppp1n1bp/3p2p1/3Ppp2/2P1P3/2N1BP2/PP2B1PP/R2QNRK1 b - -,1600-1799,1700,160,0,0.0,0,0.0,160,1.0,a7a5,0.68,17,22.0,1.0,0.058823529411764705,0.24253562503633297,0.23981246656813146,0.31999999999999995,0.5294117647058824,0.6212678125181665,0.6199062332840657
r1bqnrk1/ppp1n1bp/3p2p1/3Ppp2/2P1P3/2N1BP2/PP2B1PP/R2QNRK1 b - -,1800-1999,1900,750,0,0.0,7,0.009333333333333334,743,0.9906666666666667,a7a5,0.68,17,22.0,1.0,0.058823529411764705,0.24253562503633297,0.23981246656813146,0.31999999999999995,0.5294117647058824,0.6212678125181665,0.6199062332840657
r1bqnrk1/ppp1n1bp/3p2p1/3Ppp2/2P1P3/2N1BP2/PP2B1PP/R2QNRK1 b - -,2000-2199,2100,783,0,0.0,4,0.005108556832694764,779,0.9948914431673053,a7a5,0.68,17,22.0,1.0,0.058823529411764705,0.24253562503633297,0.23981246656813146,0.31999999999999995,0.5294117647058824,0.6212678125181665,0.6199062332840657
r1bqnrk1/ppp1n1bp/3p2p1/3Ppp2/2P1P3/2N1BP2/PP2B1PP/R2QNRK1 b - -,2200-2399,2300,246,0,0.0,1,0.0040650406504065045,245,0.9959349593495935,a7a5,0.68,17,22.0,1.0,0.058823529411764705,0.24253562503633297,0.23981246656813146,0.31999999999999995,0.5294117647058824,0.6212678125181665,0.6199062332840657
r1bqrnk1/pp2bppp/2p2n2/3p2B1/3P4/2NBPN2/PPQ2PPP/R4RK1 w - -,1400-1599,1500,24,2,0.08333333333333333,3,0.125,21,0.875,h2h3,0.3541666666666667,17,12.0,0.375,0.058823529411764705,0.24253562503633297,0.23981246656813146,0.6458333333333333,0.21691176470588236,0.3087678125181665,0.30740623328406574
r1bqrnk1/pp2bppp/2p2n2/3p2B1/3P4/2NBPN2/PPQ2PPP/R4RK1 w - -,1600-1799,1700,186,27,0.14516129032258066,26,0.13978494623655913,160,0.8602150537634409,h2h3,0.3541666666666667,17,12.0,0.375,0.058823529411764705,0.24253562503633297,0.23981246656813146,0.6458333333333333,0.21691176470588236,0.3087678125181665,0.30740623328406574
r1bqrnk1/pp2bppp/2p2n2/3p2B1/3P4/2NBPN2/PPQ2PPP/R4RK1 w - -,1800-1999,1900,581,66,0.11359724612736662,94,0.16179001721170397,487,0.8382099827882961,h2h3,0.3541666666666667,17,12.0,0.375,0.058823529411764705,0.24253562503633297,0.23981246656813146,0.6458333333333333,0.21691176470588236,0.3087678125181665,0.30740623328406574
r1bqrnk1/pp2bppp/2p2n2/3p2B1/3P4/2NBPN2/PPQ2PPP/R4RK1 w - -,2000-2199,2100,816,51,0.0625,165,0.20220588235294118,651,0.7977941176470589,h2h3,0.3541666666666667,17,12.0,0.375,0.058823529411764705,0.24253562503633297,0.23981246656813146,0.6458333333333333,0.21691176470588236,0.3087678125181665,0.30740623328406574
r1bqrnk1/pp2bppp/2p2n2/3p2B1/3P4/2NBPN2/PPQ2PPP/R4RK1 w - -,2200-2399,2300,286,12,0.04195804195804196,76,0.26573426573426573,210,0.7342657342657343,h2h3,0.3541666666666667,17,12.0,0.375,0.058823529411764705,0.24253562503633297,0.23981246656813146,0.6458333333333333,0.21691176470588236,0.3087678125181665,0.30740623328406574
r1b1k2r/2qnbppp/p2ppn2/1p4B1/3NPPP1/2N2Q2/PPP4P/2KR1B1R w kq b6,1400-1599,1500,20,9,0.45,8,0.4,12,0.6,g5f6,0.0975609756097561,4,6.0,0.0,0.25,0.5,0.43067655807339306,0.9024390243902439,0.125,0.25,0.21533827903669653
r1b1k2r/2qnbppp/p2ppn2/1p4B1/3NPPP1/2N2Q2/PPP4P/2KR1B1R w kq b6,1600-1799,1700,173,30,0.17341040462427745,109,0.630057803468208,64,0.3699421965317919,g5f6,0.0975609756097561,4,6.0,0.0,0.25,0.5,0.43067655807339306,0.9024390243902439,0.125,0.25,0.21533827903669653
r1b1k2r/2qnbppp/p2ppn2/1p4B1/3NPPP1/2N2Q2/PPP4P/2KR1B1R w kq b6,1800-1999,1900,771,130,0.16861219195849547,509,0.6601815823605707,262,0.3398184176394293,g5f6,0.0975609756097561,4,6.0,0.0,0.25,0.5,0.43067655807339306,0.9024390243902439,0.125,0.25,0.21533827903669653
r1b1k2r/2qnbppp/p2ppn2/1p4B1/3NPPP1/2N2Q2/PPP4P/2KR1B1R w kq b6,2000-2199,2100,758,72,0.09498680738786279,605,0.7981530343007915,153,0.20184696569920843,g5f6,0.0975609756097561,4,6.0,0.0,0.25,0.5,0.43067655807339306,0.9024390243902439,0.125,0.25,0.21533827903669653
r1b1k2r/2qnbppp/p2ppn2/1p4B1/3NPPP1/2N2Q2/PPP4P/2KR1B1R w kq b6,2200-2399,2300,177,8,0.04519774011299435,153,0.864406779661017,24,0.13559322033898305,g5f6,0.0975609756097561,4,6.0,0.0,0.25,0.5,0.43067655807339306,0.9024390243902439,0.125,0.25,0.21533827903669653
r1bqr1k1/pp1nbpp1/2p2n1p/3p4/3P3B/2NBPN2/PPQ2PPP/R3K2R w KQ -,1400-1599,1500,58,12,0.20689655172413793,40,0.6896551724137931,18,0.3103448275862069,e1g1,0.4897959183673469,24,22.0,1.0,0.041666666666666664,0.20412414523193154,0.21533827903669653,0.5102040816326531,0.5208333333333334,0.6020620726159658,0.6076691395183482
r1bqr1k1/pp1nbpp1/2p2n1p/3p4/3P3B/2NBPN2/PPQ2PPP/R3K2R w KQ -,1600-1799,1700,246,33,0.13414634146341464,188,0.7642276422764228,58,0.23577235772357724,e1g1,0.4897959183673469,24,22.0,1.0,0.041666666666666664,0.20412414523193154,0.21533827903669653,0.5102040816326531,0.5208333333333334,0.6020620726159658,0.6076691395183482
r1bqr1k1/pp1nbpp1/2p2n1p/3p4/3P3B/2NBPN2/PPQ2PPP/R3K2R w KQ -,1800-1999,1900,742,63,0.08490566037735849,634,0.8544474393530997,108,0.14555256064690028,e1g1,0.4897959183673469,24,22.0,1.0,0.041666666666666664,0.20412414523193154,0.21533827903669653,0.5102040816326531,0.5208333333333334,0.6020620726159658,0.6076691395183482
r1bqr1k1/pp1nbpp1/2p2n1p/3p4/3P3B/2NBPN2/PPQ2PPP/R3K2R w KQ -,2000-2199,2100,709,78,0.11001410437235543,577,0.8138222849083215,132,0.1861777150916784,e1g1,0.4897959183673469,24,22.0,1.0,0.041666666666666664,0.20412414523193154,0.21533827903669653,0.5102040816326531,0.5208333333333334,0.6020620726159658,0.6076691395183482
r1bqr1k1/pp1nbpp1/2p2n1p/3p4/3P3B/2NBPN2/PPQ2PPP/R3K2R w KQ -,2200-2399,2300,152,22,0.14473684210526316,110,0.7236842105263158,42,0.27631578947368424,e1g1,0.4897959183673469,24,22.0,1.0,0.041666666666666664,0.20412414523193154,0.21533827903669653,0.5102040816326531,0.5208333333333334,0.6020620726159658,0.6076691395183482
r1b2rk1/pp2ppbp/2n3p1/3q4/3N4/4BP2/PPPQ2PP/R3KB1R w KQ -,1400-1599,1500,67,28,0.417910447761194,25,0.373134328358209,42,0.6268656716417911,d4c6,0.06976744186046512,3,6.0,0.0,0.3333333333333333,0.5773502691896258,0.5,0.9302325581395349,0.16666666666666666,0.2886751345948129,0.25
r1b2rk1/pp2ppbp/2n3p1/3q4/3N4/4BP2/PPPQ2PP/R3KB1R w KQ -,1600-1799,1700,398,93,0.23366834170854273,186,0.46733668341708545,212,0.5326633165829145,d4c6,0.06976744186046512,3,6.0,0.0,0.3333333333333333,0.5773502691896258,0.5,0.9302325581395349,0.16666666666666666,0.2886751345948129,0.25
r1b2rk1/pp2ppbp/2n3p1/3q4/3N4/4BP2/PPPQ2PP/R3KB1R w KQ -,1800-1999,1900,910,143,0.15714285714285714,522,0.5736263736263736,388,0.42637362637362636,d4c6,0.06976744186046512,3,6.0,0.0,0.3333333333333333,0.5773502691896258,0.5,0.9302325581395349,0.16666666666666666,0.2886751345948129,0.25
r1b2rk1/pp2ppbp/2n3p1/3q4/3N4/4BP2/PPPQ2PP/R3KB1R w KQ -,2000-2199,2100,449,43,0.0957683741648107,305,0.6792873051224945,144,0.3207126948775056,d4c6,0.06976744186046512,3,6.0,0.0,0.3333333333333333,0.5773502691896258,0.5,0.9302325581395349,0.16666666666666666,0.2886751345948129,0.25
r1b2rk1/pp2ppbp/2n3p1/3q4/3N4/4BP2/PPPQ2PP/R3KB1R w KQ -,2200-2399,2300,36,4,0.1111111111111111,31,0.8611111111111112,5,0.1388888888888889,d4c6,0.06976744186046512,3,6.0,0.0,0.3333333333333333,0.5773502691896258,0.5,0.9302325581395349,0.16666666666666666,0.2886751345948129,0.25
r1bq1rk1/pp2ppbp/2n3p1/3n4/3N4/2N1BP2/PPPQ2PP/2KR1B1R w - -,1400-1599,1500,36,23,0.6388888888888888,13,0.3611111111111111,23,0.6388888888888888,d4c6,0.02631578947368421,1,6.0,0.0,1.0,1.0,1.0,0.9736842105263158,0.5,0.5,0.5
r1bq1rk1/pp2ppbp/2n3p1/3n4/3N4/2N1BP2/PPPQ2PP/2KR1B1R w - -,1600-1799,1700,251,125,0.49800796812749004,126,0.50199203187251,125,0.49800796812749004,d4c6,0.02631578947368421,1,6.0,0.0,1.0,1.0,1.0,0.9736842105263158,0.5,0.5,0.5
r1bq1rk1/pp2ppbp/2n3p1/3n4/3N4/2N1BP2/PPPQ2PP/2KR1B1R w - -,1800-1999,1900,759,339,0.44664031620553357,420,0.5533596837944664,339,0.44664031620553357,d4c6,0.02631578947368421,1,6.0,0.0,1.0,1.0,1.0,0.9736842105263158,0.5,0.5,0.5
r1bq1rk1/pp2ppbp/2n3p1/3n4/3N4/2N1BP2/PPPQ2PP/2KR1B1R w - -,2000-2199,2100,559,148,0.26475849731663686,411,0.7352415026833632,148,0.26475849731663686,d4c6,0.02631578947368421,1,6.0,0.0,1.0,1.0,1.0,0.9736842105263158,0.5,0.5,0.5
r1bq1rk1/pp2ppbp/2n3p1/3n4/3N4/2N1BP2/PPPQ2PP/2KR1B1R w - -,2200-2399,2300,186,8,0.043010752688172046,178,0.956989247311828,8,0.043010752688172046,d4c6,0.02631578947368421,1,6.0,0.0,1.0,1.0,1.0,0.9736842105263158,0.5,0.5,0.5
rn1q1rk1/4ppbp/3p1np1/2pP4/4P3/2N2NP1/PP3PKP/R1BQ3R b - -,1400-1599,1500,19,2,0.10526315789473684,0,0.0,19,1.0,d8c8,0.5483870967741935,17,22.0,1.0,0.058823529411764705,0.24253562503633297,0.23981246656813146,0.4516129032258065,0.5294117647058824,0.6212678125181665,0.6199062332840657
rn1q1rk1/4ppbp/3p1np1/2pP4/4P3/2N2NP1/PP3PKP/R1BQ3R b - -,1600-1799,1700,160,1,0.00625,1,0.00625,159,0.99375,d8c8,0.5483870967741935,17,22.0,1.0,0.058823529411764705,0.24253562503633297,0.23981246656813146,0.4516129032258065,0.5294117647058824,0.6212678125181665,0.6199062332840657
rn1q1rk1/4ppbp/3p1np1/2pP4/4P3/2N2NP1/PP3PKP/R1BQ3R b - -,1800-1999,1900,648,9,0.013888888888888888,1,0.0015432098765432098,647,0.9984567901234568,d8c8,0.5483870967741935,17,22.0,1.0,0.058823529411764705,0.24253562503633297,0.23981246656813146,0.4516129032258065,0.5294117647058824,0.6212678125181665,0.6199062332840657
rn1q1rk1/4ppbp/3p1np1/2pP4/4P3/2N2NP1/PP3PKP/R1BQ3R b - -,2000-2199,2100,697,7,0.010043041606886656,1,0.0014347202295552368,696,0.9985652797704447,d8c8,0.5483870967741935,17,22.0,1.0,0.058823529411764705,0.24253562503633297,0.23981246656813146,0.4516129032258065,0.5294117647058824,0.6212678125181665,0.6199062332840657
rn1q1rk1/4ppbp/3p1np1/2pP4/4P3/2N2NP1/PP3PKP/R1BQ3R b - -,2200-2399,2300,239,1,0.0041841004184100415,0,0.0,239,1.0,d8c8,0.5483870967741935,17,22.0,1.0,0.058823529411764705,0.24253562503633297,0.23981246656813146,0.4516129032258065,0.5294117647058824,0.6212678125181665,0.6199062332840657
r4rk1/pppqbppp/3p1n2/6B1/3QP3/2N5/PPP2PPP/R4RK1 w - -,1400-1599,1500,515,157,0.3048543689320388,87,0.16893203883495145,428,0.8310679611650486,e4e5,0.1702127659574468,8,6.0,0.0,0.125,0.35355339059327373,0.31546487678572877,0.8297872340425532,0.0625,0.17677669529663687,0.15773243839286438
r4rk1/pppqbppp/3p1n2/6B1/3QP3/2N5/PPP2PPP/R4RK1 w - -,1600-1799,1700,680,149,0.21911764705882353,118,0.17352941176470588,562,0.8264705882352941,e4e5,0.1702127659574468,8,6.0,0.0,0.125,0.35355339059327373,0.31546487678572877,0.8297872340425532,0.0625,0.17677669529663687,0.15773243839286438
r4rk1/pppqbppp/3p1n2/6B1/3QP3/2N5/PPP2PPP/R4RK1 w - -,1800-1999,1900,315,48,0.1523809523809524,48,0.1523809523809524,267,0.8476190476190476,e4e5,0.1702127659574468,8,6.0,0.0,0.125,0.35355339059327373,0.31546487678572877,0.8297872340425532,0.0625,0.17677669529663687,0.15773243839286438
r4rk1/pppqbppp/3p1n2/6B1/3QP3/2N5/PPP2PPP/R4RK1 w - -,2000-2199,2100,40,5,0.125,6,0.15,34,0.85,e4e5,0.1702127659574468,8,6.0,0.0,0.125,0.35355339059327373,0.31546487678572877,0.8297872340425532,0.0625,0.17677669529663687,0.15773243839286438
r4rk1/pp3ppp/2nqpn2/3p4/3P2b1/2PB1N2/PP1N1PPP/R2Q1RK1 w - -,1400-1599,1500,66,0,0.0,18,0.2727272727272727,48,0.7272727272727273,f1e1,0.5675675675675675,21,8.0,0.125,0.047619047619047616,0.2182178902359924,0.22424382421757544,0.43243243243243246,0.08630952380952381,0.17160894511799618,0.17462191210878772
r4rk1/pp3ppp/2nqpn2/3p4/3P2b1/2PB1N2/PP1N1PPP/R2Q1RK1 w - -,1600-1799,1700,402,3,0.007462686567164179,78,0.19402985074626866,324,0.8059701492537313,f1e1,0.5675675675675675,21,8.0,0.125,0.047619047619047616,0.2182178902359924,0.22424382421757544,0.43243243243243246,0.08630952380952381,0.17160894511799618,0.17462191210878772
r4rk1/pp3ppp/2nqpn2/3p4/3P2b1/2PB1N2/PP1N1PPP/R2Q1RK1 w - -,1800-1999,1900,817,3,0.0036719706242350062,221,0.27050183598531213,596,0.7294981640146879,f1e1,0.5675675675675675,21,8.0,0.125,0.047619047619047616,0.2182178902359924,0.22424382421757544,0.43243243243243246,0.08630952380952381,0.17160894511799618,0.17462191210878772
r4rk1/pp3ppp/2nqpn2/3p4/3P2b1/2PB1N2/PP1N1PPP/R2Q1RK1 w - -,2000-2199,2100,390,2,0.005128205128205128,153,0.3923076923076923,237,0.6076923076923076,f1e1,0.5675675675675675,21,8.0,0.125,0.047619047619047616,0.2182178902359924,0.22424382421757544,0.43243243243243246,0.08630952380952381,0.17160894511799618,0.17462191210878772
r4rk1/pp3ppp/2nqpn2/3p4/3P2b1/2PB1N2/PP1N1PPP/R2Q1RK1 w - -,2200-2399,2300,90,0,0.0,33,0.36666666666666664,57,0.6333333333333333,f1e1,0.5675675675675675,21,8.0,0.125,0.047619047619047616,0.2182178902359924,0.22424382421757544,0.43243243243243246,0.08630952380952381,0.17160894511799618,0.17462191210878772
r1b1k2r/4qppp/p1np1n2/1p2p1B1/4P3/N7/PPP2PPP/R2QKB1R w KQkq -,1400-1599,1500,154,19,0.12337662337662338,40,0.2597402597402597,114,0.7402597402597403,c2c3,0.225,9,6.0,0.0,0.1111111111111111,0.3333333333333333,0.3010299956639812,0.775,0.05555555555555555,0.16666666666666666,0.1505149978319906
r1b1k2r/4qppp/p1np1n2/1p2p1B1/4P3/N7/PPP2PPP/R2QKB1R w KQkq -,1600-1799,1700,608,74,0.12171052631578948,159,0.26151315789473684,449,0.7384868421052632,c2c3,0.225,9,6.0,0.0,0.1111111111111111,0.3333333333333333,0.3010299956639812,0.775,0.05555555555555555,0.16666666666666666,0.1505149978319906
r1b1k2r/4qppp/p1np1n2/1p2p1B1/4P3/N7/PPP2PPP/R2QKB1R w KQkq -,1800-1999,1900,667,89,0.13343328335832083,184,0.27586206896551724,483,0.7241379310344828,c2c3,0.225,9,6.0,0.0,0.1111111111111111,0.3333333333333333,0.3010299956639812,0.775,0.05555555555555555,0.16666666666666666,0.1505149978319906
r1b1k2r/4qppp/p1np1n2/1p2p1B1/4P3/N7/PPP2PPP/R2QKB1R w KQkq -,2000-2199,2100,255,38,0.14901960784313725,72,0.2823529411764706,183,0.7176470588235294,c2c3,0.225,9,6.0,0.0,0.1111111111111111,0.3333333333333333,0.3010299956639812,0.775,0.05555555555555555,0.16666666666666666,0.1505149978319906
r1b1k2r/4qppp/p1np1n2/1p2p1B1/4P3/N7/PPP2PPP/R2QKB1R w KQkq -,2200-2399,2300,14,1,0.07142857142857142,5,0.35714285714285715,9,0.6428571428571429,c2c3,0.225,9,6.0,0.0,0.1111111111111111,0.3333333333333333,0.3010299956639812,0.775,0.05555555555555555,0.16666666666666666,0.1505149978319906
r2q1rk1/pp2ppbp/2n3p1/2p5/2BPP1b1/2P1BP2/P3N1PP/R2Q1RK1 b - -,1400-1599,1500,11,0,0.0,4,0.36363636363636365,7,0.6363636363636364,g4d7,0.0975609756097561,4,6.0,0.0,0.25,0.5,0.43067655807339306,0.9024390243902439,0.125,0.25,0.21533827903669653
r2q1rk1/pp2ppbp/2n3p1/2p5/2BPP1b1/2P1BP2/P3N1PP/R2Q1RK1 b - -,1600-1799,1700,130,5,0.038461538461538464,24,0.18461538461538463,106,0.8153846153846154,g4d7,0.0975609756097561,4,6.0,0.0,0.25,0.5,0.43067655807339306,0.9024390243902439,0.125,0.25,0.21533827903669653
r2q1rk1/pp2ppbp/2n3p1/2p5/2BPP1b1/2P1BP2/P3N1PP/R2Q1RK1 b - -,1800-1999,1900,631,1,0.001584786053882726,143,0.2266244057052298,488,0.7733755942947702,g4d7,0.0975609756097561,4,6.0,0.0,0.25,0.5,0.43067655807339306,0.9024390243902439,0.125,0.25,0.21533827903669653
r2q1rk1/pp2ppbp/2n3p1/2p5/2BPP1b1/2P1BP2/P3N1PP/R2Q1RK1 b - -,2000-2199,2100,717,0,0.0,222,0.30962343096234307,495,0.6903765690376569,g4d7,0.0975609756097561,4,6.0,0.0,0.25,0.5,0.43067655807339306,0.9024390243902439,0.125,0.25,0.21533827903669653
r2q1rk1/pp2ppbp/2n3p1/2p5/2BPP1b1/2P1BP2/P3N1PP/R2Q1RK1 b - -,2200-2399,2300,185,0,0.0,76,0.41081081081081083,109,0.5891891891891892,g4d7,0.0975609756097561,4,6.0,0.0,0.25,0.5,0.43067655807339306,0.9024390243902439,0.125,0.25,0.21533827903669653
r1bqk2r/pp4pp/2nbpn2/3p4/3P4/3B1N2/PP2NPPP/R1BQK2R w KQkq -,1400-1599,1500,10,0,0.0,7,0.7,3,0.3,e1g1,0.4146341463414634,17,6.0,0.0,0.058823529411764705,0.24253562503633297,0.23981246656813146,0.5853658536585367,0.029411764705882353,0.12126781251816648,0.11990623328406573
r1bqk2r/pp4pp/2nbpn2/3p4/3P4/3B1N2/PP2NPPP/R1BQK2R w KQkq -,1600-1799,1700,75,2,0.02666666666666667,58,0.7733333333333333,17,0.22666666666666666,e1g1,0.4146341463414634,17,6.0,0.0,0.058823529411764705,0.24253562503633297,0.23981246656813146,0.5853658536585367,0.029411764705882353,0.12126781251816648,0.11990623328406573
r1bqk2r/pp4pp/2nbpn2/3p4/3P4/3B1N2/PP2NPPP/R1BQK2R w KQkq -,1800-1999,1900,473,1,0.0021141649048625794,352,0.7441860465116279,121,0.2558139534883721,e1g1,0.4146341463414634,17,6.0,0.0,0.058823529411764705,0.24253562503633297,0.23981246656813146,0.5853658536585367,0.029411764705882353,0.12126781251816648,0.11990623328406573
r1bqk2r/pp4pp/2nbpn2/3p4/3P4/3B1N2/PP2NPPP/R1BQK2R w KQkq -,2000-2199,2100,712,1,0.0014044943820224719,552,0.7752808988764045,160,0.2247191011235955,e1g1,0.4146341463414634,17,6.0,0.0,0.058823529411764705,0.24253562503633297,0.23981246656813146,0.5853658536585367,0.029411764705882353,0.12126781251816648,0.11990623328406573
r1bqk2r/pp4pp/2nbpn2/3p4/3P4/3B1N2/PP2NPPP/R1BQK2R w KQkq -,2200-2399,2300,353,1,0.0028328611898017,312,0.8838526912181303,41,0.11614730878186968,e1g1,0.4146341463414634,17,6.0,0.0,0.058823529411764705,0.24253562503633297,0.23981246656813146,0.5853658536585367,0.029411764705882353,0.12126781251816648,0.11990623328406573
r1bq1rk1/4bppp/p2p1n2/npp1p3/4P3/2PP1N1P/PPB2PP1/RNBQ1RK1 w - c6,1400-1599,1500,71,2,0.028169014084507043,5,0.07042253521126761,66,0.9295774647887324,d3d4,0.3870967741935484,12,6.0,0.0,0.08333333333333333,0.2886751345948129,0.27023815442731974,0.6129032258064516,0.041666666666666664,0.14433756729740646,0.13511907721365987
r1bq1rk1/4bppp/p2p1n2/npp1p3/4P3/2PP1N1P/PPB2PP1/RNBQ1RK1 w - c6,1600-1799,1700,357,10,0.028011204481792718,41,0.11484593837535013,316,0.8851540616246498,d3d4,0.3870967741935484,12,6.0,0.0,0.08333333333333333,0.2886751345948129,0.27023815442731974,0.6129032258064516,0.041666666666666664,0.14433756729740646,0.13511907721365987
r1bq1rk1/4bppp/p2p1n2/npp1p3/4P3/2PP1N1P/PPB2PP1/RNBQ1RK1 w - c6,1800-1999,1900,677,7,0.0103397341211226,88,0.12998522895125553,589,0.8700147710487445,d3d4,0.3870967741935484,12,6.0,0.0,0.08333333333333333,0.2886751345948129,0.27023815442731974,0.6129032258064516,0.041666666666666664,0.14433756729740646,0.13511907721365987
r1bq1rk1/4bppp/p2p1n2/npp1p3/4P3/2PP1N1P/PPB2PP1/RNBQ1RK1 w - c6,2000-2199,2100,422,4,0.009478672985781991,44,0.10426540284360189,378,0.8957345971563981,d3d4,0.3870967741935484,12,6.0,0.0,0.08333333333333333,0.2886751345948129,0.27023815442731974,0.6129032258064516,0.041666666666666664,0.14433756729740646,0.13511907721365987
r1bq1rk1/4bppp/p2p1n2/npp1p3/4P3/2PP1N1P/PPB2PP1/RNBQ1RK1 w - c6,2200-2399,2300,84,0,0.0,10,0.11904761904761904,74,0.8809523809523809,d3d4,0.3870967741935484,12,6.0,0.0,0.08333333333333333,0.2886751345948129,0.27023815442731974,0.6129032258064516,0.041666666666666664,0.14433756729740646,0.13511907721365987
r1bq3r/ppp2kpp/8/3p4/1n1Pn3/1Q3N2/PP3PPP/RN2K2R w KQ d6,1400-1599,1500,252,0,0.0,82,0.3253968253968254,170,0.6746031746031746,f3e5,0.06666666666666667,2,10.0,0.25,0.5,0.7071067811865475,0.6309297535714575,0.9333333333333333,0.375,0.47855339059327373,0.44046487678572877
r1bq3r/ppp2kpp/8/3p4/1n1Pn3/1Q3N2/PP3PPP/RN2K2R w KQ d6,1600-1799,1700,580,0,0.0,182,0.3137931034482759,398,0.6862068965517242,f3e5,0.06666666666666667,2,10.0,0.25,0.5,0.7071067811865475,0.6309297535714575,0.9333333333333333,0.375,0.47855339059327373,0.44046487678572877
r1bq3r/ppp2kpp/8/3p4/1n1Pn3/1Q3N2/PP3PPP/RN2K2R w KQ d6,1800-1999,1900,514,0,0.0,158,0.30739299610894943,356,0.6926070038910506,f3e5,0.06666666666666667,2,10.0,0.25,0.5,0.7071067811865475,0.6309297535714575,0.9333333333333333,0.375,0.47855339059327373,0.44046487678572877
r1bq3r/ppp2kpp/8/3p4/1n1Pn3/1Q3N2/PP3PPP/RN2K2R w KQ d6,2000-2199,2100,143,0,0.0,45,0.3146853146853147,98,0.6853146853146853,f3e5,0.06666666666666667,2,10.0,0.25,0.5,0.7071067811865475,0.6309297535714575,0.9333333333333333,0.375,0.47855339059327373,0.44046487678572877
r1bq3r/ppp2kpp/8/3p4/1n1Pn3/1Q3N2/PP3PPP/RN2K2R w KQ d6,2200-2399,2300,48,0,0.0,14,0.2916666666666667,34,0.7083333333333334,f3e5,0.06666666666666667,2,10.0,0.25,0.5,0.7071067811865475,0.6309297535714575,0.9333333333333333,0.375,0.47855339059327373,0.44046487678572877
r1bq1rk1/p3ppbp/2p3p1/3n4/8/2N1BP2/PPPQ2PP/R3KB1R w KQ -,1400-1599,1500,26,11,0.4230769230769231,15,0.5769230769230769,11,0.4230769230769231,c3d5,0.044444444444444446,2,12.0,0.375,0.5,0.7071067811865475,0.6309297535714575,0.9555555555555556,0.4375,0.5410533905932737,0.5029648767857288
r1bq1rk1/p3ppbp/2p3p1/3n4/8/2N1BP2/PPPQ2PP/R3KB1R w KQ -,1600-1799,1700,315,96,0.3047619047619048,218,0.692063492063492,97,0.30793650793650795,c3d5,0.044444444444444446,2,12.0,0.375,0.5,0.7071067811865475,0.6309297535714575,0.9555555555555556,0.4375,0.5410533905932737,0.5029648767857288
r1bq1rk1/p3ppbp/2p3p1/3n4/8/2N1BP2/PPPQ2PP/R3KB1R w KQ -,1800-1999,1900,780,276,0.35384615384615387,503,0.6448717948717949,277,0.35512820512820514,c3d5,0.044444444444444446,2,12.0,0.375,0.5,0.7071067811865475,0.6309297535714575,0.9555555555555556,0.4375,0.5410533905932737,0.5029648767857288
r1bq1rk1/p3ppbp/2p3p1/3n4/8/2N1BP2/PPPQ2PP/R3KB1R w KQ -,2000-2199,2100,420,143,0.3404761904761905,277,0.6595238095238095,143,0.3404761904761905,c3d5,0.044444444444444446,2,12.0,0.375,0.5,0.7071067811865475,0.6309297535714575,0.9555555555555556,0.4375,0.5410533905932737,0.5029648767857288
r1bq1rk1/p3ppbp/2p3p1/3n4/8/2N1BP2/PPPQ2PP/R3KB1R w KQ -,2200-2399,2300,35,19,0.5428571428571428,16,0.45714285714285713,19,0.5428571428571428,c3d5,0.044444444444444446,2,12.0,0.375,0.5,0.7071067811865475,0.6309297535714575,0.9555555555555556,0.4375,0.5410533905932737,0.5029648767857288
r2q1rk1/1p1bppbp/p1np1np1/8/2PNP3/2N1BP2/PP2B1PP/R2Q1RK1 w - -,1400-1599,1500,49,3,0.061224489795918366,20,0.40816326530612246,29,0.5918367346938775,d1d2,0.42857142857142855,18,18.0,0.75,0.05555555555555555,0.23570226039551587,0.23540891336663824,0.5714285714285714,0.4027777777777778,0.49285113019775795,0.49270445668331914
r2q1rk1/1p1bppbp/p1np1np1/8/2PNP3/2N1BP2/PP2B1PP/R2Q1RK1 w - -,1600-1799,1700,298,20,0.06711409395973154,126,0.4228187919463087,172,0.5771812080536913,d1d2,0.42857142857142855,18,18.0,0.75,0.05555555555555555,0.23570226039551587,0.23540891336663824,0.5714285714285714,0.4027777777777778,0.49285113019775795,0.49270445668331914
r2q1rk1/1p1bppbp/p1np1np1/8/2PNP3/2N1BP2/PP2B1PP/R2Q1RK1 w - -,1800-1999,1900,672,37,0.05505952380952381,340,0.5059523809523809,332,0.49404761904761907,d1d2,0.42857142857142855,18,18.0,0.75,0.05555555555555555,0.23570226039551587,0.23540891336663824,0.5714285714285714,0.4027777777777778,0.49285113019775795,0.49270445668331914
r2q1rk1/1p1bppbp/p1np1np1/8/2PNP3/2N1BP2/PP2B1PP/R2Q1RK1 w - -,2000-2199,2100,423,14,0.03309692671394799,266,0.6288416075650118,157,0.37115839243498816,d1d2,0.42857142857142855,18,18.0,0.75,0.05555555555555555,0.23570226039551587,0.23540891336663824,0.5714285714285714,0.4027777777777778,0.49285113019775795,0.49270445668331914
r2q1rk1/1p1bppbp/p1np1np1/8/2PNP3/2N1BP2/PP2B1PP/R2Q1RK1 w - -,2200-2399,2300,92,1,0.010869565217391304,60,0.6521739130434783,32,0.34782608695652173,d1d2,0.42857142857142855,18,18.0,0.75,0.05555555555555555,0.23570226039551587,0.23540891336663824,0.5714285714285714,0.4027777777777778,0.49285113019775795,0.49270445668331914
r2q1rk1/pp2ppbp/1nnp2p1/8/2PP2b1/2N1BN2/PP2BPPP/R2Q1RK1 w - -,1400-1599,1500,28,23,0.8214285714285714,5,0.17857142857142858,23,0.8214285714285714,b2b3,0.05405405405405406,2,8.0,0.125,0.5,0.7071067811865475,0.6309297535714575,0.9459459459459459,0.3125,0.41605339059327373,0.37796487678572877
r2q1rk1/pp2ppbp/1nnp2p1/8/2PP2b1/2N1BN2/PP2BPPP/R2Q1RK1 w - -,1600-1799,1700,349,288,0.8252148997134671,61,0.17478510028653296,288,0.8252148997134671,b2b3,0.05405405405405406,2,8.0,0.125,0.5,0.7071067811865475,0.6309297535714575,0.9459459459459459,0.3125,0.41605339059327373,0.37796487678572877
r2q1rk1/pp2ppbp/1nnp2p1/8/2PP2b1/2N1BN2/PP2BPPP/R2Q1RK1 w - -,1800-1999,1900,724,485,0.669889502762431,236,0.3259668508287293,488,0.6740331491712708,b2b3,0.05405405405405406,2,8.0,0.125,0.5,0.7071067811865475,0.6309297535714575,0.9459459459459459,0.3125,0.41605339059327373,0.37796487678572877
r2q1rk1/pp2ppbp/1nnp2p1/8/2PP2b1/2N1BN2/PP2BPPP/R2Q1RK1 w - -,2000-2199,2100,388,168,0.4329896907216495,219,0.5644329896907216,169,0.43556701030927836,b2b3,0.05405405405405406,2,8.0,0.125,0.5,0.7071067811865475,0.6309297535714575,0.9459459459459459,0.3125,0.41605339059327373,0.37796487678572877
r2q1rk1/pp2ppbp/1nnp2p1/8/2PP2b1/2N1BN2/PP2BPPP/R2Q1RK1 w - -,2200-2399,2300,55,15,0.2727272727272727,40,0.7272727272727273,15,0.2727272727272727,b2b3,0.05405405405405406,2,8.0,0.125,0.5,0.7071067811865475,0.6309297535714575,0.9459459459459459,0.3125,0.41605339059327373,0.37796487678572877
r3kbnr/ppqnppp1/2p4p/7P/3P4/3Q1NN1/PPP2PP1/R1B1K2R w KQkq -,1400-1599,1500,11,1,0.09090909090909091,5,0.45454545454545453,6,0.5454545454545454,c1d2,0.20833333333333334,10,14.0,0.5,0.1,0.31622776601683794,0.2890648263178879,0.7916666666666666,0.3,0.408113883008419,0.39453241315894394
r3kbnr/ppqnppp1/2p4p/7P/3P4/3Q1NN1/PPP2PP1/R1B1K2R w KQkq -,1600-1799,1700,160,23,0.14375,79,0.49375,81,0.50625,c1d2,0.20833333333333334,10,14.0,0.5,0.1,0.31622776601683794,0.2890648263178879,0.7916666666666666,0.3,0.408113883008419,0.39453241315894394
r3kbnr/ppqnppp1/2p4p/7P/3P4/3Q1NN1/PPP2PP1/R1B1K2R w KQkq -,1800-1999,1900,605,57,0.09421487603305785,359,0.5933884297520661,246,0.4066115702479339,c1d2,0.20833333333333334,10,14.0,0.5,0.1,0.31622776601683794,0.2890648263178879,0.7916666666666666,0.3,0.408113883008419,0.39453241315894394
r3kbnr/ppqnppp1/2p4p/7P/3P4/3Q1NN1/PPP2PP1/R1B1K2R w KQkq -,2000-2199,2100,576,32,0.05555555555555555,417,0.7239583333333334,159,0.2760416666666667,c1d2,0.20833333333333334,10,14.0,0.5,0.1,0.31622776601683794,0.2890648263178879,0.7916666666666666,0.3,0.408113883008419,0.39453241315894394
r3kbnr/ppqnppp1/2p4p/7P/3P4/3Q1NN1/PPP2PP1/R1B1K2R w KQkq -,2200-2399,2300,168,5,0.02976190476190476,152,0.9047619047619048,16,0.09523809523809523,c1d2,0.20833333333333334,10,14.0,0.5,0.1,0.31622776601683794,0.2890648263178879,0.7916666666666666,0.3,0.408113883008419,0.39453241315894394
r1b1kb1r/pp4pp/1qn1pn2/3p4/3P4/3B1N2/PP2NPPP/R1BQK2R w KQkq -,1600-1799,1700,149,4,0.026845637583892617,132,0.8859060402684564,17,0.11409395973154363,e1g1,0.2926829268292683,12,14.0,0.5,0.08333333333333333,0.2886751345948129,0.27023815442731974,0.7073170731707317,0.2916666666666667,0.39433756729740643,0.3851190772136599
r1b1kb1r/pp4pp/1qn1pn2/3p4/3P4/3B1N2/PP2NPPP/R1BQK2R w KQkq -,1800-1999,1900,654,15,0.022935779816513763,614,0.9388379204892966,40,0.06116207951070336,e1g1,0.2926829268292683,12,14.0,0.5,0.08333333333333333,0.2886751345948129,0.27023815442731974,0.7073170731707317,0.2916666666666667,0.39433756729740643,0.3851190772136599
r1b1kb1r/pp4pp/1qn1pn2/3p4/3P4/3B1N2/PP2NPPP/R1BQK2R w KQkq -,2000-2199,2100,593,5,0.008431703204047217,578,0.9747048903878583,15,0.025295109612141653,e1g1,0.2926829268292683,12,14.0,0.5,0.08333333333333333,0.2886751345948129,0.27023815442731974,0.7073170731707317,0.2916666666666667,0.39433756729740643,0.3851190772136599
r1b1kb1r/pp4pp/1qn1pn2/3p4/3P4/3B1N2/PP2NPPP/R1BQK2R w KQkq -,2200-2399,2300,115,0,0.0,113,0.9826086956521739,2,0.017391304347826087,e1g1,0.2926829268292683,12,14.0,0.5,0.08333333333333333,0.2886751345948129,0.27023815442731974,0.7073170731707317,0.2916666666666667,0.39433756729740643,0.3851190772136599
r2q1rk1/pp1n1ppp/2pb1n2/3p2Bb/3P4/2NB1N1P/PPP2PP1/R2QR1K1 w - -,1400-1599,1500,206,30,0.14563106796116504,18,0.08737864077669903,188,0.912621359223301,d3f5,0.40816326530612246,20,22.0,1.0,0.05,0.22360679774997896,0.227670248696953,0.5918367346938775,0.525,0.6118033988749895,0.6138351243484765
r2q1rk1/pp1n1ppp/2pb1n2/3p2Bb/3P4/2NB1N1P/PPP2PP1/R2QR1K1 w - -,1600-1799,1700,617,68,0.11021069692058347,59,0.09562398703403566,558,0.9043760129659644,d3f5,0.40816326530612246,20,22.0,1.0,0.05,0.22360679774997896,0.227670248696953,0.5918367346938775,0.525,0.6118033988749895,0.6138351243484765
r2q1rk1/pp1n1ppp/2pb1n2/3p2Bb/3P4/2NB1N1P/PPP2PP1/R2QR1K1 w - -,1800-1999,1900,563,40,0.07104795737122557,75,0.13321492007104796,488,0.866785079928952,d3f5,0.40816326530612246,20,22.0,1.0,0.05,0.22360679774997896,0.227670248696953,0.5918367346938775,0.525,0.6118033988749895,0.6138351243484765
r2q1rk1/pp1n1ppp/2pb1n2/3p2Bb/3P4/2NB1N1P/PPP2PP1/R2QR1K1 w - -,2000-2199,2100,114,10,0.08771929824561403,25,0.21929824561403508,89,0.7807017543859649,d3f5,0.40816326530612246,20,22.0,1.0,0.05,0.22360679774997896,0.227670248696953,0.5918367346938775,0.525,0.6118033988749895,0.6138351243484765
r2q1rk1/pp1n1ppp/2pb1n2/3p2Bb/3P4/2NB1N1P/PPP2PP1/R2QR1K1 w - -,2200-2399,2300,16,0,0.0,7,0.4375,9,0.5625,d3f5,0.40816326530612246,20,22.0,1.0,0.05,0.22360679774997896,0.227670248696953,0.5918367346938775,0.525,0.6118033988749895,0.6138351243484765
r1bq1rk1/p2nppbp/2p3p1/3pP3/8/2N1BP2/PPPQ2PP/R3KB1R w KQ -,1400-1599,1500,22,2,0.09090909090909091,20,0.9090909090909091,2,0.09090909090909091,f3f4,0.043478260869565216,2,6.0,0.0,0.5,0.7071067811865475,0.6309297535714575,0.9565217391304348,0.25,0.35355339059327373,0.31546487678572877
r1bq1rk1/p2nppbp/2p3p1/3pP3/8/2N1BP2/PPPQ2PP/R3KB1R w KQ -,1600-1799,1700,221,22,0.09954751131221719,194,0.8778280542986425,27,0.12217194570135746,f3f4,0.043478260869565216,2,6.0,0.0,0.5,0.7071067811865475,0.6309297535714575,0.9565217391304348,0.25,0.35355339059327373,0.31546487678572877
r1bq1rk1/p2nppbp/2p3p1/3pP3/8/2N1BP2/PPPQ2PP/R3KB1R w KQ -,1800-1999,1900,817,18,0.022031823745410038,788,0.9645042839657283,29,0.03549571603427173,f3f4,0.043478260869565216,2,6.0,0.0,0.5,0.7071067811865475,0.6309297535714575,0.9565217391304348,0.25,0.35355339059327373,0.31546487678572877
r1bq1rk1/p2nppbp/2p3p1/3pP3/8/2N1BP2/PPPQ2PP/R3KB1R w KQ -,2000-2199,2100,423,8,0.018912529550827423,405,0.9574468085106383,18,0.0425531914893617,f3f4,0.043478260869565216,2,6.0,0.0,0.5,0.7071067811865475,0.6309297535714575,0.9565217391304348,0.25,0.35355339059327373,0.31546487678572877
r1bq1rk1/p2nppbp/2p3p1/3pP3/8/2N1BP2/PPPQ2PP/R3KB1R w KQ -,2200-2399,2300,25,1,0.04,24,0.96,1,0.04,f3f4,0.043478260869565216,2,6.0,0.0,0.5,0.7071067811865475,0.6309297535714575,0.9565217391304348,0.25,0.35355339059327373,0.31546487678572877
r1bqkb1r/p2n1p2/2p1pn2/1p2P1B1/2pP4/2N5/PP3PPP/R2QKB1R w KQkq -,1400-1599,1500,21,2,0.09523809523809523,1,0.047619047619047616,20,0.9523809523809523,g2g3,0.09090909090909091,4,12.0,0.375,0.25,0.5,0.43067655807339306,0.9090909090909091,0.3125,0.4375,0.40283827903669656
r1bqkb1r/p2n1p2/2p1pn2/1p2P1B1/2pP4/2N5/PP3PPP/R2QKB1R w KQkq -,1600-1799,1700,99,13,0.13131313131313133,12,0.12121212121212122,87,0.8787878787878788,g2g3,0.09090909090909091,4,12.0,0.375,0.25,0.5,0.43067655807339306,0.9090909090909091,0.3125,0.4375,0.40283827903669656
r1bqkb1r/p2n1p2/2p1pn2/1p2P1B1/2pP4/2N5/PP3PPP/R2QKB1R w KQkq -,1800-1999,1900,376,33,0.08776595744680851,115,0.3058510638297872,261,0.6941489361702128,g2g3,0.09090909090909091,4,12.0,0.375,0.25,0.5,0.43067655807339306,0.9090909090909091,0.3125,0.4375,0.40283827903669656
r1bqkb1r/p2n1p2/2p1pn2/1p2P1B1/2pP4/2N5/PP3PPP/R2QKB1R w KQkq -,2000-2199,2100,669,42,0.06278026905829596,270,0.40358744394618834,399,0.5964125560538116,g2g3,0.09090909090909091,4,12.0,0.375,0.25,0.5,0.43067655807339306,0.9090909090909091,0.3125,0.4375,0.40283827903669656
r1bqkb1r/p2n1p2/2p1pn2/1p2P1B1/2pP4/2N5/PP3PPP/R2QKB1R w KQkq -,2200-2399,2300,297,7,0.02356902356902357,141,0.47474747474747475,156,0.5252525252525253,g2g3,0.09090909090909091,4,12.0,0.375,0.25,0.5,0.43067655807339306,0.9090909090909091,0.3125,0.4375,0.40283827903669656
r1bq1rk1/2p1bppp/p1n5/1p1n4/3p4/1BP2N2/PP3PPP/RNBQR1K1 w - -,1400-1599,1500,133,7,0.05263157894736842,27,0.20300751879699247,106,0.7969924812030075,c3d4,0.18421052631578946,7,20.0,0.875,0.14285714285714285,0.3779644730092272,0.3333333333333333,0.8157894736842105,0.5089285714285714,0.6264822365046137,0.6041666666666666
r1bq1rk1/2p1bppp/p1n5/1p1n4/3p4/1BP2N2/PP3PPP/RNBQR1K1 w - -,1600-1799,1700,371,9,0.02425876010781671,73,0.1967654986522911,298,0.8032345013477089,c3d4,0.18421052631578946,7,20.0,0.875,0.14285714285714285,0.3779644730092272,0.3333333333333333,0.8157894736842105,0.5089285714285714,0.6264822365046137,0.6041666666666666
r1bq1rk1/2p1bppp/p1n5/1p1n4/3p4/1BP2N2/PP3PPP/RNBQR1K1 w - -,1800-1999,1900,644,17,0.026397515527950312,115,0.17857142857142858,529,0.8214285714285714,c3d4,0.18421052631578946,7,20.0,0.875,0.14285714285714285,0.3779644730092272,0.3333333333333333,0.8157894736842105,0.5089285714285714,0.6264822365046137,0.6041666666666666
r1bq1rk1/2p1bppp/p1n5/1p1n4/3p4/1BP2N2/PP3PPP/RNBQR1K1 w - -,2000-2199,2100,272,2,0.007352941176470588,69,0.2536764705882353,203,0.7463235294117647,c3d4,0.18421052631578946,7,20.0,0.875,0.14285714285714285,0.3779644730092272,0.3333333333333333,0.8157894736842105,0.5089285714285714,0.6264822365046137,0.6041666666666666
r1bq1rk1/2p1bppp/p1n5/1p1n4/3p4/1BP2N2/PP3PPP/RNBQR1K1 w - -,2200-2399,2300,33,0,0.0,10,0.30303030303030304,23,0.696969696969697,c3d4,0.18421052631578946,7,20.0,0.875,0.14285714285714285,0.3779644730092272,0.3333333333333333,0.8157894736842105,0.5089285714285714,0.6264822365046137,0.6041666666666666
r1bqk2r/p3bpp1/2p2n1p/n7/B3p3/5N2/PPPPQPPP/RNB1K2R w KQkq -,1400-1599,1500,411,197,0.4793187347931874,214,0.5206812652068127,197,0.4793187347931874,f3e5,0.029411764705882353,1,6.0,0.0,1.0,1.0,1.0,0.9705882352941176,0.5,0.5,0.5
r1bqk2r/p3bpp1/2p2n1p/n7/B3p3/5N2/PPPPQPPP/RNB1K2R w KQkq -,1600-1799,1700,696,280,0.40229885057471265,416,0.5977011494252874,280,0.40229885057471265,f3e5,0.029411764705882353,1,6.0,0.0,1.0,1.0,1.0,0.9705882352941176,0.5,0.5,0.5
r1bqk2r/p3bpp1/2p2n1p/n7/B3p3/5N2/PPPPQPPP/RNB1K2R w KQkq -,1800-1999,1900,273,61,0.22344322344322345,212,0.7765567765567766,61,0.22344322344322345,f3e5,0.029411764705882353,1,6.0,0.0,1.0,1.0,1.0,0.9705882352941176,0.5,0.5,0.5
r1bqk2r/p3bpp1/2p2n1p/n7/B3p3/5N2/PPPPQPPP/RNB1K2R w KQkq -,2000-2199,2100,28,5,0.17857142857142858,23,0.8214285714285714,5,0.17857142857142858,f3e5,0.029411764705882353,1,6.0,0.0,1.0,1.0,1.0,0.9705882352941176,0.5,0.5,0.5
rn1q1rk1/4ppbp/3p1np1/2pP4/4P3/2N3P1/PP3PKP/R1BQ2NR w - -,1600-1799,1700,141,3,0.02127659574468085,87,0.6170212765957447,54,0.3829787234042553,g1f3,0.4473684210526316,17,12.0,0.375,0.058823529411764705,0.24253562503633297,0.23981246656813146,0.5526315789473684,0.21691176470588236,0.3087678125181665,0.30740623328406574
rn1q1rk1/4ppbp/3p1np1/2pP4/4P3/2N3P1/PP3PKP/R1BQ2NR w - -,1800-1999,1900,581,48,0.08261617900172118,326,0.5611015490533563,255,0.4388984509466437,g1f3,0.4473684210526316,17,12.0,0.375,0.058823529411764705,0.24253562503633297,0.23981246656813146,0.5526315789473684,0.21691176470588236,0.3087678125181665,0.30740623328406574
rn1q1rk1/4ppbp/3p1np1/2pP4/4P3/2N3P1/PP3PKP/R1BQ2NR w - -,2000-2199,2100,559,42,0.07513416815742398,356,0.6368515205724508,203,0.3631484794275492,g1f3,0.4473684210526316,17,12.0,0.375,0.058823529411764705,0.24253562503633297,0.23981246656813146,0.5526315789473684,0.21691176470588236,0.3087678125181665,0.30740623328406574
rn1q1rk1/4ppbp/3p1np1/2pP4/4P3/2N3P1/PP3PKP/R1BQ2NR w - -,2200-2399,2300,173,5,0.028901734104046242,129,0.7456647398843931,44,0.2543352601156069,g1f3,0.4473684210526316,17,12.0,0.375,0.058823529411764705,0.24253562503633297,0.23981246656813146,0.5526315789473684,0.21691176470588236,0.3087678125181665,0.30740623328406574
r4rk1/pppqbppp/3p1n2/8/3QP3/2N5/PPP2PPP/R1B1R1K1 w - -,1400-1599,1500,490,146,0.2979591836734694,133,0.2714285714285714,357,0.7285714285714285,c1g5,0.6511627906976745,28,12.0,0.375,0.03571428571428571,0.1889822365046136,0.20584683246043448,0.34883720930232553,0.20535714285714285,0.2819911182523068,0.2904234162302172
r4rk1/pppqbppp/3p1n2/8/3QP3/2N5/PPP2PPP/R1B1R1K1 w - -,1600-1799,1700,429,111,0.25874125874125875,131,0.30536130536130535,298,0.6946386946386947,c1g5,0.6511627906976745,28,12.0,0.375,0.03571428571428571,0.1889822365046136,0.20584683246043448,0.34883720930232553,0.20535714285714285,0.2819911182523068,0.2904234162302172
r4rk1/pppqbppp/3p1n2/8/3QP3/2N5/PPP2PPP/R1B1R1K1 w - -,1800-1999,1900,177,24,0.13559322033898305,79,0.4463276836158192,98,0.5536723163841808,c1g5,0.6511627906976745,28,12.0,0.375,0.03571428571428571,0.1889822365046136,0.20584683246043448,0.34883720930232553,0.20535714285714285,0.2819911182523068,0.2904234162302172
r4rk1/pppqbppp/3p1n2/8/3QP3/2N5/PPP2PPP/R1B1R1K1 w - -,2000-2199,2100,31,2,0.06451612903225806,17,0.5483870967741935,14,0.45161290322580644,c1g5,0.6511627906976745,28,12.0,0.375,0.03571428571428571,0.1889822365046136,0.20584683246043448,0.34883720930232553,0.20535714285714285,0.2819911182523068,0.2904234162302172
rn1q1rk1/pp3ppp/2pb1nb1/3p2B1/3P2P1/2NB1N1P/PPP2P2/R2Q1RK1 w - -,1400-1599,1500,176,3,0.017045454545454544,35,0.19886363636363635,141,0.8011363636363636,f3e5,0.475,19,6.0,0.0,0.05263157894736842,0.22941573387056174,0.23137821315975915,0.525,0.02631578947368421,0.11470786693528087,0.11568910657987957
rn1q1rk1/pp3ppp/2pb1nb1/3p2B1/3P2P1/2NB1N1P/PPP2P2/R2Q1RK1 w - -,1600-1799,1700,577,11,0.019064124783362217,202,0.35008665511265163,375,0.6499133448873483,f3e5,0.475,19,6.0,0.0,0.05263157894736842,0.22941573387056174,0.23137821315975915,0.525,0.02631578947368421,0.11470786693528087,0.11568910657987957
rn1q1rk1/pp3ppp/2pb1nb1/3p2B1/3P2P1/2NB1N1P/PPP2P2/R2Q1RK1 w - -,1800-1999,1900,536,5,0.009328358208955223,230,0.4291044776119403,306,0.5708955223880597,f3e5,0.475,19,6.0,0.0,0.05263157894736842,0.22941573387056174,0.23137821315975915,0.525,0.02631578947368421,0.11470786693528087,0.11568910657987957
rn1q1rk1/pp3ppp/2pb1nb1/3p2B1/3P2P1/2NB1N1P/PPP2P2/R2Q1RK1 w - -,2000-2199,2100,127,1,0.007874015748031496,80,0.6299212598425197,47,0.3700787401574803,f3e5,0.475,19,6.0,0.0,0.05263157894736842,0.22941573387056174,0.23137821315975915,0.525,0.02631578947368421,0.11470786693528087,0.11568910657987957
rn1q1rk1/pp3ppp/2pb1nb1/3p2B1/3P2P1/2NB1N1P/PPP2P2/R2Q1RK1 w - -,2200-2399,2300,12,0,0.0,7,0.5833333333333334,5,0.4166666666666667,f3e5,0.475,19,6.0,0.0,0.05263157894736842,0.22941573387056174,0.23137821315975915,0.525,0.02631578947368421,0.11470786693528087,0.11568910657987957
r2q1rk1/pp2bppp/2n1pn2/3p2Bb/3P4/2PB1N1P/PP1N1PP1/R2Q1RK1 w - -,1400-1599,1500,40,3,0.075,0,0.0,40,1.0,g5f4,0.3953488372093023,17,6.0,0.0,0.058823529411764705,0.24253562503633297,0.23981246656813146,0.6046511627906976,0.029411764705882353,0.12126781251816648,0.11990623328406573
r2q1rk1/pp2bppp/2n1pn2/3p2Bb/3P4/2PB1N1P/PP1N1PP1/R2Q1RK1 w - -,1600-1799,1700,330,14,0.04242424242424243,3,0.00909090909090909,327,0.990909090909091,g5f4,0.3953488372093023,17,6.0,0.0,0.058823529411764705,0.24253562503633297,0.23981246656813146,0.6046511627906976,0.029411764705882353,0.12126781251816648,0.11990623328406573
r2q1rk1/pp2bppp/2n1pn2/3p2Bb/3P4/2PB1N1P/PP1N1PP1/R2Q1RK1 w - -,1800-1999,1900,737,27,0.036635006784260515,2,0.0027137042062415195,735,0.9972862957937585,g5f4,0.3953488372093023,17,6.0,0.0,0.058823529411764705,0.24253562503633297,0.23981246656813146,0.6046511627906976,0.029411764705882353,0.12126781251816648,0.11990623328406573
r2q1rk1/pp2bppp/2n1pn2/3p2Bb/3P4/2PB1N1P/PP1N1PP1/R2Q1RK1 w - -,2000-2199,2100,303,12,0.039603960396039604,1,0.0033003300330033004,302,0.9966996699669967,g5f4,0.3953488372093023,17,6.0,0.0,0.058823529411764705,0.24253562503633297,0.23981246656813146,0.6046511627906976,0.029411764705882353,0.12126781251816648,0.11990623328406573
r2q1rk1/pp2bppp/2n1pn2/3p2Bb/3P4/2PB1N1P/PP1N1PP1/R2Q1RK1 w - -,2200-2399,2300,31,0,0.0,1,0.03225806451612903,30,0.967741935483871,g5f4,0.3953488372093023,17,6.0,0.0,0.058823529411764705,0.24253562503633297,0.23981246656813146,0.6046511627906976,0.029411764705882353,0.12126781251816648,0.11990623328406573
r1bqr1k1/pp1nbpp1/2p2n1p/3p4/3P3B/2NBP3/PPQ1NPPP/R3K2R w KQ -,1400-1599,1500,19,3,0.15789473684210525,16,0.8421052631578947,3,0.15789473684210525,e1g1,0.45652173913043476,21,20.0,0.875,0.047619047619047616,0.2182178902359924,0.22424382421757544,0.5434782608695652,0.46130952380952384,0.5466089451179962,0.5496219121087877
r1bqr1k1/pp1nbpp1/2p2n1p/3p4/3P3B/2NBP3/PPQ1NPPP/R3K2R w KQ -,1600-1799,1700,167,12,0.0718562874251497,142,0.8502994011976048,25,0.1497005988023952,e1g1,0.45652173913043476,21,20.0,0.875,0.047619047619047616,0.2182178902359924,0.22424382421757544,0.5434782608695652,0.46130952380952384,0.5466089451179962,0.5496219121087877
r1bqr1k1/pp1nbpp1/2p2n1p/3p4/3P3B/2NBP3/PPQ1NPPP/R3K2R w KQ -,1800-1999,1900,538,43,0.07992565055762081,407,0.7565055762081785,131,0.24349442379182157,e1g1,0.45652173913043476,21,20.0,0.875,0.047619047619047616,0.2182178902359924,0.22424382421757544,0.5434782608695652,0.46130952380952384,0.5466089451179962,0.5496219121087877
r1bqr1k1/pp1nbpp1/2p2n1p/3p4/3P3B/2NBP3/PPQ1NPPP/R3K2R w KQ -,2000-2199,2100,537,34,0.0633147113594041,388,0.7225325884543762,149,0.2774674115456238,e1g1,0.45652173913043476,21,20.0,0.875,0.047619047619047616,0.2182178902359924,0.22424382421757544,0.5434782608695652,0.46130952380952384,0.5466089451179962,0.5496219121087877
r1bqr1k1/pp1nbpp1/2p2n1p/3p4/3P3B/2NBP3/PPQ1NPPP/R3K2R w KQ -,2200-2399,2300,156,18,0.11538461538461539,96,0.6153846153846154,60,0.38461538461538464,e1g1,0.45652173913043476,21,20.0,0.875,0.047619047619047616,0.2182178902359924,0.22424382421757544,0.5434782608695652,0.46130952380952384,0.5466089451179962,0.5496219121087877
r2q1rk1/pp1n1ppp/2pb1n2/3p2Bb/3P4/2N2N1P/PPP1BPP1/R2Q1RK1 w - -,1400-1599,1500,217,123,0.5668202764976958,14,0.06451612903225806,203,0.9354838709677419,f3h4,0.32432432432432434,12,6.0,0.0,0.08333333333333333,0.2886751345948129,0.27023815442731974,0.6756756756756757,0.041666666666666664,0.14433756729740646,0.13511907721365987
r2q1rk1/pp1n1ppp/2pb1n2/3p2Bb/3P4/2N2N1P/PPP1BPP1/R2Q1RK1 w - -,1600-1799,1700,636,336,0.5283018867924528,34,0.05345911949685535,602,0.9465408805031447,f3h4,0.32432432432432434,12,6.0,0.0,0.08333333333333333,0.2886751345948129,0.27023815442731974,0.6756756756756757,0.041666666666666664,0.14433756729740646,0.13511907721365987
r2q1rk1/pp1n1ppp/2pb1n2/3p2Bb/3P4/2N2N1P/PPP1BPP1/R2Q1RK1 w - -,1800-1999,1900,482,237,0.491701244813278,30,0.06224066390041494,452,0.9377593360995851,f3h4,0.32432432432432434,12,6.0,0.0,0.08333333333333333,0.2886751345948129,0.27023815442731974,0.6756756756756757,0.041666666666666664,0.14433756729740646,0.13511907721365987
r2q1rk1/pp1n1ppp/2pb1n2/3p2Bb/3P4/2N2N1P/PPP1BPP1/R2Q1RK1 w - -,2000-2199,2100,64,38,0.59375,4,0.0625,60,0.9375,f3h4,0.32432432432432434,12,6.0,0.0,0.08333333333333333,0.2886751345948129,0.27023815442731974,0.6756756756756757,0.041666666666666664,0.14433756729740646,0.13511907721365987
r1bq1rk1/pppnn1bp/3p2p1/3Ppp2/2P1P3/2NN4/PP2BPPP/R1BQ1RK1 w - f6,1600-1799,1700,67,2,0.029850746268656716,44,0.6567164179104478,23,0.34328358208955223,f2f3,0.3611111111111111,13,6.0,0.0,0.07692307692307693,0.2773500981126146,0.26264953503719357,0.6388888888888888,0.038461538461538464,0.1386750490563073,0.13132476751859679
r1bq1rk1/pppnn1bp/3p2p1/3Ppp2/2P1P3/2NN4/PP2BPPP/R1BQ1RK1 w - f6,1800-1999,1900,326,16,0.049079754601226995,149,0.4570552147239264,177,0.5429447852760736,f2f3,0.3611111111111111,13,6.0,0.0,0.07692307692307693,0.2773500981126146,0.26264953503719357,0.6388888888888888,0.038461538461538464,0.1386750490563073,0.13132476751859679
r1bq1rk1/pppnn1bp/3p2p1/3Ppp2/2P1P3/2NN4/PP2BPPP/R1BQ1RK1 w - f6,2000-2199,2100,639,26,0.0406885758998435,272,0.42566510172143973,367,0.5743348982785602,f2f3,0.3611111111111111,13,6.0,0.0,0.07692307692307693,0.2773500981126146,0.26264953503719357,0.6388888888888888,0.038461538461538464,0.1386750490563073,0.13132476751859679
r1bq1rk1/pppnn1bp/3p2p1/3Ppp2/2P1P3/2NN4/PP2BPPP/R1BQ1RK1 w - f6,2200-2399,2300,325,6,0.018461538461538463,71,0.21846153846153846,254,0.7815384615384615,f2f3,0.3611111111111111,13,6.0,0.0,0.07692307692307693,0.2773500981126146,0.26264953503719357,0.6388888888888888,0.038461538461538464,0.1386750490563073,0.13132476751859679
r1bq1rk1/4bppp/p2p1n2/npp1p3/4P3/2PP1N2/PPB2PPP/RNBQR1K1 w - c6,1400-1599,1500,57,8,0.14035087719298245,6,0.10526315789473684,51,0.8947368421052632,h2h3,0.25806451612903225,8,20.0,0.875,0.125,0.35355339059327373,0.31546487678572877,0.7419354838709677,0.5,0.6142766952966369,0.5952324383928644
r1bq1rk1/4bppp/p2p1n2/npp1p3/4P3/2PP1N2/PPB2PPP/RNBQR1K1 w - c6,1600-1799,1700,220,15,0.06818181818181818,28,0.12727272727272726,192,0.8727272727272727,h2h3,0.25806451612903225,8,20.0,0.875,0.125,0.35355339059327373,0.31546487678572877,0.7419354838709677,0.5,0.6142766952966369,0.5952324383928644
r1bq1rk1/4bppp/p2p1n2/npp1p3/4P3/2PP1N2/PPB2PPP/RNBQR1K1 w - c6,1800-1999,1900,520,8,0.015384615384615385,63,0.12115384615384615,457,0.8788461538461538,h2h3,0.25806451612903225,8,20.0,0.875,0.125,0.35355339059327373,0.31546487678572877,0.7419354838709677,0.5,0.6142766952966369,0.5952324383928644
r1bq1rk1/4bppp/p2p1n2/npp1p3/4P3/2PP1N2/PPB2PPP/RNBQR1K1 w - c6,2000-2199,2100,436,5,0.011467889908256881,43,0.09862385321100918,393,0.9013761467889908,h2h3,0.25806451612903225,8,20.0,0.875,0.125,0.35355339059327373,0.31546487678572877,0.7419354838709677,0.5,0.6142766952966369,0.5952324383928644
r1bq1rk1/4bppp/p2p1n2/npp1p3/4P3/2PP1N2/PPB2PPP/RNBQR1K1 w - c6,2200-2399,2300,115,0,0.0,5,0.043478260869565216,110,0.9565217391304348,h2h3,0.25806451612903225,8,20.0,0.875,0.125,0.35355339059327373,0.31546487678572877,0.7419354838709677,0.5,0.6142766952966369,0.5952324383928644
r1b1k2r/ppp1qppp/3p4/4n3/2P2B2/P3P3/1P1Q1PPP/R3KB1R w KQkq -,1400-1599,1500,48,0,0.0,43,0.8958333333333334,5,0.10416666666666667,f1e2,0.5714285714285714,20,8.0,0.125,0.05,0.22360679774997896,0.227670248696953,0.4285714285714286,0.0875,0.17430339887498947,0.17633512434847648
r1b1k2r/ppp1qppp/3p4/4n3/2P2B2/P3P3/1P1Q1PPP/R3KB1R w KQkq -,1600-1799,1700,249,1,0.004016064257028112,196,0.7871485943775101,53,0.21285140562248997,f1e2,0.5714285714285714,20,8.0,0.125,0.05,0.22360679774997896,0.227670248696953,0.4285714285714286,0.0875,0.17430339887498947,0.17633512434847648
r1b1k2r/ppp1qppp/3p4/4n3/2P2B2/P3P3/1P1Q1PPP/R3KB1R w KQkq -,1800-1999,1900,582,2,0.003436426116838488,481,0.8264604810996563,101,0.17353951890034364,f1e2,0.5714285714285714,20,8.0,0.125,0.05,0.22360679774997896,0.227670248696953,0.4285714285714286,0.0875,0.17430339887498947,0.17633512434847648
r1b1k2r/ppp1qppp/3p4/4n3/2P2B2/P3P3/1P1Q1PPP/R3KB1R w KQkq -,2000-2199,2100,352,0,0.0,257,0.7301136363636364,95,0.26988636363636365,f1e2,0.5714285714285714,20,8.0,0.125,0.05,0.22360679774997896,0.227670248696953,0.4285714285714286,0.0875,0.17430339887498947,0.17633512434847648
r1b1k2r/ppp1qppp/3p4/4n3/2P2B2/P3P3/1P1Q1PPP/R3KB1R w KQkq -,2200-2399,2300,85,0,0.0,52,0.611764705882353,33,0.38823529411764707,f1e2,0.5714285714285714,20,8.0,0.125,0.05,0.22360679774997896,0.227670248696953,0.4285714285714286,0.0875,0.17430339887498947,0.17633512434847648
2kr1b1r/ppp2ppp/2n1b3/q5N1/3p4/5N2/PPP2PPP/R1BQR1K1 w - -,1400-1599,1500,12,0,0.0,12,1.0,0,0.0,g5e6,0.02857142857142857,1,6.0,0.0,1.0,1.0,1.0,0.9714285714285714,0.5,0.5,0.5
2kr1b1r/ppp2ppp/2n1b3/q5N1/3p4/5N2/PPP2PPP/R1BQR1K1 w - -,1600-1799,1700,85,3,0.03529411764705882,82,0.9647058823529412,3,0.03529411764705882,g5e6,0.02857142857142857,1,6.0,0.0,1.0,1.0,1.0,0.9714285714285714,0.5,0.5,0.5
2kr1b1r/ppp2ppp/2n1b3/q5N1/3p4/5N2/PPP2PPP/R1BQR1K1 w - -,1800-1999,1900,411,13,0.031630170316301706,398,0.9683698296836983,13,0.031630170316301706,g5e6,0.02857142857142857,1,6.0,0.0,1.0,1.0,1.0,0.9714285714285714,0.5,0.5,0.5
2kr1b1r/ppp2ppp/2n1b3/q5N1/3p4/5N2/PPP2PPP/R1BQR1K1 w - -,2000-2199,2100,519,7,0.01348747591522158,512,0.9865125240847784,7,0.01348747591522158,g5e6,0.02857142857142857,1,6.0,0.0,1.0,1.0,1.0,0.9714285714285714,0.5,0.5,0.5
2kr1b1r/ppp2ppp/2n1b3/q5N1/3p4/5N2/PPP2PPP/R1BQR1K1 w - -,2200-2399,2300,239,5,0.02092050209205021,234,0.9790794979079498,5,0.02092050209205021,g5e6,0.02857142857142857,1,6.0,0.0,1.0,1.0,1.0,0.9714285714285714,0.5,0.5,0.5
r1b2rk1/pp2ppbp/2n3p1/3q4/3N4/4B3/PPP1BPPP/R2Q1RK1 w - -,1400-1599,1500,56,26,0.4642857142857143,12,0.21428571428571427,44,0.7857142857142857,e2f3,0.07692307692307693,3,6.0,0.0,0.3333333333333333,0.5773502691896258,0.5,0.9230769230769231,0.16666666666666666,0.2886751345948129,0.25
r1b2rk1/pp2ppbp/2n3p1/3q4/3N4/4B3/PPP1BPPP/R2Q1RK1 w - -,1600-1799,1700,280,97,0.3464285714285714,63,0.225,217,0.775,e2f3,0.07692307692307693,3,6.0,0.0,0.3333333333333333,0.5773502691896258,0.5,0.9230769230769231,0.16666666666666666,0.2886751345948129,0.25
r1b2rk1/pp2ppbp/2n3p1/3q4/3N4/4B3/PPP1BPPP/R2Q1RK1 w - -,1800-1999,1900,537,133,0.24767225325884543,208,0.38733705772811916,329,0.6126629422718808,e2f3,0.07692307692307693,3,6.0,0.0,0.3333333333333333,0.5773502691896258,0.5,0.9230769230769231,0.16666666666666666,0.2886751345948129,0.25
r1b2rk1/pp2ppbp/2n3p1/3q4/3N4/4B3/PPP1BPPP/R2Q1RK1 w - -,2000-2199,2100,338,37,0.10946745562130178,187,0.5532544378698225,151,0.4467455621301775,e2f3,0.07692307692307693,3,6.0,0.0,0.3333333333333333,0.5773502691896258,0.5,0.9230769230769231,0.16666666666666666,0.2886751345948129,0.25
r1b2rk1/pp2ppbp/2n3p1/3q4/3N4/4B3/PPP1BPPP/R2Q1RK1 w - -,2200-2399,2300,67,2,0.029850746268656716,50,0.746268656716418,17,0.2537313432835821,e2f3,0.07692307692307693,3,6.0,0.0,0.3333333333333333,0.5773502691896258,0.5,0.9230769230769231,0.16666666666666666,0.2886751345948129,0.25
r1b1k2r/1pq1bppp/p1nppn2/8/2B1PB2/2N2N2/PP2QPPP/R2R2K1 w kq -,1400-1599,1500,42,6,0.14285714285714285,25,0.5952380952380952,17,0.40476190476190477,a1c1,0.09615384615384616,5,12.0,0.375,0.2,0.4472135954999579,0.38685280723454163,0.9038461538461539,0.2875,0.41110679774997894,0.3809264036172708
r1b1k2r/1pq1bppp/p1nppn2/8/2B1PB2/2N2N2/PP2QPPP/R2R2K1 w kq -,1600-1799,1700,252,10,0.03968253968253968,166,0.6587301587301587,86,0.3412698412698413,a1c1,0.09615384615384616,5,12.0,0.375,0.2,0.4472135954999579,0.38685280723454163,0.9038461538461539,0.2875,0.41110679774997894,0.3809264036172708
r1b1k2r/1pq1bppp/p1nppn2/8/2B1PB2/2N2N2/PP2QPPP/R2R2K1 w kq -,1800-1999,1900,573,16,0.027923211169284468,387,0.675392670157068,186,0.32460732984293195,a1c1,0.09615384615384616,5,12.0,0.375,0.2,0.4472135954999579,0.38685280723454163,0.9038461538461539,0.2875,0.41110679774997894,0.3809264036172708
r1b1k2r/1pq1bppp/p1nppn2/8/2B1PB2/2N2N2/PP2QPPP/R2R2K1 w kq -,2000-2199,2100,359,9,0.025069637883008356,254,0.7075208913649025,105,0.2924791086350975,a1c1,0.09615384615384616,5,12.0,0.375,0.2,0.4472135954999579,0.38685280723454163,0.9038461538461539,0.2875,0.41110679774997894,0.3809264036172708
r1b1k2r/1pq1bppp/p1nppn2/8/2B1PB2/2N2N2/PP2QPPP/R2R2K1 w kq -,2200-2399,2300,54,1,0.018518518518518517,40,0.7407407407407407,14,0.25925925925925924,a1c1,0.09615384615384616,5,12.0,0.375,0.2,0.4472135954999579,0.38685280723454163,0.9038461538461539,0.2875,0.41110679774997894,0.3809264036172708
r4rk1/ppqn1ppp/2pb1n2/3p2B1/3P2b1/2PB1N2/PP1N1PPP/R2QR1K1 w - -,1400-1599,1500,45,4,0.08888888888888889,23,0.5111111111111111,22,0.4888888888888889,d1c2,0.1836734693877551,9,16.0,0.625,0.1111111111111111,0.3333333333333333,0.3010299956639812,0.8163265306122449,0.3680555555555556,0.47916666666666663,0.4630149978319906
r4rk1/ppqn1ppp/2pb1n2/3p2B1/3P2b1/2PB1N2/PP1N1PPP/R2QR1K1 w - -,1600-1799,1700,342,38,0.1111111111111111,191,0.5584795321637427,151,0.4415204678362573,d1c2,0.1836734693877551,9,16.0,0.625,0.1111111111111111,0.3333333333333333,0.3010299956639812,0.8163265306122449,0.3680555555555556,0.47916666666666663,0.4630149978319906
r4rk1/ppqn1ppp/2pb1n2/3p2B1/3P2b1/2PB1N2/PP1N1PPP/R2QR1K1 w - -,1800-1999,1900,655,52,0.07938931297709924,408,0.6229007633587786,247,0.37709923664122136,d1c2,0.1836734693877551,9,16.0,0.625,0.1111111111111111,0.3333333333333333,0.3010299956639812,0.8163265306122449,0.3680555555555556,0.47916666666666663,0.4630149978319906
r4rk1/ppqn1ppp/2pb1n2/3p2B1/3P2b1/2PB1N2/PP1N1PPP/R2QR1K1 w - -,2000-2199,2100,213,11,0.051643192488262914,130,0.6103286384976526,83,0.38967136150234744,d1c2,0.1836734693877551,9,16.0,0.625,0.1111111111111111,0.3333333333333333,0.3010299956639812,0.8163265306122449,0.3680555555555556,0.47916666666666663,0.4630149978319906
r4rk1/ppqn1ppp/2pb1n2/3p2B1/3P2b1/2PB1N2/PP1N1PPP/R2QR1K1 w - -,2200-2399,2300,22,4,0.18181818181818182,15,0.6818181818181818,7,0.3181818181818182,d1c2,0.1836734693877551,9,16.0,0.625,0.1111111111111111,0.3333333333333333,0.3010299956639812,0.8163265306122449,0.3680555555555556,0.47916666666666663,0.4630149978319906
r2qk2r/p2bbppp/2Q2n2/4p1N1/8/8/PPPP1PPP/RNB1K2R w KQkq -,1400-1599,1500,229,27,0.11790393013100436,106,0.462882096069869,123,0.537117903930131,c6f3,0.06521739130434782,3,16.0,0.625,0.3333333333333333,0.5773502691896258,0.5,0.9347826086956522,0.47916666666666663,0.6011751345948129,0.5625
r2qk2r/p2bbppp/2Q2n2/4p1N1/8/8/PPPP1PPP/RNB1K2R w KQkq -,1600-1799,1700,402,59,0.14676616915422885,203,0.5049751243781094,199,0.49502487562189057,c6f3,0.06521739130434782,3,16.0,0.625,0.3333333333333333,0.5773502691896258,0.5,0.9347826086956522,0.47916666666666663,0.6011751345948129,0.5625
r2qk2r/p2bbppp/2Q2n2/4p1N1/8/8/PPPP1PPP/RNB1K2R w KQkq -,1800-1999,1900,350,43,0.12285714285714286,177,0.5057142857142857,173,0.4942857142857143,c6f3,0.06521739130434782,3,16.0,0.625,0.3333333333333333,0.5773502691896258,0.5,0.9347826086956522,0.47916666666666663,0.6011751345948129,0.5625
r2qk2r/p2bbppp/2Q2n2/4p1N1/8/8/PPPP1PPP/RNB1K2R w KQkq -,2000-2199,2100,193,17,0.08808290155440414,82,0.42487046632124353,111,0.5751295336787565,c6f3,0.06521739130434782,3,16.0,0.625,0.3333333333333333,0.5773502691896258,0.5,0.9347826086956522,0.47916666666666663,0.6011751345948129,0.5625
r2qk2r/p2bbppp/2Q2n2/4p1N1/8/8/PPPP1PPP/RNB1K2R w KQkq -,2200-2399,2300,26,4,0.15384615384615385,5,0.19230769230769232,21,0.8076923076923077,c6f3,0.06521739130434782,3,16.0,0.625,0.3333333333333333,0.5773502691896258,0.5,0.9347826086956522,0.47916666666666663,0.6011751345948129,0.5625
r1bqr1k1/pp1nbpp1/2p2n1p/3p4/3P3B/2NBPN2/PP3PPP/R2Q1RK1 w - -,1400-1599,1500,93,9,0.0967741935483871,1,0.010752688172043012,92,0.989247311827957,f3d2,0.5813953488372093,25,10.0,0.25,0.04,0.2,0.21274605355336312,0.41860465116279066,0.145,0.225,0.23137302677668156
r1bqr1k1/pp1nbpp1/2p2n1p/3p4/3P3B/2NBPN2/PP3PPP/R2Q1RK1 w - -,1600-1799,1700,332,12,0.03614457831325301,4,0.012048192771084338,328,0.9879518072289156,f3d2,0.5813953488372093,25,10.0,0.25,0.04,0.2,0.21274605355336312,0.41860465116279066,0.145,0.225,0.23137302677668156
r1bqr1k1/pp1nbpp1/2p2n1p/3p4/3P3B/2NBPN2/PP3PPP/R2Q1RK1 w - -,1800-1999,1900,533,15,0.028142589118198873,4,0.0075046904315197,529,0.9924953095684803,f3d2,0.5813953488372093,25,10.0,0.25,0.04,0.2,0.21274605355336312,0.41860465116279066,0.145,0.225,0.23137302677668156
r1bqr1k1/pp1nbpp1/2p2n1p/3p4/3P3B/2NBPN2/PP3PPP/R2Q1RK1 w - -,2000-2199,2100,237,12,0.05063291139240506,0,0.0,237,1.0,f3d2,0.5813953488372093,25,10.0,0.25,0.04,0.2,0.21274605355336312,0.41860465116279066,0.145,0.225,0.23137302677668156
r1bqr1k1/pp1nbpp1/2p2n1p/3p4/3P3B/2NBPN2/PP3PPP/R2Q1RK1 w - -,2200-2399,2300,33,1,0.030303030303030304,0,0.0,33,1.0,f3d2,0.5813953488372093,25,10.0,0.25,0.04,0.2,0.21274605355336312,0.41860465116279066,0.145,0.225,0.23137302677668156
r4b1r/ppp4p/2n1kp2/4p3/8/8/PPPP1PPP/RNB1K2R w KQ -,1400-1599,1500,448,283,0.6316964285714286,36,0.08035714285714286,412,0.9196428571428571,d2d3,0.4090909090909091,9,6.0,0.0,0.1111111111111111,0.3333333333333333,0.3010299956639812,0.5909090909090908,0.05555555555555555,0.16666666666666666,0.1505149978319906
r4b1r/ppp4p/2n1kp2/4p3/8/8/PPPP1PPP/RNB1K2R w KQ -,1600-1799,1700,192,109,0.5677083333333334,27,0.140625,165,0.859375,d2d3,0.4090909090909091,9,6.0,0.0,0.1111111111111111,0.3333333333333333,0.3010299956639812,0.5909090909090908,0.05555555555555555,0.16666666666666666,0.1505149978319906
r4b1r/ppp4p/2n1kp2/4p3/8/8/PPPP1PPP/RNB1K2R w KQ -,1800-1999,1900,29,21,0.7241379310344828,6,0.20689655172413793,23,0.7931034482758621,d2d3,0.4090909090909091,9,6.0,0.0,0.1111111111111111,0.3333333333333333,0.3010299956639812,0.5909090909090908,0.05555555555555555,0.16666666666666666,0.1505149978319906
r1bqrnk1/pp2bppp/2p2n2/3p2B1/3P4/2NBP3/PPQ1NPPP/R4RK1 w - -,1400-1599,1500,15,1,0.06666666666666667,2,0.13333333333333333,13,0.8666666666666667,f2f3,0.5434782608695652,25,14.0,0.5,0.04,0.2,0.21274605355336312,0.4565217391304348,0.27,0.35,0.3563730267766816
r1bqrnk1/pp2bppp/2p2n2/3p2B1/3P4/2NBP3/PPQ1NPPP/R4RK1 w - -,1600-1799,1700,100,3,0.03,32,0.32,68,0.68,f2f3,0.5434782608695652,25,14.0,0.5,0.04,0.2,0.21274605355336312,0.4565217391304348,0.27,0.35,0.3563730267766816
r1bqrnk1/pp2bppp/2p2n2/3p2B1/3P4/2NBP3/PPQ1NPPP/R4RK1 w - -,1800-1999,1900,327,10,0.03058103975535168,116,0.3547400611620795,211,0.6452599388379205,f2f3,0.5434782608695652,25,14.0,0.5,0.04,0.2,0.21274605355336312,0.4565217391304348,0.27,0.35,0.3563730267766816
r1bqrnk1/pp2bppp/2p2n2/3p2B1/3P4/2NBP3/PPQ1NPPP/R4RK1 w - -,2000-2199,2100,550,12,0.02181818181818182,229,0.4163636363636364,321,0.5836363636363636,f2f3,0.5434782608695652,25,14.0,0.5,0.04,0.2,0.21274605355336312,0.4565217391304348,0.27,0.35,0.3563730267766816
r1bqrnk1/pp2bppp/2p2n2/3p2B1/3P4/2NBP3/PPQ1NPPP/R4RK1 w - -,2200-2399,2300,198,4,0.020202020202020204,102,0.5151515151515151,96,0.48484848484848486,f2f3,0.5434782608695652,25,14.0,0.5,0.04,0.2,0.21274605355336312,0.4565217391304348,0.27,0.35,0.3563730267766816
r1b1kb1r/p4pp1/2p2n1p/n3N3/3qp3/8/PPPPBPPP/RNBQK2R w KQkq -,1400-1599,1500,123,63,0.5121951219512195,60,0.4878048780487805,63,0.5121951219512195,f2f4,0.02857142857142857,1,6.0,0.0,1.0,1.0,1.0,0.9714285714285714,0.5,0.5,0.5
r1b1kb1r/p4pp1/2p2n1p/n3N3/3qp3/8/PPPPBPPP/RNBQK2R w KQkq -,1600-1799,1700,408,164,0.4019607843137255,244,0.5980392156862745,164,0.4019607843137255,f2f4,0.02857142857142857,1,6.0,0.0,1.0,1.0,1.0,0.9714285714285714,0.5,0.5,0.5
r1b1kb1r/p4pp1/2p2n1p/n3N3/3qp3/8/PPPPBPPP/RNBQK2R w KQkq -,1800-1999,1900,480,162,0.3375,318,0.6625,162,0.3375,f2f4,0.02857142857142857,1,6.0,0.0,1.0,1.0,1.0,0.9714285714285714,0.5,0.5,0.5
r1b1kb1r/p4pp1/2p2n1p/n3N3/3qp3/8/PPPPBPPP/RNBQK2R w KQkq -,2000-2199,2100,178,51,0.28651685393258425,127,0.7134831460674157,51,0.28651685393258425,f2f4,0.02857142857142857,1,6.0,0.0,1.0,1.0,1.0,0.9714285714285714,0.5,0.5,0.5
r1b1kb1r/p4pp1/2p2n1p/n3N3/3qp3/8/PPPPBPPP/RNBQK2R w KQkq -,2200-2399,2300,12,2,0.16666666666666666,10,0.8333333333333334,2,0.16666666666666666,f2f4,0.02857142857142857,1,6.0,0.0,1.0,1.0,1.0,0.9714285714285714,0.5,0.5,0.5
r2q1rk1/p1pb1ppp/2p5/2bpP3/3Nn3/4B3/PPP2PPP/RN1Q1RK1 w - -,1400-1599,1500,17,2,0.11764705882352941,1,0.058823529411764705,16,0.9411764705882353,b1d2,0.07894736842105263,3,22.0,1.0,0.3333333333333333,0.5773502691896258,0.5,0.9210526315789473,0.6666666666666666,0.7886751345948129,0.75
r2q1rk1/p1pb1ppp/2p5/2bpP3/3Nn3/4B3/PPP2PPP/RN1Q1RK1 w - -,1600-1799,1700,166,29,0.1746987951807229,45,0.2710843373493976,121,0.7289156626506024,b1d2,0.07894736842105263,3,22.0,1.0,0.3333333333333333,0.5773502691896258,0.5,0.9210526315789473,0.6666666666666666,0.7886751345948129,0.75
r2q1rk1/p1pb1ppp/2p5/2bpP3/3Nn3/4B3/PPP2PPP/RN1Q1RK1 w - -,1800-1999,1900,537,44,0.08193668528864059,114,0.2122905027932961,423,0.7877094972067039,b1d2,0.07894736842105263,3,22.0,1.0,0.3333333333333333,0.5773502691896258,0.5,0.9210526315789473,0.6666666666666666,0.7886751345948129,0.75
r2q1rk1/p1pb1ppp/2p5/2bpP3/3Nn3/4B3/PPP2PPP/RN1Q1RK1 w - -,2000-2199,2100,363,13,0.03581267217630854,67,0.18457300275482094,296,0.8154269972451791,b1d2,0.07894736842105263,3,22.0,1.0,0.3333333333333333,0.5773502691896258,0.5,0.9210526315789473,0.6666666666666666,0.7886751345948129,0.75
r2q1rk1/p1pb1ppp/2p5/2bpP3/3Nn3/4B3/PPP2PPP/RN1Q1RK1 w - -,2200-2399,2300,66,2,0.030303030303030304,19,0.2878787878787879,47,0.7121212121212122,b1d2,0.07894736842105263,3,22.0,1.0,0.3333333333333333,0.5773502691896258,0.5,0.9210526315789473,0.6666666666666666,0.7886751345948129,0.75
r1b2rk1/pp1nqppp/2p1p3/3n4/2BP4/2N1PN2/PP3PPP/R2Q1RK1 w - -,1400-1599,1500,71,1,0.014084507042253521,6,0.08450704225352113,65,0.9154929577464789,a1c1,0.7435897435897436,29,22.0,1.0,0.034482758620689655,0.18569533817705186,0.2037950470905062,0.2564102564102564,0.5172413793103449,0.5928476690885259,0.601897523545253
r1b2rk1/pp1nqppp/2p1p3/3n4/2BP4/2N1PN2/PP3PPP/R2Q1RK1 w - -,1600-1799,1700,351,2,0.005698005698005698,64,0.18233618233618235,287,0.8176638176638177,a1c1,0.7435897435897436,29,22.0,1.0,0.034482758620689655,0.18569533817705186,0.2037950470905062,0.2564102564102564,0.5172413793103449,0.5928476690885259,0.601897523545253
r1b2rk1/pp1nqppp/2p1p3/3n4/2BP4/2N1PN2/PP3PPP/R2Q1RK1 w - -,1800-1999,1900,493,3,0.006085192697768763,99,0.20081135902636918,394,0.7991886409736308,a1c1,0.7435897435897436,29,22.0,1.0,0.034482758620689655,0.18569533817705186,0.2037950470905062,0.2564102564102564,0.5172413793103449,0.5928476690885259,0.601897523545253
r1b2rk1/pp1nqppp/2p1p3/3n4/2BP4/2N1PN2/PP3PPP/R2Q1RK1 w - -,2000-2199,2100,187,0,0.0,43,0.22994652406417113,144,0.7700534759358288,a1c1,0.7435897435897436,29,22.0,1.0,0.034482758620689655,0.18569533817705186,0.2037950470905062,0.2564102564102564,0.5172413793103449,0.5928476690885259,0.601897523545253
r1b2rk1/pp1nqppp/2p1p3/3n4/2BP4/2N1PN2/PP3PPP/R2Q1RK1 w - -,2200-2399,2300,40,0,0.0,9,0.225,31,0.775,a1c1,0.7435897435897436,29,22.0,1.0,0.034482758620689655,0.18569533817705186,0.2037950470905062,0.2564102564102564,0.5172413793103449,0.5928476690885259,0.601897523545253
r2q1rk1/pp1n1pp1/2pb1n1p/3p4/3P2bB/2PB1N2/PP1N1PPP/R2Q1RK1 w - -,1400-1599,1500,48,0,0.0,2,0.041666666666666664,46,0.9583333333333334,f1e1,0.5526315789473685,21,22.0,1.0,0.047619047619047616,0.2182178902359924,0.22424382421757544,0.4473684210526315,0.5238095238095238,0.6091089451179962,0.6121219121087877
r2q1rk1/pp1n1pp1/2pb1n1p/3p4/3P2bB/2PB1N2/PP1N1PPP/R2Q1RK1 w - -,1600-1799,1700,353,0,0.0,21,0.059490084985835696,332,0.9405099150141643,f1e1,0.5526315789473685,21,22.0,1.0,0.047619047619047616,0.2182178902359924,0.22424382421757544,0.4473684210526315,0.5238095238095238,0.6091089451179962,0.6121219121087877
r2q1rk1/pp1n1pp1/2pb1n1p/3p4/3P2bB/2PB1N2/PP1N1PPP/R2Q1RK1 w - -,1800-1999,1900,546,0,0.0,44,0.08058608058608059,502,0.9194139194139194,f1e1,0.5526315789473685,21,22.0,1.0,0.047619047619047616,0.2182178902359924,0.22424382421757544,0.4473684210526315,0.5238095238095238,0.6091089451179962,0.6121219121087877
r2q1rk1/pp1n1pp1/2pb1n1p/3p4/3P2bB/2PB1N2/PP1N1PPP/R2Q1RK1 w - -,2000-2199,2100,165,0,0.0,13,0.07878787878787878,152,0.9212121212121213,f1e1,0.5526315789473685,21,22.0,1.0,0.047619047619047616,0.2182178902359924,0.22424382421757544,0.4473684210526315,0.5238095238095238,0.6091089451179962,0.6121219121087877
r2q1rk1/pp1n1pp1/2pb1n1p/3p4/3P2bB/2PB1N2/PP1N1PPP/R2Q1RK1 w - -,2200-2399,2300,23,0,0.0,2,0.08695652173913043,21,0.9130434782608695,f1e1,0.5526315789473685,21,22.0,1.0,0.047619047619047616,0.2182178902359924,0.22424382421757544,0.4473684210526315,0.5238095238095238,0.6091089451179962,0.6121219121087877
r1b1k1r1/ppq1np1Q/2n1p3/3pP3/3p4/P1P5/2P1NPPP/R1B1KB1R w KQq -,1600-1799,1700,28,8,0.2857142857142857,17,0.6071428571428571,11,0.39285714285714285,f2f4,0.1111111111111111,4,8.0,0.125,0.25,0.5,0.43067655807339306,0.8888888888888888,0.1875,0.3125,0.27783827903669656
r1b1k1r1/ppq1np1Q/2n1p3/3pP3/3p4/P1P5/2P1NPPP/R1B1KB1R w KQq -,1800-1999,1900,297,42,0.1414141414141414,245,0.8249158249158249,52,0.1750841750841751,f2f4,0.1111111111111111,4,8.0,0.125,0.25,0.5,0.43067655807339306,0.8888888888888888,0.1875,0.3125,0.27783827903669656
r1b1k1r1/ppq1np1Q/2n1p3/3pP3/3p4/P1P5/2P1NPPP/R1B1KB1R w KQq -,2000-2199,2100,553,51,0.0922242314647378,487,0.8806509945750453,66,0.11934900542495479,f2f4,0.1111111111111111,4,8.0,0.125,0.25,0.5,0.43067655807339306,0.8888888888888888,0.1875,0.3125,0.27783827903669656
r1b1k1r1/ppq1np1Q/2n1p3/3pP3/3p4/P1P5/2P1NPPP/R1B1KB1R w KQq -,2200-2399,2300,235,11,0.04680851063829787,218,0.9276595744680851,17,0.07234042553191489,f2f4,0.1111111111111111,4,8.0,0.125,0.25,0.5,0.43067655807339306,0.8888888888888888,0.1875,0.3125,0.27783827903669656
r1b1k2r/pp1n1ppp/1qn1p3/3pP3/3P4/3B1N2/PP1QNPPP/R3K2R b KQkq -,1400-1599,1500,35,8,0.22857142857142856,0,0.0,35,1.0,f7f6,0.10810810810810811,4,10.0,0.25,0.25,0.5,0.43067655807339306,0.8918918918918919,0.25,0.375,0.34033827903669656
r1b1k2r/pp1n1ppp/1qn1p3/3pP3/3P4/3B1N2/PP1QNPPP/R3K2R b KQkq -,1600-1799,1700,302,79,0.26158940397350994,16,0.052980132450331126,286,0.9470198675496688,f7f6,0.10810810810810811,4,10.0,0.25,0.25,0.5,0.43067655807339306,0.8918918918918919,0.25,0.375,0.34033827903669656
r1b1k2r/pp1n1ppp/1qn1p3/3pP3/3P4/3B1N2/PP1QNPPP/R3K2R b KQkq -,1800-1999,1900,533,103,0.19324577861163228,51,0.09568480300187618,482,0.9043151969981238,f7f6,0.10810810810810811,4,10.0,0.25,0.25,0.5,0.43067655807339306,0.8918918918918919,0.25,0.375,0.34033827903669656
r1b1k2r/pp1n1ppp/1qn1p3/3pP3/3P4/3B1N2/PP1QNPPP/R3K2R b KQkq -,2000-2199,2100,216,44,0.2037037037037037,20,0.09259259259259259,196,0.9074074074074074,f7f6,0.10810810810810811,4,10.0,0.25,0.25,0.5,0.43067655807339306,0.8918918918918919,0.25,0.375,0.34033827903669656
r1b1k2r/pp1n1ppp/1qn1p3/3pP3/3P4/3B1N2/PP1QNPPP/R3K2R b KQkq -,2200-2399,2300,36,3,0.08333333333333333,1,0.027777777777777776,35,0.9722222222222222,f7f6,0.10810810810810811,4,10.0,0.25,0.25,0.5,0.43067655807339306,0.8918918918918919,0.25,0.375,0.34033827903669656
r2q1rk1/ppp1b1pp/3ppn2/6B1/3QP3/2N5/PPP2PPP/R4RK1 w - -,1400-1599,1500,336,136,0.40476190476190477,60,0.17857142857142858,276,0.8214285714285714,e4e5,0.3191489361702128,15,22.0,1.0,0.06666666666666667,0.2581988897471611,0.25,0.6808510638297872,0.5333333333333333,0.6290994448735805,0.625
r2q1rk1/ppp1b1pp/3ppn2/6B1/3QP3/2N5/PPP2PPP/R4RK1 w - -,1600-1799,1700,455,145,0.31868131868131866,93,0.2043956043956044,362,0.7956043956043956,e4e5,0.3191489361702128,15,22.0,1.0,0.06666666666666667,0.2581988897471611,0.25,0.6808510638297872,0.5333333333333333,0.6290994448735805,0.625
r2q1rk1/ppp1b1pp/3ppn2/6B1/3QP3/2N5/PPP2PPP/R4RK1 w - -,1800-1999,1900,183,41,0.22404371584699453,51,0.2786885245901639,132,0.7213114754098361,e4e5,0.3191489361702128,15,22.0,1.0,0.06666666666666667,0.2581988897471611,0.25,0.6808510638297872,0.5333333333333333,0.6290994448735805,0.625
r2q1rk1/ppp1b1pp/3ppn2/6B1/3QP3/2N5/PPP2PPP/R4RK1 w - -,2000-2199,2100,12,2,0.16666666666666666,2,0.16666666666666666,10,0.8333333333333334,e4e5,0.3191489361702128,15,22.0,1.0,0.06666666666666667,0.2581988897471611,0.25,0.6808510638297872,0.5333333333333333,0.6290994448735805,0.625
r2q1rk1/pp1bppbp/3p1np1/4n3/3NP3/1BN1BP2/PPPQ2PP/R3K2R w KQ -,1400-1599,1500,35,11,0.3142857142857143,20,0.5714285714285714,15,0.42857142857142855,e1c1,0.13636363636363635,6,8.0,0.125,0.16666666666666666,0.4082482904638631,0.3562071871080222,0.8636363636363636,0.14583333333333331,0.26662414523193156,0.2406035935540111
r2q1rk1/pp1bppbp/3p1np1/4n3/3NP3/1BN1BP2/PPPQ2PP/R3K2R w KQ -,1600-1799,1700,244,49,0.20081967213114754,164,0.6721311475409836,80,0.32786885245901637,e1c1,0.13636363636363635,6,8.0,0.125,0.16666666666666666,0.4082482904638631,0.3562071871080222,0.8636363636363636,0.14583333333333331,0.26662414523193156,0.2406035935540111
r2q1rk1/pp1bppbp/3p1np1/4n3/3NP3/1BN1BP2/PPPQ2PP/R3K2R w KQ -,1800-1999,1900,416,63,0.15144230769230768,284,0.6826923076923077,132,0.3173076923076923,e1c1,0.13636363636363635,6,8.0,0.125,0.16666666666666666,0.4082482904638631,0.3562071871080222,0.8636363636363636,0.14583333333333331,0.26662414523193156,0.2406035935540111
r2q1rk1/pp1bppbp/3p1np1/4n3/3NP3/1BN1BP2/PPPQ2PP/R3K2R w KQ -,2000-2199,2100,284,33,0.11619718309859155,192,0.676056338028169,92,0.323943661971831,e1c1,0.13636363636363635,6,8.0,0.125,0.16666666666666666,0.4082482904638631,0.3562071871080222,0.8636363636363636,0.14583333333333331,0.26662414523193156,0.2406035935540111
r2q1rk1/pp1bppbp/3p1np1/4n3/3NP3/1BN1BP2/PPPQ2PP/R3K2R w KQ -,2200-2399,2300,92,9,0.09782608695652174,56,0.6086956521739131,36,0.391304347826087,e1c1,0.13636363636363635,6,8.0,0.125,0.16666666666666666,0.4082482904638631,0.3562071871080222,0.8636363636363636,0.14583333333333331,0.26662414523193156,0.2406035935540111
1rbq1rk1/p3ppbp/2Bp1np1/8/2P5/2N3P1/PP2PP1P/R1BQ1RK1 w - -,1400-1599,1500,80,26,0.325,28,0.35,52,0.65,c6g2,0.15217391304347827,7,20.0,0.875,0.14285714285714285,0.3779644730092272,0.3333333333333333,0.8478260869565217,0.5089285714285714,0.6264822365046137,0.6041666666666666
1rbq1rk1/p3ppbp/2Bp1np1/8/2P5/2N3P1/PP2PP1P/R1BQ1RK1 w - -,1600-1799,1700,214,43,0.20093457943925233,100,0.4672897196261682,114,0.5327102803738317,c6g2,0.15217391304347827,7,20.0,0.875,0.14285714285714285,0.3779644730092272,0.3333333333333333,0.8478260869565217,0.5089285714285714,0.6264822365046137,0.6041666666666666
1rbq1rk1/p3ppbp/2Bp1np1/8/2P5/2N3P1/PP2PP1P/R1BQ1RK1 w - -,1800-1999,1900,373,47,0.1260053619302949,244,0.6541554959785523,129,0.34584450402144773,c6g2,0.15217391304347827,7,20.0,0.875,0.14285714285714285,0.3779644730092272,0.3333333333333333,0.8478260869565217,0.5089285714285714,0.6264822365046137,0.6041666666666666
1rbq1rk1/p3ppbp/2Bp1np1/8/2P5/2N3P1/PP2PP1P/R1BQ1RK1 w - -,2000-2199,2100,290,17,0.05862068965517241,223,0.7689655172413793,67,0.23103448275862068,c6g2,0.15217391304347827,7,20.0,0.875,0.14285714285714285,0.3779644730092272,0.3333333333333333,0.8478260869565217,0.5089285714285714,0.6264822365046137,0.6041666666666666
1rbq1rk1/p3ppbp/2Bp1np1/8/2P5/2N3P1/PP2PP1P/R1BQ1RK1 w - -,2200-2399,2300,94,10,0.10638297872340426,59,0.6276595744680851,35,0.3723404255319149,c6g2,0.15217391304347827,7,20.0,0.875,0.14285714285714285,0.3779644730092272,0.3333333333333333,0.8478260869565217,0.5089285714285714,0.6264822365046137,0.6041666666666666
r2q1rk1/2p1bppp/p1np1n2/1p6/3PP1b1/1B3N2/PP3PPP/RNBQR1K1 w - -,1400-1599,1500,278,64,0.2302158273381295,38,0.1366906474820144,240,0.8633093525179856,b1c3,0.23529411764705882,8,22.0,1.0,0.125,0.35355339059327373,0.31546487678572877,0.7647058823529411,0.5625,0.6767766952966369,0.6577324383928644
r2q1rk1/2p1bppp/p1np1n2/1p6/3PP1b1/1B3N2/PP3PPP/RNBQR1K1 w - -,1600-1799,1700,388,100,0.25773195876288657,49,0.12628865979381443,339,0.8737113402061856,b1c3,0.23529411764705882,8,22.0,1.0,0.125,0.35355339059327373,0.31546487678572877,0.7647058823529411,0.5625,0.6767766952966369,0.6577324383928644
r2q1rk1/2p1bppp/p1np1n2/1p6/3PP1b1/1B3N2/PP3PPP/RNBQR1K1 w - -,1800-1999,1900,242,48,0.19834710743801653,43,0.17768595041322313,199,0.8223140495867769,b1c3,0.23529411764705882,8,22.0,1.0,0.125,0.35355339059327373,0.31546487678572877,0.7647058823529411,0.5625,0.6767766952966369,0.6577324383928644
r2q1rk1/2p1bppp/p1np1n2/1p6/3PP1b1/1B3N2/PP3PPP/RNBQR1K1 w - -,2000-2199,2100,49,3,0.061224489795918366,6,0.12244897959183673,43,0.8775510204081632,b1c3,0.23529411764705882,8,22.0,1.0,0.125,0.35355339059327373,0.31546487678572877,0.7647058823529411,0.5625,0.6767766952966369,0.6577324383928644
r2q1rk1/2p1bppp/p1np1n2/1p6/3PP1b1/1B3N2/PP3PPP/RNBQR1K1 w - -,2200-2399,2300,17,2,0.11764705882352941,2,0.11764705882352941,15,0.8823529411764706,b1c3,0.23529411764705882,8,22.0,1.0,0.125,0.35355339059327373,0.31546487678572877,0.7647058823529411,0.5625,0.6767766952966369,0.6577324383928644
r3k2r/ppp2ppp/2n1bP2/2b2qN1/2pp4/2N5/PPP2PPP/R1BQR1K1 w kq -,1400-1599,1500,14,5,0.35714285714285715,7,0.5,7,0.5,c3e4,0.047619047619047616,2,6.0,0.0,0.5,0.7071067811865475,0.6309297535714575,0.9523809523809523,0.25,0.35355339059327373,0.31546487678572877
r3k2r/ppp2ppp/2n1bP2/2b2qN1/2pp4/2N5/PPP2PPP/R1BQR1K1 w kq -,1600-1799,1700,120,22,0.18333333333333332,57,0.475,63,0.525,c3e4,0.047619047619047616,2,6.0,0.0,0.5,0.7071067811865475,0.6309297535714575,0.9523809523809523,0.25,0.35355339059327373,0.31546487678572877
r3k2r/ppp2ppp/2n1bP2/2b2qN1/2pp4/2N5/PPP2PPP/R1BQR1K1 w kq -,1800-1999,1900,498,48,0.0963855421686747,287,0.5763052208835341,211,0.42369477911646586,c3e4,0.047619047619047616,2,6.0,0.0,0.5,0.7071067811865475,0.6309297535714575,0.9523809523809523,0.25,0.35355339059327373,0.31546487678572877
r3k2r/ppp2ppp/2n1bP2/2b2qN1/2pp4/2N5/PPP2PPP/R1BQR1K1 w kq -,2000-2199,2100,358,16,0.0446927374301676,251,0.7011173184357542,107,0.2988826815642458,c3e4,0.047619047619047616,2,6.0,0.0,0.5,0.7071067811865475,0.6309297535714575,0.9523809523809523,0.25,0.35355339059327373,0.31546487678572877
r3k2r/ppp2ppp/2n1bP2/2b2qN1/2pp4/2N5/PPP2PPP/R1BQR1K1 w kq -,2200-2399,2300,56,2,0.03571428571428571,43,0.7678571428571429,13,0.23214285714285715,c3e4,0.047619047619047616,2,6.0,0.0,0.5,0.7071067811865475,0.6309297535714575,0.9523809523809523,0.25,0.35355339059327373,0.31546487678572877
r3kb1r/p2q1ppp/4pn2/3p4/8/2N5/PPP2PPP/R1BQ1RK1 w kq -,1400-1599,1500,293,3,0.010238907849829351,4,0.013651877133105802,289,0.9863481228668942,b2b3,0.6363636363636364,21,6.0,0.0,0.047619047619047616,0.2182178902359924,0.22424382421757544,0.36363636363636365,0.023809523809523808,0.1091089451179962,0.11212191210878772
r3kb1r/p2q1ppp/4pn2/3p4/8/2N5/PPP2PPP/R1BQ1RK1 w kq -,1600-1799,1700,315,6,0.01904761904761905,3,0.009523809523809525,312,0.9904761904761905,b2b3,0.6363636363636364,21,6.0,0.0,0.047619047619047616,0.2182178902359924,0.22424382421757544,0.36363636363636365,0.023809523809523808,0.1091089451179962,0.11212191210878772
r3kb1r/p2q1ppp/4pn2/3p4/8/2N5/PPP2PPP/R1BQ1RK1 w kq -,1800-1999,1900,154,6,0.03896103896103896,1,0.006493506493506494,153,0.9935064935064936,b2b3,0.6363636363636364,21,6.0,0.0,0.047619047619047616,0.2182178902359924,0.22424382421757544,0.36363636363636365,0.023809523809523808,0.1091089451179962,0.11212191210878772
r3kb1r/p2q1ppp/4pn2/3p4/8/2N5/PPP2PPP/R1BQ1RK1 w kq -,2000-2199,2100,24,1,0.041666666666666664,0,0.0,24,1.0,b2b3,0.6363636363636364,21,6.0,0.0,0.047619047619047616,0.2182178902359924,0.22424382421757544,0.36363636363636365,0.023809523809523808,0.1091089451179962,0.11212191210878772
r1b2rk1/ppq1ppbp/2n3p1/2p5/2BPP3/2P1B3/P3NPPP/R2Q1RK1 w - -,1600-1799,1700,58,8,0.13793103448275862,19,0.3275862068965517,39,0.6724137931034483,a1c1,0.4473684210526316,17,8.0,0.125,0.058823529411764705,0.24253562503633297,0.23981246656813146,0.5526315789473684,0.09191176470588236,0.18376781251816648,0.18240623328406574
r1b2rk1/ppq1ppbp/2n3p1/2p5/2BPP3/2P1B3/P3NPPP/R2Q1RK1 w - -,1800-1999,1900,377,51,0.13527851458885942,228,0.6047745358090185,149,0.3952254641909814,a1c1,0.4473684210526316,17,8.0,0.125,0.058823529411764705,0.24253562503633297,0.23981246656813146,0.5526315789473684,0.09191176470588236,0.18376781251816648,0.18240623328406574
r1b2rk1/ppq1ppbp/2n3p1/2p5/2BPP3/2P1B3/P3NPPP/R2Q1RK1 w - -,2000-2199,2100,434,49,0.11290322580645161,305,0.7027649769585254,129,0.29723502304147464,a1c1,0.4473684210526316,17,8.0,0.125,0.058823529411764705,0.24253562503633297,0.23981246656813146,0.5526315789473684,0.09191176470588236,0.18376781251816648,0.18240623328406574
r1b2rk1/ppq1ppbp/2n3p1/2p5/2BPP3/2P1B3/P3NPPP/R2Q1RK1 w - -,2200-2399,2300,127,12,0.09448818897637795,100,0.7874015748031497,27,0.2125984251968504,a1c1,0.4473684210526316,17,8.0,0.125,0.058823529411764705,0.24253562503633297,0.23981246656813146,0.5526315789473684,0.09191176470588236,0.18376781251816648,0.18240623328406574
r4rk1/pp1bppbp/2np1np1/q7/2BNP3/2N1BP2/PPPQ2PP/2KR3R w - -,1400-1599,1500,14,4,0.2857142857142857,3,0.21428571428571427,11,0.7857142857142857,c4b3,0.13043478260869565,6,16.0,0.625,0.16666666666666666,0.4082482904638631,0.3562071871080222,0.8695652173913043,0.3958333333333333,0.5166241452319316,0.49060359355401106
r4rk1/pp1bppbp/2np1np1/q7/2BNP3/2N1BP2/PPPQ2PP/2KR3R w - -,1600-1799,1700,127,11,0.08661417322834646,28,0.2204724409448819,99,0.7795275590551181,c4b3,0.13043478260869565,6,16.0,0.625,0.16666666666666666,0.4082482904638631,0.3562071871080222,0.8695652173913043,0.3958333333333333,0.5166241452319316,0.49060359355401106
r4rk1/pp1bppbp/2np1np1/q7/2BNP3/2N1BP2/PPPQ2PP/2KR3R w - -,1800-1999,1900,459,25,0.054466230936819175,102,0.2222222222222222,357,0.7777777777777778,c4b3,0.13043478260869565,6,16.0,0.625,0.16666666666666666,0.4082482904638631,0.3562071871080222,0.8695652173913043,0.3958333333333333,0.5166241452319316,0.49060359355401106
r4rk1/pp1bppbp/2np1np1/q7/2BNP3/2N1BP2/PPPQ2PP/2KR3R w - -,2000-2199,2100,301,10,0.03322259136212625,87,0.28903654485049834,214,0.7109634551495017,c4b3,0.13043478260869565,6,16.0,0.625,0.16666666666666666,0.4082482904638631,0.3562071871080222,0.8695652173913043,0.3958333333333333,0.5166241452319316,0.49060359355401106
r4rk1/pp1bppbp/2np1np1/q7/2BNP3/2N1BP2/PPPQ2PP/2KR3R w - -,2200-2399,2300,106,1,0.009433962264150943,26,0.24528301886792453,80,0.7547169811320755,c4b3,0.13043478260869565,6,16.0,0.625,0.16666666666666666,0.4082482904638631,0.3562071871080222,0.8695652173913043,0.3958333333333333,0.5166241452319316,0.49060359355401106
rnb1r3/ppp2kpp/5n2/8/4P3/8/PB1N1PPP/R3K1NR w KQ -,1400-1599,1500,68,13,0.19117647058823528,35,0.5147058823529411,33,0.4852941176470588,f2f3,0.13333333333333333,4,14.0,0.5,0.25,0.5,0.43067655807339306,0.8666666666666667,0.375,0.5,0.46533827903669656
rnb1r3/ppp2kpp/5n2/8/4P3/8/PB1N1PPP/R3K1NR w KQ -,1600-1799,1700,278,58,0.20863309352517986,114,0.41007194244604317,164,0.5899280575539568,f2f3,0.13333333333333333,4,14.0,0.5,0.25,0.5,0.43067655807339306,0.8666666666666667,0.375,0.5,0.46533827903669656
rnb1r3/ppp2kpp/5n2/8/4P3/8/PB1N1PPP/R3K1NR w KQ -,1800-1999,1900,468,46,0.09829059829059829,228,0.48717948717948717,240,0.5128205128205128,f2f3,0.13333333333333333,4,14.0,0.5,0.25,0.5,0.43067655807339306,0.8666666666666667,0.375,0.5,0.46533827903669656
rnb1r3/ppp2kpp/5n2/8/4P3/8/PB1N1PPP/R3K1NR w KQ -,2000-2199,2100,172,9,0.05232558139534884,71,0.4127906976744186,101,0.5872093023255814,f2f3,0.13333333333333333,4,14.0,0.5,0.25,0.5,0.43067655807339306,0.8666666666666667,0.375,0.5,0.46533827903669656
rnb1r3/ppp2kpp/5n2/8/4P3/8/PB1N1PPP/R3K1NR w KQ -,2200-2399,2300,19,2,0.10526315789473684,12,0.631578947368421,7,0.3684210526315789,f2f3,0.13333333333333333,4,14.0,0.5,0.25,0.5,0.43067655807339306,0.8666666666666667,0.375,0.5,0.46533827903669656
r1bq1r2/p3ppkp/2pp1np1/8/4P3/2N5/PPPQ1PPP/R3KB1R w KQ -,1400-1599,1500,314,3,0.009554140127388535,2,0.006369426751592357,312,0.9936305732484076,h2h3,0.35,14,22.0,1.0,0.07142857142857142,0.2672612419124244,0.2559580248098155,0.65,0.5357142857142857,0.6336306209562121,0.6279790124049077
r1bq1r2/p3ppkp/2pp1np1/8/4P3/2N5/PPPQ1PPP/R3KB1R w KQ -,1600-1799,1700,375,2,0.005333333333333333,4,0.010666666666666666,371,0.9893333333333333,h2h3,0.35,14,22.0,1.0,0.07142857142857142,0.2672612419124244,0.2559580248098155,0.65,0.5357142857142857,0.6336306209562121,0.6279790124049077
r1bq1r2/p3ppkp/2pp1np1/8/4P3/2N5/PPPQ1PPP/R3KB1R w KQ -,1800-1999,1900,192,1,0.005208333333333333,1,0.005208333333333333,191,0.9947916666666666,h2h3,0.35,14,22.0,1.0,0.07142857142857142,0.2672612419124244,0.2559580248098155,0.65,0.5357142857142857,0.6336306209562121,0.6279790124049077
r1bq1r2/p3ppkp/2pp1np1/8/4P3/2N5/PPPQ1PPP/R3KB1R w KQ -,2000-2199,2100,23,0,0.0,0,0.0,23,1.0,h2h3,0.35,14,22.0,1.0,0.07142857142857142,0.2672612419124244,0.2559580248098155,0.65,0.5357142857142857,0.6336306209562121,0.6279790124049077
r1bq1rk1/pp3ppp/2pbpn2/8/2PPB3/5N2/PP3PPP/R1BQ1RK1 w - -,1400-1599,1500,22,6,0.2727272727272727,12,0.5454545454545454,10,0.45454545454545453,e4c2,0.05263157894736842,2,8.0,0.125,0.5,0.7071067811865475,0.6309297535714575,0.9473684210526316,0.3125,0.41605339059327373,0.37796487678572877
r1bq1rk1/pp3ppp/2pbpn2/8/2PPB3/5N2/PP3PPP/R1BQ1RK1 w - -,1600-1799,1700,116,20,0.1724137931034483,83,0.7155172413793104,33,0.28448275862068967,e4c2,0.05263157894736842,2,8.0,0.125,0.5,0.7071067811865475,0.6309297535714575,0.9473684210526316,0.3125,0.41605339059327373,0.37796487678572877
r1bq1rk1/pp3ppp/2pbpn2/8/2PPB3/5N2/PP3PPP/R1BQ1RK1 w - -,1800-1999,1900,380,33,0.0868421052631579,321,0.8447368421052631,59,0.15526315789473685,e4c2,0.05263157894736842,2,8.0,0.125,0.5,0.7071067811865475,0.6309297535714575,0.9473684210526316,0.3125,0.41605339059327373,0.37796487678572877
r1bq1rk1/pp3ppp/2pbpn2/8/2PPB3/5N2/PP3PPP/R1BQ1RK1 w - -,2000-2199,2100,354,15,0.0423728813559322,331,0.9350282485875706,23,0.06497175141242938,e4c2,0.05263157894736842,2,8.0,0.125,0.5,0.7071067811865475,0.6309297535714575,0.9473684210526316,0.3125,0.41605339059327373,0.37796487678572877
r1bq1rk1/pp3ppp/2pbpn2/8/2PPB3/5N2/PP3PPP/R1BQ1RK1 w - -,2200-2399,2300,112,0,0.0,107,0.9553571428571429,5,0.044642857142857144,e4c2,0.05263157894736842,2,8.0,0.125,0.5,0.7071067811865475,0.6309297535714575,0.9473684210526316,0.3125,0.41605339059327373,0.37796487678572877
r1bq1rk1/pp2ppbp/2n3p1/8/2BPP3/4B3/P3NPPP/R2Q1RK1 b - -,1400-1599,1500,14,2,0.14285714285714285,3,0.21428571428571427,11,0.7857142857142857,c8g4,0.34285714285714286,12,12.0,0.375,0.08333333333333333,0.2886751345948129,0.27023815442731974,0.6571428571428571,0.22916666666666666,0.33183756729740643,0.3226190772136599
r1bq1rk1/pp2ppbp/2n3p1/8/2BPP3/4B3/P3NPPP/R2Q1RK1 b - -,1600-1799,1700,163,19,0.1165644171779141,50,0.3067484662576687,113,0.6932515337423313,c8g4,0.34285714285714286,12,12.0,0.375,0.08333333333333333,0.2886751345948129,0.27023815442731974,0.6571428571428571,0.22916666666666666,0.33183756729740643,0.3226190772136599
r1bq1rk1/pp2ppbp/2n3p1/8/2BPP3/4B3/P3NPPP/R2Q1RK1 b - -,1800-1999,1900,518,31,0.059845559845559844,174,0.3359073359073359,344,0.6640926640926641,c8g4,0.34285714285714286,12,12.0,0.375,0.08333333333333333,0.2886751345948129,0.27023815442731974,0.6571428571428571,0.22916666666666666,0.33183756729740643,0.3226190772136599
r1bq1rk1/pp2ppbp/2n3p1/8/2BPP3/4B3/P3NPPP/R2Q1RK1 b - -,2000-2199,2100,258,21,0.08139534883720931,65,0.25193798449612403,193,0.748062015503876,c8g4,0.34285714285714286,12,12.0,0.375,0.08333333333333333,0.2886751345948129,0.27023815442731974,0.6571428571428571,0.22916666666666666,0.33183756729740643,0.3226190772136599
r1bq1rk1/pp2ppbp/2n3p1/8/2BPP3/4B3/P3NPPP/R2Q1RK1 b - -,2200-2399,2300,36,1,0.027777777777777776,15,0.4166666666666667,21,0.5833333333333334,c8g4,0.34285714285714286,12,12.0,0.375,0.08333333333333333,0.2886751345948129,0.27023815442731974,0.6571428571428571,0.22916666666666666,0.33183756729740643,0.3226190772136599
rnbqr1k1/pp3pbp/5np1/2pPP3/8/2N2N2/PP2B1PP/R1BQK2R b KQ -,1600-1799,1700,33,9,0.2727272727272727,24,0.7272727272727273,9,0.2727272727272727,f6g4,0.02702702702702703,1,6.0,0.0,1.0,1.0,1.0,0.972972972972973,0.5,0.5,0.5
rnbqr1k1/pp3pbp/5np1/2pPP3/8/2N2N2/PP2B1PP/R1BQK2R b KQ -,1800-1999,1900,287,21,0.07317073170731707,266,0.926829268292683,21,0.07317073170731707,f6g4,0.02702702702702703,1,6.0,0.0,1.0,1.0,1.0,0.972972972972973,0.5,0.5,0.5
rnbqr1k1/pp3pbp/5np1/2pPP3/8/2N2N2/PP2B1PP/R1BQK2R b KQ -,2000-2199,2100,519,20,0.038535645472061654,499,0.9614643545279383,20,0.038535645472061654,f6g4,0.02702702702702703,1,6.0,0.0,1.0,1.0,1.0,0.972972972972973,0.5,0.5,0.5
rnbqr1k1/pp3pbp/5np1/2pPP3/8/2N2N2/PP2B1PP/R1BQK2R b KQ -,2200-2399,2300,135,2,0.014814814814814815,133,0.9851851851851852,2,0.014814814814814815,f6g4,0.02702702702702703,1,6.0,0.0,1.0,1.0,1.0,0.972972972972973,0.5,0.5,0.5
r2q1rk1/2p1bppp/p2p1n2/np2p3/4P1b1/2PP1N2/PPBN1PPP/R1BQR1K1 b - -,1400-1599,1500,79,4,0.05063291139240506,65,0.8227848101265823,14,0.17721518987341772,c7c5,0.45454545454545453,15,6.0,0.0,0.06666666666666667,0.2581988897471611,0.25,0.5454545454545454,0.03333333333333333,0.12909944487358055,0.125
r2q1rk1/2p1bppp/p2p1n2/np2p3/4P1b1/2PP1N2/PPBN1PPP/R1BQR1K1 b - -,1600-1799,1700,270,13,0.04814814814814815,228,0.8444444444444444,42,0.15555555555555556,c7c5,0.45454545454545453,15,6.0,0.0,0.06666666666666667,0.2581988897471611,0.25,0.5454545454545454,0.03333333333333333,0.12909944487358055,0.125
r2q1rk1/2p1bppp/p2p1n2/np2p3/4P1b1/2PP1N2/PPBN1PPP/R1BQR1K1 b - -,1800-1999,1900,418,9,0.0215311004784689,390,0.9330143540669856,28,0.06698564593301436,c7c5,0.45454545454545453,15,6.0,0.0,0.06666666666666667,0.2581988897471611,0.25,0.5454545454545454,0.03333333333333333,0.12909944487358055,0.125
r2q1rk1/2p1bppp/p2p1n2/np2p3/4P1b1/2PP1N2/PPBN1PPP/R1BQR1K1 b - -,2000-2199,2100,181,5,0.027624309392265192,173,0.9558011049723757,8,0.04419889502762431,c7c5,0.45454545454545453,15,6.0,0.0,0.06666666666666667,0.2581988897471611,0.25,0.5454545454545454,0.03333333333333333,0.12909944487358055,0.125
r2q1rk1/2p1bppp/p2p1n2/np2p3/4P1b1/2PP1N2/PPBN1PPP/R1BQR1K1 b - -,2200-2399,2300,10,0,0.0,10,1.0,0,0.0,c7c5,0.45454545454545453,15,6.0,0.0,0.06666666666666667,0.2581988897471611,0.25,0.5454545454545454,0.03333333333333333,0.12909944487358055,0.125
r2q1rk1/pp2ppbp/3pbnp1/8/2PBP3/2N5/PP2BPPP/R2Q1RK1 w - -,1400-1599,1500,11,0,0.0,2,0.18181818181818182,9,0.8181818181818182,f2f4,0.5263157894736842,20,10.0,0.25,0.05,0.22360679774997896,0.227670248696953,0.4736842105263158,0.15,0.23680339887498947,0.23883512434847648
r2q1rk1/pp2ppbp/3pbnp1/8/2PBP3/2N5/PP2BPPP/R2Q1RK1 w - -,1600-1799,1700,95,7,0.07368421052631578,13,0.1368421052631579,82,0.8631578947368421,f2f4,0.5263157894736842,20,10.0,0.25,0.05,0.22360679774997896,0.227670248696953,0.4736842105263158,0.15,0.23680339887498947,0.23883512434847648
r2q1rk1/pp2ppbp/3pbnp1/8/2PBP3/2N5/PP2BPPP/R2Q1RK1 w - -,1800-1999,1900,324,12,0.037037037037037035,32,0.09876543209876543,292,0.9012345679012346,f2f4,0.5263157894736842,20,10.0,0.25,0.05,0.22360679774997896,0.227670248696953,0.4736842105263158,0.15,0.23680339887498947,0.23883512434847648
r2q1rk1/pp2ppbp/3pbnp1/8/2PBP3/2N5/PP2BPPP/R2Q1RK1 w - -,2000-2199,2100,396,8,0.020202020202020204,35,0.08838383838383838,361,0.9116161616161617,f2f4,0.5263157894736842,20,10.0,0.25,0.05,0.22360679774997896,0.227670248696953,0.4736842105263158,0.15,0.23680339887498947,0.23883512434847648
r2q1rk1/pp2ppbp/3pbnp1/8/2PBP3/2N5/PP2BPPP/R2Q1RK1 w - -,2200-2399,2300,123,3,0.024390243902439025,15,0.12195121951219512,108,0.8780487804878049,f2f4,0.5263157894736842,20,10.0,0.25,0.05,0.22360679774997896,0.227670248696953,0.4736842105263158,0.15,0.23680339887498947,0.23883512434847648
r2q1rk1/1p1bppbp/p1np1np1/8/2PNP3/2N1B3/PP2BPPP/2RQ1RK1 w - -,1400-1599,1500,20,0,0.0,1,0.05,19,0.95,d4c2,0.38095238095238093,16,14.0,0.5,0.0625,0.25,0.24465054211822604,0.6190476190476191,0.28125,0.375,0.372325271059113
r2q1rk1/1p1bppbp/p1np1np1/8/2PNP3/2N1B3/PP2BPPP/2RQ1RK1 w - -,1600-1799,1700,145,8,0.05517241379310345,2,0.013793103448275862,143,0.9862068965517241,d4c2,0.38095238095238093,16,14.0,0.5,0.0625,0.25,0.24465054211822604,0.6190476190476191,0.28125,0.375,0.372325271059113
r2q1rk1/1p1bppbp/p1np1np1/8/2PNP3/2N1B3/PP2BPPP/2RQ1RK1 w - -,1800-1999,1900,452,17,0.03761061946902655,11,0.024336283185840708,441,0.9756637168141593,d4c2,0.38095238095238093,16,14.0,0.5,0.0625,0.25,0.24465054211822604,0.6190476190476191,0.28125,0.375,0.372325271059113
r2q1rk1/1p1bppbp/p1np1np1/8/2PNP3/2N1B3/PP2BPPP/2RQ1RK1 w - -,2000-2199,2100,305,12,0.03934426229508197,4,0.013114754098360656,301,0.9868852459016394,d4c2,0.38095238095238093,16,14.0,0.5,0.0625,0.25,0.24465054211822604,0.6190476190476191,0.28125,0.375,0.372325271059113
r2q1rk1/1p1bppbp/p1np1np1/8/2PNP3/2N1B3/PP2BPPP/2RQ1RK1 w - -,2200-2399,2300,39,1,0.02564102564102564,5,0.1282051282051282,34,0.8717948717948718,d4c2,0.38095238095238093,16,14.0,0.5,0.0625,0.25,0.24465054211822604,0.6190476190476191,0.28125,0.375,0.372325271059113
r1bq1rk1/1p2ppbp/p2p1np1/8/2BBP3/2N2P2/PPPQ2PP/2KR3R b - -,1400-1599,1500,94,6,0.06382978723404255,80,0.851063829787234,14,0.14893617021276595,b7b5,0.25806451612903225,8,6.0,0.0,0.125,0.35355339059327373,0.31546487678572877,0.7419354838709677,0.0625,0.17677669529663687,0.15773243839286438
r1bq1rk1/1p2ppbp/p2p1np1/8/2BBP3/2N2P2/PPPQ2PP/2KR3R b - -,1600-1799,1700,328,12,0.036585365853658534,292,0.8902439024390244,36,0.10975609756097561,b7b5,0.25806451612903225,8,6.0,0.0,0.125,0.35355339059327373,0.31546487678572877,0.7419354838709677,0.0625,0.17677669529663687,0.15773243839286438
r1bq1rk1/1p2ppbp/p2p1np1/8/2BBP3/2N2P2/PPPQ2PP/2KR3R b - -,1800-1999,1900,393,13,0.03307888040712468,342,0.8702290076335878,51,0.1297709923664122,b7b5,0.25806451612903225,8,6.0,0.0,0.125,0.35355339059327373,0.31546487678572877,0.7419354838709677,0.0625,0.17677669529663687,0.15773243839286438
r1bq1rk1/1p2ppbp/p2p1np1/8/2BBP3/2N2P2/PPPQ2PP/2KR3R b - -,2000-2199,2100,114,2,0.017543859649122806,90,0.7894736842105263,24,0.21052631578947367,b7b5,0.25806451612903225,8,6.0,0.0,0.125,0.35355339059327373,0.31546487678572877,0.7419354838709677,0.0625,0.17677669529663687,0.15773243839286438
r1b2rk1/pp1n1ppp/1qn1p3/3pP3/1b1P4/3B1N2/PP1BNPPP/R2QK2R w KQ -,1400-1599,1500,34,0,0.0,29,0.8529411764705882,5,0.14705882352941177,e1g1,0.2972972972972973,11,14.0,0.5,0.09090909090909091,0.30151134457776363,0.27894294565112987,0.7027027027027026,0.29545454545454547,0.4007556722888818,0.38947147282556493
r1b2rk1/pp1n1ppp/1qn1p3/3pP3/1b1P4/3B1N2/PP1BNPPP/R2QK2R w KQ -,1600-1799,1700,270,1,0.003703703703703704,219,0.8111111111111111,51,0.18888888888888888,e1g1,0.2972972972972973,11,14.0,0.5,0.09090909090909091,0.30151134457776363,0.27894294565112987,0.7027027027027026,0.29545454545454547,0.4007556722888818,0.38947147282556493
r1b2rk1/pp1n1ppp/1qn1p3/3pP3/1b1P4/3B1N2/PP1BNPPP/R2QK2R w KQ -,1800-1999,1900,449,2,0.004454342984409799,385,0.8574610244988864,64,0.14253897550111358,e1g1,0.2972972972972973,11,14.0,0.5,0.09090909090909091,0.30151134457776363,0.27894294565112987,0.7027027027027026,0.29545454545454547,0.4007556722888818,0.38947147282556493
r1b2rk1/pp1n1ppp/1qn1p3/3pP3/1b1P4/3B1N2/PP1BNPPP/R2QK2R w KQ -,2000-2199,2100,182,2,0.01098901098901099,172,0.945054945054945,10,0.054945054945054944,e1g1,0.2972972972972973,11,14.0,0.5,0.09090909090909091,0.30151134457776363,0.27894294565112987,0.7027027027027026,0.29545454545454547,0.4007556722888818,0.38947147282556493
r1bqnrk1/ppp1n1bp/3p2p1/3Ppp2/2P1P3/2NN4/PP2BPPP/R1BQ1RK1 w - f6,1600-1799,1700,58,0,0.0,36,0.6206896551724138,22,0.3793103448275862,f2f3,0.3333333333333333,12,6.0,0.0,0.08333333333333333,0.2886751345948129,0.27023815442731974,0.6666666666666667,0.041666666666666664,0.14433756729740646,0.13511907721365987
r1bqnrk1/ppp1n1bp/3p2p1/3Ppp2/2P1P3/2NN4/PP2BPPP/R1BQ1RK1 w - f6,1800-1999,1900,251,5,0.0199203187250996,123,0.4900398406374502,128,0.5099601593625498,f2f3,0.3333333333333333,12,6.0,0.0,0.08333333333333333,0.2886751345948129,0.27023815442731974,0.6666666666666667,0.041666666666666664,0.14433756729740646,0.13511907721365987
r1bqnrk1/ppp1n1bp/3p2p1/3Ppp2/2P1P3/2NN4/PP2BPPP/R1BQ1RK1 w - f6,2000-2199,2100,466,4,0.008583690987124463,201,0.4313304721030043,265,0.5686695278969958,f2f3,0.3333333333333333,12,6.0,0.0,0.08333333333333333,0.2886751345948129,0.27023815442731974,0.6666666666666667,0.041666666666666664,0.14433756729740646,0.13511907721365987
r1bqnrk1/ppp1n1bp/3p2p1/3Ppp2/2P1P3/2NN4/PP2BPPP/R1BQ1RK1 w - f6,2200-2399,2300,143,2,0.013986013986013986,33,0.23076923076923078,110,0.7692307692307693,f2f3,0.3333333333333333,12,6.0,0.0,0.08333333333333333,0.2886751345948129,0.27023815442731974,0.6666666666666667,0.041666666666666664,0.14433756729740646,0.13511907721365987
r2qr1k1/1bp1bppp/p1np1n2/1p2p3/3PP3/1BP2N1P/PP3PP1/RNBQR1K1 w - -,1400-1599,1500,27,8,0.2962962962962963,9,0.3333333333333333,18,0.6666666666666666,b1d2,0.4444444444444444,16,10.0,0.25,0.0625,0.25,0.24465054211822604,0.5555555555555556,0.15625,0.25,0.247325271059113
r2qr1k1/1bp1bppp/p1np1n2/1p2p3/3PP3/1BP2N1P/PP3PP1/RNBQR1K1 w - -,1600-1799,1700,105,13,0.12380952380952381,46,0.4380952380952381,59,0.5619047619047619,b1d2,0.4444444444444444,16,10.0,0.25,0.0625,0.25,0.24465054211822604,0.5555555555555556,0.15625,0.25,0.247325271059113
r2qr1k1/1bp1bppp/p1np1n2/1p2p3/3PP3/1BP2N1P/PP3PP1/RNBQR1K1 w - -,1800-1999,1900,256,31,0.12109375,123,0.48046875,133,0.51953125,b1d2,0.4444444444444444,16,10.0,0.25,0.0625,0.25,0.24465054211822604,0.5555555555555556,0.15625,0.25,0.247325271059113
r2qr1k1/1bp1bppp/p1np1n2/1p2p3/3PP3/1BP2N1P/PP3PP1/RNBQR1K1 w - -,2000-2199,2100,232,17,0.07327586206896551,128,0.5517241379310345,104,0.4482758620689655,b1d2,0.4444444444444444,16,10.0,0.25,0.0625,0.25,0.24465054211822604,0.5555555555555556,0.15625,0.25,0.247325271059113
r2qr1k1/1bp1bppp/p1np1n2/1p2p3/3PP3/1BP2N1P/PP3PP1/RNBQR1K1 w - -,2200-2399,2300,244,3,0.012295081967213115,163,0.6680327868852459,81,0.3319672131147541,b1d2,0.4444444444444444,16,10.0,0.25,0.0625,0.25,0.24465054211822604,0.5555555555555556,0.15625,0.25,0.247325271059113
r2q1rk1/pp2bppp/2n1pn2/1B1p2B1/3P4/2N2Q1P/PPP2PP1/R4RK1 w - -,1400-1599,1500,198,122,0.6161616161616161,39,0.19696969696969696,159,0.803030303030303,b5c6,0.16666666666666666,8,6.0,0.0,0.125,0.35355339059327373,0.31546487678572877,0.8333333333333334,0.0625,0.17677669529663687,0.15773243839286438
r2q1rk1/pp2bppp/2n1pn2/1B1p2B1/3P4/2N2Q1P/PPP2PP1/R4RK1 w - -,1600-1799,1700,305,140,0.45901639344262296,84,0.2754098360655738,221,0.7245901639344262,b5c6,0.16666666666666666,8,6.0,0.0,0.125,0.35355339059327373,0.31546487678572877,0.8333333333333334,0.0625,0.17677669529663687,0.15773243839286438
r2q1rk1/pp2bppp/2n1pn2/1B1p2B1/3P4/2N2Q1P/PPP2PP1/R4RK1 w - -,1800-1999,1900,255,72,0.2823529411764706,95,0.37254901960784315,160,0.6274509803921569,b5c6,0.16666666666666666,8,6.0,0.0,0.125,0.35355339059327373,0.31546487678572877,0.8333333333333334,0.0625,0.17677669529663687,0.15773243839286438
r2q1rk1/pp2bppp/2n1pn2/1B1p2B1/3P4/2N2Q1P/PPP2PP1/R4RK1 w - -,2000-2199,2100,78,7,0.08974358974358974,33,0.4230769230769231,45,0.5769230769230769,b5c6,0.16666666666666666,8,6.0,0.0,0.125,0.35355339059327373,0.31546487678572877,0.8333333333333334,0.0625,0.17677669529663687,0.15773243839286438
r2q1rk1/pp2bppp/2n1pn2/1B1p2B1/3P4/2N2Q1P/PPP2PP1/R4RK1 w - -,2200-2399,2300,12,0,0.0,5,0.4166666666666667,7,0.5833333333333334,b5c6,0.16666666666666666,8,6.0,0.0,0.125,0.35355339059327373,0.31546487678572877,0.8333333333333334,0.0625,0.17677669529663687,0.15773243839286438
r2q1rk1/2p1bppp/p1np1n2/1p2p2b/4P3/1BPP1N1P/PP3PP1/RNBQR1K1 w - -,1400-1599,1500,95,5,0.05263157894736842,68,0.7157894736842105,27,0.28421052631578947,b1d2,0.2857142857142857,10,6.0,0.0,0.1,0.31622776601683794,0.2890648263178879,0.7142857142857143,0.05,0.15811388300841897,0.14453241315894394
r2q1rk1/2p1bppp/p1np1n2/1p2p2b/4P3/1BPP1N1P/PP3PP1/RNBQR1K1 w - -,1600-1799,1700,305,5,0.01639344262295082,239,0.7836065573770492,66,0.21639344262295082,b1d2,0.2857142857142857,10,6.0,0.0,0.1,0.31622776601683794,0.2890648263178879,0.7142857142857143,0.05,0.15811388300841897,0.14453241315894394
r2q1rk1/2p1bppp/p1np1n2/1p2p2b/4P3/1BPP1N1P/PP3PP1/RNBQR1K1 w - -,1800-1999,1900,353,1,0.0028328611898017,276,0.7818696883852692,77,0.21813031161473087,b1d2,0.2857142857142857,10,6.0,0.0,0.1,0.31622776601683794,0.2890648263178879,0.7142857142857143,0.05,0.15811388300841897,0.14453241315894394
r2q1rk1/2p1bppp/p1np1n2/1p2p2b/4P3/1BPP1N1P/PP3PP1/RNBQR1K1 w - -,2000-2199,2100,120,0,0.0,99,0.825,21,0.175,b1d2,0.2857142857142857,10,6.0,0.0,0.1,0.31622776601683794,0.2890648263178879,0.7142857142857143,0.05,0.15811388300841897,0.14453241315894394
r2q1rk1/2p1bppp/p1np1n2/1p2p2b/4P3/1BPP1N1P/PP3PP1/RNBQR1K1 w - -,2200-2399,2300,10,0,0.0,9,0.9,1,0.1,b1d2,0.2857142857142857,10,6.0,0.0,0.1,0.31622776601683794,0.2890648263178879,0.7142857142857143,0.05,0.15811388300841897,0.14453241315894394
2kr1bnr/1pp2ppp/p1p5/8/8/5K1P/PPPP1PP1/RNB4R w - -,1400-1599,1500,293,26,0.08873720136518772,100,0.3412969283276451,193,0.658703071672355,d2d3,0.5416666666666666,13,6.0,0.0,0.07692307692307693,0.2773500981126146,0.26264953503719357,0.45833333333333337,0.038461538461538464,0.1386750490563073,0.13132476751859679
2kr1bnr/1pp2ppp/p1p5/8/8/5K1P/PPPP1PP1/RNB4R w - -,1600-1799,1700,205,6,0.02926829268292683,100,0.4878048780487805,105,0.5121951219512195,d2d3,0.5416666666666666,13,6.0,0.0,0.07692307692307693,0.2773500981126146,0.26264953503719357,0.45833333333333337,0.038461538461538464,0.1386750490563073,0.13132476751859679
2kr1bnr/1pp2ppp/p1p5/8/8/5K1P/PPPP1PP1/RNB4R w - -,1800-1999,1900,99,4,0.04040404040404041,54,0.5454545454545454,45,0.45454545454545453,d2d3,0.5416666666666666,13,6.0,0.0,0.07692307692307693,0.2773500981126146,0.26264953503719357,0.45833333333333337,0.038461538461538464,0.1386750490563073,0.13132476751859679
2kr1bnr/1pp2ppp/p1p5/8/8/5K1P/PPPP1PP1/RNB4R w - -,2000-2199,2100,11,0,0.0,6,0.5454545454545454,5,0.45454545454545453,d2d3,0.5416666666666666,13,6.0,0.0,0.07692307692307693,0.2773500981126146,0.26264953503719357,0.45833333333333337,0.038461538461538464,0.1386750490563073,0.13132476751859679
r2q1rk1/pp1nbppp/2p2n2/3p2B1/3P4/2NQPN2/PP3PPP/R4RK1 w - -,1400-1599,1500,61,3,0.04918032786885246,0,0.0,61,1.0,g5f4,0.7111111111111111,32,12.0,0.375,0.03125,0.17677669529663687,0.19823986317056053,0.28888888888888886,0.203125,0.27588834764831843,0.28661993158528026
r2q1rk1/pp1nbppp/2p2n2/3p2B1/3P4/2NQPN2/PP3PPP/R4RK1 w - -,1600-1799,1700,249,7,0.028112449799196786,3,0.012048192771084338,246,0.9879518072289156,g5f4,0.7111111111111111,32,12.0,0.375,0.03125,0.17677669529663687,0.19823986317056053,0.28888888888888886,0.203125,0.27588834764831843,0.28661993158528026
r2q1rk1/pp1nbppp/2p2n2/3p2B1/3P4/2NQPN2/PP3PPP/R4RK1 w - -,1800-1999,1900,310,3,0.00967741935483871,2,0.0064516129032258064,308,0.9935483870967742,g5f4,0.7111111111111111,32,12.0,0.375,0.03125,0.17677669529663687,0.19823986317056053,0.28888888888888886,0.203125,0.27588834764831843,0.28661993158528026
r2q1rk1/pp1nbppp/2p2n2/3p2B1/3P4/2NQPN2/PP3PPP/R4RK1 w - -,2000-2199,2100,191,3,0.015706806282722512,2,0.010471204188481676,189,0.9895287958115183,g5f4,0.7111111111111111,32,12.0,0.375,0.03125,0.17677669529663687,0.19823986317056053,0.28888888888888886,0.203125,0.27588834764831843,0.28661993158528026
r2q1rk1/pp1nbppp/2p2n2/3p2B1/3P4/2NQPN2/PP3PPP/R4RK1 w - -,2200-2399,2300,83,1,0.012048192771084338,0,0.0,83,1.0,g5f4,0.7111111111111111,32,12.0,0.375,0.03125,0.17677669529663687,0.19823986317056053,0.28888888888888886,0.203125,0.27588834764831843,0.28661993158528026
r2qk2r/3nppbp/3p1np1/2pP4/4P3/2N2NP1/PP3PKP/R1BQ3R b kq -,1400-1599,1500,10,1,0.1,0,0.0,10,1.0,d8b6,0.5,17,16.0,0.625,0.058823529411764705,0.24253562503633297,0.23981246656813146,0.5,0.34191176470588236,0.4337678125181665,0.43240623328406574
r2qk2r/3nppbp/3p1np1/2pP4/4P3/2N2NP1/PP3PKP/R1BQ3R b kq -,1600-1799,1700,94,0,0.0,1,0.010638297872340425,93,0.9893617021276596,d8b6,0.5,17,16.0,0.625,0.058823529411764705,0.24253562503633297,0.23981246656813146,0.5,0.34191176470588236,0.4337678125181665,0.43240623328406574
r2qk2r/3nppbp/3p1np1/2pP4/4P3/2N2NP1/PP3PKP/R1BQ3R b kq -,1800-1999,1900,331,0,0.0,6,0.01812688821752266,325,0.9818731117824774,d8b6,0.5,17,16.0,0.625,0.058823529411764705,0.24253562503633297,0.23981246656813146,0.5,0.34191176470588236,0.4337678125181665,0.43240623328406574
r2qk2r/3nppbp/3p1np1/2pP4/4P3/2N2NP1/PP3PKP/R1BQ3R b kq -,2000-2199,2100,374,0,0.0,7,0.01871657754010695,367,0.9812834224598931,d8b6,0.5,17,16.0,0.625,0.058823529411764705,0.24253562503633297,0.23981246656813146,0.5,0.34191176470588236,0.4337678125181665,0.43240623328406574
r2qk2r/3nppbp/3p1np1/2pP4/4P3/2N2NP1/PP3PKP/R1BQ3R b kq -,2200-2399,2300,80,0,0.0,3,0.0375,77,0.9625,d8b6,0.5,17,16.0,0.625,0.058823529411764705,0.24253562503633297,0.23981246656813146,0.5,0.34191176470588236,0.4337678125181665,0.43240623328406574
r3k2r/pp3ppp/2nqpn2/3p3b/3P4/2PB1N1P/PP1N1PP1/R2QK2R w KQkq -,1400-1599,1500,45,7,0.15555555555555556,23,0.5111111111111111,22,0.4888888888888889,e1g1,0.37209302325581395,16,6.0,0.0,0.0625,0.25,0.24465054211822604,0.627906976744186,0.03125,0.125,0.12232527105911302
r3k2r/pp3ppp/2nqpn2/3p3b/3P4/2PB1N1P/PP1N1PP1/R2QK2R w KQkq -,1600-1799,1700,225,15,0.06666666666666667,95,0.4222222222222222,130,0.5777777777777777,e1g1,0.37209302325581395,16,6.0,0.0,0.0625,0.25,0.24465054211822604,0.627906976744186,0.03125,0.125,0.12232527105911302
r3k2r/pp3ppp/2nqpn2/3p3b/3P4/2PB1N1P/PP1N1PP1/R2QK2R w KQkq -,1800-1999,1900,412,33,0.08009708737864078,199,0.4830097087378641,213,0.5169902912621359,e1g1,0.37209302325581395,16,6.0,0.0,0.0625,0.25,0.24465054211822604,0.627906976744186,0.03125,0.125,0.12232527105911302
r3k2r/pp3ppp/2nqpn2/3p3b/3P4/2PB1N1P/PP1N1PP1/R2QK2R w KQkq -,2000-2199,2100,193,10,0.05181347150259067,100,0.5181347150259067,93,0.48186528497409326,e1g1,0.37209302325581395,16,6.0,0.0,0.0625,0.25,0.24465054211822604,0.627906976744186,0.03125,0.125,0.12232527105911302
r3k2r/pp3ppp/2nqpn2/3p3b/3P4/2PB1N1P/PP1N1PP1/R2QK2R w KQkq -,2200-2399,2300,20,1,0.05,10,0.5,10,0.5,e1g1,0.37209302325581395,16,6.0,0.0,0.0625,0.25,0.24465054211822604,0.627906976744186,0.03125,0.125,0.12232527105911302
r1bqk2r/pppp1ppp/8/3P4/2n1n3/2P2N2/P4PPP/R1BQ1RK1 w kq -,1400-1599,1500,53,0,0.0,48,0.9056603773584906,5,0.09433962264150944,d1d4,0.06451612903225806,2,6.0,0.0,0.5,0.7071067811865475,0.6309297535714575,0.935483870967742,0.25,0.35355339059327373,0.31546487678572877
r1bqk2r/pppp1ppp/8/3P4/2n1n3/2P2N2/P4PPP/R1BQ1RK1 w kq -,1600-1799,1700,187,8,0.0427807486631016,168,0.8983957219251337,19,0.10160427807486631,d1d4,0.06451612903225806,2,6.0,0.0,0.5,0.7071067811865475,0.6309297535714575,0.935483870967742,0.25,0.35355339059327373,0.31546487678572877
r1bqk2r/pppp1ppp/8/3P4/2n1n3/2P2N2/P4PPP/R1BQ1RK1 w kq -,1800-1999,1900,329,4,0.0121580547112462,305,0.9270516717325228,24,0.0729483282674772,d1d4,0.06451612903225806,2,6.0,0.0,0.5,0.7071067811865475,0.6309297535714575,0.935483870967742,0.25,0.35355339059327373,0.31546487678572877
r1bqk2r/pppp1ppp/8/3P4/2n1n3/2P2N2/P4PPP/R1BQ1RK1 w kq -,2000-2199,2100,192,2,0.010416666666666666,187,0.9739583333333334,5,0.026041666666666668,d1d4,0.06451612903225806,2,6.0,0.0,0.5,0.7071067811865475,0.6309297535714575,0.935483870967742,0.25,0.35355339059327373,0.31546487678572877
r1bqk2r/pppp1ppp/8/3P4/2n1n3/2P2N2/P4PPP/R1BQ1RK1 w kq -,2200-2399,2300,118,0,0.0,117,0.9915254237288136,1,0.00847457627118644,d1d4,0.06451612903225806,2,6.0,0.0,0.5,0.7071067811865475,0.6309297535714575,0.935483870967742,0.25,0.35355339059327373,0.31546487678572877
r2qk2r/1p3ppp/p1npbb2/3Np3/4P3/N7/PPP2PPP/R2QKB1R w KQkq -,1400-1599,1500,48,22,0.4583333333333333,4,0.08333333333333333,44,0.9166666666666666,a3c4,0.1,4,6.0,0.0,0.25,0.5,0.43067655807339306,0.9,0.125,0.25,0.21533827903669653
r2qk2r/1p3ppp/p1npbb2/3Np3/4P3/N7/PPP2PPP/R2QKB1R w KQkq -,1600-1799,1700,313,136,0.43450479233226835,41,0.13099041533546327,272,0.8690095846645367,a3c4,0.1,4,6.0,0.0,0.25,0.5,0.43067655807339306,0.9,0.125,0.25,0.21533827903669653
r2qk2r/1p3ppp/p1npbb2/3Np3/4P3/N7/PPP2PPP/R2QKB1R w KQkq -,1800-1999,1900,416,167,0.4014423076923077,55,0.13221153846153846,361,0.8677884615384616,a3c4,0.1,4,6.0,0.0,0.25,0.5,0.43067655807339306,0.9,0.125,0.25,0.21533827903669653
r2qk2r/1p3ppp/p1npbb2/3Np3/4P3/N7/PPP2PPP/R2QKB1R w KQkq -,2000-2199,2100,95,36,0.37894736842105264,15,0.15789473684210525,80,0.8421052631578947,a3c4,0.1,4,6.0,0.0,0.25,0.5,0.43067655807339306,0.9,0.125,0.25,0.21533827903669653
r1bqk2r/p4pp1/2p2n1p/n1b1N3/4p3/8/PPPPBPPP/RNBQK2R w KQkq -,1400-1599,1500,99,37,0.37373737373737376,34,0.3434343434343434,65,0.6565656565656566,e1g1,0.05555555555555555,2,12.0,0.375,0.5,0.7071067811865475,0.6309297535714575,0.9444444444444444,0.4375,0.5410533905932737,0.5029648767857288
r1bqk2r/p4pp1/2p2n1p/n1b1N3/4p3/8/PPPPBPPP/RNBQK2R w KQkq -,1600-1799,1700,240,71,0.29583333333333334,94,0.39166666666666666,146,0.6083333333333333,e1g1,0.05555555555555555,2,12.0,0.375,0.5,0.7071067811865475,0.6309297535714575,0.9444444444444444,0.4375,0.5410533905932737,0.5029648767857288
r1bqk2r/p4pp1/2p2n1p/n1b1N3/4p3/8/PPPPBPPP/RNBQK2R w KQkq -,1800-1999,1900,340,94,0.27647058823529413,128,0.3764705882352941,212,0.6235294117647059,e1g1,0.05555555555555555,2,12.0,0.375,0.5,0.7071067811865475,0.6309297535714575,0.9444444444444444,0.4375,0.5410533905932737,0.5029648767857288
r1bqk2r/p4pp1/2p2n1p/n1b1N3/4p3/8/PPPPBPPP/RNBQK2R w KQkq -,2000-2199,2100,162,45,0.2777777777777778,54,0.3333333333333333,108,0.6666666666666666,e1g1,0.05555555555555555,2,12.0,0.375,0.5,0.7071067811865475,0.6309297535714575,0.9444444444444444,0.4375,0.5410533905932737,0.5029648767857288
r1bqk2r/p4pp1/2p2n1p/n1b1N3/4p3/8/PPPPBPPP/RNBQK2R w KQkq -,2200-2399,2300,25,4,0.16,10,0.4,15,0.6,e1g1,0.05555555555555555,2,12.0,0.375,0.5,0.7071067811865475,0.6309297535714575,0.9444444444444444,0.4375,0.5410533905932737,0.5029648767857288
r2qk2r/3nbppp/p2pbn2/1p2p3/4P3/1NN1BP2/PPPQ2PP/2KR1B1R w kq b6,1400-1599,1500,19,0,0.0,12,0.631578947368421,7,0.3684210526315789,g2g4,0.1282051282051282,5,12.0,0.375,0.2,0.4472135954999579,0.38685280723454163,0.8717948717948718,0.2875,0.41110679774997894,0.3809264036172708
r2qk2r/3nbppp/p2pbn2/1p2p3/4P3/1NN1BP2/PPPQ2PP/2KR1B1R w kq b6,1600-1799,1700,143,6,0.04195804195804196,84,0.5874125874125874,59,0.4125874125874126,g2g4,0.1282051282051282,5,12.0,0.375,0.2,0.4472135954999579,0.38685280723454163,0.8717948717948718,0.2875,0.41110679774997894,0.3809264036172708
r2qk2r/3nbppp/p2pbn2/1p2p3/4P3/1NN1BP2/PPPQ2PP/2KR1B1R w kq b6,1800-1999,1900,385,7,0.01818181818181818,236,0.612987012987013,149,0.38701298701298703,g2g4,0.1282051282051282,5,12.0,0.375,0.2,0.4472135954999579,0.38685280723454163,0.8717948717948718,0.2875,0.41110679774997894,0.3809264036172708
r2qk2r/3nbppp/p2pbn2/1p2p3/4P3/1NN1BP2/PPPQ2PP/2KR1B1R w kq b6,2000-2199,2100,265,6,0.022641509433962263,185,0.6981132075471698,80,0.3018867924528302,g2g4,0.1282051282051282,5,12.0,0.375,0.2,0.4472135954999579,0.38685280723454163,0.8717948717948718,0.2875,0.41110679774997894,0.3809264036172708
r2qk2r/3nbppp/p2pbn2/1p2p3/4P3/1NN1BP2/PPPQ2PP/2KR1B1R w kq b6,2200-2399,2300,53,3,0.05660377358490566,41,0.7735849056603774,12,0.22641509433962265,g2g4,0.1282051282051282,5,12.0,0.375,0.2,0.4472135954999579,0.38685280723454163,0.8717948717948718,0.2875,0.41110679774997894,0.3809264036172708
r2qkb1r/pp1n1pp1/2p1pn1p/8/3P3P/3Q1NN1/PPPB1PP1/R3K2R w KQkq -,1400-1599,1500,34,0,0.0,28,0.8235294117647058,6,0.17647058823529413,e1c1,0.38,19,6.0,0.0,0.05263157894736842,0.22941573387056174,0.23137821315975915,0.62,0.02631578947368421,0.11470786693528087,0.11568910657987957
r2qkb1r/pp1n1pp1/2p1pn1p/8/3P3P/3Q1NN1/PPPB1PP1/R3K2R w KQkq -,1600-1799,1700,141,0,0.0,121,0.8581560283687943,20,0.14184397163120568,e1c1,0.38,19,6.0,0.0,0.05263157894736842,0.22941573387056174,0.23137821315975915,0.62,0.02631578947368421,0.11470786693528087,0.11568910657987957
r2qkb1r/pp1n1pp1/2p1pn1p/8/3P3P/3Q1NN1/PPPB1PP1/R3K2R w KQkq -,1800-1999,1900,395,2,0.005063291139240506,339,0.8582278481012658,56,0.14177215189873418,e1c1,0.38,19,6.0,0.0,0.05263157894736842,0.22941573387056174,0.23137821315975915,0.62,0.02631578947368421,0.11470786693528087,0.11568910657987957
r2qkb1r/pp1n1pp1/2p1pn1p/8/3P3P/3Q1NN1/PPPB1PP1/R3K2R w KQkq -,2000-2199,2100,236,1,0.00423728813559322,215,0.9110169491525424,21,0.08898305084745763,e1c1,0.38,19,6.0,0.0,0.05263157894736842,0.22941573387056174,0.23137821315975915,0.62,0.02631578947368421,0.11470786693528087,0.11568910657987957
r2qkb1r/pp1n1pp1/2p1pn1p/8/3P3P/3Q1NN1/PPPB1PP1/R3K2R w KQkq -,2200-2399,2300,57,0,0.0,51,0.8947368421052632,6,0.10526315789473684,e1c1,0.38,19,6.0,0.0,0.05263157894736842,0.22941573387056174,0.23137821315975915,0.62,0.02631578947368421,0.11470786693528087,0.11568910657987957
r3kbnr/pp1b1ppp/1q2p3/3pP3/8/2NB4/PP3PPP/R1BQ1RK1 w kq -,1400-1599,1500,25,13,0.52,0,0.0,25,1.0,a2a4,0.4146341463414634,17,22.0,1.0,0.058823529411764705,0.24253562503633297,0.23981246656813146,0.5853658536585367,0.5294117647058824,0.6212678125181665,0.6199062332840657
r3kbnr/pp1b1ppp/1q2p3/3pP3/8/2NB4/PP3PPP/R1BQ1RK1 w kq -,1600-1799,1700,174,80,0.45977011494252873,8,0.04597701149425287,166,0.9540229885057471,a2a4,0.4146341463414634,17,22.0,1.0,0.058823529411764705,0.24253562503633297,0.23981246656813146,0.5853658536585367,0.5294117647058824,0.6212678125181665,0.6199062332840657
r3kbnr/pp1b1ppp/1q2p3/3pP3/8/2NB4/PP3PPP/R1BQ1RK1 w kq -,1800-1999,1900,434,118,0.271889400921659,38,0.08755760368663594,396,0.9124423963133641,a2a4,0.4146341463414634,17,22.0,1.0,0.058823529411764705,0.24253562503633297,0.23981246656813146,0.5853658536585367,0.5294117647058824,0.6212678125181665,0.6199062332840657
r3kbnr/pp1b1ppp/1q2p3/3pP3/8/2NB4/PP3PPP/R1BQ1RK1 w kq -,2000-2199,2100,204,46,0.22549019607843138,21,0.10294117647058823,183,0.8970588235294118,a2a4,0.4146341463414634,17,22.0,1.0,0.058823529411764705,0.24253562503633297,0.23981246656813146,0.5853658536585367,0.5294117647058824,0.6212678125181665,0.6199062332840657
r3kbnr/pp1b1ppp/1q2p3/3pP3/8/2NB4/PP3PPP/R1BQ1RK1 w kq -,2200-2399,2300,19,2,0.10526315789473684,5,0.2631578947368421,14,0.7368421052631579,a2a4,0.4146341463414634,17,22.0,1.0,0.058823529411764705,0.24253562503633297,0.23981246656813146,0.5853658536585367,0.5294117647058824,0.6212678125181665,0.6199062332840657
r1b1k2r/pppp1ppp/8/4q3/2P5/P7/1P1QPPPP/R3KB1R w KQkq -,1400-1599,1500,119,7,0.058823529411764705,9,0.07563025210084033,110,0.9243697478991597,g2g3,0.29411764705882354,10,8.0,0.125,0.1,0.31622776601683794,0.2890648263178879,0.7058823529411764,0.1125,0.22061388300841897,0.20703241315894394
r1b1k2r/pppp1ppp/8/4q3/2P5/P7/1P1QPPPP/R3KB1R w KQkq -,1600-1799,1700,297,3,0.010101010101010102,22,0.07407407407407407,275,0.9259259259259259,g2g3,0.29411764705882354,10,8.0,0.125,0.1,0.31622776601683794,0.2890648263178879,0.7058823529411764,0.1125,0.22061388300841897,0.20703241315894394
r1b1k2r/pppp1ppp/8/4q3/2P5/P7/1P1QPPPP/R3KB1R w KQkq -,1800-1999,1900,286,6,0.02097902097902098,37,0.12937062937062938,249,0.8706293706293706,g2g3,0.29411764705882354,10,8.0,0.125,0.1,0.31622776601683794,0.2890648263178879,0.7058823529411764,0.1125,0.22061388300841897,0.20703241315894394
r1b1k2r/pppp1ppp/8/4q3/2P5/P7/1P1QPPPP/R3KB1R w KQkq -,2000-2199,2100,78,0,0.0,6,0.07692307692307693,72,0.9230769230769231,g2g3,0.29411764705882354,10,8.0,0.125,0.1,0.31622776601683794,0.2890648263178879,0.7058823529411764,0.1125,0.22061388300841897,0.20703241315894394
r1b1k2r/pppp1ppp/8/4q3/2P5/P7/1P1QPPPP/R3KB1R w KQkq -,2200-2399,2300,18,0,0.0,5,0.2777777777777778,13,0.7222222222222222,g2g3,0.29411764705882354,10,8.0,0.125,0.1,0.31622776601683794,0.2890648263178879,0.7058823529411764,0.1125,0.22061388300841897,0.20703241315894394
rnb1r1k1/ppp2pbp/6p1/3Pp1B1/4P3/5N2/PP2BPPP/R3K2R b KQ -,1600-1799,1700,52,23,0.4423076923076923,26,0.5,26,0.5,c7c6,0.10714285714285714,3,8.0,0.125,0.3333333333333333,0.5773502691896258,0.5,0.8928571428571429,0.22916666666666666,0.3511751345948129,0.3125
rnb1r1k1/ppp2pbp/6p1/3Pp1B1/4P3/5N2/PP2BPPP/R3K2R b KQ -,1800-1999,1900,272,78,0.2867647058823529,173,0.6360294117647058,99,0.3639705882352941,c7c6,0.10714285714285714,3,8.0,0.125,0.3333333333333333,0.5773502691896258,0.5,0.8928571428571429,0.22916666666666666,0.3511751345948129,0.3125
rnb1r1k1/ppp2pbp/6p1/3Pp1B1/4P3/5N2/PP2BPPP/R3K2R b KQ -,2000-2199,2100,389,71,0.18251928020565553,295,0.7583547557840618,94,0.2416452442159383,c7c6,0.10714285714285714,3,8.0,0.125,0.3333333333333333,0.5773502691896258,0.5,0.8928571428571429,0.22916666666666666,0.3511751345948129,0.3125
rnb1r1k1/ppp2pbp/6p1/3Pp1B1/4P3/5N2/PP2BPPP/R3K2R b KQ -,2200-2399,2300,121,4,0.03305785123966942,114,0.9421487603305785,7,0.05785123966942149,c7c6,0.10714285714285714,3,8.0,0.125,0.3333333333333333,0.5773502691896258,0.5,0.8928571428571429,0.22916666666666666,0.3511751345948129,0.3125
r1b1k2r/2qnbppp/p2ppn2/1p4B1/3NPP2/2NB1Q2/PPP3PP/2KR3R w kq b6,1400-1599,1500,11,6,0.5454545454545454,0,0.0,11,1.0,g5f6,0.08888888888888889,4,22.0,1.0,0.25,0.5,0.43067655807339306,0.9111111111111111,0.625,0.75,0.7153382790366966
r1b1k2r/2qnbppp/p2ppn2/1p4B1/3NPP2/2NB1Q2/PPP3PP/2KR3R w kq b6,1600-1799,1700,91,41,0.45054945054945056,3,0.03296703296703297,88,0.967032967032967,g5f6,0.08888888888888889,4,22.0,1.0,0.25,0.5,0.43067655807339306,0.9111111111111111,0.625,0.75,0.7153382790366966
r1b1k2r/2qnbppp/p2ppn2/1p4B1/3NPP2/2NB1Q2/PPP3PP/2KR3R w kq b6,1800-1999,1900,355,72,0.2028169014084507,3,0.008450704225352112,352,0.9915492957746479,g5f6,0.08888888888888889,4,22.0,1.0,0.25,0.5,0.43067655807339306,0.9111111111111111,0.625,0.75,0.7153382790366966
r1b1k2r/2qnbppp/p2ppn2/1p4B1/3NPP2/2NB1Q2/PPP3PP/2KR3R w kq b6,2000-2199,2100,317,32,0.10094637223974763,5,0.015772870662460567,312,0.9842271293375394,g5f6,0.08888888888888889,4,22.0,1.0,0.25,0.5,0.43067655807339306,0.9111111111111111,0.625,0.75,0.7153382790366966
r1b1k2r/2qnbppp/p2ppn2/1p4B1/3NPP2/2NB1Q2/PPP3PP/2KR3R w kq b6,2200-2399,2300,57,14,0.24561403508771928,0,0.0,57,1.0,g5f6,0.08888888888888889,4,22.0,1.0,0.25,0.5,0.43067655807339306,0.9111111111111111,0.625,0.75,0.7153382790366966
r1b2rk1/1pq1bppp/p1nppn2/8/3NPP2/2N1B3/PPP1B1PP/R2Q1R1K w - -,1400-1599,1500,24,13,0.5416666666666666,4,0.16666666666666666,20,0.8333333333333334,d1e1,0.18604651162790697,8,16.0,0.625,0.125,0.35355339059327373,0.31546487678572877,0.813953488372093,0.375,0.48927669529663687,0.4702324383928644
r1b2rk1/1pq1bppp/p1nppn2/8/3NPP2/2N1B3/PPP1B1PP/R2Q1R1K w - -,1600-1799,1700,184,76,0.41304347826086957,46,0.25,138,0.75,d1e1,0.18604651162790697,8,16.0,0.625,0.125,0.35355339059327373,0.31546487678572877,0.813953488372093,0.375,0.48927669529663687,0.4702324383928644
r1b2rk1/1pq1bppp/p1nppn2/8/3NPP2/2N1B3/PPP1B1PP/R2Q1R1K w - -,1800-1999,1900,354,136,0.384180790960452,91,0.2570621468926554,263,0.7429378531073446,d1e1,0.18604651162790697,8,16.0,0.625,0.125,0.35355339059327373,0.31546487678572877,0.813953488372093,0.375,0.48927669529663687,0.4702324383928644
r1b2rk1/1pq1bppp/p1nppn2/8/3NPP2/2N1B3/PPP1B1PP/R2Q1R1K w - -,2000-2199,2100,193,38,0.19689119170984457,78,0.40414507772020725,115,0.5958549222797928,d1e1,0.18604651162790697,8,16.0,0.625,0.125,0.35355339059327373,0.31546487678572877,0.813953488372093,0.375,0.48927669529663687,0.4702324383928644
r1b2rk1/1pq1bppp/p1nppn2/8/3NPP2/2N1B3/PPP1B1PP/R2Q1R1K w - -,2200-2399,2300,62,10,0.16129032258064516,33,0.532258064516129,29,0.46774193548387094,d1e1,0.18604651162790697,8,16.0,0.625,0.125,0.35355339059327373,0.31546487678572877,0.813953488372093,0.375,0.48927669529663687,0.4702324383928644
r2q1rk1/4ppbp/n2p1np1/2pP4/4P3/2N2N2/PP3PPP/R1BQ1RK1 w - -,1400-1599,1500,15,0,0.0,0,0.0,15,1.0,a1b1,0.5142857142857142,18,22.0,1.0,0.05555555555555555,0.23570226039551587,0.23540891336663824,0.48571428571428577,0.5277777777777778,0.617851130197758,0.6177044566833191
r2q1rk1/4ppbp/n2p1np1/2pP4/4P3/2N2N2/PP3PPP/R1BQ1RK1 w - -,1600-1799,1700,162,7,0.043209876543209874,9,0.05555555555555555,153,0.9444444444444444,a1b1,0.5142857142857142,18,22.0,1.0,0.05555555555555555,0.23570226039551587,0.23540891336663824,0.48571428571428577,0.5277777777777778,0.617851130197758,0.6177044566833191
r2q1rk1/4ppbp/n2p1np1/2pP4/4P3/2N2N2/PP3PPP/R1BQ1RK1 w - -,1800-1999,1900,377,19,0.050397877984084884,11,0.029177718832891247,366,0.9708222811671088,a1b1,0.5142857142857142,18,22.0,1.0,0.05555555555555555,0.23570226039551587,0.23540891336663824,0.48571428571428577,0.5277777777777778,0.617851130197758,0.6177044566833191
r2q1rk1/4ppbp/n2p1np1/2pP4/4P3/2N2N2/PP3PPP/R1BQ1RK1 w - -,2000-2199,2100,225,9,0.04,2,0.008888888888888889,223,0.9911111111111112,a1b1,0.5142857142857142,18,22.0,1.0,0.05555555555555555,0.23570226039551587,0.23540891336663824,0.48571428571428577,0.5277777777777778,0.617851130197758,0.6177044566833191
r2q1rk1/4ppbp/n2p1np1/2pP4/4P3/2N2N2/PP3PPP/R1BQ1RK1 w - -,2200-2399,2300,48,3,0.0625,2,0.041666666666666664,46,0.9583333333333334,a1b1,0.5142857142857142,18,22.0,1.0,0.05555555555555555,0.23570226039551587,0.23540891336663824,0.48571428571428577,0.5277777777777778,0.617851130197758,0.6177044566833191
r2q1rk1/pp1nbppp/2p2n2/3p2Bb/3P4/2NBPN1P/PP3PP1/R2Q1RK1 w - -,1400-1599,1500,60,1,0.016666666666666666,0,0.0,60,1.0,g5f4,0.6304347826086957,29,14.0,0.5,0.034482758620689655,0.18569533817705186,0.2037950470905062,0.3695652173913043,0.2672413793103448,0.34284766908852593,0.3518975235452531
r2q1rk1/pp1nbppp/2p2n2/3p2Bb/3P4/2NBPN1P/PP3PP1/R2Q1RK1 w - -,1600-1799,1700,286,1,0.0034965034965034965,2,0.006993006993006993,284,0.993006993006993,g5f4,0.6304347826086957,29,14.0,0.5,0.034482758620689655,0.18569533817705186,0.2037950470905062,0.3695652173913043,0.2672413793103448,0.34284766908852593,0.3518975235452531
r2q1rk1/pp1nbppp/2p2n2/3p2Bb/3P4/2NBPN1P/PP3PP1/R2Q1RK1 w - -,1800-1999,1900,364,2,0.005494505494505495,6,0.016483516483516484,358,0.9835164835164835,g5f4,0.6304347826086957,29,14.0,0.5,0.034482758620689655,0.18569533817705186,0.2037950470905062,0.3695652173913043,0.2672413793103448,0.34284766908852593,0.3518975235452531
r2q1rk1/pp1nbppp/2p2n2/3p2Bb/3P4/2NBPN1P/PP3PP1/R2Q1RK1 w - -,2000-2199,2100,108,0,0.0,4,0.037037037037037035,104,0.9629629629629629,g5f4,0.6304347826086957,29,14.0,0.5,0.034482758620689655,0.18569533817705186,0.2037950470905062,0.3695652173913043,0.2672413793103448,0.34284766908852593,0.3518975235452531
r2q1rk1/1bp1bppp/p1np1n2/1p6/3PP3/1B3N1P/PP3PP1/RNBQR1K1 b - -,1400-1599,1500,151,9,0.059602649006622516,21,0.1390728476821192,130,0.8609271523178808,f8e8,0.3448275862068966,10,16.0,0.625,0.1,0.31622776601683794,0.2890648263178879,0.6551724137931034,0.3625,0.470613883008419,0.45703241315894394
r2q1rk1/1bp1bppp/p1np1n2/1p6/3PP3/1B3N1P/PP3PP1/RNBQR1K1 b - -,1600-1799,1700,339,12,0.035398230088495575,38,0.11209439528023599,301,0.887905604719764,f8e8,0.3448275862068966,10,16.0,0.625,0.1,0.31622776601683794,0.2890648263178879,0.6551724137931034,0.3625,0.470613883008419,0.45703241315894394
r2q1rk1/1bp1bppp/p1np1n2/1p6/3PP3/1B3N1P/PP3PP1/RNBQR1K1 b - -,1800-1999,1900,263,10,0.03802281368821293,21,0.07984790874524715,242,0.9201520912547528,f8e8,0.3448275862068966,10,16.0,0.625,0.1,0.31622776601683794,0.2890648263178879,0.6551724137931034,0.3625,0.470613883008419,0.45703241315894394
r2q1rk1/1bp1bppp/p1np1n2/1p6/3PP3/1B3N1P/PP3PP1/RNBQR1K1 b - -,2000-2199,2100,51,1,0.0196078431372549,8,0.1568627450980392,43,0.8431372549019608,f8e8,0.3448275862068966,10,16.0,0.625,0.1,0.31622776601683794,0.2890648263178879,0.6551724137931034,0.3625,0.470613883008419,0.45703241315894394
rnbqr1k1/1p3pbp/p2p1np1/2pP4/4P3/2NB1N1P/PP3PP1/R1BQ1RK1 w - -,1400-1599,1500,19,7,0.3684210526315789,6,0.3157894736842105,13,0.6842105263157895,a2a4,0.1,4,6.0,0.0,0.25,0.5,0.43067655807339306,0.9,0.125,0.25,0.21533827903669653
rnbqr1k1/1p3pbp/p2p1np1/2pP4/4P3/2NB1N1P/PP3PP1/R1BQ1RK1 w - -,1600-1799,1700,106,17,0.16037735849056603,66,0.6226415094339622,40,0.37735849056603776,a2a4,0.1,4,6.0,0.0,0.25,0.5,0.43067655807339306,0.9,0.125,0.25,0.21533827903669653
rnbqr1k1/1p3pbp/p2p1np1/2pP4/4P3/2NB1N1P/PP3PP1/R1BQ1RK1 w - -,1800-1999,1900,312,19,0.060897435897435896,265,0.8493589743589743,47,0.15064102564102563,a2a4,0.1,4,6.0,0.0,0.25,0.5,0.43067655807339306,0.9,0.125,0.25,0.21533827903669653
rnbqr1k1/1p3pbp/p2p1np1/2pP4/4P3/2NB1N1P/PP3PP1/R1BQ1RK1 w - -,2000-2199,2100,303,3,0.009900990099009901,293,0.966996699669967,10,0.033003300330033,a2a4,0.1,4,6.0,0.0,0.25,0.5,0.43067655807339306,0.9,0.125,0.25,0.21533827903669653
rnbqr1k1/1p3pbp/p2p1np1/2pP4/4P3/2NB1N1P/PP3PP1/R1BQ1RK1 w - -,2200-2399,2300,74,0,0.0,70,0.9459459459459459,4,0.05405405405405406,a2a4,0.1,4,6.0,0.0,0.25,0.5,0.43067655807339306,0.9,0.125,0.25,0.21533827903669653
r2q1rk1/ppp1b1pp/3ppn2/6B1/3QP3/2N5/PPP2PPP/2KR3R w - -,1400-1599,1500,278,79,0.2841726618705036,52,0.18705035971223022,226,0.8129496402877698,f2f4,0.2222222222222222,10,20.0,0.875,0.1,0.31622776601683794,0.2890648263178879,0.7777777777777778,0.4875,0.595613883008419,0.5820324131589439
r2q1rk1/ppp1b1pp/3ppn2/6B1/3QP3/2N5/PPP2PPP/2KR3R w - -,1600-1799,1700,321,60,0.18691588785046728,79,0.24610591900311526,242,0.7538940809968847,f2f4,0.2222222222222222,10,20.0,0.875,0.1,0.31622776601683794,0.2890648263178879,0.7777777777777778,0.4875,0.595613883008419,0.5820324131589439
r2q1rk1/ppp1b1pp/3ppn2/6B1/3QP3/2N5/PPP2PPP/2KR3R w - -,1800-1999,1900,139,21,0.1510791366906475,29,0.20863309352517986,110,0.7913669064748201,f2f4,0.2222222222222222,10,20.0,0.875,0.1,0.31622776601683794,0.2890648263178879,0.7777777777777778,0.4875,0.595613883008419,0.5820324131589439
r2q1rk1/ppp1b1pp/3ppn2/6B1/3QP3/2N5/PPP2PPP/2KR3R w - -,2000-2199,2100,11,0,0.0,2,0.18181818181818182,9,0.8181818181818182,f2f4,0.2222222222222222,10,20.0,0.875,0.1,0.31622776601683794,0.2890648263178879,0.7777777777777778,0.4875,0.595613883008419,0.5820324131589439
r1b1k2r/1pqnbpp1/p2ppn1p/8/3NPP1B/2N2Q2/PPP3PP/2KR1B1R w kq -,1600-1799,1700,59,52,0.8813559322033898,5,0.0847457627118644,54,0.9152542372881356,f1e2,0.045454545454545456,2,6.0,0.0,0.5,0.7071067811865475,0.6309297535714575,0.9545454545454546,0.25,0.35355339059327373,0.31546487678572877
r1b1k2r/1pqnbpp1/p2ppn1p/8/3NPP1B/2N2Q2/PPP3PP/2KR1B1R w kq -,1800-1999,1900,252,229,0.9087301587301587,18,0.07142857142857142,234,0.9285714285714286,f1e2,0.045454545454545456,2,6.0,0.0,0.5,0.7071067811865475,0.6309297535714575,0.9545454545454546,0.25,0.35355339059327373,0.31546487678572877
r1b1k2r/1pqnbpp1/p2ppn1p/8/3NPP1B/2N2Q2/PPP3PP/2KR1B1R w kq -,2000-2199,2100,361,304,0.8421052631578947,48,0.1329639889196676,313,0.8670360110803325,f1e2,0.045454545454545456,2,6.0,0.0,0.5,0.7071067811865475,0.6309297535714575,0.9545454545454546,0.25,0.35355339059327373,0.31546487678572877
r1b1k2r/1pqnbpp1/p2ppn1p/8/3NPP1B/2N2Q2/PPP3PP/2KR1B1R w kq -,2200-2399,2300,133,101,0.7593984962406015,26,0.19548872180451127,107,0.8045112781954887,f1e2,0.045454545454545456,2,6.0,0.0,0.5,0.7071067811865475,0.6309297535714575,0.9545454545454546,0.25,0.35355339059327373,0.31546487678572877
r1bq1b1r/ppp3pp/4k3/3np3/2B5/P1N2Q2/1P1P1PPP/n1BK3R w - -,1400-1599,1500,259,133,0.5135135135135135,126,0.4864864864864865,133,0.5135135135135135,c3d5,0.023255813953488372,1,6.0,0.0,1.0,1.0,1.0,0.9767441860465116,0.5,0.5,0.5
r1bq1b1r/ppp3pp/4k3/3np3/2B5/P1N2Q2/1P1P1PPP/n1BK3R w - -,1600-1799,1700,220,100,0.45454545454545453,120,0.5454545454545454,100,0.45454545454545453,c3d5,0.023255813953488372,1,6.0,0.0,1.0,1.0,1.0,0.9767441860465116,0.5,0.5,0.5
r1bq1b1r/ppp3pp/4k3/3np3/2B5/P1N2Q2/1P1P1PPP/n1BK3R w - -,1800-1999,1900,76,33,0.4342105263157895,43,0.5657894736842105,33,0.4342105263157895,c3d5,0.023255813953488372,1,6.0,0.0,1.0,1.0,1.0,0.9767441860465116,0.5,0.5,0.5
r1bq1b1r/ppp3pp/4k3/3np3/2B5/P1N2Q2/1P1P1PPP/n1BK3R w - -,2000-2199,2100,14,5,0.35714285714285715,9,0.6428571428571429,5,0.35714285714285715,c3d5,0.023255813953488372,1,6.0,0.0,1.0,1.0,1.0,0.9767441860465116,0.5,0.5,0.5
r3k2r/pp3ppp/2nqpn2/3p3b/3P4/2PB1N1P/PP3PP1/RN1Q1RK1 w kq -,1400-1599,1500,28,2,0.07142857142857142,23,0.8214285714285714,5,0.17857142857142858,b1d2,0.20588235294117646,7,8.0,0.125,0.14285714285714285,0.3779644730092272,0.3333333333333333,0.7941176470588236,0.13392857142857142,0.2514822365046136,0.22916666666666666
r3k2r/pp3ppp/2nqpn2/3p3b/3P4/2PB1N1P/PP3PP1/RN1Q1RK1 w kq -,1600-1799,1700,160,4,0.025,140,0.875,20,0.125,b1d2,0.20588235294117646,7,8.0,0.125,0.14285714285714285,0.3779644730092272,0.3333333333333333,0.7941176470588236,0.13392857142857142,0.2514822365046136,0.22916666666666666
r3k2r/pp3ppp/2nqpn2/3p3b/3P4/2PB1N1P/PP3PP1/RN1Q1RK1 w kq -,1800-1999,1900,364,7,0.019230769230769232,329,0.9038461538461539,35,0.09615384615384616,b1d2,0.20588235294117646,7,8.0,0.125,0.14285714285714285,0.3779644730092272,0.3333333333333333,0.7941176470588236,0.13392857142857142,0.2514822365046136,0.22916666666666666
r3k2r/pp3ppp/2nqpn2/3p3b/3P4/2PB1N1P/PP3PP1/RN1Q1RK1 w kq -,2000-2199,2100,221,3,0.013574660633484163,205,0.9276018099547512,16,0.07239819004524888,b1d2,0.20588235294117646,7,8.0,0.125,0.14285714285714285,0.3779644730092272,0.3333333333333333,0.7941176470588236,0.13392857142857142,0.2514822365046136,0.22916666666666666
r3k2r/pp3ppp/2nqpn2/3p3b/3P4/2PB1N1P/PP3PP1/RN1Q1RK1 w kq -,2200-2399,2300,40,0,0.0,34,0.85,6,0.15,b1d2,0.20588235294117646,7,8.0,0.125,0.14285714285714285,0.3779644730092272,0.3333333333333333,0.7941176470588236,0.13392857142857142,0.2514822365046136,0.22916666666666666
r2q1rk1/1bpnbppp/p3pn2/1p4B1/3P4/2NBPN2/PP3PPP/R2Q1RK1 w - -,1400-1599,1500,54,3,0.05555555555555555,3,0.05555555555555555,51,0.9444444444444444,d1c2,0.3111111111111111,14,12.0,0.375,0.07142857142857142,0.2672612419124244,0.2559580248098155,0.6888888888888889,0.2232142857142857,0.3211306209562122,0.3154790124049077
r2q1rk1/1bpnbppp/p3pn2/1p4B1/3P4/2NBPN2/PP3PPP/R2Q1RK1 w - -,1600-1799,1700,243,31,0.12757201646090535,20,0.0823045267489712,223,0.9176954732510288,d1c2,0.3111111111111111,14,12.0,0.375,0.07142857142857142,0.2672612419124244,0.2559580248098155,0.6888888888888889,0.2232142857142857,0.3211306209562122,0.3154790124049077
r2q1rk1/1bpnbppp/p3pn2/1p4B1/3P4/2NBPN2/PP3PPP/R2Q1RK1 w - -,1800-1999,1900,359,40,0.11142061281337047,24,0.06685236768802229,335,0.9331476323119777,d1c2,0.3111111111111111,14,12.0,0.375,0.07142857142857142,0.2672612419124244,0.2559580248098155,0.6888888888888889,0.2232142857142857,0.3211306209562122,0.3154790124049077
r2q1rk1/1bpnbppp/p3pn2/1p4B1/3P4/2NBPN2/PP3PPP/R2Q1RK1 w - -,2000-2199,2100,145,12,0.08275862068965517,2,0.013793103448275862,143,0.9862068965517241,d1c2,0.3111111111111111,14,12.0,0.375,0.07142857142857142,0.2672612419124244,0.2559580248098155,0.6888888888888889,0.2232142857142857,0.3211306209562122,0.3154790124049077
r2q1rk1/1bpnbppp/p3pn2/1p4B1/3P4/2NBPN2/PP3PPP/R2Q1RK1 w - -,2200-2399,2300,12,1,0.08333333333333333,2,0.16666666666666666,10,0.8333333333333334,d1c2,0.3111111111111111,14,12.0,0.375,0.07142857142857142,0.2672612419124244,0.2559580248098155,0.6888888888888889,0.2232142857142857,0.3211306209562122,0.3154790124049077
r1bqk2r/ppppnppp/5b2/3P4/2B1R3/5N2/PP3PPP/R1BQ2K1 b kq -,1400-1599,1500,24,0,0.0,3,0.125,21,0.875,e8g8,0.09090909090909091,2,20.0,0.875,0.5,0.7071067811865475,0.6309297535714575,0.9090909090909091,0.6875,0.7910533905932737,0.7529648767857288
r1bqk2r/ppppnppp/5b2/3P4/2B1R3/5N2/PP3PPP/R1BQ2K1 b kq -,1600-1799,1700,63,1,0.015873015873015872,10,0.15873015873015872,53,0.8412698412698413,e8g8,0.09090909090909091,2,20.0,0.875,0.5,0.7071067811865475,0.6309297535714575,0.9090909090909091,0.6875,0.7910533905932737,0.7529648767857288
r1bqk2r/ppppnppp/5b2/3P4/2B1R3/5N2/PP3PPP/R1BQ2K1 b kq -,1800-1999,1900,284,1,0.0035211267605633804,28,0.09859154929577464,256,0.9014084507042254,e8g8,0.09090909090909091,2,20.0,0.875,0.5,0.7071067811865475,0.6309297535714575,0.9090909090909091,0.6875,0.7910533905932737,0.7529648767857288
r1bqk2r/ppppnppp/5b2/3P4/2B1R3/5N2/PP3PPP/R1BQ2K1 b kq -,2000-2199,2100,288,0,0.0,6,0.020833333333333332,282,0.9791666666666666,e8g8,0.09090909090909091,2,20.0,0.875,0.5,0.7071067811865475,0.6309297535714575,0.9090909090909091,0.6875,0.7910533905932737,0.7529648767857288
r1bqk2r/ppppnppp/5b2/3P4/2B1R3/5N2/PP3PPP/R1BQ2K1 b kq -,2200-2399,2300,148,0,0.0,12,0.08108108108108109,136,0.918918918918919,e8g8,0.09090909090909091,2,20.0,0.875,0.5,0.7071067811865475,0.6309297535714575,0.9090909090909091,0.6875,0.7910533905932737,0.7529648767857288
r2q1rk1/pp1bppbp/3p1np1/8/2PBP3/2N2P2/PP2B1PP/R2Q1RK1 b - -,1600-1799,1700,54,1,0.018518518518518517,1,0.018518518518518517,53,0.9814814814814815,f6h5,0.5833333333333334,21,16.0,0.625,0.047619047619047616,0.2182178902359924,0.22424382421757544,0.41666666666666663,0.33630952380952384,0.4216089451179962,0.42462191210878775
r2q1rk1/pp1bppbp/3p1np1/8/2PBP3/2N2P2/PP2B1PP/R2Q1RK1 b - -,1800-1999,1900,243,1,0.00411522633744856,4,0.01646090534979424,239,0.9835390946502057,f6h5,0.5833333333333334,21,16.0,0.625,0.047619047619047616,0.2182178902359924,0.22424382421757544,0.41666666666666663,0.33630952380952384,0.4216089451179962,0.42462191210878775
r2q1rk1/pp1bppbp/3p1np1/8/2PBP3/2N2P2/PP2B1PP/R2Q1RK1 b - -,2000-2199,2100,343,0,0.0,3,0.008746355685131196,340,0.9912536443148688,f6h5,0.5833333333333334,21,16.0,0.625,0.047619047619047616,0.2182178902359924,0.22424382421757544,0.41666666666666663,0.33630952380952384,0.4216089451179962,0.42462191210878775
r2q1rk1/pp1bppbp/3p1np1/8/2PBP3/2N2P2/PP2B1PP/R2Q1RK1 b - -,2200-2399,2300,135,0,0.0,1,0.007407407407407408,134,0.9925925925925926,f6h5,0.5833333333333334,21,16.0,0.625,0.047619047619047616,0.2182178902359924,0.22424382421757544,0.41666666666666663,0.33630952380952384,0.4216089451179962,0.42462191210878775
r2q1rk1/1b2bppp/p1nppn2/1pp3B1/4P3/P1NP1N1P/BPP2PP1/R2Q1RK1 w - -,1400-1599,1500,247,79,0.31983805668016196,1,0.004048582995951417,246,0.9959514170040485,g5f4,0.5365853658536586,22,16.0,0.625,0.045454545454545456,0.21320071635561041,0.22106472945750374,0.46341463414634143,0.3352272727272727,0.4191003581778052,0.4230323647287519
r2q1rk1/1b2bppp/p1nppn2/1pp3B1/4P3/P1NP1N1P/BPP2PP1/R2Q1RK1 w - -,1600-1799,1700,332,112,0.3373493975903614,4,0.012048192771084338,328,0.9879518072289156,g5f4,0.5365853658536586,22,16.0,0.625,0.045454545454545456,0.21320071635561041,0.22106472945750374,0.46341463414634143,0.3352272727272727,0.4191003581778052,0.4230323647287519
r2q1rk1/1b2bppp/p1nppn2/1pp3B1/4P3/P1NP1N1P/BPP2PP1/R2Q1RK1 w - -,1800-1999,1900,151,56,0.3708609271523179,0,0.0,151,1.0,g5f4,0.5365853658536586,22,16.0,0.625,0.045454545454545456,0.21320071635561041,0.22106472945750374,0.46341463414634143,0.3352272727272727,0.4191003581778052,0.4230323647287519
r2q1rk1/1b2bppp/p1nppn2/1pp3B1/4P3/P1NP1N1P/BPP2PP1/R2Q1RK1 w - -,2000-2199,2100,24,3,0.125,0,0.0,24,1.0,g5f4,0.5365853658536586,22,16.0,0.625,0.045454545454545456,0.21320071635561041,0.22106472945750374,0.46341463414634143,0.3352272727272727,0.4191003581778052,0.4230323647287519
r1bq1rk1/pp2ppbp/2n3p1/8/2BPP3/4B3/P3NPPP/R2QK2R w KQ -,1400-1599,1500,20,1,0.05,16,0.8,4,0.2,e1g1,0.0975609756097561,4,6.0,0.0,0.25,0.5,0.43067655807339306,0.9024390243902439,0.125,0.25,0.21533827903669653
r1bq1rk1/pp2ppbp/2n3p1/8/2BPP3/4B3/P3NPPP/R2QK2R w KQ -,1600-1799,1700,146,13,0.08904109589041095,122,0.8356164383561644,24,0.1643835616438356,e1g1,0.0975609756097561,4,6.0,0.0,0.25,0.5,0.43067655807339306,0.9024390243902439,0.125,0.25,0.21533827903669653
r1bq1rk1/pp2ppbp/2n3p1/8/2BPP3/4B3/P3NPPP/R2QK2R w KQ -,1800-1999,1900,405,13,0.03209876543209877,357,0.8814814814814815,48,0.11851851851851852,e1g1,0.0975609756097561,4,6.0,0.0,0.25,0.5,0.43067655807339306,0.9024390243902439,0.125,0.25,0.21533827903669653
r1bq1rk1/pp2ppbp/2n3p1/8/2BPP3/4B3/P3NPPP/R2QK2R w KQ -,2000-2199,2100,198,3,0.015151515151515152,174,0.8787878787878788,24,0.12121212121212122,e1g1,0.0975609756097561,4,6.0,0.0,0.25,0.5,0.43067655807339306,0.9024390243902439,0.125,0.25,0.21533827903669653
r1bq1rk1/pp2ppbp/2n3p1/8/2BPP3/4B3/P3NPPP/R2QK2R w KQ -,2200-2399,2300,27,1,0.037037037037037035,25,0.9259259259259259,2,0.07407407407407407,e1g1,0.0975609756097561,4,6.0,0.0,0.25,0.5,0.43067655807339306,0.9024390243902439,0.125,0.25,0.21533827903669653
1rbqk2r/p2pppbp/6p1/3QP3/8/4B3/PPP2PPP/R3KB1R w KQk -,1400-1599,1500,25,18,0.72,3,0.12,22,0.88,e1c1,0.03773584905660377,2,8.0,0.125,0.5,0.7071067811865475,0.6309297535714575,0.9622641509433962,0.3125,0.41605339059327373,0.37796487678572877
1rbqk2r/p2pppbp/6p1/3QP3/8/4B3/PPP2PPP/R3KB1R w KQk -,1600-1799,1700,66,46,0.696969696969697,10,0.15151515151515152,56,0.8484848484848485,e1c1,0.03773584905660377,2,8.0,0.125,0.5,0.7071067811865475,0.6309297535714575,0.9622641509433962,0.3125,0.41605339059327373,0.37796487678572877
1rbqk2r/p2pppbp/6p1/3QP3/8/4B3/PPP2PPP/R3KB1R w KQk -,1800-1999,1900,267,156,0.5842696629213483,87,0.3258426966292135,180,0.6741573033707865,e1c1,0.03773584905660377,2,8.0,0.125,0.5,0.7071067811865475,0.6309297535714575,0.9622641509433962,0.3125,0.41605339059327373,0.37796487678572877
1rbqk2r/p2pppbp/6p1/3QP3/8/4B3/PPP2PPP/R3KB1R w KQk -,2000-2199,2100,308,145,0.4707792207792208,142,0.461038961038961,166,0.538961038961039,e1c1,0.03773584905660377,2,8.0,0.125,0.5,0.7071067811865475,0.6309297535714575,0.9622641509433962,0.3125,0.41605339059327373,0.37796487678572877
1rbqk2r/p2pppbp/6p1/3QP3/8/4B3/PPP2PPP/R3KB1R w KQk -,2200-2399,2300,116,74,0.6379310344827587,42,0.3620689655172414,74,0.6379310344827587,e1c1,0.03773584905660377,2,8.0,0.125,0.5,0.7071067811865475,0.6309297535714575,0.9622641509433962,0.3125,0.41605339059327373,0.37796487678572877
rnbqr1k1/1p3pbp/p2p1np1/2pP4/P7/2N2NP1/1P2PPBP/R1BQ1RK1 w - -,1600-1799,1700,29,0,0.0,4,0.13793103448275862,25,0.8620689655172413,c1f4,0.3611111111111111,13,16.0,0.625,0.07692307692307693,0.2773500981126146,0.26264953503719357,0.6388888888888888,0.35096153846153844,0.4511750490563073,0.4438247675185968
rnbqr1k1/1p3pbp/p2p1np1/2pP4/P7/2N2NP1/1P2PPBP/R1BQ1RK1 w - -,1800-1999,1900,186,5,0.026881720430107527,28,0.15053763440860216,158,0.8494623655913979,c1f4,0.3611111111111111,13,16.0,0.625,0.07692307692307693,0.2773500981126146,0.26264953503719357,0.6388888888888888,0.35096153846153844,0.4511750490563073,0.4438247675185968
rnbqr1k1/1p3pbp/p2p1np1/2pP4/P7/2N2NP1/1P2PPBP/R1BQ1RK1 w - -,2000-2199,2100,373,3,0.00804289544235925,109,0.29222520107238603,264,0.707774798927614,c1f4,0.3611111111111111,13,16.0,0.625,0.07692307692307693,0.2773500981126146,0.26264953503719357,0.6388888888888888,0.35096153846153844,0.4511750490563073,0.4438247675185968
rnbqr1k1/1p3pbp/p2p1np1/2pP4/P7/2N2NP1/1P2PPBP/R1BQ1RK1 w - -,2200-2399,2300,182,0,0.0,73,0.4010989010989011,109,0.5989010989010989,c1f4,0.3611111111111111,13,16.0,0.625,0.07692307692307693,0.2773500981126146,0.26264953503719357,0.6388888888888888,0.35096153846153844,0.4511750490563073,0.4438247675185968
r3kb1r/p2q1ppp/4pn2/3p4/8/8/PPP2PPP/RNBQ1RK1 w kq -,1400-1599,1500,258,10,0.03875968992248062,7,0.027131782945736434,251,0.9728682170542635,c1f4,0.45161290322580644,14,14.0,0.5,0.07142857142857142,0.2672612419124244,0.2559580248098155,0.5483870967741935,0.2857142857142857,0.3836306209562122,0.3779790124049077
r3kb1r/p2q1ppp/4pn2/3p4/8/8/PPP2PPP/RNBQ1RK1 w kq -,1600-1799,1700,260,14,0.05384615384615385,7,0.026923076923076925,253,0.9730769230769231,c1f4,0.45161290322580644,14,14.0,0.5,0.07142857142857142,0.2672612419124244,0.2559580248098155,0.5483870967741935,0.2857142857142857,0.3836306209562122,0.3779790124049077
r3kb1r/p2q1ppp/4pn2/3p4/8/8/PPP2PPP/RNBQ1RK1 w kq -,1800-1999,1900,108,5,0.046296296296296294,4,0.037037037037037035,104,0.9629629629629629,c1f4,0.45161290322580644,14,14.0,0.5,0.07142857142857142,0.2672612419124244,0.2559580248098155,0.5483870967741935,0.2857142857142857,0.3836306209562122,0.3779790124049077
r3kb1r/p2q1ppp/4pn2/3p4/8/8/PPP2PPP/RNBQ1RK1 w kq -,2000-2199,2100,19,0,0.0,2,0.10526315789473684,17,0.8947368421052632,c1f4,0.45161290322580644,14,14.0,0.5,0.07142857142857142,0.2672612419124244,0.2559580248098155,0.5483870967741935,0.2857142857142857,0.3836306209562122,0.3779790124049077
r2q1rk1/2p1bppp/p2p1n2/np1Pp3/4P1b1/1BP2N2/PP3PPP/RNBQR1K1 w - -,1400-1599,1500,68,2,0.029411764705882353,61,0.8970588235294118,7,0.10294117647058823,b3c2,0.0967741935483871,3,6.0,0.0,0.3333333333333333,0.5773502691896258,0.5,0.9032258064516129,0.16666666666666666,0.2886751345948129,0.25
r2q1rk1/2p1bppp/p2p1n2/np1Pp3/4P1b1/1BP2N2/PP3PPP/RNBQR1K1 w - -,1600-1799,1700,176,7,0.03977272727272727,159,0.9034090909090909,17,0.09659090909090909,b3c2,0.0967741935483871,3,6.0,0.0,0.3333333333333333,0.5773502691896258,0.5,0.9032258064516129,0.16666666666666666,0.2886751345948129,0.25
r2q1rk1/2p1bppp/p2p1n2/np1Pp3/4P1b1/1BP2N2/PP3PPP/RNBQR1K1 w - -,1800-1999,1900,269,3,0.011152416356877323,251,0.9330855018587361,18,0.06691449814126393,b3c2,0.0967741935483871,3,6.0,0.0,0.3333333333333333,0.5773502691896258,0.5,0.9032258064516129,0.16666666666666666,0.2886751345948129,0.25
r2q1rk1/2p1bppp/p2p1n2/np1Pp3/4P1b1/1BP2N2/PP3PPP/RNBQR1K1 w - -,2000-2199,2100,179,1,0.00558659217877095,162,0.9050279329608939,17,0.09497206703910614,b3c2,0.0967741935483871,3,6.0,0.0,0.3333333333333333,0.5773502691896258,0.5,0.9032258064516129,0.16666666666666666,0.2886751345948129,0.25
r2q1rk1/2p1bppp/p2p1n2/np1Pp3/4P1b1/1BP2N2/PP3PPP/RNBQR1K1 w - -,2200-2399,2300,64,0,0.0,61,0.953125,3,0.046875,b3c2,0.0967741935483871,3,6.0,0.0,0.3333333333333333,0.5773502691896258,0.5,0.9032258064516129,0.16666666666666666,0.2886751345948129,0.25
r2q1rk1/ppp2ppp/2np1n2/8/2BPP1b1/5N2/PP1N1PPP/R2QR1K1 w - -,1400-1599,1500,249,68,0.27309236947791166,113,0.4538152610441767,136,0.5461847389558233,h2h3,0.21621621621621623,8,18.0,0.75,0.125,0.35355339059327373,0.31546487678572877,0.7837837837837838,0.4375,0.5517766952966369,0.5327324383928644
r2q1rk1/ppp2ppp/2np1n2/8/2BPP1b1/5N2/PP1N1PPP/R2QR1K1 w - -,1600-1799,1700,330,74,0.22424242424242424,130,0.3939393939393939,200,0.6060606060606061,h2h3,0.21621621621621623,8,18.0,0.75,0.125,0.35355339059327373,0.31546487678572877,0.7837837837837838,0.4375,0.5517766952966369,0.5327324383928644
r2q1rk1/ppp2ppp/2np1n2/8/2BPP1b1/5N2/PP1N1PPP/R2QR1K1 w - -,1800-1999,1900,119,27,0.226890756302521,59,0.4957983193277311,60,0.5042016806722689,h2h3,0.21621621621621623,8,18.0,0.75,0.125,0.35355339059327373,0.31546487678572877,0.7837837837837838,0.4375,0.5517766952966369,0.5327324383928644
r2q1rk1/ppp2ppp/2np1n2/8/2BPP1b1/5N2/PP1N1PPP/R2QR1K1 w - -,2000-2199,2100,12,3,0.25,4,0.3333333333333333,8,0.6666666666666666,h2h3,0.21621621621621623,8,18.0,0.75,0.125,0.35355339059327373,0.31546487678572877,0.7837837837837838,0.4375,0.5517766952966369,0.5327324383928644
r1bq1rk1/p2nbpp1/2p1pn1p/1p6/2BP3B/2N1PN2/PP3PPP/R2Q1RK1 w - b6,1400-1599,1500,61,0,0.0,40,0.6557377049180327,21,0.3442622950819672,c4d3,0.0975609756097561,4,22.0,1.0,0.25,0.5,0.43067655807339306,0.9024390243902439,0.625,0.75,0.7153382790366966
r1bq1rk1/p2nbpp1/2p1pn1p/1p6/2BP3B/2N1PN2/PP3PPP/R2Q1RK1 w - b6,1600-1799,1700,200,0,0.0,101,0.505,99,0.495,c4d3,0.0975609756097561,4,22.0,1.0,0.25,0.5,0.43067655807339306,0.9024390243902439,0.625,0.75,0.7153382790366966
r1bq1rk1/p2nbpp1/2p1pn1p/1p6/2BP3B/2N1PN2/PP3PPP/R2Q1RK1 w - b6,1800-1999,1900,316,0,0.0,210,0.6645569620253164,106,0.33544303797468356,c4d3,0.0975609756097561,4,22.0,1.0,0.25,0.5,0.43067655807339306,0.9024390243902439,0.625,0.75,0.7153382790366966
r1bq1rk1/p2nbpp1/2p1pn1p/1p6/2BP3B/2N1PN2/PP3PPP/R2Q1RK1 w - b6,2000-2199,2100,167,0,0.0,108,0.6467065868263473,59,0.3532934131736527,c4d3,0.0975609756097561,4,22.0,1.0,0.25,0.5,0.43067655807339306,0.9024390243902439,0.625,0.75,0.7153382790366966
r1bq1rk1/p2nbpp1/2p1pn1p/1p6/2BP3B/2N1PN2/PP3PPP/R2Q1RK1 w - b6,2200-2399,2300,16,0,0.0,11,0.6875,5,0.3125,c4d3,0.0975609756097561,4,22.0,1.0,0.25,0.5,0.43067655807339306,0.9024390243902439,0.625,0.75,0.7153382790366966
r3k2r/1pp2ppp/p1pbbn2/8/8/5N2/PPPP1PPP/RNB1RK2 w kq -,1400-1599,1500,266,142,0.5338345864661654,28,0.10526315789473684,238,0.8947368421052632,f3d4,0.1111111111111111,3,22.0,1.0,0.3333333333333333,0.5773502691896258,0.5,0.8888888888888888,0.6666666666666666,0.7886751345948129,0.75
r3k2r/1pp2ppp/p1pbbn2/8/8/5N2/PPPP1PPP/RNB1RK2 w kq -,1600-1799,1700,99,40,0.40404040404040403,17,0.1717171717171717,82,0.8282828282828283,f3d4,0.1111111111111111,3,22.0,1.0,0.3333333333333333,0.5773502691896258,0.5,0.8888888888888888,0.6666666666666666,0.7886751345948129,0.75
r3k2r/1pp2ppp/p1pbbn2/8/8/5N2/PPPP1PPP/RNB1RK2 w kq -,1800-1999,1900,19,10,0.5263157894736842,2,0.10526315789473684,17,0.8947368421052632,f3d4,0.1111111111111111,3,22.0,1.0,0.3333333333333333,0.5773502691896258,0.5,0.8888888888888888,0.6666666666666666,0.7886751345948129,0.75
r2qk2r/pp2bppp/2n1b3/3pPp2/3P4/2N2N2/PP3PPP/R1BQ1RK1 w kq -,1400-1599,1500,25,17,0.68,0,0.0,25,1.0,f3e1,0.30303030303030304,10,8.0,0.125,0.1,0.31622776601683794,0.2890648263178879,0.696969696969697,0.1125,0.22061388300841897,0.20703241315894394
r2qk2r/pp2bppp/2n1b3/3pPp2/3P4/2N2N2/PP3PPP/R1BQ1RK1 w kq -,1600-1799,1700,134,107,0.7985074626865671,1,0.007462686567164179,133,0.9925373134328358,f3e1,0.30303030303030304,10,8.0,0.125,0.1,0.31622776601683794,0.2890648263178879,0.696969696969697,0.1125,0.22061388300841897,0.20703241315894394
r2qk2r/pp2bppp/2n1b3/3pPp2/3P4/2N2N2/PP3PPP/R1BQ1RK1 w kq -,1800-1999,1900,336,276,0.8214285714285714,2,0.005952380952380952,334,0.9940476190476191,f3e1,0.30303030303030304,10,8.0,0.125,0.1,0.31622776601683794,0.2890648263178879,0.696969696969697,0.1125,0.22061388300841897,0.20703241315894394
r2qk2r/pp2bppp/2n1b3/3pPp2/3P4/2N2N2/PP3PPP/R1BQ1RK1 w kq -,2000-2199,2100,210,158,0.7523809523809524,1,0.004761904761904762,209,0.9952380952380953,f3e1,0.30303030303030304,10,8.0,0.125,0.1,0.31622776601683794,0.2890648263178879,0.696969696969697,0.1125,0.22061388300841897,0.20703241315894394
r2qk2r/pp2bppp/2n1b3/3pPp2/3P4/2N2N2/PP3PPP/R1BQ1RK1 w kq -,2200-2399,2300,50,36,0.72,0,0.0,50,1.0,f3e1,0.30303030303030304,10,8.0,0.125,0.1,0.31622776601683794,0.2890648263178879,0.696969696969697,0.1125,0.22061388300841897,0.20703241315894394
r1bq1rk1/1pp1npbp/3p1np1/3Pp3/1BP1P3/2N2N2/P3BPPP/R2Q1RK1 b - -,1600-1799,1700,19,0,0.0,8,0.42105263157894735,11,0.5789473684210527,b7b6,0.35294117647058826,12,10.0,0.25,0.08333333333333333,0.2886751345948129,0.27023815442731974,0.6470588235294117,0.16666666666666666,0.26933756729740643,0.2601190772136599
r1bq1rk1/1pp1npbp/3p1np1/3Pp3/1BP1P3/2N2N2/P3BPPP/R2Q1RK1 b - -,1800-1999,1900,175,3,0.017142857142857144,81,0.46285714285714286,94,0.5371428571428571,b7b6,0.35294117647058826,12,10.0,0.25,0.08333333333333333,0.2886751345948129,0.27023815442731974,0.6470588235294117,0.16666666666666666,0.26933756729740643,0.2601190772136599
r1bq1rk1/1pp1npbp/3p1np1/3Pp3/1BP1P3/2N2N2/P3BPPP/R2Q1RK1 b - -,2000-2199,2100,325,0,0.0,162,0.49846153846153846,163,0.5015384615384615,b7b6,0.35294117647058826,12,10.0,0.25,0.08333333333333333,0.2886751345948129,0.27023815442731974,0.6470588235294117,0.16666666666666666,0.26933756729740643,0.2601190772136599
r1bq1rk1/1pp1npbp/3p1np1/3Pp3/1BP1P3/2N2N2/P3BPPP/R2Q1RK1 b - -,2200-2399,2300,217,4,0.018433179723502304,128,0.5898617511520737,89,0.41013824884792627,b7b6,0.35294117647058826,12,10.0,0.25,0.08333333333333333,0.2886751345948129,0.27023815442731974,0.6470588235294117,0.16666666666666666,0.26933756729740643,0.2601190772136599
r1bq1rk1/pp2npbp/2n3p1/1B1p4/3P4/5N2/PP3PPP/RNBQR1K1 w - -,1400-1599,1500,88,48,0.5454545454545454,0,0.0,88,1.0,h2h3,0.07142857142857142,3,6.0,0.0,0.3333333333333333,0.5773502691896258,0.5,0.9285714285714286,0.16666666666666666,0.2886751345948129,0.25
r1bq1rk1/pp2npbp/2n3p1/1B1p4/3P4/5N2/PP3PPP/RNBQR1K1 w - -,1600-1799,1700,239,108,0.45188284518828453,3,0.012552301255230125,236,0.9874476987447699,h2h3,0.07142857142857142,3,6.0,0.0,0.3333333333333333,0.5773502691896258,0.5,0.9285714285714286,0.16666666666666666,0.2886751345948129,0.25
r1bq1rk1/pp2npbp/2n3p1/1B1p4/3P4/5N2/PP3PPP/RNBQR1K1 w - -,1800-1999,1900,296,115,0.3885135135135135,12,0.04054054054054054,284,0.9594594594594594,h2h3,0.07142857142857142,3,6.0,0.0,0.3333333333333333,0.5773502691896258,0.5,0.9285714285714286,0.16666666666666666,0.2886751345948129,0.25
r1bq1rk1/pp2npbp/2n3p1/1B1p4/3P4/5N2/PP3PPP/RNBQR1K1 w - -,2000-2199,2100,91,38,0.4175824175824176,5,0.054945054945054944,86,0.945054945054945,h2h3,0.07142857142857142,3,6.0,0.0,0.3333333333333333,0.5773502691896258,0.5,0.9285714285714286,0.16666666666666666,0.2886751345948129,0.25
r2q1rk1/1p1bppbp/p1np1np1/8/2PNP3/2N1BP2/PP1QB1PP/R3K2R w KQ -,1400-1599,1500,23,1,0.043478260869565216,10,0.43478260869565216,13,0.5652173913043478,e1g1,0.3181818181818182,14,16.0,0.625,0.07142857142857142,0.2672612419124244,0.2559580248098155,0.6818181818181819,0.3482142857142857,0.4461306209562122,0.4404790124049077
r2q1rk1/1p1bppbp/p1np1np1/8/2PNP3/2N1BP2/PP1QB1PP/R3K2R w KQ -,1600-1799,1700,143,9,0.06293706293706294,85,0.5944055944055944,58,0.40559440559440557,e1g1,0.3181818181818182,14,16.0,0.625,0.07142857142857142,0.2672612419124244,0.2559580248098155,0.6818181818181819,0.3482142857142857,0.4461306209562122,0.4404790124049077
r2q1rk1/1p1bppbp/p1np1np1/8/2PNP3/2N1BP2/PP1QB1PP/R3K2R w KQ -,1800-1999,1900,312,13,0.041666666666666664,214,0.6858974358974359,98,0.3141025641025641,e1g1,0.3181818181818182,14,16.0,0.625,0.07142857142857142,0.2672612419124244,0.2559580248098155,0.6818181818181819,0.3482142857142857,0.4461306209562122,0.4404790124049077
r2q1rk1/1p1bppbp/p1np1np1/8/2PNP3/2N1BP2/PP1QB1PP/R3K2R w KQ -,2000-2199,2100,211,3,0.014218009478672985,166,0.7867298578199052,45,0.2132701421800948,e1g1,0.3181818181818182,14,16.0,0.625,0.07142857142857142,0.2672612419124244,0.2559580248098155,0.6818181818181819,0.3482142857142857,0.4461306209562122,0.4404790124049077
r2q1rk1/1p1bppbp/p1np1np1/8/2PNP3/2N1BP2/PP1QB1PP/R3K2R w KQ -,2200-2399,2300,59,1,0.01694915254237288,51,0.864406779661017,8,0.13559322033898305,e1g1,0.3181818181818182,14,16.0,0.625,0.07142857142857142,0.2672612419124244,0.2559580248098155,0.6818181818181819,0.3482142857142857,0.4461306209562122,0.4404790124049077
2rq1rk1/pp1bppbp/2np1np1/8/2PNP3/2N1BP2/PP2B1PP/R2Q1RK1 w - -,1400-1599,1500,15,1,0.06666666666666667,4,0.26666666666666666,11,0.7333333333333333,d1d2,0.4523809523809524,19,20.0,0.875,0.05263157894736842,0.22941573387056174,0.23137821315975915,0.5476190476190477,0.4638157894736842,0.5522078669352809,0.5531891065798795
2rq1rk1/pp1bppbp/2np1np1/8/2PNP3/2N1BP2/PP2B1PP/R2Q1RK1 w - -,1600-1799,1700,147,1,0.006802721088435374,59,0.4013605442176871,88,0.5986394557823129,d1d2,0.4523809523809524,19,20.0,0.875,0.05263157894736842,0.22941573387056174,0.23137821315975915,0.5476190476190477,0.4638157894736842,0.5522078669352809,0.5531891065798795
2rq1rk1/pp1bppbp/2np1np1/8/2PNP3/2N1BP2/PP2B1PP/R2Q1RK1 w - -,1800-1999,1900,306,5,0.016339869281045753,145,0.4738562091503268,161,0.5261437908496732,d1d2,0.4523809523809524,19,20.0,0.875,0.05263157894736842,0.22941573387056174,0.23137821315975915,0.5476190476190477,0.4638157894736842,0.5522078669352809,0.5531891065798795
2rq1rk1/pp1bppbp/2np1np1/8/2PNP3/2N1BP2/PP2B1PP/R2Q1RK1 w - -,2000-2199,2100,232,6,0.02586206896551724,126,0.5431034482758621,106,0.45689655172413796,d1d2,0.4523809523809524,19,20.0,0.875,0.05263157894736842,0.22941573387056174,0.23137821315975915,0.5476190476190477,0.4638157894736842,0.5522078669352809,0.5531891065798795
2rq1rk1/pp1bppbp/2np1np1/8/2PNP3/2N1BP2/PP2B1PP/R2Q1RK1 w - -,2200-2399,2300,46,0,0.0,24,0.5217391304347826,22,0.4782608695652174,d1d2,0.4523809523809524,19,20.0,0.875,0.05263157894736842,0.22941573387056174,0.23137821315975915,0.5476190476190477,0.4638157894736842,0.5522078669352809,0.5531891065798795
r2q1rk1/pp1bppbp/3p1np1/8/2PBP3/2N5/PP1QBPPP/R4RK1 b - -,1600-1799,1700,33,2,0.06060606060606061,25,0.7575757575757576,8,0.24242424242424243,d7c6,0.5555555555555556,20,8.0,0.125,0.05,0.22360679774997896,0.227670248696953,0.4444444444444444,0.0875,0.17430339887498947,0.17633512434847648
r2q1rk1/pp1bppbp/3p1np1/8/2PBP3/2N5/PP1QBPPP/R4RK1 b - -,1800-1999,1900,182,1,0.005494505494505495,165,0.9065934065934066,17,0.09340659340659341,d7c6,0.5555555555555556,20,8.0,0.125,0.05,0.22360679774997896,0.227670248696953,0.4444444444444444,0.0875,0.17430339887498947,0.17633512434847648
r2q1rk1/pp1bppbp/3p1np1/8/2PBP3/2N5/PP1QBPPP/R4RK1 b - -,2000-2199,2100,311,0,0.0,298,0.9581993569131833,13,0.04180064308681672,d7c6,0.5555555555555556,20,8.0,0.125,0.05,0.22360679774997896,0.227670248696953,0.4444444444444444,0.0875,0.17430339887498947,0.17633512434847648
r2q1rk1/pp1bppbp/3p1np1/8/2PBP3/2N5/PP1QBPPP/R4RK1 b - -,2200-2399,2300,166,0,0.0,163,0.9819277108433735,3,0.018072289156626505,d7c6,0.5555555555555556,20,8.0,0.125,0.05,0.22360679774997896,0.227670248696953,0.4444444444444444,0.0875,0.17430339887498947,0.17633512434847648
r1bq1rk1/pp2bppp/2np1n2/4p3/2B1P3/2N2N1P/PP2QPP1/R1BR2K1 w - -,1600-1799,1700,64,0,0.0,3,0.046875,61,0.953125,c4b5,0.5531914893617021,26,14.0,0.5,0.038461538461538464,0.19611613513818404,0.2103099178571525,0.44680851063829785,0.2692307692307692,0.348058067569092,0.35515495892857624
r1bq1rk1/pp2bppp/2np1n2/4p3/2B1P3/2N2N1P/PP2QPP1/R1BR2K1 w - -,1800-1999,1900,261,1,0.0038314176245210726,14,0.05363984674329502,247,0.946360153256705,c4b5,0.5531914893617021,26,14.0,0.5,0.038461538461538464,0.19611613513818404,0.2103099178571525,0.44680851063829785,0.2692307692307692,0.348058067569092,0.35515495892857624
r1bq1rk1/pp2bppp/2np1n2/4p3/2B1P3/2N2N1P/PP2QPP1/R1BR2K1 w - -,2000-2199,2100,330,0,0.0,6,0.01818181818181818,324,0.9818181818181818,c4b5,0.5531914893617021,26,14.0,0.5,0.038461538461538464,0.19611613513818404,0.2103099178571525,0.44680851063829785,0.2692307692307692,0.348058067569092,0.35515495892857624
r1bq1rk1/pp2bppp/2np1n2/4p3/2B1P3/2N2N1P/PP2QPP1/R1BR2K1 w - -,2200-2399,2300,81,1,0.012345679012345678,3,0.037037037037037035,78,0.9629629629629629,c4b5,0.5531914893617021,26,14.0,0.5,0.038461538461538464,0.19611613513818404,0.2103099178571525,0.44680851063829785,0.2692307692307692,0.348058067569092,0.35515495892857624
r1b1k2r/ppp1q1pp/2np1n2/8/2P2B2/2PQ1N2/P3PPPP/R3KB1R w KQkq -,1400-1599,1500,27,5,0.18518518518518517,4,0.14814814814814814,23,0.8518518518518519,g2g3,0.19047619047619047,8,6.0,0.0,0.125,0.35355339059327373,0.31546487678572877,0.8095238095238095,0.0625,0.17677669529663687,0.15773243839286438
r1b1k2r/ppp1q1pp/2np1n2/8/2P2B2/2PQ1N2/P3PPPP/R3KB1R w KQkq -,1600-1799,1700,145,9,0.06206896551724138,41,0.2827586206896552,104,0.7172413793103448,g2g3,0.19047619047619047,8,6.0,0.0,0.125,0.35355339059327373,0.31546487678572877,0.8095238095238095,0.0625,0.17677669529663687,0.15773243839286438
r1b1k2r/ppp1q1pp/2np1n2/8/2P2B2/2PQ1N2/P3PPPP/R3KB1R w KQkq -,1800-1999,1900,341,27,0.07917888563049853,98,0.2873900293255132,243,0.7126099706744868,g2g3,0.19047619047619047,8,6.0,0.0,0.125,0.35355339059327373,0.31546487678572877,0.8095238095238095,0.0625,0.17677669529663687,0.15773243839286438
r1b1k2r/ppp1q1pp/2np1n2/8/2P2B2/2PQ1N2/P3PPPP/R3KB1R w KQkq -,2000-2199,2100,192,7,0.036458333333333336,73,0.3802083333333333,119,0.6197916666666666,g2g3,0.19047619047619047,8,6.0,0.0,0.125,0.35355339059327373,0.31546487678572877,0.8095238095238095,0.0625,0.17677669529663687,0.15773243839286438
r1b1k2r/ppp1q1pp/2np1n2/8/2P2B2/2PQ1N2/P3PPPP/R3KB1R w KQkq -,2200-2399,2300,30,0,0.0,14,0.4666666666666667,16,0.5333333333333333,g2g3,0.19047619047619047,8,6.0,0.0,0.125,0.35355339059327373,0.31546487678572877,0.8095238095238095,0.0625,0.17677669529663687,0.15773243839286438
r3k2r/1pqnbppp/p2pbn2/4p3/4P3/1NN1BP2/PPPQ2PP/2KR1B1R w kq -,1600-1799,1700,120,3,0.025,59,0.49166666666666664,61,0.5083333333333333,g2g4,0.125,5,6.0,0.0,0.2,0.4472135954999579,0.38685280723454163,0.875,0.1,0.22360679774997896,0.19342640361727081
r3k2r/1pqnbppp/p2pbn2/4p3/4P3/1NN1BP2/PPPQ2PP/2KR1B1R w kq -,1800-1999,1900,383,11,0.028720626631853787,204,0.5326370757180157,179,0.46736292428198434,g2g4,0.125,5,6.0,0.0,0.2,0.4472135954999579,0.38685280723454163,0.875,0.1,0.22360679774997896,0.19342640361727081
r3k2r/1pqnbppp/p2pbn2/4p3/4P3/1NN1BP2/PPPQ2PP/2KR1B1R w kq -,2000-2199,2100,203,4,0.019704433497536946,134,0.6600985221674877,69,0.3399014778325123,g2g4,0.125,5,6.0,0.0,0.2,0.4472135954999579,0.38685280723454163,0.875,0.1,0.22360679774997896,0.19342640361727081
r3k2r/1pqnbppp/p2pbn2/4p3/4P3/1NN1BP2/PPPQ2PP/2KR1B1R w kq -,2200-2399,2300,27,0,0.0,21,0.7777777777777778,6,0.2222222222222222,g2g4,0.125,5,6.0,0.0,0.2,0.4472135954999579,0.38685280723454163,0.875,0.1,0.22360679774997896,0.19342640361727081
rn1q1rk1/4bppp/p2pbn2/1p2p3/4P3/1NN1BP2/PPPQ2PP/2KR1B1R w - b6,1400-1599,1500,33,4,0.12121212121212122,6,0.18181818181818182,27,0.8181818181818182,c3d5,0.1282051282051282,5,12.0,0.375,0.2,0.4472135954999579,0.38685280723454163,0.8717948717948718,0.2875,0.41110679774997894,0.3809264036172708
rn1q1rk1/4bppp/p2pbn2/1p2p3/4P3/1NN1BP2/PPPQ2PP/2KR1B1R w - b6,1600-1799,1700,182,8,0.04395604395604396,15,0.08241758241758242,167,0.9175824175824175,c3d5,0.1282051282051282,5,12.0,0.375,0.2,0.4472135954999579,0.38685280723454163,0.8717948717948718,0.2875,0.41110679774997894,0.3809264036172708
rn1q1rk1/4bppp/p2pbn2/1p2p3/4P3/1NN1BP2/PPPQ2PP/2KR1B1R w - b6,1800-1999,1900,270,7,0.025925925925925925,15,0.05555555555555555,255,0.9444444444444444,c3d5,0.1282051282051282,5,12.0,0.375,0.2,0.4472135954999579,0.38685280723454163,0.8717948717948718,0.2875,0.41110679774997894,0.3809264036172708
rn1q1rk1/4bppp/p2pbn2/1p2p3/4P3/1NN1BP2/PPPQ2PP/2KR1B1R w - b6,2000-2199,2100,223,7,0.03139013452914798,10,0.04484304932735426,213,0.9551569506726457,c3d5,0.1282051282051282,5,12.0,0.375,0.2,0.4472135954999579,0.38685280723454163,0.8717948717948718,0.2875,0.41110679774997894,0.3809264036172708
rn1q1rk1/4bppp/p2pbn2/1p2p3/4P3/1NN1BP2/PPPQ2PP/2KR1B1R w - b6,2200-2399,2300,27,1,0.037037037037037035,0,0.0,27,1.0,c3d5,0.1282051282051282,5,12.0,0.375,0.2,0.4472135954999579,0.38685280723454163,0.8717948717948718,0.2875,0.41110679774997894,0.3809264036172708
r1bq1rk1/p4ppp/2p2n2/3p4/1b6/2NB3P/PPP2PP1/R1BQ1RK1 w - -,1600-1799,1700,24,0,0.0,20,0.8333333333333334,4,0.16666666666666666,d1f3,0.32432432432432434,12,20.0,0.875,0.08333333333333333,0.2886751345948129,0.27023815442731974,0.6756756756756757,0.4791666666666667,0.5818375672974064,0.5726190772136599
r1bq1rk1/p4ppp/2p2n2/3p4/1b6/2NB3P/PPP2PP1/R1BQ1RK1 w - -,1800-1999,1900,143,0,0.0,112,0.7832167832167832,31,0.21678321678321677,d1f3,0.32432432432432434,12,20.0,0.875,0.08333333333333333,0.2886751345948129,0.27023815442731974,0.6756756756756757,0.4791666666666667,0.5818375672974064,0.5726190772136599
r1bq1rk1/p4ppp/2p2n2/3p4/1b6/2NB3P/PPP2PP1/R1BQ1RK1 w - -,2000-2199,2100,299,0,0.0,250,0.8361204013377926,49,0.16387959866220736,d1f3,0.32432432432432434,12,20.0,0.875,0.08333333333333333,0.2886751345948129,0.27023815442731974,0.6756756756756757,0.4791666666666667,0.5818375672974064,0.5726190772136599
r1bq1rk1/p4ppp/2p2n2/3p4/1b6/2NB3P/PPP2PP1/R1BQ1RK1 w - -,2200-2399,2300,193,0,0.0,173,0.8963730569948186,20,0.10362694300518134,d1f3,0.32432432432432434,12,20.0,0.875,0.08333333333333333,0.2886751345948129,0.27023815442731974,0.6756756756756757,0.4791666666666667,0.5818375672974064,0.5726190772136599
r2qkb1r/pp3ppp/2p1pn2/7b/3P4/2PB1N1P/PP3PP1/R1BQK2R w KQkq -,1400-1599,1500,19,1,0.05263157894736842,0,0.0,19,1.0,d1e2,0.4318181818181818,19,18.0,0.75,0.05263157894736842,0.22941573387056174,0.23137821315975915,0.5681818181818181,0.4013157894736842,0.4897078669352809,0.4906891065798796
r2qkb1r/pp3ppp/2p1pn2/7b/3P4/2PB1N1P/PP3PP1/R1BQK2R w KQkq -,1600-1799,1700,141,5,0.03546099290780142,3,0.02127659574468085,138,0.9787234042553191,d1e2,0.4318181818181818,19,18.0,0.75,0.05263157894736842,0.22941573387056174,0.23137821315975915,0.5681818181818181,0.4013157894736842,0.4897078669352809,0.4906891065798796
r2qkb1r/pp3ppp/2p1pn2/7b/3P4/2PB1N1P/PP3PP1/R1BQK2R w KQkq -,1800-1999,1900,327,11,0.03363914373088685,1,0.0030581039755351682,326,0.9969418960244648,d1e2,0.4318181818181818,19,18.0,0.75,0.05263157894736842,0.22941573387056174,0.23137821315975915,0.5681818181818181,0.4013157894736842,0.4897078669352809,0.4906891065798796
r2qkb1r/pp3ppp/2p1pn2/7b/3P4/2PB1N1P/PP3PP1/R1BQK2R w KQkq -,2000-2199,2100,178,5,0.028089887640449437,7,0.03932584269662921,171,0.9606741573033708,d1e2,0.4318181818181818,19,18.0,0.75,0.05263157894736842,0.22941573387056174,0.23137821315975915,0.5681818181818181,0.4013157894736842,0.4897078669352809,0.4906891065798796
r2qkb1r/pp3ppp/2p1pn2/7b/3P4/2PB1N1P/PP3PP1/R1BQK2R w KQkq -,2200-2399,2300,55,2,0.03636363636363636,6,0.10909090909090909,49,0.8909090909090909,d1e2,0.4318181818181818,19,18.0,0.75,0.05263157894736842,0.22941573387056174,0.23137821315975915,0.5681818181818181,0.4013157894736842,0.4897078669352809,0.4906891065798796
r1bqk2r/4np1p/p2p1p2/1p2p3/4P3/N7/PPP2PPP/R2QKB1R w KQkq -,1400-1599,1500,18,1,0.05555555555555555,3,0.16666666666666666,15,0.8333333333333334,c2c4,0.3333333333333333,11,12.0,0.375,0.09090909090909091,0.30151134457776363,0.27894294565112987,0.6666666666666667,0.23295454545454547,0.3382556722888818,0.32697147282556493
r1bqk2r/4np1p/p2p1p2/1p2p3/4P3/N7/PPP2PPP/R2QKB1R w KQkq -,1600-1799,1700,139,10,0.07194244604316546,28,0.2014388489208633,111,0.7985611510791367,c2c4,0.3333333333333333,11,12.0,0.375,0.09090909090909091,0.30151134457776363,0.27894294565112987,0.6666666666666667,0.23295454545454547,0.3382556722888818,0.32697147282556493
r1bqk2r/4np1p/p2p1p2/1p2p3/4P3/N7/PPP2PPP/R2QKB1R w KQkq -,1800-1999,1900,344,18,0.05232558139534884,109,0.3168604651162791,235,0.6831395348837209,c2c4,0.3333333333333333,11,12.0,0.375,0.09090909090909091,0.30151134457776363,0.27894294565112987,0.6666666666666667,0.23295454545454547,0.3382556722888818,0.32697147282556493
r1bqk2r/4np1p/p2p1p2/1p2p3/4P3/N7/PPP2PPP/R2QKB1R w KQkq -,2000-2199,2100,202,0,0.0,92,0.45544554455445546,110,0.5445544554455446,c2c4,0.3333333333333333,11,12.0,0.375,0.09090909090909091,0.30151134457776363,0.27894294565112987,0.6666666666666667,0.23295454545454547,0.3382556722888818,0.32697147282556493
r1bqk2r/4np1p/p2p1p2/1p2p3/4P3/N7/PPP2PPP/R2QKB1R w KQkq -,2200-2399,2300,22,0,0.0,13,0.5909090909090909,9,0.4090909090909091,c2c4,0.3333333333333333,11,12.0,0.375,0.09090909090909091,0.30151134457776363,0.27894294565112987,0.6666666666666667,0.23295454545454547,0.3382556722888818,0.32697147282556493
r2q1rk1/1b2bppp/p1nppn2/1pp5/4P3/P1NP3P/BPP2PPN/R1BQ1RK1 w - -,1400-1599,1500,167,3,0.017964071856287425,119,0.7125748502994012,48,0.2874251497005988,f2f4,0.4166666666666667,15,16.0,0.625,0.06666666666666667,0.2581988897471611,0.25,0.5833333333333333,0.3458333333333333,0.44159944487358055,0.4375
r2q1rk1/1b2bppp/p1nppn2/1pp5/4P3/P1NP3P/BPP2PPN/R1BQ1RK1 w - -,1600-1799,1700,406,3,0.007389162561576354,304,0.7487684729064039,102,0.2512315270935961,f2f4,0.4166666666666667,15,16.0,0.625,0.06666666666666667,0.2581988897471611,0.25,0.5833333333333333,0.3458333333333333,0.44159944487358055,0.4375
r2q1rk1/1b2bppp/p1nppn2/1pp5/4P3/P1NP3P/BPP2PPN/R1BQ1RK1 w - -,1800-1999,1900,122,4,0.03278688524590164,94,0.7704918032786885,28,0.22950819672131148,f2f4,0.4166666666666667,15,16.0,0.625,0.06666666666666667,0.2581988897471611,0.25,0.5833333333333333,0.3458333333333333,0.44159944487358055,0.4375
r2q1rk1/1b2bppp/p1nppn2/1pp5/4P3/P1NP3P/BPP2PPN/R1BQ1RK1 w - -,2000-2199,2100,10,1,0.1,8,0.8,2,0.2,f2f4,0.4166666666666667,15,16.0,0.625,0.06666666666666667,0.2581988897471611,0.25,0.5833333333333333,0.3458333333333333,0.44159944487358055,0.4375
r3k2r/pp1bbppp/1qn1p3/3pPn2/1P1P4/P4N2/1B2BPPP/RN1QK2R w KQkq -,1400-1599,1500,81,5,0.06172839506172839,73,0.9012345679012346,8,0.09876543209876543,e1g1,0.25806451612903225,8,10.0,0.25,0.125,0.35355339059327373,0.31546487678572877,0.7419354838709677,0.1875,0.30177669529663687,0.2827324383928644
r3k2r/pp1bbppp/1qn1p3/3pPn2/1P1P4/P4N2/1B2BPPP/RN1QK2R w KQkq -,1600-1799,1700,237,18,0.0759493670886076,203,0.8565400843881856,34,0.14345991561181434,e1g1,0.25806451612903225,8,10.0,0.25,0.125,0.35355339059327373,0.31546487678572877,0.7419354838709677,0.1875,0.30177669529663687,0.2827324383928644
r3k2r/pp1bbppp/1qn1p3/3pPn2/1P1P4/P4N2/1B2BPPP/RN1QK2R w KQkq -,1800-1999,1900,285,18,0.06315789473684211,255,0.8947368421052632,30,0.10526315789473684,e1g1,0.25806451612903225,8,10.0,0.25,0.125,0.35355339059327373,0.31546487678572877,0.7419354838709677,0.1875,0.30177669529663687,0.2827324383928644
r3k2r/pp1bbppp/1qn1p3/3pPn2/1P1P4/P4N2/1B2BPPP/RN1QK2R w KQkq -,2000-2199,2100,93,6,0.06451612903225806,86,0.9247311827956989,7,0.07526881720430108,e1g1,0.25806451612903225,8,10.0,0.25,0.125,0.35355339059327373,0.31546487678572877,0.7419354838709677,0.1875,0.30177669529663687,0.2827324383928644
r3k2r/pp1bbppp/1qn1p3/3pPn2/1P1P4/P4N2/1B2BPPP/RN1QK2R w KQkq -,2200-2399,2300,14,0,0.0,14,1.0,0,0.0,e1g1,0.25806451612903225,8,10.0,0.25,0.125,0.35355339059327373,0.31546487678572877,0.7419354838709677,0.1875,0.30177669529663687,0.2827324383928644
rn1q1rk1/1b2bppp/p2ppn2/1p6/3NP3/1BN1BP2/PPPQ2PP/R3K2R w KQ -,1400-1599,1500,92,1,0.010869565217391304,56,0.6086956521739131,36,0.391304347826087,e1c1,0.22727272727272727,10,12.0,0.375,0.1,0.31622776601683794,0.2890648263178879,0.7727272727272727,0.2375,0.345613883008419,0.33203241315894394
rn1q1rk1/1b2bppp/p2ppn2/1p6/3NP3/1BN1BP2/PPPQ2PP/R3K2R w KQ -,1600-1799,1700,252,2,0.007936507936507936,161,0.6388888888888888,91,0.3611111111111111,e1c1,0.22727272727272727,10,12.0,0.375,0.1,0.31622776601683794,0.2890648263178879,0.7727272727272727,0.2375,0.345613883008419,0.33203241315894394
rn1q1rk1/1b2bppp/p2ppn2/1p6/3NP3/1BN1BP2/PPPQ2PP/R3K2R w KQ -,1800-1999,1900,266,1,0.0037593984962406013,176,0.6616541353383458,90,0.3383458646616541,e1c1,0.22727272727272727,10,12.0,0.375,0.1,0.31622776601683794,0.2890648263178879,0.7727272727272727,0.2375,0.345613883008419,0.33203241315894394
rn1q1rk1/1b2bppp/p2ppn2/1p6/3NP3/1BN1BP2/PPPQ2PP/R3K2R w KQ -,2000-2199,2100,90,1,0.011111111111111112,60,0.6666666666666666,30,0.3333333333333333,e1c1,0.22727272727272727,10,12.0,0.375,0.1,0.31622776601683794,0.2890648263178879,0.7727272727272727,0.2375,0.345613883008419,0.33203241315894394
r1bq1rk1/ppp2ppp/2n5/3n4/2BP4/2P2N2/P4PPP/R1BQ1RK1 w - -,1400-1599,1500,61,28,0.45901639344262296,7,0.11475409836065574,54,0.8852459016393442,f1e1,0.20588235294117646,7,6.0,0.0,0.14285714285714285,0.3779644730092272,0.3333333333333333,0.7941176470588236,0.07142857142857142,0.1889822365046136,0.16666666666666666
r1bq1rk1/ppp2ppp/2n5/3n4/2BP4/2P2N2/P4PPP/R1BQ1RK1 w - -,1600-1799,1700,210,97,0.46190476190476193,14,0.06666666666666667,196,0.9333333333333333,f1e1,0.20588235294117646,7,6.0,0.0,0.14285714285714285,0.3779644730092272,0.3333333333333333,0.7941176470588236,0.07142857142857142,0.1889822365046136,0.16666666666666666
r1bq1rk1/ppp2ppp/2n5/3n4/2BP4/2P2N2/P4PPP/R1BQ1RK1 w - -,1800-1999,1900,320,130,0.40625,23,0.071875,297,0.928125,f1e1,0.20588235294117646,7,6.0,0.0,0.14285714285714285,0.3779644730092272,0.3333333333333333,0.7941176470588236,0.07142857142857142,0.1889822365046136,0.16666666666666666
r1bq1rk1/ppp2ppp/2n5/3n4/2BP4/2P2N2/P4PPP/R1BQ1RK1 w - -,2000-2199,2100,89,23,0.25842696629213485,4,0.0449438202247191,85,0.9550561797752809,f1e1,0.20588235294117646,7,6.0,0.0,0.14285714285714285,0.3779644730092272,0.3333333333333333,0.7941176470588236,0.07142857142857142,0.1889822365046136,0.16666666666666666
r1bq1rk1/ppp2ppp/2n5/3n4/2BP4/2P2N2/P4PPP/R1BQ1RK1 w - -,2200-2399,2300,14,4,0.2857142857142857,1,0.07142857142857142,13,0.9285714285714286,f1e1,0.20588235294117646,7,6.0,0.0,0.14285714285714285,0.3779644730092272,0.3333333333333333,0.7941176470588236,0.07142857142857142,0.1889822365046136,0.16666666666666666
r1bq1rk1/pp2bppp/2p1pn2/8/2PPB3/5N2/PP3PPP/R1BQ1RK1 w - -,1400-1599,1500,30,12,0.4,17,0.5666666666666667,13,0.43333333333333335,e4c2,0.07894736842105263,3,6.0,0.0,0.3333333333333333,0.5773502691896258,0.5,0.9210526315789473,0.16666666666666666,0.2886751345948129,0.25
r1bq1rk1/pp2bppp/2p1pn2/8/2PPB3/5N2/PP3PPP/R1BQ1RK1 w - -,1600-1799,1700,100,16,0.16,83,0.83,17,0.17,e4c2,0.07894736842105263,3,6.0,0.0,0.3333333333333333,0.5773502691896258,0.5,0.9210526315789473,0.16666666666666666,0.2886751345948129,0.25
r1bq1rk1/pp2bppp/2p1pn2/8/2PPB3/5N2/PP3PPP/R1BQ1RK1 w - -,1800-1999,1900,283,14,0.04946996466431095,266,0.9399293286219081,17,0.06007067137809187,e4c2,0.07894736842105263,3,6.0,0.0,0.3333333333333333,0.5773502691896258,0.5,0.9210526315789473,0.16666666666666666,0.2886751345948129,0.25
r1bq1rk1/pp2bppp/2p1pn2/8/2PPB3/5N2/PP3PPP/R1BQ1RK1 w - -,2000-2199,2100,243,4,0.01646090534979424,238,0.9794238683127572,5,0.0205761316872428,e4c2,0.07894736842105263,3,6.0,0.0,0.3333333333333333,0.5773502691896258,0.5,0.9210526315789473,0.16666666666666666,0.2886751345948129,0.25
r1bq1rk1/pp2bppp/2p1pn2/8/2PPB3/5N2/PP3PPP/R1BQ1RK1 w - -,2200-2399,2300,60,0,0.0,60,1.0,0,0.0,e4c2,0.07894736842105263,3,6.0,0.0,0.3333333333333333,0.5773502691896258,0.5,0.9210526315789473,0.16666666666666666,0.2886751345948129,0.25
r1bq1b1r/pp1nk1pp/4pp2/3pP2Q/3n1N2/3B4/PP1N1PPP/R1B1K2R w KQ -,1600-1799,1700,15,2,0.13333333333333333,4,0.26666666666666666,11,0.7333333333333333,e5f6,0.0392156862745098,2,18.0,0.75,0.5,0.7071067811865475,0.6309297535714575,0.9607843137254902,0.625,0.7285533905932737,0.6904648767857288
r1bq1b1r/pp1nk1pp/4pp2/3pP2Q/3n1N2/3B4/PP1N1PPP/R1B1K2R w KQ -,1800-1999,1900,161,12,0.07453416149068323,64,0.39751552795031053,97,0.6024844720496895,e5f6,0.0392156862745098,2,18.0,0.75,0.5,0.7071067811865475,0.6309297535714575,0.9607843137254902,0.625,0.7285533905932737,0.6904648767857288
r1bq1b1r/pp1nk1pp/4pp2/3pP2Q/3n1N2/3B4/PP1N1PPP/R1B1K2R w KQ -,2000-2199,2100,355,16,0.04507042253521127,120,0.3380281690140845,235,0.6619718309859155,e5f6,0.0392156862745098,2,18.0,0.75,0.5,0.7071067811865475,0.6309297535714575,0.9607843137254902,0.625,0.7285533905932737,0.6904648767857288
r1bq1b1r/pp1nk1pp/4pp2/3pP2Q/3n1N2/3B4/PP1N1PPP/R1B1K2R w KQ -,2200-2399,2300,169,4,0.023668639053254437,94,0.5562130177514792,75,0.4437869822485207,e5f6,0.0392156862745098,2,18.0,0.75,0.5,0.7071067811865475,0.6309297535714575,0.9607843137254902,0.625,0.7285533905932737,0.6904648767857288
r1b2rk1/ppp1qppp/3p4/4n3/1bP2B2/4P3/PP1NBPPP/R2Q1RK1 w - -,1400-1599,1500,38,2,0.05263157894736842,7,0.18421052631578946,31,0.8157894736842105,d2b3,0.40625,13,10.0,0.25,0.07692307692307693,0.2773500981126146,0.26264953503719357,0.59375,0.16346153846153846,0.2636750490563073,0.2563247675185968
r1b2rk1/ppp1qppp/3p4/4n3/1bP2B2/4P3/PP1NBPPP/R2Q1RK1 w - -,1600-1799,1700,178,0,0.0,64,0.3595505617977528,114,0.6404494382022472,d2b3,0.40625,13,10.0,0.25,0.07692307692307693,0.2773500981126146,0.26264953503719357,0.59375,0.16346153846153846,0.2636750490563073,0.2563247675185968
r1b2rk1/ppp1qppp/3p4/4n3/1bP2B2/4P3/PP1NBPPP/R2Q1RK1 w - -,1800-1999,1900,298,1,0.003355704697986577,152,0.5100671140939598,146,0.4899328859060403,d2b3,0.40625,13,10.0,0.25,0.07692307692307693,0.2773500981126146,0.26264953503719357,0.59375,0.16346153846153846,0.2636750490563073,0.2563247675185968
r1b2rk1/ppp1qppp/3p4/4n3/1bP2B2/4P3/PP1NBPPP/R2Q1RK1 w - -,2000-2199,2100,152,0,0.0,112,0.7368421052631579,40,0.2631578947368421,d2b3,0.40625,13,10.0,0.25,0.07692307692307693,0.2773500981126146,0.26264953503719357,0.59375,0.16346153846153846,0.2636750490563073,0.2563247675185968
r1b2rk1/ppp1qppp/3p4/4n3/1bP2B2/4P3/PP1NBPPP/R2Q1RK1 w - -,2200-2399,2300,28,0,0.0,20,0.7142857142857143,8,0.2857142857142857,d2b3,0.40625,13,10.0,0.25,0.07692307692307693,0.2773500981126146,0.26264953503719357,0.59375,0.16346153846153846,0.2636750490563073,0.2563247675185968
r1bq1rk1/pp2bpp1/2n2n1p/3p2B1/3N4/2N3P1/PP2PPBP/R2Q1RK1 w - -,1600-1799,1700,19,0,0.0,5,0.2631578947368421,14,0.7368421052631579,g5e3,0.0851063829787234,4,8.0,0.125,0.25,0.5,0.43067655807339306,0.9148936170212766,0.1875,0.3125,0.27783827903669656
r1bq1rk1/pp2bpp1/2n2n1p/3p2B1/3N4/2N3P1/PP2PPBP/R2Q1RK1 w - -,1800-1999,1900,143,5,0.03496503496503497,41,0.2867132867132867,102,0.7132867132867133,g5e3,0.0851063829787234,4,8.0,0.125,0.25,0.5,0.43067655807339306,0.9148936170212766,0.1875,0.3125,0.27783827903669656
r1bq1rk1/pp2bpp1/2n2n1p/3p2B1/3N4/2N3P1/PP2PPBP/R2Q1RK1 w - -,2000-2199,2100,282,14,0.04964539007092199,123,0.43617021276595747,159,0.5638297872340425,g5e3,0.0851063829787234,4,8.0,0.125,0.25,0.5,0.43067655807339306,0.9148936170212766,0.1875,0.3125,0.27783827903669656
r1bq1rk1/pp2bpp1/2n2n1p/3p2B1/3N4/2N3P1/PP2PPBP/R2Q1RK1 w - -,2200-2399,2300,233,4,0.017167381974248927,137,0.5879828326180258,96,0.41201716738197425,g5e3,0.0851063829787234,4,8.0,0.125,0.25,0.5,0.43067655807339306,0.9148936170212766,0.1875,0.3125,0.27783827903669656
rn1q1rk1/1p2bppp/3pbn2/p3p3/4P3/1NN1BP2/PPPQ2PP/2KR1B1R w - -,1600-1799,1700,55,21,0.38181818181818183,10,0.18181818181818182,45,0.8181818181818182,a2a4,0.1,4,8.0,0.125,0.25,0.5,0.43067655807339306,0.9,0.1875,0.3125,0.27783827903669656
rn1q1rk1/1p2bppp/3pbn2/p3p3/4P3/1NN1BP2/PPPQ2PP/2KR1B1R w - -,1800-1999,1900,224,68,0.30357142857142855,65,0.29017857142857145,159,0.7098214285714286,a2a4,0.1,4,8.0,0.125,0.25,0.5,0.43067655807339306,0.9,0.1875,0.3125,0.27783827903669656
rn1q1rk1/1p2bppp/3pbn2/p3p3/4P3/1NN1BP2/PPPQ2PP/2KR1B1R w - -,2000-2199,2100,299,66,0.22073578595317725,67,0.22408026755852842,232,0.7759197324414716,a2a4,0.1,4,8.0,0.125,0.25,0.5,0.43067655807339306,0.9,0.1875,0.3125,0.27783827903669656
rn1q1rk1/1p2bppp/3pbn2/p3p3/4P3/1NN1BP2/PPPQ2PP/2KR1B1R w - -,2200-2399,2300,108,11,0.10185185185185185,44,0.4074074074074074,64,0.5925925925925926,a2a4,0.1,4,8.0,0.125,0.25,0.5,0.43067655807339306,0.9,0.1875,0.3125,0.27783827903669656
r1bqk2r/1p3ppp/p1np4/3Np1b1/4P3/N7/PPP2PPP/R2QKB1R w KQkq -,1400-1599,1500,43,12,0.27906976744186046,9,0.20930232558139536,34,0.7906976744186046,a3c4,0.15384615384615385,6,10.0,0.25,0.16666666666666666,0.4082482904638631,0.3562071871080222,0.8461538461538461,0.20833333333333331,0.32912414523193156,0.30310359355401106
r1bqk2r/1p3ppp/p1np4/3Np1b1/4P3/N7/PPP2PPP/R2QKB1R w KQkq -,1600-1799,1700,177,26,0.14689265536723164,40,0.22598870056497175,137,0.7740112994350282,a3c4,0.15384615384615385,6,10.0,0.25,0.16666666666666666,0.4082482904638631,0.3562071871080222,0.8461538461538461,0.20833333333333331,0.32912414523193156,0.30310359355401106
r1bqk2r/1p3ppp/p1np4/3Np1b1/4P3/N7/PPP2PPP/R2QKB1R w KQkq -,1800-1999,1900,377,64,0.16976127320954906,67,0.17771883289124668,310,0.8222811671087533,a3c4,0.15384615384615385,6,10.0,0.25,0.16666666666666666,0.4082482904638631,0.3562071871080222,0.8461538461538461,0.20833333333333331,0.32912414523193156,0.30310359355401106
r1bqk2r/1p3ppp/p1np4/3Np1b1/4P3/N7/PPP2PPP/R2QKB1R w KQkq -,2000-2199,2100,99,15,0.15151515151515152,14,0.1414141414141414,85,0.8585858585858586,a3c4,0.15384615384615385,6,10.0,0.25,0.16666666666666666,0.4082482904638631,0.3562071871080222,0.8461538461538461,0.20833333333333331,0.32912414523193156,0.30310359355401106
r1bq1rk1/ppp1bpp1/5n1p/4Q3/2B5/2N5/PPP2PPP/R1B2RK1 w - -,1400-1599,1500,248,159,0.6411290322580645,46,0.18548387096774194,202,0.8145161290322581,c1f4,0.09433962264150944,5,10.0,0.25,0.2,0.4472135954999579,0.38685280723454163,0.9056603773584906,0.225,0.34860679774997894,0.3184264036172708
r1bq1rk1/ppp1bpp1/5n1p/4Q3/2B5/2N5/PPP2PPP/R1B2RK1 w - -,1600-1799,1700,162,106,0.654320987654321,30,0.18518518518518517,132,0.8148148148148148,c1f4,0.09433962264150944,5,10.0,0.25,0.2,0.4472135954999579,0.38685280723454163,0.9056603773584906,0.225,0.34860679774997894,0.3184264036172708
r1bq1rk1/ppp1bpp1/5n1p/4Q3/2B5/2N5/PPP2PPP/R1B2RK1 w - -,1800-1999,1900,57,42,0.7368421052631579,5,0.08771929824561403,52,0.9122807017543859,c1f4,0.09433962264150944,5,10.0,0.25,0.2,0.4472135954999579,0.38685280723454163,0.9056603773584906,0.225,0.34860679774997894,0.3184264036172708
r2q1rk1/pb1nbppp/2p1pn2/1p4B1/3P4/2NBPN2/PP3PPP/R2Q1RK1 w - -,1400-1599,1500,35,8,0.22857142857142856,5,0.14285714285714285,30,0.8571428571428571,a1c1,0.26666666666666666,12,6.0,0.0,0.08333333333333333,0.2886751345948129,0.27023815442731974,0.7333333333333334,0.041666666666666664,0.14433756729740646,0.13511907721365987
r2q1rk1/pb1nbppp/2p1pn2/1p4B1/3P4/2NBPN2/PP3PPP/R2Q1RK1 w - -,1600-1799,1700,198,33,0.16666666666666666,63,0.3181818181818182,135,0.6818181818181818,a1c1,0.26666666666666666,12,6.0,0.0,0.08333333333333333,0.2886751345948129,0.27023815442731974,0.7333333333333334,0.041666666666666664,0.14433756729740646,0.13511907721365987
r2q1rk1/pb1nbppp/2p1pn2/1p4B1/3P4/2NBPN2/PP3PPP/R2Q1RK1 w - -,1800-1999,1900,322,51,0.15838509316770186,107,0.33229813664596275,215,0.6677018633540373,a1c1,0.26666666666666666,12,6.0,0.0,0.08333333333333333,0.2886751345948129,0.27023815442731974,0.7333333333333334,0.041666666666666664,0.14433756729740646,0.13511907721365987
r2q1rk1/pb1nbppp/2p1pn2/1p4B1/3P4/2NBPN2/PP3PPP/R2Q1RK1 w - -,2000-2199,2100,114,22,0.19298245614035087,40,0.3508771929824561,74,0.6491228070175439,a1c1,0.26666666666666666,12,6.0,0.0,0.08333333333333333,0.2886751345948129,0.27023815442731974,0.7333333333333334,0.041666666666666664,0.14433756729740646,0.13511907721365987
r2q1rk1/pb1nbppp/2p1pn2/1p4B1/3P4/2NBPN2/PP3PPP/R2Q1RK1 w - -,2200-2399,2300,21,3,0.14285714285714285,7,0.3333333333333333,14,0.6666666666666666,a1c1,0.26666666666666666,12,6.0,0.0,0.08333333333333333,0.2886751345948129,0.27023815442731974,0.7333333333333334,0.041666666666666664,0.14433756729740646,0.13511907721365987
r1bq1rk1/ppp2ppp/3b1n2/4Q3/2B5/2N5/PPP2PPP/R1B2RK1 w - -,1400-1599,1500,191,75,0.39267015706806285,30,0.15706806282722513,161,0.8429319371727748,e5e2,0.07547169811320754,4,8.0,0.125,0.25,0.5,0.43067655807339306,0.9245283018867925,0.1875,0.3125,0.27783827903669656
r1bq1rk1/ppp2ppp/3b1n2/4Q3/2B5/2N5/PPP2PPP/R1B2RK1 w - -,1600-1799,1700,267,52,0.1947565543071161,43,0.16104868913857678,224,0.8389513108614233,e5e2,0.07547169811320754,4,8.0,0.125,0.25,0.5,0.43067655807339306,0.9245283018867925,0.1875,0.3125,0.27783827903669656
r1bq1rk1/ppp2ppp/3b1n2/4Q3/2B5/2N5/PPP2PPP/R1B2RK1 w - -,1800-1999,1900,123,11,0.08943089430894309,19,0.15447154471544716,104,0.8455284552845529,e5e2,0.07547169811320754,4,8.0,0.125,0.25,0.5,0.43067655807339306,0.9245283018867925,0.1875,0.3125,0.27783827903669656
r1bq1rk1/ppp2ppp/3b1n2/4Q3/2B5/2N5/PPP2PPP/R1B2RK1 w - -,2000-2199,2100,12,1,0.08333333333333333,2,0.16666666666666666,10,0.8333333333333334,e5e2,0.07547169811320754,4,8.0,0.125,0.25,0.5,0.43067655807339306,0.9245283018867925,0.1875,0.3125,0.27783827903669656
r1q2rk1/pp2bppp/2n1pn2/3p4/3P1Bb1/1QPB1N2/PP1N1PPP/R4RK1 w - -,1600-1799,1700,50,0,0.0,12,0.24,38,0.76,a1e1,0.5,25,22.0,1.0,0.04,0.2,0.21274605355336312,0.5,0.52,0.6,0.6063730267766816
r1q2rk1/pp2bppp/2n1pn2/3p4/3P1Bb1/1QPB1N2/PP1N1PPP/R4RK1 w - -,1800-1999,1900,260,1,0.0038461538461538464,49,0.18846153846153846,211,0.8115384615384615,a1e1,0.5,25,22.0,1.0,0.04,0.2,0.21274605355336312,0.5,0.52,0.6,0.6063730267766816
r1q2rk1/pp2bppp/2n1pn2/3p4/3P1Bb1/1QPB1N2/PP1N1PPP/R4RK1 w - -,2000-2199,2100,263,0,0.0,74,0.2813688212927757,189,0.7186311787072244,a1e1,0.5,25,22.0,1.0,0.04,0.2,0.21274605355336312,0.5,0.52,0.6,0.6063730267766816
r1q2rk1/pp2bppp/2n1pn2/3p4/3P1Bb1/1QPB1N2/PP1N1PPP/R4RK1 w - -,2200-2399,2300,91,0,0.0,40,0.43956043956043955,51,0.5604395604395604,a1e1,0.5,25,22.0,1.0,0.04,0.2,0.21274605355336312,0.5,0.52,0.6,0.6063730267766816
r1b1k2r/1pqnbpp1/p2ppn1p/6B1/3NPPP1/2N2Q2/PPP4P/2KR1B1R w kq -,1600-1799,1700,32,0,0.0,20,0.625,12,0.375,g5f6,0.09523809523809523,4,6.0,0.0,0.25,0.5,0.43067655807339306,0.9047619047619048,0.125,0.25,0.21533827903669653
r1b1k2r/1pqnbpp1/p2ppn1p/6B1/3NPPP1/2N2Q2/PPP4P/2KR1B1R w kq -,1800-1999,1900,249,0,0.0,159,0.6385542168674698,90,0.3614457831325301,g5f6,0.09523809523809523,4,6.0,0.0,0.25,0.5,0.43067655807339306,0.9047619047619048,0.125,0.25,0.21533827903669653
r1b1k2r/1pqnbpp1/p2ppn1p/6B1/3NPPP1/2N2Q2/PPP4P/2KR1B1R w kq -,2000-2199,2100,326,0,0.0,252,0.7730061349693251,74,0.22699386503067484,g5f6,0.09523809523809523,4,6.0,0.0,0.25,0.5,0.43067655807339306,0.9047619047619048,0.125,0.25,0.21533827903669653
r1b1k2r/1pqnbpp1/p2ppn1p/6B1/3NPPP1/2N2Q2/PPP4P/2KR1B1R w kq -,2200-2399,2300,67,0,0.0,60,0.8955223880597015,7,0.1044776119402985,g5f6,0.09523809523809523,4,6.0,0.0,0.25,0.5,0.43067655807339306,0.9047619047619048,0.125,0.25,0.21533827903669653
r1bq1rk1/ppp2ppp/2n5/3p4/3Pn3/2PB1N2/P4PPP/R1BQ1RK1 w - -,1400-1599,1500,47,12,0.2553191489361702,20,0.425531914893617,27,0.574468085106383,d1c2,0.2571428571428571,9,14.0,0.5,0.1111111111111111,0.3333333333333333,0.3010299956639812,0.7428571428571429,0.3055555555555556,0.41666666666666663,0.4005149978319906
r1bq1rk1/ppp2ppp/2n5/3p4/3Pn3/2PB1N2/P4PPP/R1BQ1RK1 w - -,1600-1799,1700,212,43,0.2028301886792453,105,0.49528301886792453,107,0.5047169811320755,d1c2,0.2571428571428571,9,14.0,0.5,0.1111111111111111,0.3333333333333333,0.3010299956639812,0.7428571428571429,0.3055555555555556,0.41666666666666663,0.4005149978319906
r1bq1rk1/ppp2ppp/2n5/3p4/3Pn3/2PB1N2/P4PPP/R1BQ1RK1 w - -,1800-1999,1900,317,58,0.1829652996845426,176,0.555205047318612,141,0.444794952681388,d1c2,0.2571428571428571,9,14.0,0.5,0.1111111111111111,0.3333333333333333,0.3010299956639812,0.7428571428571429,0.3055555555555556,0.41666666666666663,0.4005149978319906
r1bq1rk1/ppp2ppp/2n5/3p4/3Pn3/2PB1N2/P4PPP/R1BQ1RK1 w - -,2000-2199,2100,98,15,0.15306122448979592,62,0.6326530612244898,36,0.3673469387755102,d1c2,0.2571428571428571,9,14.0,0.5,0.1111111111111111,0.3333333333333333,0.3010299956639812,0.7428571428571429,0.3055555555555556,0.41666666666666663,0.4005149978319906
r1bq1rk1/ppp2ppp/2n5/3p4/3Pn3/2PB1N2/P4PPP/R1BQ1RK1 w - -,2200-2399,2300,17,2,0.11764705882352941,9,0.5294117647058824,8,0.47058823529411764,d1c2,0.2571428571428571,9,14.0,0.5,0.1111111111111111,0.3333333333333333,0.3010299956639812,0.7428571428571429,0.3055555555555556,0.41666666666666663,0.4005149978319906
r2qk1nr/p2b1pbp/4p1p1/1B1p4/8/2N5/PPP2PPP/R1BQ1RK1 w kq -,1400-1599,1500,178,1,0.0056179775280898875,7,0.03932584269662921,171,0.9606741573033708,a2a4,0.41025641025641024,16,22.0,1.0,0.0625,0.25,0.24465054211822604,0.5897435897435898,0.53125,0.625,0.6223252710591131
r2qk1nr/p2b1pbp/4p1p1/1B1p4/8/2N5/PPP2PPP/R1BQ1RK1 w kq -,1600-1799,1700,237,4,0.016877637130801686,3,0.012658227848101266,234,0.9873417721518988,a2a4,0.41025641025641024,16,22.0,1.0,0.0625,0.25,0.24465054211822604,0.5897435897435898,0.53125,0.625,0.6223252710591131
r2qk1nr/p2b1pbp/4p1p1/1B1p4/8/2N5/PPP2PPP/R1BQ1RK1 w kq -,1800-1999,1900,110,0,0.0,2,0.01818181818181818,108,0.9818181818181818,a2a4,0.41025641025641024,16,22.0,1.0,0.0625,0.25,0.24465054211822604,0.5897435897435898,0.53125,0.625,0.6223252710591131
r2qk1nr/p2b1pbp/4p1p1/1B1p4/8/2N5/PPP2PPP/R1BQ1RK1 w kq -,2000-2199,2100,23,0,0.0,0,0.0,23,1.0,a2a4,0.41025641025641024,16,22.0,1.0,0.0625,0.25,0.24465054211822604,0.5897435897435898,0.53125,0.625,0.6223252710591131
2kr3r/pppqn1pp/2nb1p2/3p4/3P2bB/2PB1N2/PP1N1PPP/R2Q1RK1 w - -,1600-1799,1700,122,19,0.1557377049180328,13,0.10655737704918032,109,0.8934426229508197,h4g3,0.15789473684210525,6,6.0,0.0,0.16666666666666666,0.4082482904638631,0.3562071871080222,0.8421052631578947,0.08333333333333333,0.20412414523193154,0.1781035935540111
2kr3r/pppqn1pp/2nb1p2/3p4/3P2bB/2PB1N2/PP1N1PPP/R2Q1RK1 w - -,1800-1999,1900,356,38,0.10674157303370786,32,0.0898876404494382,324,0.9101123595505618,h4g3,0.15789473684210525,6,6.0,0.0,0.16666666666666666,0.4082482904638631,0.3562071871080222,0.8421052631578947,0.08333333333333333,0.20412414523193154,0.1781035935540111
2kr3r/pppqn1pp/2nb1p2/3p4/3P2bB/2PB1N2/PP1N1PPP/R2Q1RK1 w - -,2000-2199,2100,181,7,0.03867403314917127,16,0.08839779005524862,165,0.9116022099447514,h4g3,0.15789473684210525,6,6.0,0.0,0.16666666666666666,0.4082482904638631,0.3562071871080222,0.8421052631578947,0.08333333333333333,0.20412414523193154,0.1781035935540111
2kr3r/pppqn1pp/2nb1p2/3p4/3P2bB/2PB1N2/PP1N1PPP/R2Q1RK1 w - -,2200-2399,2300,23,2,0.08695652173913043,4,0.17391304347826086,19,0.8260869565217391,h4g3,0.15789473684210525,6,6.0,0.0,0.16666666666666666,0.4082482904638631,0.3562071871080222,0.8421052631578947,0.08333333333333333,0.20412414523193154,0.1781035935540111
r4rk1/pp1bppbp/2np1np1/q7/3NP3/1BN1BP2/PPPQ2PP/R3K2R w KQ -,1600-1799,1700,49,4,0.08163265306122448,38,0.7755102040816326,11,0.22448979591836735,e1c1,0.08888888888888889,4,20.0,0.875,0.25,0.5,0.43067655807339306,0.9111111111111111,0.5625,0.6875,0.6528382790366966
r4rk1/pp1bppbp/2np1np1/q7/3NP3/1BN1BP2/PPPQ2PP/R3K2R w KQ -,1800-1999,1900,247,18,0.0728744939271255,200,0.8097165991902834,47,0.1902834008097166,e1c1,0.08888888888888889,4,20.0,0.875,0.25,0.5,0.43067655807339306,0.9111111111111111,0.5625,0.6875,0.6528382790366966
r4rk1/pp1bppbp/2np1np1/q7/3NP3/1BN1BP2/PPPQ2PP/R3K2R w KQ -,2000-2199,2100,304,21,0.06907894736842106,236,0.7763157894736842,68,0.2236842105263158,e1c1,0.08888888888888889,4,20.0,0.875,0.25,0.5,0.43067655807339306,0.9111111111111111,0.5625,0.6875,0.6528382790366966
r4rk1/pp1bppbp/2np1np1/q7/3NP3/1BN1BP2/PPPQ2PP/R3K2R w KQ -,2200-2399,2300,76,4,0.05263157894736842,64,0.8421052631578947,12,0.15789473684210525,e1c1,0.08888888888888889,4,20.0,0.875,0.25,0.5,0.43067655807339306,0.9111111111111111,0.5625,0.6875,0.6528382790366966
r1b1kb1r/ppqn1ppp/2n1p3/3pP3/NP1p1P2/2P1BN2/P5PP/R2QKB1R w KQkq -,1400-1599,1500,10,1,0.1,9,0.9,1,0.1,f3d4,0.024390243902439025,1,6.0,0.0,1.0,1.0,1.0,0.975609756097561,0.5,0.5,0.5
r1b1kb1r/ppqn1ppp/2n1p3/3pP3/NP1p1P2/2P1BN2/P5PP/R2QKB1R w KQkq -,1600-1799,1700,111,5,0.04504504504504504,106,0.954954954954955,5,0.04504504504504504,f3d4,0.024390243902439025,1,6.0,0.0,1.0,1.0,1.0,0.975609756097561,0.5,0.5,0.5
r1b1kb1r/ppqn1ppp/2n1p3/3pP3/NP1p1P2/2P1BN2/P5PP/R2QKB1R w KQkq -,1800-1999,1900,320,21,0.065625,299,0.934375,21,0.065625,f3d4,0.024390243902439025,1,6.0,0.0,1.0,1.0,1.0,0.975609756097561,0.5,0.5,0.5
r1b1kb1r/ppqn1ppp/2n1p3/3pP3/NP1p1P2/2P1BN2/P5PP/R2QKB1R w KQkq -,2000-2199,2100,198,3,0.015151515151515152,195,0.9848484848484849,3,0.015151515151515152,f3d4,0.024390243902439025,1,6.0,0.0,1.0,1.0,1.0,0.975609756097561,0.5,0.5,0.5
r1b1kb1r/ppqn1ppp/2n1p3/3pP3/NP1p1P2/2P1BN2/P5PP/R2QKB1R w KQkq -,2200-2399,2300,29,0,0.0,29,1.0,0,0.0,f3d4,0.024390243902439025,1,6.0,0.0,1.0,1.0,1.0,0.975609756097561,0.5,0.5,0.5
r4rk1/pp1bppbp/2np1np1/q7/3NP3/1BN1B2P/PPP2PP1/R2Q1RK1 w - -,1800-1999,1900,85,24,0.2823529411764706,14,0.16470588235294117,71,0.8352941176470589,f1e1,0.37209302325581395,16,14.0,0.5,0.0625,0.25,0.24465054211822604,0.627906976744186,0.28125,0.375,0.372325271059113
r4rk1/pp1bppbp/2np1np1/q7/3NP3/1BN1B2P/PPP2PP1/R2Q1RK1 w - -,2000-2199,2100,293,50,0.17064846416382254,83,0.2832764505119454,210,0.7167235494880546,f1e1,0.37209302325581395,16,14.0,0.5,0.0625,0.25,0.24465054211822604,0.627906976744186,0.28125,0.375,0.372325271059113
r4rk1/pp1bppbp/2np1np1/q7/3NP3/1BN1B2P/PPP2PP1/R2Q1RK1 w - -,2200-2399,2300,254,23,0.09055118110236221,110,0.4330708661417323,144,0.5669291338582677,f1e1,0.37209302325581395,16,14.0,0.5,0.0625,0.25,0.24465054211822604,0.627906976744186,0.28125,0.375,0.372325271059113
r2k3r/pppbbppp/5n2/4p1B1/8/2N5/PPP2PPP/2KR1B1R w - -,1400-1599,1500,228,108,0.47368421052631576,45,0.19736842105263158,183,0.8026315789473685,f1c4,0.3783783783783784,14,6.0,0.0,0.07142857142857142,0.2672612419124244,0.2559580248098155,0.6216216216216216,0.03571428571428571,0.1336306209562122,0.12797901240490775
r2k3r/pppbbppp/5n2/4p1B1/8/2N5/PPP2PPP/2KR1B1R w - -,1600-1799,1700,98,32,0.32653061224489793,30,0.30612244897959184,68,0.6938775510204082,f1c4,0.3783783783783784,14,6.0,0.0,0.07142857142857142,0.2672612419124244,0.2559580248098155,0.6216216216216216,0.03571428571428571,0.1336306209562122,0.12797901240490775
r2k3r/pppbbppp/5n2/4p1B1/8/2N5/PPP2PPP/2KR1B1R w - -,1800-1999,1900,13,6,0.46153846153846156,2,0.15384615384615385,11,0.8461538461538461,f1c4,0.3783783783783784,14,6.0,0.0,0.07142857142857142,0.2672612419124244,0.2559580248098155,0.6216216216216216,0.03571428571428571,0.1336306209562122,0.12797901240490775
r1bq1rk1/pp2ppbp/6p1/n1p5/2BPP3/2P1B3/P3NPPP/R2Q1RK1 w - -,1600-1799,1700,46,2,0.043478260869565216,34,0.7391304347826086,12,0.2608695652173913,c4d3,0.07894736842105263,3,6.0,0.0,0.3333333333333333,0.5773502691896258,0.5,0.9210526315789473,0.16666666666666666,0.2886751345948129,0.25
r1bq1rk1/pp2ppbp/6p1/n1p5/2BPP3/2P1B3/P3NPPP/R2Q1RK1 w - -,1800-1999,1900,317,22,0.0694006309148265,241,0.7602523659305994,76,0.23974763406940064,c4d3,0.07894736842105263,3,6.0,0.0,0.3333333333333333,0.5773502691896258,0.5,0.9210526315789473,0.16666666666666666,0.2886751345948129,0.25
r1bq1rk1/pp2ppbp/6p1/n1p5/2BPP3/2P1B3/P3NPPP/R2Q1RK1 w - -,2000-2199,2100,244,11,0.045081967213114756,218,0.8934426229508197,26,0.10655737704918032,c4d3,0.07894736842105263,3,6.0,0.0,0.3333333333333333,0.5773502691896258,0.5,0.9210526315789473,0.16666666666666666,0.2886751345948129,0.25
r1bq1rk1/pp2ppbp/6p1/n1p5/2BPP3/2P1B3/P3NPPP/R2Q1RK1 w - -,2200-2399,2300,52,2,0.038461538461538464,49,0.9423076923076923,3,0.057692307692307696,c4d3,0.07894736842105263,3,6.0,0.0,0.3333333333333333,0.5773502691896258,0.5,0.9210526315789473,0.16666666666666666,0.2886751345948129,0.25
r2q1rk1/pp3ppp/2n1bn2/2bp2B1/8/2N2NP1/PP2PPBP/R2Q1RK1 w - -,1400-1599,1500,19,7,0.3684210526315789,1,0.05263157894736842,18,0.9473684210526315,a1c1,0.14285714285714285,6,20.0,0.875,0.16666666666666666,0.4082482904638631,0.3562071871080222,0.8571428571428572,0.5208333333333334,0.6416241452319316,0.6156035935540111
r2q1rk1/pp3ppp/2n1bn2/2bp2B1/8/2N2NP1/PP2PPBP/R2Q1RK1 w - -,1600-1799,1700,84,17,0.20238095238095238,18,0.21428571428571427,66,0.7857142857142857,a1c1,0.14285714285714285,6,20.0,0.875,0.16666666666666666,0.4082482904638631,0.3562071871080222,0.8571428571428572,0.5208333333333334,0.6416241452319316,0.6156035935540111
r2q1rk1/pp3ppp/2n1bn2/2bp2B1/8/2N2NP1/PP2PPBP/R2Q1RK1 w - -,1800-1999,1900,227,48,0.21145374449339208,61,0.2687224669603524,166,0.7312775330396476,a1c1,0.14285714285714285,6,20.0,0.875,0.16666666666666666,0.4082482904638631,0.3562071871080222,0.8571428571428572,0.5208333333333334,0.6416241452319316,0.6156035935540111
r2q1rk1/pp3ppp/2n1bn2/2bp2B1/8/2N2NP1/PP2PPBP/R2Q1RK1 w - -,2000-2199,2100,248,28,0.11290322580645161,99,0.39919354838709675,149,0.6008064516129032,a1c1,0.14285714285714285,6,20.0,0.875,0.16666666666666666,0.4082482904638631,0.3562071871080222,0.8571428571428572,0.5208333333333334,0.6416241452319316,0.6156035935540111
r2q1rk1/pp3ppp/2n1bn2/2bp2B1/8/2N2NP1/PP2PPBP/R2Q1RK1 w - -,2200-2399,2300,79,9,0.11392405063291139,36,0.45569620253164556,43,0.5443037974683544,a1c1,0.14285714285714285,6,20.0,0.875,0.16666666666666666,0.4082482904638631,0.3562071871080222,0.8571428571428572,0.5208333333333334,0.6416241452319316,0.6156035935540111
r1b2rk1/1p3ppp/p1nqpn2/3p4/3P4/2NBPN2/PP3PPP/R2Q1RK1 w - -,1400-1599,1500,41,0,0.0,12,0.2926829268292683,29,0.7073170731707317,a1c1,0.6904761904761905,29,20.0,0.875,0.034482758620689655,0.18569533817705186,0.2037950470905062,0.30952380952380953,0.4547413793103448,0.5303476690885259,0.539397523545253
r1b2rk1/1p3ppp/p1nqpn2/3p4/3P4/2NBPN2/PP3PPP/R2Q1RK1 w - -,1600-1799,1700,131,1,0.007633587786259542,41,0.31297709923664124,90,0.6870229007633588,a1c1,0.6904761904761905,29,20.0,0.875,0.034482758620689655,0.18569533817705186,0.2037950470905062,0.30952380952380953,0.4547413793103448,0.5303476690885259,0.539397523545253
r1b2rk1/1p3ppp/p1nqpn2/3p4/3P4/2NBPN2/PP3PPP/R2Q1RK1 w - -,1800-1999,1900,253,0,0.0,106,0.4189723320158103,147,0.5810276679841897,a1c1,0.6904761904761905,29,20.0,0.875,0.034482758620689655,0.18569533817705186,0.2037950470905062,0.30952380952380953,0.4547413793103448,0.5303476690885259,0.539397523545253
r1b2rk1/1p3ppp/p1nqpn2/3p4/3P4/2NBPN2/PP3PPP/R2Q1RK1 w - -,2000-2199,2100,188,0,0.0,89,0.4734042553191489,99,0.526595744680851,a1c1,0.6904761904761905,29,20.0,0.875,0.034482758620689655,0.18569533817705186,0.2037950470905062,0.30952380952380953,0.4547413793103448,0.5303476690885259,0.539397523545253
r1b2rk1/1p3ppp/p1nqpn2/3p4/3P4/2NBPN2/PP3PPP/R2Q1RK1 w - -,2200-2399,2300,48,0,0.0,29,0.6041666666666666,19,0.3958333333333333,a1c1,0.6904761904761905,29,20.0,0.875,0.034482758620689655,0.18569533817705186,0.2037950470905062,0.30952380952380953,0.4547413793103448,0.5303476690885259,0.539397523545253
r2q1rk1/pp2bpp1/2n1pn1p/3p2B1/3P2b1/2PB1N2/PPQN1PPP/R4RK1 w - -,1400-1599,1500,24,2,0.08333333333333333,12,0.5,12,0.5,g5h4,0.09523809523809523,4,22.0,1.0,0.25,0.5,0.43067655807339306,0.9047619047619048,0.625,0.75,0.7153382790366966
r2q1rk1/pp2bpp1/2n1pn1p/3p2B1/3P2b1/2PB1N2/PPQN1PPP/R4RK1 w - -,1600-1799,1700,183,2,0.01092896174863388,123,0.6721311475409836,60,0.32786885245901637,g5h4,0.09523809523809523,4,22.0,1.0,0.25,0.5,0.43067655807339306,0.9047619047619048,0.625,0.75,0.7153382790366966
r2q1rk1/pp2bpp1/2n1pn1p/3p2B1/3P2b1/2PB1N2/PPQN1PPP/R4RK1 w - -,1800-1999,1900,340,1,0.0029411764705882353,253,0.7441176470588236,87,0.25588235294117645,g5h4,0.09523809523809523,4,22.0,1.0,0.25,0.5,0.43067655807339306,0.9047619047619048,0.625,0.75,0.7153382790366966
r2q1rk1/pp2bpp1/2n1pn1p/3p2B1/3P2b1/2PB1N2/PPQN1PPP/R4RK1 w - -,2000-2199,2100,120,0,0.0,89,0.7416666666666667,31,0.25833333333333336,g5h4,0.09523809523809523,4,22.0,1.0,0.25,0.5,0.43067655807339306,0.9047619047619048,0.625,0.75,0.7153382790366966
r2q1rk1/ppp2pp1/2np1n1p/8/2BPP1b1/2N2N2/PPP3PP/R2Q1RK1 w - -,1400-1599,1500,214,74,0.34579439252336447,68,0.3177570093457944,146,0.6822429906542056,h2h3,0.41025641025641024,16,14.0,0.5,0.0625,0.25,0.24465054211822604,0.5897435897435898,0.28125,0.375,0.372325271059113
r2q1rk1/ppp2pp1/2np1n1p/8/2BPP1b1/2N2N2/PPP3PP/R2Q1RK1 w - -,1600-1799,1700,106,28,0.2641509433962264,27,0.25471698113207547,79,0.7452830188679245,h2h3,0.41025641025641024,16,14.0,0.5,0.0625,0.25,0.24465054211822604,0.5897435897435898,0.28125,0.375,0.372325271059113
r2q1rk1/ppp2pp1/2np1n1p/8/2BPP1b1/2N2N2/PPP3PP/R2Q1RK1 w - -,1800-1999,1900,39,7,0.1794871794871795,11,0.28205128205128205,28,0.717948717948718,h2h3,0.41025641025641024,16,14.0,0.5,0.0625,0.25,0.24465054211822604,0.5897435897435898,0.28125,0.375,0.372325271059113
r2q1rk1/pp1n1ppp/2pb1n2/3p2Bb/3P4/3B1N1P/PPPN1PP1/R2QR1K1 w - -,1400-1599,1500,31,7,0.22580645161290322,7,0.22580645161290322,24,0.7741935483870968,c2c4,0.3695652173913043,17,6.0,0.0,0.058823529411764705,0.24253562503633297,0.23981246656813146,0.6304347826086957,0.029411764705882353,0.12126781251816648,0.11990623328406573
r2q1rk1/pp1n1ppp/2pb1n2/3p2Bb/3P4/3B1N1P/PPPN1PP1/R2QR1K1 w - -,1600-1799,1700,224,35,0.15625,27,0.12053571428571429,197,0.8794642857142857,c2c4,0.3695652173913043,17,6.0,0.0,0.058823529411764705,0.24253562503633297,0.23981246656813146,0.6304347826086957,0.029411764705882353,0.12126781251816648,0.11990623328406573
r2q1rk1/pp1n1ppp/2pb1n2/3p2Bb/3P4/3B1N1P/PPPN1PP1/R2QR1K1 w - -,1800-1999,1900,321,43,0.13395638629283488,50,0.1557632398753894,271,0.8442367601246106,c2c4,0.3695652173913043,17,6.0,0.0,0.058823529411764705,0.24253562503633297,0.23981246656813146,0.6304347826086957,0.029411764705882353,0.12126781251816648,0.11990623328406573
r2q1rk1/pp1n1ppp/2pb1n2/3p2Bb/3P4/3B1N1P/PPPN1PP1/R2QR1K1 w - -,2000-2199,2100,85,13,0.15294117647058825,19,0.2235294117647059,66,0.7764705882352941,c2c4,0.3695652173913043,17,6.0,0.0,0.058823529411764705,0.24253562503633297,0.23981246656813146,0.6304347826086957,0.029411764705882353,0.12126781251816648,0.11990623328406573
r1b2rk1/pp2ppbp/2n3p1/q1p5/2BPP3/2P1B3/P3NPPP/R2Q1RK1 w - -,1600-1799,1700,104,38,0.36538461538461536,16,0.15384615384615385,88,0.8461538461538461,a1b1,0.23684210526315788,9,10.0,0.25,0.1111111111111111,0.3333333333333333,0.3010299956639812,0.7631578947368421,0.18055555555555555,0.29166666666666663,0.2755149978319906
r1b2rk1/pp2ppbp/2n3p1/q1p5/2BPP3/2P1B3/P3NPPP/R2Q1RK1 w - -,1800-1999,1900,368,133,0.36141304347826086,78,0.21195652173913043,290,0.7880434782608695,a1b1,0.23684210526315788,9,10.0,0.25,0.1111111111111111,0.3333333333333333,0.3010299956639812,0.7631578947368421,0.18055555555555555,0.29166666666666663,0.2755149978319906
r1b2rk1/pp2ppbp/2n3p1/q1p5/2BPP3/2P1B3/P3NPPP/R2Q1RK1 w - -,2000-2199,2100,175,59,0.33714285714285713,43,0.24571428571428572,132,0.7542857142857143,a1b1,0.23684210526315788,9,10.0,0.25,0.1111111111111111,0.3333333333333333,0.3010299956639812,0.7631578947368421,0.18055555555555555,0.29166666666666663,0.2755149978319906
r1b2rk1/pp2ppbp/2n3p1/q1p5/2BPP3/2P1B3/P3NPPP/R2Q1RK1 w - -,2200-2399,2300,13,6,0.46153846153846156,2,0.15384615384615385,11,0.8461538461538461,a1b1,0.23684210526315788,9,10.0,0.25,0.1111111111111111,0.3333333333333333,0.3010299956639812,0.7631578947368421,0.18055555555555555,0.29166666666666663,0.2755149978319906
r1bq1rk1/p3ppbp/2p3p1/3n4/8/2N1B3/PPP1BPPP/R2Q1RK1 w - -,1400-1599,1500,31,3,0.0967741935483871,18,0.5806451612903226,13,0.41935483870967744,c3d5,0.09523809523809523,4,6.0,0.0,0.25,0.5,0.43067655807339306,0.9047619047619048,0.125,0.25,0.21533827903669653
r1bq1rk1/p3ppbp/2p3p1/3n4/8/2N1B3/PPP1BPPP/R2Q1RK1 w - -,1600-1799,1700,122,9,0.07377049180327869,77,0.6311475409836066,45,0.36885245901639346,c3d5,0.09523809523809523,4,6.0,0.0,0.25,0.5,0.43067655807339306,0.9047619047619048,0.125,0.25,0.21533827903669653
r1bq1rk1/p3ppbp/2p3p1/3n4/8/2N1B3/PPP1BPPP/R2Q1RK1 w - -,1800-1999,1900,292,8,0.0273972602739726,208,0.7123287671232876,84,0.2876712328767123,c3d5,0.09523809523809523,4,6.0,0.0,0.25,0.5,0.43067655807339306,0.9047619047619048,0.125,0.25,0.21533827903669653
r1bq1rk1/p3ppbp/2p3p1/3n4/8/2N1B3/PPP1BPPP/R2Q1RK1 w - -,2000-2199,2100,186,2,0.010752688172043012,124,0.6666666666666666,62,0.3333333333333333,c3d5,0.09523809523809523,4,6.0,0.0,0.25,0.5,0.43067655807339306,0.9047619047619048,0.125,0.25,0.21533827903669653
r1bq1rk1/p3ppbp/2p3p1/3n4/8/2N1B3/PPP1BPPP/R2Q1RK1 w - -,2200-2399,2300,28,1,0.03571428571428571,16,0.5714285714285714,12,0.42857142857142855,c3d5,0.09523809523809523,4,6.0,0.0,0.25,0.5,0.43067655807339306,0.9047619047619048,0.125,0.25,0.21533827903669653
r2qk2r/p1pbbppp/2p5/2npP3/3N4/5P2/PPP3PP/RNBQ1RK1 w kq -,1600-1799,1700,62,34,0.5483870967741935,28,0.45161290322580644,34,0.5483870967741935,f3f4,0.029411764705882353,1,6.0,0.0,1.0,1.0,1.0,0.9705882352941176,0.5,0.5,0.5
r2qk2r/p1pbbppp/2p5/2npP3/3N4/5P2/PPP3PP/RNBQ1RK1 w kq -,1800-1999,1900,298,153,0.5134228187919463,145,0.4865771812080537,153,0.5134228187919463,f3f4,0.029411764705882353,1,6.0,0.0,1.0,1.0,1.0,0.9705882352941176,0.5,0.5,0.5
r2qk2r/p1pbbppp/2p5/2npP3/3N4/5P2/PPP3PP/RNBQ1RK1 w kq -,2000-2199,2100,242,100,0.4132231404958678,142,0.5867768595041323,100,0.4132231404958678,f3f4,0.029411764705882353,1,6.0,0.0,1.0,1.0,1.0,0.9705882352941176,0.5,0.5,0.5
r2qk2r/p1pbbppp/2p5/2npP3/3N4/5P2/PPP3PP/RNBQ1RK1 w kq -,2200-2399,2300,45,23,0.5111111111111111,22,0.4888888888888889,23,0.5111111111111111,f3f4,0.029411764705882353,1,6.0,0.0,1.0,1.0,1.0,0.9705882352941176,0.5,0.5,0.5
r2qkb1r/pQ3ppp/4p3/1n1n4/8/2N2P2/PP3P1P/R1B1K2R w KQkq -,1600-1799,1700,11,0,0.0,5,0.45454545454545453,6,0.5454545454545454,b7c6,0.05,2,6.0,0.0,0.5,0.7071067811865475,0.6309297535714575,0.95,0.25,0.35355339059327373,0.31546487678572877
r2qkb1r/pQ3ppp/4p3/1n1n4/8/2N2P2/PP3P1P/R1B1K2R w KQkq -,1800-1999,1900,129,2,0.015503875968992248,101,0.7829457364341085,28,0.21705426356589147,b7c6,0.05,2,6.0,0.0,0.5,0.7071067811865475,0.6309297535714575,0.95,0.25,0.35355339059327373,0.31546487678572877
r2qkb1r/pQ3ppp/4p3/1n1n4/8/2N2P2/PP3P1P/R1B1K2R w KQkq -,2000-2199,2100,317,0,0.0,273,0.861198738170347,44,0.138801261829653,b7c6,0.05,2,6.0,0.0,0.5,0.7071067811865475,0.6309297535714575,0.95,0.25,0.35355339059327373,0.31546487678572877
r2qkb1r/pQ3ppp/4p3/1n1n4/8/2N2P2/PP3P1P/R1B1K2R w KQkq -,2200-2399,2300,170,2,0.011764705882352941,148,0.8705882352941177,22,0.12941176470588237,b7c6,0.05,2,6.0,0.0,0.5,0.7071067811865475,0.6309297535714575,0.95,0.25,0.35355339059327373,0.31546487678572877
r2qk2r/1b1nbppp/p1p1pn2/1p4B1/3P4/2NBPN2/PP3PPP/R2Q1RK1 w kq -,1400-1599,1500,23,8,0.34782608695652173,1,0.043478260869565216,22,0.9565217391304348,g5f6,0.13333333333333333,6,18.0,0.75,0.16666666666666666,0.4082482904638631,0.3562071871080222,0.8666666666666667,0.4583333333333333,0.5791241452319316,0.5531035935540111
r2qk2r/1b1nbppp/p1p1pn2/1p4B1/3P4/2NBPN2/PP3PPP/R2Q1RK1 w kq -,1600-1799,1700,180,71,0.39444444444444443,4,0.022222222222222223,176,0.9777777777777777,g5f6,0.13333333333333333,6,18.0,0.75,0.16666666666666666,0.4082482904638631,0.3562071871080222,0.8666666666666667,0.4583333333333333,0.5791241452319316,0.5531035935540111
r2qk2r/1b1nbppp/p1p1pn2/1p4B1/3P4/2NBPN2/PP3PPP/R2Q1RK1 w kq -,1800-1999,1900,300,113,0.37666666666666665,4,0.013333333333333334,296,0.9866666666666667,g5f6,0.13333333333333333,6,18.0,0.75,0.16666666666666666,0.4082482904638631,0.3562071871080222,0.8666666666666667,0.4583333333333333,0.5791241452319316,0.5531035935540111
r2qk2r/1b1nbppp/p1p1pn2/1p4B1/3P4/2NBPN2/PP3PPP/R2Q1RK1 w kq -,2000-2199,2100,134,27,0.20149253731343283,5,0.03731343283582089,129,0.9626865671641791,g5f6,0.13333333333333333,6,18.0,0.75,0.16666666666666666,0.4082482904638631,0.3562071871080222,0.8666666666666667,0.4583333333333333,0.5791241452319316,0.5531035935540111
r2qk2r/1b1nbppp/p1p1pn2/1p4B1/3P4/2NBPN2/PP3PPP/R2Q1RK1 w kq -,2200-2399,2300,14,3,0.21428571428571427,0,0.0,14,1.0,g5f6,0.13333333333333333,6,18.0,0.75,0.16666666666666666,0.4082482904638631,0.3562071871080222,0.8666666666666667,0.4583333333333333,0.5791241452319316,0.5531035935540111
r3kb1r/pp1bnppp/1q2p3/3pP3/8/3B1N2/PP3PPP/R1BQ1RK1 w kq -,1400-1599,1500,19,12,0.631578947368421,7,0.3684210526315789,12,0.631578947368421,c1e3,0.05405405405405406,2,10.0,0.25,0.5,0.7071067811865475,0.6309297535714575,0.9459459459459459,0.375,0.47855339059327373,0.44046487678572877
r3kb1r/pp1bnppp/1q2p3/3pP3/8/3B1N2/PP3PPP/R1BQ1RK1 w kq -,1600-1799,1700,116,48,0.41379310344827586,66,0.5689655172413793,50,0.43103448275862066,c1e3,0.05405405405405406,2,10.0,0.25,0.5,0.7071067811865475,0.6309297535714575,0.9459459459459459,0.375,0.47855339059327373,0.44046487678572877
r3kb1r/pp1bnppp/1q2p3/3pP3/8/3B1N2/PP3PPP/R1BQ1RK1 w kq -,1800-1999,1900,340,74,0.21764705882352942,258,0.7588235294117647,82,0.2411764705882353,c1e3,0.05405405405405406,2,10.0,0.25,0.5,0.7071067811865475,0.6309297535714575,0.9459459459459459,0.375,0.47855339059327373,0.44046487678572877
r3kb1r/pp1bnppp/1q2p3/3pP3/8/3B1N2/PP3PPP/R1BQ1RK1 w kq -,2000-2199,2100,156,28,0.1794871794871795,127,0.8141025641025641,29,0.1858974358974359,c1e3,0.05405405405405406,2,10.0,0.25,0.5,0.7071067811865475,0.6309297535714575,0.9459459459459459,0.375,0.47855339059327373,0.44046487678572877
r3kb1r/pp1bnppp/1q2p3/3pP3/8/3B1N2/PP3PPP/R1BQ1RK1 w kq -,2200-2399,2300,19,5,0.2631578947368421,14,0.7368421052631579,5,0.2631578947368421,c1e3,0.05405405405405406,2,10.0,0.25,0.5,0.7071067811865475,0.6309297535714575,0.9459459459459459,0.375,0.47855339059327373,0.44046487678572877
r1bq1rk1/p3ppbp/5np1/3p4/8/2N1BP2/PPPQ2PP/R3KB1R w KQ -,1400-1599,1500,25,2,0.08,18,0.72,7,0.28,e1c1,0.13333333333333333,6,6.0,0.0,0.16666666666666666,0.4082482904638631,0.3562071871080222,0.8666666666666667,0.08333333333333333,0.20412414523193154,0.1781035935540111
r1bq1rk1/p3ppbp/5np1/3p4/8/2N1BP2/PPPQ2PP/R3KB1R w KQ -,1600-1799,1700,144,27,0.1875,90,0.625,54,0.375,e1c1,0.13333333333333333,6,6.0,0.0,0.16666666666666666,0.4082482904638631,0.3562071871080222,0.8666666666666667,0.08333333333333333,0.20412414523193154,0.1781035935540111
r1bq1rk1/p3ppbp/5np1/3p4/8/2N1BP2/PPPQ2PP/R3KB1R w KQ -,1800-1999,1900,344,69,0.2005813953488372,199,0.5784883720930233,145,0.42151162790697677,e1c1,0.13333333333333333,6,6.0,0.0,0.16666666666666666,0.4082482904638631,0.3562071871080222,0.8666666666666667,0.08333333333333333,0.20412414523193154,0.1781035935540111
r1bq1rk1/p3ppbp/5np1/3p4/8/2N1BP2/PPPQ2PP/R3KB1R w KQ -,2000-2199,2100,135,28,0.2074074074074074,79,0.5851851851851851,56,0.4148148148148148,e1c1,0.13333333333333333,6,6.0,0.0,0.16666666666666666,0.4082482904638631,0.3562071871080222,0.8666666666666667,0.08333333333333333,0.20412414523193154,0.1781035935540111
r2q1rk1/p1p1bppp/2pp1n2/8/4PP2/2N5/PPP3PP/R1BQ1RK1 w - -,1400-1599,1500,158,66,0.4177215189873418,3,0.0189873417721519,155,0.9810126582278481,b2b3,0.48484848484848486,16,22.0,1.0,0.0625,0.25,0.24465054211822604,0.5151515151515151,0.53125,0.625,0.6223252710591131
r2q1rk1/p1p1bppp/2pp1n2/8/4PP2/2N5/PPP3PP/R1BQ1RK1 w - -,1600-1799,1700,280,114,0.40714285714285714,9,0.03214285714285714,271,0.9678571428571429,b2b3,0.48484848484848486,16,22.0,1.0,0.0625,0.25,0.24465054211822604,0.5151515151515151,0.53125,0.625,0.6223252710591131
r2q1rk1/p1p1bppp/2pp1n2/8/4PP2/2N5/PPP3PP/R1BQ1RK1 w - -,1800-1999,1900,159,50,0.31446540880503143,7,0.0440251572327044,152,0.9559748427672956,b2b3,0.48484848484848486,16,22.0,1.0,0.0625,0.25,0.24465054211822604,0.5151515151515151,0.53125,0.625,0.6223252710591131
r2q1rk1/p1p1bppp/2pp1n2/8/4PP2/2N5/PPP3PP/R1BQ1RK1 w - -,2000-2199,2100,19,4,0.21052631578947367,0,0.0,19,1.0,b2b3,0.48484848484848486,16,22.0,1.0,0.0625,0.25,0.24465054211822604,0.5151515151515151,0.53125,0.625,0.6223252710591131
r1bq1rk1/pppnn1bp/3p2p1/3Ppp2/2P1P3/2N2P2/PP2B1PP/R1BQNRK1 w - f6,1600-1799,1700,54,3,0.05555555555555555,25,0.46296296296296297,29,0.5370370370370371,c1e3,0.375,12,8.0,0.125,0.08333333333333333,0.2886751345948129,0.27023815442731974,0.625,0.10416666666666666,0.20683756729740646,0.19761907721365987
r1bq1rk1/pppnn1bp/3p2p1/3Ppp2/2P1P3/2N2P2/PP2B1PP/R1BQNRK1 w - f6,1800-1999,1900,191,2,0.010471204188481676,113,0.5916230366492147,78,0.4083769633507853,c1e3,0.375,12,8.0,0.125,0.08333333333333333,0.2886751345948129,0.27023815442731974,0.625,0.10416666666666666,0.20683756729740646,0.19761907721365987
r1bq1rk1/pppnn1bp/3p2p1/3Ppp2/2P1P3/2N2P2/PP2B1PP/R1BQNRK1 w - f6,2000-2199,2100,273,0,0.0,136,0.4981684981684982,137,0.5018315018315018,c1e3,0.375,12,8.0,0.125,0.08333333333333333,0.2886751345948129,0.27023815442731974,0.625,0.10416666666666666,0.20683756729740646,0.19761907721365987
r1bq1rk1/pppnn1bp/3p2p1/3Ppp2/2P1P3/2N2P2/PP2B1PP/R1BQNRK1 w - f6,2200-2399,2300,102,0,0.0,38,0.37254901960784315,64,0.6274509803921569,c1e3,0.375,12,8.0,0.125,0.08333333333333333,0.2886751345948129,0.27023815442731974,0.625,0.10416666666666666,0.20683756729740646,0.19761907721365987
r1b2rk1/1pq1bppp/p1nppn2/8/3NPP2/2N1BB2/PPP3PP/R2Q1RK1 w - -,1400-1599,1500,15,12,0.8,0,0.0,15,1.0,d4c6,0.1794871794871795,7,20.0,0.875,0.14285714285714285,0.3779644730092272,0.3333333333333333,0.8205128205128205,0.5089285714285714,0.6264822365046137,0.6041666666666666
r1b2rk1/1pq1bppp/p1nppn2/8/3NPP2/2N1BB2/PPP3PP/R2Q1RK1 w - -,1600-1799,1700,121,88,0.7272727272727273,14,0.11570247933884298,107,0.8842975206611571,d4c6,0.1794871794871795,7,20.0,0.875,0.14285714285714285,0.3779644730092272,0.3333333333333333,0.8205128205128205,0.5089285714285714,0.6264822365046137,0.6041666666666666
r1b2rk1/1pq1bppp/p1nppn2/8/3NPP2/2N1BB2/PPP3PP/R2Q1RK1 w - -,1800-1999,1900,301,179,0.5946843853820598,24,0.07973421926910298,277,0.920265780730897,d4c6,0.1794871794871795,7,20.0,0.875,0.14285714285714285,0.3779644730092272,0.3333333333333333,0.8205128205128205,0.5089285714285714,0.6264822365046137,0.6041666666666666
r1b2rk1/1pq1bppp/p1nppn2/8/3NPP2/2N1BB2/PPP3PP/R2Q1RK1 w - -,2000-2199,2100,174,106,0.6091954022988506,7,0.040229885057471264,167,0.9597701149425287,d4c6,0.1794871794871795,7,20.0,0.875,0.14285714285714285,0.3779644730092272,0.3333333333333333,0.8205128205128205,0.5089285714285714,0.6264822365046137,0.6041666666666666
r1b2rk1/1pq1bppp/p1nppn2/8/3NPP2/2N1BB2/PPP3PP/R2Q1RK1 w - -,2200-2399,2300,31,16,0.5161290322580645,2,0.06451612903225806,29,0.9354838709677419,d4c6,0.1794871794871795,7,20.0,0.875,0.14285714285714285,0.3779644730092272,0.3333333333333333,0.8205128205128205,0.5089285714285714,0.6264822365046137,0.6041666666666666
r2q1rk1/pp1nbpp1/2p1bn1p/3p4/3P3B/2NBP3/PPQ1NPPP/R3K2R w KQ -,1400-1599,1500,15,1,0.06666666666666667,3,0.2,12,0.8,e2f4,0.2608695652173913,12,6.0,0.0,0.08333333333333333,0.2886751345948129,0.27023815442731974,0.7391304347826086,0.041666666666666664,0.14433756729740646,0.13511907721365987
r2q1rk1/pp1nbpp1/2p1bn1p/3p4/3P3B/2NBP3/PPQ1NPPP/R3K2R w KQ -,1600-1799,1700,67,2,0.029850746268656716,13,0.19402985074626866,54,0.8059701492537313,e2f4,0.2608695652173913,12,6.0,0.0,0.08333333333333333,0.2886751345948129,0.27023815442731974,0.7391304347826086,0.041666666666666664,0.14433756729740646,0.13511907721365987
r2q1rk1/pp1nbpp1/2p1bn1p/3p4/3P3B/2NBP3/PPQ1NPPP/R3K2R w KQ -,1800-1999,1900,299,14,0.046822742474916385,44,0.14715719063545152,255,0.8528428093645485,e2f4,0.2608695652173913,12,6.0,0.0,0.08333333333333333,0.2886751345948129,0.27023815442731974,0.7391304347826086,0.041666666666666664,0.14433756729740646,0.13511907721365987
r2q1rk1/pp1nbpp1/2p1bn1p/3p4/3P3B/2NBP3/PPQ1NPPP/R3K2R w KQ -,2000-2199,2100,216,13,0.06018518518518518,33,0.1527777777777778,183,0.8472222222222222,e2f4,0.2608695652173913,12,6.0,0.0,0.08333333333333333,0.2886751345948129,0.27023815442731974,0.7391304347826086,0.041666666666666664,0.14433756729740646,0.13511907721365987
r2q1rk1/pp1nbpp1/2p1bn1p/3p4/3P3B/2NBP3/PPQ1NPPP/R3K2R w KQ -,2200-2399,2300,48,1,0.020833333333333332,10,0.20833333333333334,38,0.7916666666666666,e2f4,0.2608695652173913,12,6.0,0.0,0.08333333333333333,0.2886751345948129,0.27023815442731974,0.7391304347826086,0.041666666666666664,0.14433756729740646,0.13511907721365987
r3kb1r/pp1b1ppp/1qn5/3pPp2/3P4/5N2/PP3PPP/RNBQ1RK1 w kq -,1400-1599,1500,115,11,0.09565217391304348,66,0.5739130434782609,49,0.4260869565217391,b1c3,0.4,12,6.0,0.0,0.08333333333333333,0.2886751345948129,0.27023815442731974,0.6,0.041666666666666664,0.14433756729740646,0.13511907721365987
r3kb1r/pp1b1ppp/1qn5/3pPp2/3P4/5N2/PP3PPP/RNBQ1RK1 w kq -,1600-1799,1700,288,18,0.0625,183,0.6354166666666666,105,0.3645833333333333,b1c3,0.4,12,6.0,0.0,0.08333333333333333,0.2886751345948129,0.27023815442731974,0.6,0.041666666666666664,0.14433756729740646,0.13511907721365987
r3kb1r/pp1b1ppp/1qn5/3pPp2/3P4/5N2/PP3PPP/RNBQ1RK1 w kq -,1800-1999,1900,195,2,0.010256410256410256,155,0.7948717948717948,40,0.20512820512820512,b1c3,0.4,12,6.0,0.0,0.08333333333333333,0.2886751345948129,0.27023815442731974,0.6,0.041666666666666664,0.14433756729740646,0.13511907721365987
r3kb1r/pp1b1ppp/1qn5/3pPp2/3P4/5N2/PP3PPP/RNBQ1RK1 w kq -,2000-2199,2100,26,0,0.0,23,0.8846153846153846,3,0.11538461538461539,b1c3,0.4,12,6.0,0.0,0.08333333333333333,0.2886751345948129,0.27023815442731974,0.6,0.041666666666666664,0.14433756729740646,0.13511907721365987
r1bqr1k1/pp1n1pp1/2pb1n1p/3p4/3P3B/2NBPN2/PPQ2PPP/R3K2R w KQ -,1400-1599,1500,13,1,0.07692307692307693,9,0.6923076923076923,4,0.3076923076923077,e1g1,0.2857142857142857,14,8.0,0.125,0.07142857142857142,0.2672612419124244,0.2559580248098155,0.7142857142857143,0.09821428571428571,0.1961306209562122,0.19047901240490775
r1bqr1k1/pp1n1pp1/2pb1n1p/3p4/3P3B/2NBPN2/PPQ2PPP/R3K2R w KQ -,1600-1799,1700,55,12,0.21818181818181817,31,0.5636363636363636,24,0.43636363636363634,e1g1,0.2857142857142857,14,8.0,0.125,0.07142857142857142,0.2672612419124244,0.2559580248098155,0.7142857142857143,0.09821428571428571,0.1961306209562122,0.19047901240490775
r1bqr1k1/pp1n1pp1/2pb1n1p/3p4/3P3B/2NBPN2/PPQ2PPP/R3K2R w KQ -,1800-1999,1900,159,15,0.09433962264150944,123,0.7735849056603774,36,0.22641509433962265,e1g1,0.2857142857142857,14,8.0,0.125,0.07142857142857142,0.2672612419124244,0.2559580248098155,0.7142857142857143,0.09821428571428571,0.1961306209562122,0.19047901240490775
r1bqr1k1/pp1n1pp1/2pb1n1p/3p4/3P3B/2NBPN2/PPQ2PPP/R3K2R w KQ -,2000-2199,2100,297,18,0.06060606060606061,224,0.7542087542087542,73,0.24579124579124578,e1g1,0.2857142857142857,14,8.0,0.125,0.07142857142857142,0.2672612419124244,0.2559580248098155,0.7142857142857143,0.09821428571428571,0.1961306209562122,0.19047901240490775
r1bqr1k1/pp1n1pp1/2pb1n1p/3p4/3P3B/2NBPN2/PPQ2PPP/R3K2R w KQ -,2200-2399,2300,108,13,0.12037037037037036,73,0.6759259259259259,35,0.32407407407407407,e1g1,0.2857142857142857,14,8.0,0.125,0.07142857142857142,0.2672612419124244,0.2559580248098155,0.7142857142857143,0.09821428571428571,0.1961306209562122,0.19047901240490775
r2q1rk1/1pp2pp1/1pnpbn1p/4p3/2B1P3/P2P1N1P/1PP2PP1/R1BQ1RK1 w - -,1400-1599,1500,115,32,0.2782608695652174,61,0.5304347826086957,54,0.46956521739130436,c4e6,0.17647058823529413,6,6.0,0.0,0.16666666666666666,0.4082482904638631,0.3562071871080222,0.8235294117647058,0.08333333333333333,0.20412414523193154,0.1781035935540111
r2q1rk1/1pp2pp1/1pnpbn1p/4p3/2B1P3/P2P1N1P/1PP2PP1/R1BQ1RK1 w - -,1600-1799,1700,260,96,0.36923076923076925,122,0.46923076923076923,138,0.5307692307692308,c4e6,0.17647058823529413,6,6.0,0.0,0.16666666666666666,0.4082482904638631,0.3562071871080222,0.8235294117647058,0.08333333333333333,0.20412414523193154,0.1781035935540111
r2q1rk1/1pp2pp1/1pnpbn1p/4p3/2B1P3/P2P1N1P/1PP2PP1/R1BQ1RK1 w - -,1800-1999,1900,230,69,0.3,126,0.5478260869565217,104,0.45217391304347826,c4e6,0.17647058823529413,6,6.0,0.0,0.16666666666666666,0.4082482904638631,0.3562071871080222,0.8235294117647058,0.08333333333333333,0.20412414523193154,0.1781035935540111
r2q1rk1/1pp2pp1/1pnpbn1p/4p3/2B1P3/P2P1N1P/1PP2PP1/R1BQ1RK1 w - -,2000-2199,2100,22,3,0.13636363636363635,16,0.7272727272727273,6,0.2727272727272727,c4e6,0.17647058823529413,6,6.0,0.0,0.16666666666666666,0.4082482904638631,0.3562071871080222,0.8235294117647058,0.08333333333333333,0.20412414523193154,0.1781035935540111
r1b1k2r/2q1bppp/p2p1n2/npp1p3/3PP3/2P2N2/PPB2PPP/RNBQR1K1 w kq -,1400-1599,1500,20,10,0.5,3,0.15,17,0.85,d4d5,0.17647058823529413,6,12.0,0.375,0.16666666666666666,0.4082482904638631,0.3562071871080222,0.8235294117647058,0.2708333333333333,0.39162414523193156,0.36560359355401106
r1b1k2r/2q1bppp/p2p1n2/npp1p3/3PP3/2P2N2/PPB2PPP/RNBQR1K1 w kq -,1600-1799,1700,121,49,0.4049586776859504,19,0.15702479338842976,102,0.8429752066115702,d4d5,0.17647058823529413,6,12.0,0.375,0.16666666666666666,0.4082482904638631,0.3562071871080222,0.8235294117647058,0.2708333333333333,0.39162414523193156,0.36560359355401106
r1b1k2r/2q1bppp/p2p1n2/npp1p3/3PP3/2P2N2/PPB2PPP/RNBQR1K1 w kq -,1800-1999,1900,269,68,0.2527881040892193,59,0.21933085501858737,210,0.7806691449814126,d4d5,0.17647058823529413,6,12.0,0.375,0.16666666666666666,0.4082482904638631,0.3562071871080222,0.8235294117647058,0.2708333333333333,0.39162414523193156,0.36560359355401106
r1b1k2r/2q1bppp/p2p1n2/npp1p3/3PP3/2P2N2/PPB2PPP/RNBQR1K1 w kq -,2000-2199,2100,186,35,0.1881720430107527,27,0.14516129032258066,159,0.8548387096774194,d4d5,0.17647058823529413,6,12.0,0.375,0.16666666666666666,0.4082482904638631,0.3562071871080222,0.8235294117647058,0.2708333333333333,0.39162414523193156,0.36560359355401106
r1b1k2r/2q1bppp/p2p1n2/npp1p3/3PP3/2P2N2/PPB2PPP/RNBQR1K1 w kq -,2200-2399,2300,42,2,0.047619047619047616,7,0.16666666666666666,35,0.8333333333333334,d4d5,0.17647058823529413,6,12.0,0.375,0.16666666666666666,0.4082482904638631,0.3562071871080222,0.8235294117647058,0.2708333333333333,0.39162414523193156,0.36560359355401106
r1bqk2r/p4pp1/2p2n1p/n1b5/4p3/8/PPPPBPPP/RNBQK1NR w KQkq -,1400-1599,1500,169,143,0.8461538461538461,8,0.047337278106508875,161,0.9526627218934911,d2d4,0.14814814814814814,4,10.0,0.25,0.25,0.5,0.43067655807339306,0.8518518518518519,0.25,0.375,0.34033827903669656
r1bqk2r/p4pp1/2p2n1p/n1b5/4p3/8/PPPPBPPP/RNBQK1NR w KQkq -,1600-1799,1700,253,175,0.691699604743083,20,0.07905138339920949,233,0.9209486166007905,d2d4,0.14814814814814814,4,10.0,0.25,0.25,0.5,0.43067655807339306,0.8518518518518519,0.25,0.375,0.34033827903669656
r1bqk2r/p4pp1/2p2n1p/n1b5/4p3/8/PPPPBPPP/RNBQK1NR w KQkq -,1800-1999,1900,168,100,0.5952380952380952,15,0.08928571428571429,153,0.9107142857142857,d2d4,0.14814814814814814,4,10.0,0.25,0.25,0.5,0.43067655807339306,0.8518518518518519,0.25,0.375,0.34033827903669656
r1bqk2r/p4pp1/2p2n1p/n1b5/4p3/8/PPPPBPPP/RNBQK1NR w KQkq -,2000-2199,2100,26,12,0.46153846153846156,4,0.15384615384615385,22,0.8461538461538461,d2d4,0.14814814814814814,4,10.0,0.25,0.25,0.5,0.43067655807339306,0.8518518518518519,0.25,0.375,0.34033827903669656
rnb2rk1/ppp1qpp1/7p/3p4/3P4/2P1PN2/P4PPP/R2QKB1R w KQ -,1400-1599,1500,76,0,0.0,36,0.47368421052631576,40,0.5263157894736842,f1d3,0.6451612903225806,20,14.0,0.5,0.05,0.22360679774997896,0.227670248696953,0.3548387096774194,0.275,0.36180339887498947,0.3638351243484765
rnb2rk1/ppp1qpp1/7p/3p4/3P4/2P1PN2/P4PPP/R2QKB1R w KQ -,1600-1799,1700,170,0,0.0,101,0.5941176470588235,69,0.40588235294117647,f1d3,0.6451612903225806,20,14.0,0.5,0.05,0.22360679774997896,0.227670248696953,0.3548387096774194,0.275,0.36180339887498947,0.3638351243484765
rnb2rk1/ppp1qpp1/7p/3p4/3P4/2P1PN2/P4PPP/R2QKB1R w KQ -,1800-1999,1900,193,0,0.0,116,0.6010362694300518,77,0.39896373056994816,f1d3,0.6451612903225806,20,14.0,0.5,0.05,0.22360679774997896,0.227670248696953,0.3548387096774194,0.275,0.36180339887498947,0.3638351243484765
rnb2rk1/ppp1qpp1/7p/3p4/3P4/2P1PN2/P4PPP/R2QKB1R w KQ -,2000-2199,2100,106,0,0.0,41,0.3867924528301887,65,0.6132075471698113,f1d3,0.6451612903225806,20,14.0,0.5,0.05,0.22360679774997896,0.227670248696953,0.3548387096774194,0.275,0.36180339887498947,0.3638351243484765
rnb2rk1/ppp1qpp1/7p/3p4/3P4/2P1PN2/P4PPP/R2QKB1R w KQ -,2200-2399,2300,58,0,0.0,17,0.29310344827586204,41,0.7068965517241379,f1d3,0.6451612903225806,20,14.0,0.5,0.05,0.22360679774997896,0.227670248696953,0.3548387096774194,0.275,0.36180339887498947,0.3638351243484765
r2q1rk1/p1pb1ppp/2p5/2bpP3/3Nn3/2P5/PP3PPP/RNBQ1RK1 w - -,1400-1599,1500,11,2,0.18181818181818182,3,0.2727272727272727,8,0.7272727272727273,f2f3,0.07692307692307693,3,8.0,0.125,0.3333333333333333,0.5773502691896258,0.5,0.9230769230769231,0.22916666666666666,0.3511751345948129,0.3125
r2q1rk1/p1pb1ppp/2p5/2bpP3/3Nn3/2P5/PP3PPP/RNBQ1RK1 w - -,1600-1799,1700,112,32,0.2857142857142857,50,0.44642857142857145,62,0.5535714285714286,f2f3,0.07692307692307693,3,8.0,0.125,0.3333333333333333,0.5773502691896258,0.5,0.9230769230769231,0.22916666666666666,0.3511751345948129,0.3125
r2q1rk1/p1pb1ppp/2p5/2bpP3/3Nn3/2P5/PP3PPP/RNBQ1RK1 w - -,1800-1999,1900,339,115,0.3392330383480826,112,0.3303834808259587,227,0.6696165191740413,f2f3,0.07692307692307693,3,8.0,0.125,0.3333333333333333,0.5773502691896258,0.5,0.9230769230769231,0.22916666666666666,0.3511751345948129,0.3125
r2q1rk1/p1pb1ppp/2p5/2bpP3/3Nn3/2P5/PP3PPP/RNBQ1RK1 w - -,2000-2199,2100,155,55,0.3548387096774194,60,0.3870967741935484,95,0.6129032258064516,f2f3,0.07692307692307693,3,8.0,0.125,0.3333333333333333,0.5773502691896258,0.5,0.9230769230769231,0.22916666666666666,0.3511751345948129,0.3125
r2q1rk1/p1pb1ppp/2p5/2bpP3/3Nn3/2P5/PP3PPP/RNBQ1RK1 w - -,2200-2399,2300,23,5,0.21739130434782608,14,0.6086956521739131,9,0.391304347826087,f2f3,0.07692307692307693,3,8.0,0.125,0.3333333333333333,0.5773502691896258,0.5,0.9230769230769231,0.22916666666666666,0.3511751345948129,0.3125
rnb2rk1/p1p1qpp1/1p5p/3p4/3P4/4PN2/PP3PPP/R2QKB1R w KQ -,1400-1599,1500,32,0,0.0,3,0.09375,29,0.90625,a1c1,0.59375,19,10.0,0.25,0.05263157894736842,0.22941573387056174,0.23137821315975915,0.40625,0.1513157894736842,0.23970786693528087,0.24068910657987957
rnb2rk1/p1p1qpp1/1p5p/3p4/3P4/4PN2/PP3PPP/R2QKB1R w KQ -,1600-1799,1700,90,1,0.011111111111111112,9,0.1,81,0.9,a1c1,0.59375,19,10.0,0.25,0.05263157894736842,0.22941573387056174,0.23137821315975915,0.40625,0.1513157894736842,0.23970786693528087,0.24068910657987957
rnb2rk1/p1p1qpp1/1p5p/3p4/3P4/4PN2/PP3PPP/R2QKB1R w KQ -,1800-1999,1900,194,0,0.0,19,0.0979381443298969,175,0.9020618556701031,a1c1,0.59375,19,10.0,0.25,0.05263157894736842,0.22941573387056174,0.23137821315975915,0.40625,0.1513157894736842,0.23970786693528087,0.24068910657987957
rnb2rk1/p1p1qpp1/1p5p/3p4/3P4/4PN2/PP3PPP/R2QKB1R w KQ -,2000-2199,2100,238,0,0.0,48,0.20168067226890757,190,0.7983193277310925,a1c1,0.59375,19,10.0,0.25,0.05263157894736842,0.22941573387056174,0.23137821315975915,0.40625,0.1513157894736842,0.23970786693528087,0.24068910657987957
rnb2rk1/p1p1qpp1/1p5p/3p4/3P4/4PN2/PP3PPP/R2QKB1R w KQ -,2200-2399,2300,69,0,0.0,22,0.3188405797101449,47,0.6811594202898551,a1c1,0.59375,19,10.0,0.25,0.05263157894736842,0.22941573387056174,0.23137821315975915,0.40625,0.1513157894736842,0.23970786693528087,0.24068910657987957
r2q1rk1/1b1nppbp/pp1p1np1/2p5/P2P1B2/2P1PN1P/1P1NBPP1/R2Q1RK1 w - -,1600-1799,1700,21,8,0.38095238095238093,3,0.14285714285714285,18,0.8571428571428571,f1e1,0.6097560975609756,25,22.0,1.0,0.04,0.2,0.21274605355336312,0.3902439024390244,0.52,0.6,0.6063730267766816
r2q1rk1/1b1nppbp/pp1p1np1/2p5/P2P1B2/2P1PN1P/1P1NBPP1/R2Q1RK1 w - -,1800-1999,1900,148,19,0.12837837837837837,38,0.25675675675675674,110,0.7432432432432432,f1e1,0.6097560975609756,25,22.0,1.0,0.04,0.2,0.21274605355336312,0.3902439024390244,0.52,0.6,0.6063730267766816
r2q1rk1/1b1nppbp/pp1p1np1/2p5/P2P1B2/2P1PN1P/1P1NBPP1/R2Q1RK1 w - -,2000-2199,2100,270,24,0.08888888888888889,49,0.1814814814814815,221,0.8185185185185185,f1e1,0.6097560975609756,25,22.0,1.0,0.04,0.2,0.21274605355336312,0.3902439024390244,0.52,0.6,0.6063730267766816
r2q1rk1/1b1nppbp/pp1p1np1/2p5/P2P1B2/2P1PN1P/1P1NBPP1/R2Q1RK1 w - -,2200-2399,2300,168,5,0.02976190476190476,19,0.1130952380952381,149,0.8869047619047619,f1e1,0.6097560975609756,25,22.0,1.0,0.04,0.2,0.21274605355336312,0.3902439024390244,0.52,0.6,0.6063730267766816
r2q1rk1/pp2bppp/2n1pn2/3p2Bb/3P4/2P2N1P/PP1NBPP1/R2Q1RK1 w - -,1400-1599,1500,69,4,0.057971014492753624,2,0.028985507246376812,67,0.9710144927536232,g5f4,0.5833333333333334,21,10.0,0.25,0.047619047619047616,0.2182178902359924,0.22424382421757544,0.41666666666666663,0.1488095238095238,0.23410894511799618,0.23712191210878772
r2q1rk1/pp2bppp/2n1pn2/3p2Bb/3P4/2P2N1P/PP1NBPP1/R2Q1RK1 w - -,1600-1799,1700,248,20,0.08064516129032258,4,0.016129032258064516,244,0.9838709677419355,g5f4,0.5833333333333334,21,10.0,0.25,0.047619047619047616,0.2182178902359924,0.22424382421757544,0.41666666666666663,0.1488095238095238,0.23410894511799618,0.23712191210878772
r2q1rk1/pp2bppp/2n1pn2/3p2Bb/3P4/2P2N1P/PP1NBPP1/R2Q1RK1 w - -,1800-1999,1900,273,17,0.06227106227106227,6,0.02197802197802198,267,0.978021978021978,g5f4,0.5833333333333334,21,10.0,0.25,0.047619047619047616,0.2182178902359924,0.22424382421757544,0.41666666666666663,0.1488095238095238,0.23410894511799618,0.23712191210878772
r2q1rk1/pp2bppp/2n1pn2/3p2Bb/3P4/2P2N1P/PP1NBPP1/R2Q1RK1 w - -,2000-2199,2100,36,2,0.05555555555555555,1,0.027777777777777776,35,0.9722222222222222,g5f4,0.5833333333333334,21,10.0,0.25,0.047619047619047616,0.2182178902359924,0.22424382421757544,0.41666666666666663,0.1488095238095238,0.23410894511799618,0.23712191210878772
r1b1k1nr/pppp2pp/5p2/8/8/2B5/PPP1BPPP/R3K2R w KQkq -,1400-1599,1500,276,113,0.40942028985507245,136,0.4927536231884058,140,0.5072463768115942,e1c1,0.08571428571428572,3,6.0,0.0,0.3333333333333333,0.5773502691896258,0.5,0.9142857142857143,0.16666666666666666,0.2886751345948129,0.25
r1b1k1nr/pppp2pp/5p2/8/8/2B5/PPP1BPPP/R3K2R w KQkq -,1600-1799,1700,159,55,0.34591194968553457,87,0.5471698113207547,72,0.4528301886792453,e1c1,0.08571428571428572,3,6.0,0.0,0.3333333333333333,0.5773502691896258,0.5,0.9142857142857143,0.16666666666666666,0.2886751345948129,0.25
r1b1k1nr/pppp2pp/5p2/8/8/2B5/PPP1BPPP/R3K2R w KQkq -,1800-1999,1900,33,10,0.30303030303030304,17,0.5151515151515151,16,0.48484848484848486,e1c1,0.08571428571428572,3,6.0,0.0,0.3333333333333333,0.5773502691896258,0.5,0.9142857142857143,0.16666666666666666,0.2886751345948129,0.25
r1bq1rk1/ppp2pp1/3p1n1p/4p3/4P3/1nNPPN1P/PPP3P1/R2Q1RK1 w - -,1400-1599,1500,162,0,0.0,157,0.9691358024691358,5,0.030864197530864196,a2b3,0.0625,2,6.0,0.0,0.5,0.7071067811865475,0.6309297535714575,0.9375,0.25,0.35355339059327373,0.31546487678572877
r1bq1rk1/ppp2pp1/3p1n1p/4p3/4P3/1nNPPN1P/PPP3P1/R2Q1RK1 w - -,1600-1799,1700,282,0,0.0,281,0.9964539007092199,1,0.0035460992907801418,a2b3,0.0625,2,6.0,0.0,0.5,0.7071067811865475,0.6309297535714575,0.9375,0.25,0.35355339059327373,0.31546487678572877
r1bq1rk1/ppp2pp1/3p1n1p/4p3/4P3/1nNPPN1P/PPP3P1/R2Q1RK1 w - -,1800-1999,1900,129,0,0.0,129,1.0,0,0.0,a2b3,0.0625,2,6.0,0.0,0.5,0.7071067811865475,0.6309297535714575,0.9375,0.25,0.35355339059327373,0.31546487678572877
r1bq1rk1/ppp2pp1/3p1n1p/4p3/4P3/1nNPPN1P/PPP3P1/R2Q1RK1 w - -,2000-2199,2100,14,0,0.0,14,1.0,0,0.0,a2b3,0.0625,2,6.0,0.0,0.5,0.7071067811865475,0.6309297535714575,0.9375,0.25,0.35355339059327373,0.31546487678572877
r2q1rk1/1bp1bppp/p1np1n2/1p6/3PP3/1B3N2/PP3PPP/RNBQR1K1 w - -,1400-1599,1500,196,49,0.25,59,0.3010204081632653,137,0.6989795918367347,b1c3,0.45714285714285713,16,6.0,0.0,0.0625,0.25,0.24465054211822604,0.5428571428571429,0.03125,0.125,0.12232527105911302
r2q1rk1/1bp1bppp/p1np1n2/1p6/3PP3/1B3N2/PP3PPP/RNBQR1K1 w - -,1600-1799,1700,234,46,0.19658119658119658,80,0.3418803418803419,154,0.6581196581196581,b1c3,0.45714285714285713,16,6.0,0.0,0.0625,0.25,0.24465054211822604,0.5428571428571429,0.03125,0.125,0.12232527105911302
r2q1rk1/1bp1bppp/p1np1n2/1p6/3PP3/1B3N2/PP3PPP/RNBQR1K1 w - -,1800-1999,1900,124,23,0.18548387096774194,53,0.4274193548387097,71,0.5725806451612904,b1c3,0.45714285714285713,16,6.0,0.0,0.0625,0.25,0.24465054211822604,0.5428571428571429,0.03125,0.125,0.12232527105911302
r2q1rk1/1bp1bppp/p1np1n2/1p6/3PP3/1B3N2/PP3PPP/RNBQR1K1 w - -,2000-2199,2100,13,1,0.07692307692307693,6,0.46153846153846156,7,0.5384615384615384,b1c3,0.45714285714285713,16,6.0,0.0,0.0625,0.25,0.24465054211822604,0.5428571428571429,0.03125,0.125,0.12232527105911302
r1bq1rk1/2p2ppp/pbnp1n2/1p6/3PP3/1B3N2/PP3PPP/RNBQR1K1 w - -,1400-1599,1500,196,25,0.12755102040816327,31,0.15816326530612246,165,0.8418367346938775,h2h3,0.17142857142857143,6,6.0,0.0,0.16666666666666666,0.4082482904638631,0.3562071871080222,0.8285714285714285,0.08333333333333333,0.20412414523193154,0.1781035935540111
r1bq1rk1/2p2ppp/pbnp1n2/1p6/3PP3/1B3N2/PP3PPP/RNBQR1K1 w - -,1600-1799,1700,217,20,0.09216589861751152,56,0.25806451612903225,161,0.7419354838709677,h2h3,0.17142857142857143,6,6.0,0.0,0.16666666666666666,0.4082482904638631,0.3562071871080222,0.8285714285714285,0.08333333333333333,0.20412414523193154,0.1781035935540111
r1bq1rk1/2p2ppp/pbnp1n2/1p6/3PP3/1B3N2/PP3PPP/RNBQR1K1 w - -,1800-1999,1900,95,4,0.042105263157894736,33,0.3473684210526316,62,0.6526315789473685,h2h3,0.17142857142857143,6,6.0,0.0,0.16666666666666666,0.4082482904638631,0.3562071871080222,0.8285714285714285,0.08333333333333333,0.20412414523193154,0.1781035935540111
r1bq1rk1/2p2ppp/pbnp1n2/1p6/3PP3/1B3N2/PP3PPP/RNBQR1K1 w - -,2000-2199,2100,18,1,0.05555555555555555,12,0.6666666666666666,6,0.3333333333333333,h2h3,0.17142857142857143,6,6.0,0.0,0.16666666666666666,0.4082482904638631,0.3562071871080222,0.8285714285714285,0.08333333333333333,0.20412414523193154,0.1781035935540111
r2q1rk1/2p1bppp/p1np1n2/1p2p2b/B3P3/2PP1N1P/PP1N1PP1/R1BQR1K1 w - b6,1400-1599,1500,94,0,0.0,45,0.4787234042553192,49,0.5212765957446809,a4b3,0.06666666666666667,2,20.0,0.875,0.5,0.7071067811865475,0.6309297535714575,0.9333333333333333,0.6875,0.7910533905932737,0.7529648767857288
r2q1rk1/2p1bppp/p1np1n2/1p2p2b/B3P3/2PP1N1P/PP1N1PP1/R1BQR1K1 w - b6,1600-1799,1700,240,0,0.0,132,0.55,108,0.45,a4b3,0.06666666666666667,2,20.0,0.875,0.5,0.7071067811865475,0.6309297535714575,0.9333333333333333,0.6875,0.7910533905932737,0.7529648767857288
r2q1rk1/2p1bppp/p1np1n2/1p2p2b/B3P3/2PP1N1P/PP1N1PP1/R1BQR1K1 w - b6,1800-1999,1900,219,0,0.0,89,0.4063926940639269,130,0.593607305936073,a4b3,0.06666666666666667,2,20.0,0.875,0.5,0.7071067811865475,0.6309297535714575,0.9333333333333333,0.6875,0.7910533905932737,0.7529648767857288
r2q1rk1/2p1bppp/p1np1n2/1p2p2b/B3P3/2PP1N1P/PP1N1PP1/R1BQR1K1 w - b6,2000-2199,2100,50,0,0.0,12,0.24,38,0.76,a4b3,0.06666666666666667,2,20.0,0.875,0.5,0.7071067811865475,0.6309297535714575,0.9333333333333333,0.6875,0.7910533905932737,0.7529648767857288
r2q1rk1/pbpnbpp1/1p2pn1p/8/2BP3B/2N1PN2/PP3PPP/R2Q1RK1 w - -,1400-1599,1500,54,5,0.09259259259259259,4,0.07407407407407407,50,0.9259259259259259,d1e2,0.47619047619047616,20,10.0,0.25,0.05,0.22360679774997896,0.227670248696953,0.5238095238095238,0.15,0.23680339887498947,0.23883512434847648
r2q1rk1/pbpnbpp1/1p2pn1p/8/2BP3B/2N1PN2/PP3PPP/R2Q1RK1 w - -,1600-1799,1700,196,10,0.05102040816326531,15,0.07653061224489796,181,0.923469387755102,d1e2,0.47619047619047616,20,10.0,0.25,0.05,0.22360679774997896,0.227670248696953,0.5238095238095238,0.15,0.23680339887498947,0.23883512434847648
r2q1rk1/pbpnbpp1/1p2pn1p/8/2BP3B/2N1PN2/PP3PPP/R2Q1RK1 w - -,1800-1999,1900,231,11,0.047619047619047616,34,0.1471861471861472,197,0.8528138528138528,d1e2,0.47619047619047616,20,10.0,0.25,0.05,0.22360679774997896,0.227670248696953,0.5238095238095238,0.15,0.23680339887498947,0.23883512434847648
r2q1rk1/pbpnbpp1/1p2pn1p/8/2BP3B/2N1PN2/PP3PPP/R2Q1RK1 w - -,2000-2199,2100,106,1,0.009433962264150943,32,0.3018867924528302,74,0.6981132075471698,d1e2,0.47619047619047616,20,10.0,0.25,0.05,0.22360679774997896,0.227670248696953,0.5238095238095238,0.15,0.23680339887498947,0.23883512434847648
r2q1rk1/pbpnbpp1/1p2pn1p/8/2BP3B/2N1PN2/PP3PPP/R2Q1RK1 w - -,2200-2399,2300,25,0,0.0,16,0.64,9,0.36,d1e2,0.47619047619047616,20,10.0,0.25,0.05,0.22360679774997896,0.227670248696953,0.5238095238095238,0.15,0.23680339887498947,0.23883512434847648
r1bq1rk1/pp1nbpp1/2p1p2p/3n4/2BP3B/2N1PN2/PP3PPP/R2Q1RK1 w - -,1400-1599,1500,38,5,0.13157894736842105,4,0.10526315789473684,34,0.8947368421052632,h4g3,0.07317073170731707,3,6.0,0.0,0.3333333333333333,0.5773502691896258,0.5,0.926829268292683,0.16666666666666666,0.2886751345948129,0.25
r1bq1rk1/pp1nbpp1/2p1p2p/3n4/2BP3B/2N1PN2/PP3PPP/R2Q1RK1 w - -,1600-1799,1700,233,8,0.034334763948497854,49,0.21030042918454936,184,0.7896995708154506,h4g3,0.07317073170731707,3,6.0,0.0,0.3333333333333333,0.5773502691896258,0.5,0.926829268292683,0.16666666666666666,0.2886751345948129,0.25
r1bq1rk1/pp1nbpp1/2p1p2p/3n4/2BP3B/2N1PN2/PP3PPP/R2Q1RK1 w - -,1800-1999,1900,256,5,0.01953125,75,0.29296875,181,0.70703125,h4g3,0.07317073170731707,3,6.0,0.0,0.3333333333333333,0.5773502691896258,0.5,0.926829268292683,0.16666666666666666,0.2886751345948129,0.25
r1bq1rk1/pp1nbpp1/2p1p2p/3n4/2BP3B/2N1PN2/PP3PPP/R2Q1RK1 w - -,2000-2199,2100,79,1,0.012658227848101266,33,0.4177215189873418,46,0.5822784810126582,h4g3,0.07317073170731707,3,6.0,0.0,0.3333333333333333,0.5773502691896258,0.5,0.926829268292683,0.16666666666666666,0.2886751345948129,0.25
r1bq1rk1/pp1nbpp1/2p1p2p/3n4/2BP3B/2N1PN2/PP3PPP/R2Q1RK1 w - -,2200-2399,2300,15,0,0.0,11,0.7333333333333333,4,0.26666666666666666,h4g3,0.07317073170731707,3,6.0,0.0,0.3333333333333333,0.5773502691896258,0.5,0.926829268292683,0.16666666666666666,0.2886751345948129,0.25
rn1q1rk1/pp3pbp/3p1np1/2pP4/4P3/2NB1b1P/PP3PP1/R1BQ1RK1 w - -,1400-1599,1500,25,0,0.0,25,1.0,0,0.0,d1f3,0.02857142857142857,1,6.0,0.0,1.0,1.0,1.0,0.9714285714285714,0.5,0.5,0.5
rn1q1rk1/pp3pbp/3p1np1/2pP4/4P3/2NB1b1P/PP3PP1/R1BQ1RK1 w - -,1600-1799,1700,120,0,0.0,120,1.0,0,0.0,d1f3,0.02857142857142857,1,6.0,0.0,1.0,1.0,1.0,0.9714285714285714,0.5,0.5,0.5
rn1q1rk1/pp3pbp/3p1np1/2pP4/4P3/2NB1b1P/PP3PP1/R1BQ1RK1 w - -,1800-1999,1900,268,1,0.0037313432835820895,267,0.996268656716418,1,0.0037313432835820895,d1f3,0.02857142857142857,1,6.0,0.0,1.0,1.0,1.0,0.9714285714285714,0.5,0.5,0.5
rn1q1rk1/pp3pbp/3p1np1/2pP4/4P3/2NB1b1P/PP3PP1/R1BQ1RK1 w - -,2000-2199,2100,166,0,0.0,166,1.0,0,0.0,d1f3,0.02857142857142857,1,6.0,0.0,1.0,1.0,1.0,0.9714285714285714,0.5,0.5,0.5
rn1q1rk1/pp3pbp/3p1np1/2pP4/4P3/2NB1b1P/PP3PP1/R1BQ1RK1 w - -,2200-2399,2300,35,0,0.0,35,1.0,0,0.0,d1f3,0.02857142857142857,1,6.0,0.0,1.0,1.0,1.0,0.9714285714285714,0.5,0.5,0.5
r2q1rk1/pp1n1pp1/2pb1n1p/3p2B1/3P2b1/2PB1N2/PPQN1PPP/R4RK1 w - -,1400-1599,1500,34,0,0.0,30,0.8823529411764706,4,0.11764705882352941,g5h4,0.09523809523809523,4,22.0,1.0,0.25,0.5,0.43067655807339306,0.9047619047619048,0.625,0.75,0.7153382790366966
r2q1rk1/pp1n1pp1/2pb1n1p/3p2B1/3P2b1/2PB1N2/PPQN1PPP/R4RK1 w - -,1600-1799,1700,219,2,0.0091324200913242,188,0.8584474885844748,31,0.1415525114155251,g5h4,0.09523809523809523,4,22.0,1.0,0.25,0.5,0.43067655807339306,0.9047619047619048,0.625,0.75,0.7153382790366966
r2q1rk1/pp1n1pp1/2pb1n1p/3p2B1/3P2b1/2PB1N2/PPQN1PPP/R4RK1 w - -,1800-1999,1900,287,6,0.020905923344947737,256,0.89198606271777,31,0.10801393728222997,g5h4,0.09523809523809523,4,22.0,1.0,0.25,0.5,0.43067655807339306,0.9047619047619048,0.625,0.75,0.7153382790366966
r2q1rk1/pp1n1pp1/2pb1n1p/3p2B1/3P2b1/2PB1N2/PPQN1PPP/R4RK1 w - -,2000-2199,2100,71,0,0.0,66,0.9295774647887324,5,0.07042253521126761,g5h4,0.09523809523809523,4,22.0,1.0,0.25,0.5,0.43067655807339306,0.9047619047619048,0.625,0.75,0.7153382790366966
r2q1rk1/pp1n1pp1/2pb1n1p/3p2B1/3P2b1/2PB1N2/PPQN1PPP/R4RK1 w - -,2200-2399,2300,11,0,0.0,10,0.9090909090909091,1,0.09090909090909091,g5h4,0.09523809523809523,4,22.0,1.0,0.25,0.5,0.43067655807339306,0.9047619047619048,0.625,0.75,0.7153382790366966
r4b1r/p1p2k1p/2p1bp2/4p3/8/8/PPPP1PPP/RNB1K2R w KQ -,1400-1599,1500,229,2,0.008733624454148471,51,0.22270742358078602,178,0.777292576419214,d2d3,0.36363636363636365,8,6.0,0.0,0.125,0.35355339059327373,0.31546487678572877,0.6363636363636364,0.0625,0.17677669529663687,0.15773243839286438
r4b1r/p1p2k1p/2p1bp2/4p3/8/8/PPPP1PPP/RNB1K2R w KQ -,1600-1799,1700,180,0,0.0,37,0.20555555555555555,143,0.7944444444444444,d2d3,0.36363636363636365,8,6.0,0.0,0.125,0.35355339059327373,0.31546487678572877,0.6363636363636364,0.0625,0.17677669529663687,0.15773243839286438
r4b1r/p1p2k1p/2p1bp2/4p3/8/8/PPPP1PPP/RNB1K2R w KQ -,1800-1999,1900,46,1,0.021739130434782608,16,0.34782608695652173,30,0.6521739130434783,d2d3,0.36363636363636365,8,6.0,0.0,0.125,0.35355339059327373,0.31546487678572877,0.6363636363636364,0.0625,0.17677669529663687,0.15773243839286438
rn1qkb1r/pp3ppn/2p1p2p/7P/3P4/5NN1/PPP2PP1/R1BQK2R w KQkq -,1400-1599,1500,70,0,0.0,3,0.04285714285714286,67,0.9571428571428572,d1e2,0.4,14,14.0,0.5,0.07142857142857142,0.2672612419124244,0.2559580248098155,0.6,0.2857142857142857,0.3836306209562122,0.3779790124049077
rn1qkb1r/pp3ppn/2p1p2p/7P/3P4/5NN1/PPP2PP1/R1BQK2R w KQkq -,1600-1799,1700,246,1,0.0040650406504065045,11,0.044715447154471545,235,0.9552845528455285,d1e2,0.4,14,14.0,0.5,0.07142857142857142,0.2672612419124244,0.2559580248098155,0.6,0.2857142857142857,0.3836306209562122,0.3779790124049077
rn1qkb1r/pp3ppn/2p1p2p/7P/3P4/5NN1/PPP2PP1/R1BQK2R w KQkq -,1800-1999,1900,232,1,0.004310344827586207,7,0.03017241379310345,225,0.9698275862068966,d1e2,0.4,14,14.0,0.5,0.07142857142857142,0.2672612419124244,0.2559580248098155,0.6,0.2857142857142857,0.3836306209562122,0.3779790124049077
rn1qkb1r/pp3ppn/2p1p2p/7P/3P4/5NN1/PPP2PP1/R1BQK2R w KQkq -,2000-2199,2100,55,0,0.0,8,0.14545454545454545,47,0.8545454545454545,d1e2,0.4,14,14.0,0.5,0.07142857142857142,0.2672612419124244,0.2559580248098155,0.6,0.2857142857142857,0.3836306209562122,0.3779790124049077
r1bq1rk1/pp2ppbp/2n3p1/8/2BPP3/8/P3NPPP/R1BQ1RK1 w - -,1400-1599,1500,20,1,0.05,16,0.8,4,0.2,c1e3,0.1111111111111111,4,6.0,0.0,0.25,0.5,0.43067655807339306,0.8888888888888888,0.125,0.25,0.21533827903669653
r1bq1rk1/pp2ppbp/2n3p1/8/2BPP3/8/P3NPPP/R1BQ1RK1 w - -,1600-1799,1700,106,4,0.03773584905660377,86,0.8113207547169812,20,0.18867924528301888,c1e3,0.1111111111111111,4,6.0,0.0,0.25,0.5,0.43067655807339306,0.8888888888888888,0.125,0.25,0.21533827903669653
r1bq1rk1/pp2ppbp/2n3p1/8/2BPP3/8/P3NPPP/R1BQ1RK1 w - -,1800-1999,1900,252,10,0.03968253968253968,225,0.8928571428571429,27,0.10714285714285714,c1e3,0.1111111111111111,4,6.0,0.0,0.25,0.5,0.43067655807339306,0.8888888888888888,0.125,0.25,0.21533827903669653
r1bq1rk1/pp2ppbp/2n3p1/8/2BPP3/8/P3NPPP/R1BQ1RK1 w - -,2000-2199,2100,200,3,0.015,194,0.97,6,0.03,c1e3,0.1111111111111111,4,6.0,0.0,0.25,0.5,0.43067655807339306,0.8888888888888888,0.125,0.25,0.21533827903669653
r1bq1rk1/pp2ppbp/2n3p1/8/2BPP3/8/P3NPPP/R1BQ1RK1 w - -,2200-2399,2300,24,0,0.0,24,1.0,0,0.0,c1e3,0.1111111111111111,4,6.0,0.0,0.25,0.5,0.43067655807339306,0.8888888888888888,0.125,0.25,0.21533827903669653
r1bq1rk1/p4ppp/2p2n2/3p4/1b6/2NB4/PPPB1PPP/R2Q1RK1 w - -,1400-1599,1500,45,0,0.0,2,0.044444444444444446,43,0.9555555555555556,h2h3,0.325,13,6.0,0.0,0.07692307692307693,0.2773500981126146,0.26264953503719357,0.675,0.038461538461538464,0.1386750490563073,0.13132476751859679
r1bq1rk1/p4ppp/2p2n2/3p4/1b6/2NB4/PPPB1PPP/R2Q1RK1 w - -,1600-1799,1700,188,4,0.02127659574468085,10,0.05319148936170213,178,0.9468085106382979,h2h3,0.325,13,6.0,0.0,0.07692307692307693,0.2773500981126146,0.26264953503719357,0.675,0.038461538461538464,0.1386750490563073,0.13132476751859679
r1bq1rk1/p4ppp/2p2n2/3p4/1b6/2NB4/PPPB1PPP/R2Q1RK1 w - -,1800-1999,1900,273,7,0.02564102564102564,20,0.07326007326007326,253,0.9267399267399268,h2h3,0.325,13,6.0,0.0,0.07692307692307693,0.2773500981126146,0.26264953503719357,0.675,0.038461538461538464,0.1386750490563073,0.13132476751859679
r1bq1rk1/p4ppp/2p2n2/3p4/1b6/2NB4/PPPB1PPP/R2Q1RK1 w - -,2000-2199,2100,71,1,0.014084507042253521,5,0.07042253521126761,66,0.9295774647887324,h2h3,0.325,13,6.0,0.0,0.07692307692307693,0.2773500981126146,0.26264953503719357,0.675,0.038461538461538464,0.1386750490563073,0.13132476751859679
r1bq1rk1/ppp2ppp/2n5/3p4/2BPn3/2P2N2/P4PPP/R1BQR1K1 w - -,1400-1599,1500,57,19,0.3333333333333333,32,0.5614035087719298,25,0.43859649122807015,c4d3,0.08108108108108109,3,6.0,0.0,0.3333333333333333,0.5773502691896258,0.5,0.9189189189189189,0.16666666666666666,0.2886751345948129,0.25
r1bq1rk1/ppp2ppp/2n5/3p4/2BPn3/2P2N2/P4PPP/R1BQR1K1 w - -,1600-1799,1700,216,69,0.3194444444444444,119,0.5509259259259259,97,0.44907407407407407,c4d3,0.08108108108108109,3,6.0,0.0,0.3333333333333333,0.5773502691896258,0.5,0.9189189189189189,0.16666666666666666,0.2886751345948129,0.25
r1bq1rk1/ppp2ppp/2n5/3p4/2BPn3/2P2N2/P4PPP/R1BQR1K1 w - -,1800-1999,1900,248,65,0.2620967741935484,156,0.6290322580645161,92,0.3709677419354839,c4d3,0.08108108108108109,3,6.0,0.0,0.3333333333333333,0.5773502691896258,0.5,0.9189189189189189,0.16666666666666666,0.2886751345948129,0.25
r1bq1rk1/ppp2ppp/2n5/3p4/2BPn3/2P2N2/P4PPP/R1BQR1K1 w - -,2000-2199,2100,69,13,0.18840579710144928,53,0.7681159420289855,16,0.2318840579710145,c4d3,0.08108108108108109,3,6.0,0.0,0.3333333333333333,0.5773502691896258,0.5,0.9189189189189189,0.16666666666666666,0.2886751345948129,0.25
r1bq1rk1/ppp2ppp/2n5/3p4/2BPn3/2P2N2/P4PPP/R1BQR1K1 w - -,2200-2399,2300,10,0,0.0,8,0.8,2,0.2,c4d3,0.08108108108108109,3,6.0,0.0,0.3333333333333333,0.5773502691896258,0.5,0.9189189189189189,0.16666666666666666,0.2886751345948129,0.25
r2q1rk1/pbpnbpp1/1p3n1p/3p4/3P3B/2NBPN2/PP3PPP/R2Q1RK1 w - -,1400-1599,1500,34,0,0.0,6,0.17647058823529413,28,0.8235294117647058,d1c2,0.5581395348837209,24,6.0,0.0,0.041666666666666664,0.20412414523193154,0.21533827903669653,0.4418604651162791,0.020833333333333332,0.10206207261596577,0.10766913951834826
r2q1rk1/pbpnbpp1/1p3n1p/3p4/3P3B/2NBPN2/PP3PPP/R2Q1RK1 w - -,1600-1799,1700,148,0,0.0,16,0.10810810810810811,132,0.8918918918918919,d1c2,0.5581395348837209,24,6.0,0.0,0.041666666666666664,0.20412414523193154,0.21533827903669653,0.4418604651162791,0.020833333333333332,0.10206207261596577,0.10766913951834826
r2q1rk1/pbpnbpp1/1p3n1p/3p4/3P3B/2NBPN2/PP3PPP/R2Q1RK1 w - -,1800-1999,1900,263,0,0.0,20,0.07604562737642585,243,0.9239543726235742,d1c2,0.5581395348837209,24,6.0,0.0,0.041666666666666664,0.20412414523193154,0.21533827903669653,0.4418604651162791,0.020833333333333332,0.10206207261596577,0.10766913951834826
r2q1rk1/pbpnbpp1/1p3n1p/3p4/3P3B/2NBPN2/PP3PPP/R2Q1RK1 w - -,2000-2199,2100,115,0,0.0,13,0.11304347826086956,102,0.8869565217391304,d1c2,0.5581395348837209,24,6.0,0.0,0.041666666666666664,0.20412414523193154,0.21533827903669653,0.4418604651162791,0.020833333333333332,0.10206207261596577,0.10766913951834826
r2q1rk1/pbpnbpp1/1p3n1p/3p4/3P3B/2NBPN2/PP3PPP/R2Q1RK1 w - -,2200-2399,2300,30,0,0.0,2,0.06666666666666667,28,0.9333333333333333,d1c2,0.5581395348837209,24,6.0,0.0,0.041666666666666664,0.20412414523193154,0.21533827903669653,0.4418604651162791,0.020833333333333332,0.10206207261596577,0.10766913951834826
rnb1k1r1/ppq1np1Q/4p3/3pP3/8/P1p5/2P1NPPP/R1B1KB1R w KQq -,1600-1799,1700,30,2,0.06666666666666667,18,0.6,12,0.4,f2f4,0.23529411764705882,8,22.0,1.0,0.125,0.35355339059327373,0.31546487678572877,0.7647058823529411,0.5625,0.6767766952966369,0.6577324383928644
rnb1k1r1/ppq1np1Q/4p3/3pP3/8/P1p5/2P1NPPP/R1B1KB1R w KQq -,1800-1999,1900,209,6,0.028708133971291867,163,0.7799043062200957,46,0.22009569377990432,f2f4,0.23529411764705882,8,22.0,1.0,0.125,0.35355339059327373,0.31546487678572877,0.7647058823529411,0.5625,0.6767766952966369,0.6577324383928644
rnb1k1r1/ppq1np1Q/4p3/3pP3/8/P1p5/2P1NPPP/R1B1KB1R w KQq -,2000-2199,2100,294,3,0.01020408163265306,267,0.9081632653061225,27,0.09183673469387756,f2f4,0.23529411764705882,8,22.0,1.0,0.125,0.35355339059327373,0.31546487678572877,0.7647058823529411,0.5625,0.6767766952966369,0.6577324383928644
rnb1k1r1/ppq1np1Q/4p3/3pP3/8/P1p5/2P1NPPP/R1B1KB1R w KQq -,2200-2399,2300,58,0,0.0,56,0.9655172413793104,2,0.034482758620689655,f2f4,0.23529411764705882,8,22.0,1.0,0.125,0.35355339059327373,0.31546487678572877,0.7647058823529411,0.5625,0.6767766952966369,0.6577324383928644
r2qk2r/3nppbp/3p1np1/2pP4/4P3/2N3P1/PP3PKP/R1BQ2NR w kq -,1600-1799,1700,52,2,0.038461538461538464,28,0.5384615384615384,24,0.46153846153846156,g1f3,0.3684210526315789,14,16.0,0.625,0.07142857142857142,0.2672612419124244,0.2559580248098155,0.631578947368421,0.3482142857142857,0.4461306209562122,0.4404790124049077
r2qk2r/3nppbp/3p1np1/2pP4/4P3/2N3P1/PP3PKP/R1BQ2NR w kq -,1800-1999,1900,237,3,0.012658227848101266,139,0.5864978902953587,98,0.41350210970464135,g1f3,0.3684210526315789,14,16.0,0.625,0.07142857142857142,0.2672612419124244,0.2559580248098155,0.631578947368421,0.3482142857142857,0.4461306209562122,0.4404790124049077
r2qk2r/3nppbp/3p1np1/2pP4/4P3/2N3P1/PP3PKP/R1BQ2NR w kq -,2000-2199,2100,237,5,0.02109704641350211,145,0.6118143459915611,92,0.3881856540084388,g1f3,0.3684210526315789,14,16.0,0.625,0.07142857142857142,0.2672612419124244,0.2559580248098155,0.631578947368421,0.3482142857142857,0.4461306209562122,0.4404790124049077
r2qk2r/3nppbp/3p1np1/2pP4/4P3/2N3P1/PP3PKP/R1BQ2NR w kq -,2200-2399,2300,65,0,0.0,41,0.6307692307692307,24,0.36923076923076925,g1f3,0.3684210526315789,14,16.0,0.625,0.07142857142857142,0.2672612419124244,0.2559580248098155,0.631578947368421,0.3482142857142857,0.4461306209562122,0.4404790124049077
r1bq1rk1/pp2ppbp/1n1p2p1/3Pn3/2P5/1PN1B3/P4PPP/2RQKBNR w K -,1600-1799,1700,22,6,0.2727272727272727,16,0.7272727272727273,6,0.2727272727272727,f1e2,0.025,1,6.0,0.0,1.0,1.0,1.0,0.975,0.5,0.5,0.5
r1bq1rk1/pp2ppbp/1n1p2p1/3Pn3/2P5/1PN1B3/P4PPP/2RQKBNR w K -,1800-1999,1900,175,32,0.18285714285714286,143,0.8171428571428572,32,0.18285714285714286,f1e2,0.025,1,6.0,0.0,1.0,1.0,1.0,0.975,0.5,0.5,0.5
r1bq1rk1/pp2ppbp/1n1p2p1/3Pn3/2P5/1PN1B3/P4PPP/2RQKBNR w K -,2000-2199,2100,293,34,0.11604095563139932,259,0.8839590443686007,34,0.11604095563139932,f1e2,0.025,1,6.0,0.0,1.0,1.0,1.0,0.975,0.5,0.5,0.5
r1bq1rk1/pp2ppbp/1n1p2p1/3Pn3/2P5/1PN1B3/P4PPP/2RQKBNR w K -,2200-2399,2300,97,11,0.1134020618556701,86,0.8865979381443299,11,0.1134020618556701,f1e2,0.025,1,6.0,0.0,1.0,1.0,1.0,0.975,0.5,0.5,0.5
r1b2rk1/pp2ppbp/2N2np1/8/4p3/2N1BP2/PPPq2PP/2KR1B1R w - -,1400-1599,1500,17,14,0.8235294117647058,3,0.17647058823529413,14,0.8235294117647058,e3d2,0.5,2,8.0,0.125,0.5,0.7071067811865475,0.6309297535714575,0.5,0.3125,0.41605339059327373,0.37796487678572877
r1b2rk1/pp2ppbp/2N2np1/8/4p3/2N1BP2/PPPq2PP/2KR1B1R w - -,1600-1799,1700,110,92,0.8363636363636363,17,0.15454545454545454,93,0.8454545454545455,e3d2,0.5,2,8.0,0.125,0.5,0.7071067811865475,0.6309297535714575,0.5,0.3125,0.41605339059327373,0.37796487678572877
r1b2rk1/pp2ppbp/2N2np1/8/4p3/2N1BP2/PPPq2PP/2KR1B1R w - -,1800-1999,1900,257,202,0.7859922178988327,54,0.21011673151750973,203,0.7898832684824902,e3d2,0.5,2,8.0,0.125,0.5,0.7071067811865475,0.6309297535714575,0.5,0.3125,0.41605339059327373,0.37796487678572877
r1b2rk1/pp2ppbp/2N2np1/8/4p3/2N1BP2/PPPq2PP/2KR1B1R w - -,2000-2199,2100,191,160,0.837696335078534,30,0.15706806282722513,161,0.8429319371727748,e3d2,0.5,2,8.0,0.125,0.5,0.7071067811865475,0.6309297535714575,0.5,0.3125,0.41605339059327373,0.37796487678572877
r1b2rk1/pp2ppbp/2N2np1/8/4p3/2N1BP2/PPPq2PP/2KR1B1R w - -,2200-2399,2300,22,12,0.5454545454545454,9,0.4090909090909091,13,0.5909090909090909,e3d2,0.5,2,8.0,0.125,0.5,0.7071067811865475,0.6309297535714575,0.5,0.3125,0.41605339059327373,0.37796487678572877
r1bq1rk1/1pp2pb1/3p1npp/p1nPp1B1/2P1P3/2N2N2/PPQ1BPPP/R4RK1 w - -,1600-1799,1700,64,34,0.53125,29,0.453125,35,0.546875,g5e3,0.07142857142857142,3,6.0,0.0,0.3333333333333333,0.5773502691896258,0.5,0.9285714285714286,0.16666666666666666,0.2886751345948129,0.25
r1bq1rk1/1pp2pb1/3p1npp/p1nPp1B1/2P1P3/2N2N2/PPQ1BPPP/R4RK1 w - -,1800-1999,1900,141,61,0.4326241134751773,78,0.5531914893617021,63,0.44680851063829785,g5e3,0.07142857142857142,3,6.0,0.0,0.3333333333333333,0.5773502691896258,0.5,0.9285714285714286,0.16666666666666666,0.2886751345948129,0.25
r1bq1rk1/1pp2pb1/3p1npp/p1nPp1B1/2P1P3/2N2N2/PPQ1BPPP/R4RK1 w - -,2000-2199,2100,225,56,0.24888888888888888,168,0.7466666666666667,57,0.25333333333333335,g5e3,0.07142857142857142,3,6.0,0.0,0.3333333333333333,0.5773502691896258,0.5,0.9285714285714286,0.16666666666666666,0.2886751345948129,0.25
r1bq1rk1/1pp2pb1/3p1npp/p1nPp1B1/2P1P3/2N2N2/PPQ1BPPP/R4RK1 w - -,2200-2399,2300,133,23,0.17293233082706766,110,0.8270676691729323,23,0.17293233082706766,g5e3,0.07142857142857142,3,6.0,0.0,0.3333333333333333,0.5773502691896258,0.5,0.9285714285714286,0.16666666666666666,0.2886751345948129,0.25
r2q1rk1/pp1bppbp/3p1np1/8/2PBP3/2N2P2/PP1QB1PP/R3K2R b KQ -,1600-1799,1700,39,4,0.10256410256410256,2,0.05128205128205128,37,0.9487179487179487,d8a5,0.3333333333333333,12,22.0,1.0,0.08333333333333333,0.2886751345948129,0.27023815442731974,0.6666666666666667,0.5416666666666666,0.6443375672974064,0.6351190772136599
r2q1rk1/pp1bppbp/3p1np1/8/2PBP3/2N2P2/PP1QB1PP/R3K2R b KQ -,1800-1999,1900,179,3,0.01675977653631285,5,0.027932960893854747,174,0.9720670391061452,d8a5,0.3333333333333333,12,22.0,1.0,0.08333333333333333,0.2886751345948129,0.27023815442731974,0.6666666666666667,0.5416666666666666,0.6443375672974064,0.6351190772136599
r2q1rk1/pp1bppbp/3p1np1/8/2PBP3/2N2P2/PP1QB1PP/R3K2R b KQ -,2000-2199,2100,228,1,0.0043859649122807015,0,0.0,228,1.0,d8a5,0.3333333333333333,12,22.0,1.0,0.08333333333333333,0.2886751345948129,0.27023815442731974,0.6666666666666667,0.5416666666666666,0.6443375672974064,0.6351190772136599
r2q1rk1/pp1bppbp/3p1np1/8/2PBP3/2N2P2/PP1QB1PP/R3K2R b KQ -,2200-2399,2300,115,1,0.008695652173913044,0,0.0,115,1.0,d8a5,0.3333333333333333,12,22.0,1.0,0.08333333333333333,0.2886751345948129,0.27023815442731974,0.6666666666666667,0.5416666666666666,0.6443375672974064,0.6351190772136599
r1bq1rk1/2p1bpp1/p1np1n1p/1p6/3pP3/1BP2N1P/PP3PP1/RNBQR1K1 w - -,1400-1599,1500,114,0,0.0,110,0.9649122807017544,4,0.03508771929824561,c3d4,0.07894736842105263,3,6.0,0.0,0.3333333333333333,0.5773502691896258,0.5,0.9210526315789473,0.16666666666666666,0.2886751345948129,0.25
r1bq1rk1/2p1bpp1/p1np1n1p/1p6/3pP3/1BP2N1P/PP3PP1/RNBQR1K1 w - -,1600-1799,1700,215,0,0.0,214,0.9953488372093023,1,0.004651162790697674,c3d4,0.07894736842105263,3,6.0,0.0,0.3333333333333333,0.5773502691896258,0.5,0.9210526315789473,0.16666666666666666,0.2886751345948129,0.25
r1bq1rk1/2p1bpp1/p1np1n1p/1p6/3pP3/1BP2N1P/PP3PP1/RNBQR1K1 w - -,1800-1999,1900,181,1,0.0055248618784530384,178,0.9834254143646409,3,0.016574585635359115,c3d4,0.07894736842105263,3,6.0,0.0,0.3333333333333333,0.5773502691896258,0.5,0.9210526315789473,0.16666666666666666,0.2886751345948129,0.25
r1bq1rk1/2p1bpp1/p1np1n1p/1p6/3pP3/1BP2N1P/PP3PP1/RNBQR1K1 w - -,2000-2199,2100,46,0,0.0,46,1.0,0,0.0,c3d4,0.07894736842105263,3,6.0,0.0,0.3333333333333333,0.5773502691896258,0.5,0.9210526315789473,0.16666666666666666,0.2886751345948129,0.25
r2qk2r/pp1nbppp/2p1pn2/6B1/3P4/3Q1NN1/PPP2PPP/R4RK1 w kq -,1400-1599,1500,100,8,0.08,13,0.13,87,0.87,c2c4,0.75,36,6.0,0.0,0.027777777777777776,0.16666666666666666,0.19195872000656014,0.25,0.013888888888888888,0.08333333333333333,0.09597936000328007
r2qk2r/pp1nbppp/2p1pn2/6B1/3P4/3Q1NN1/PPP2PPP/R4RK1 w kq -,1600-1799,1700,258,24,0.09302325581395349,35,0.13565891472868216,223,0.8643410852713178,c2c4,0.75,36,6.0,0.0,0.027777777777777776,0.16666666666666666,0.19195872000656014,0.25,0.013888888888888888,0.08333333333333333,0.09597936000328007
r2qk2r/pp1nbppp/2p1pn2/6B1/3P4/3Q1NN1/PPP2PPP/R4RK1 w kq -,1800-1999,1900,175,12,0.06857142857142857,20,0.11428571428571428,155,0.8857142857142857,c2c4,0.75,36,6.0,0.0,0.027777777777777776,0.16666666666666666,0.19195872000656014,0.25,0.013888888888888888,0.08333333333333333,0.09597936000328007
r2qk2r/pp1nbppp/2p1pn2/6B1/3P4/3Q1NN1/PPP2PPP/R4RK1 w kq -,2000-2199,2100,44,2,0.045454545454545456,8,0.18181818181818182,36,0.8181818181818182,c2c4,0.75,36,6.0,0.0,0.027777777777777776,0.16666666666666666,0.19195872000656014,0.25,0.013888888888888888,0.08333333333333333,0.09597936000328007
r1b2rk1/p1p1qppp/4pn2/8/2pP4/6P1/PP2PP1P/RNBQ1RK1 w - -,1800-1999,1900,60,1,0.016666666666666666,7,0.11666666666666667,53,0.8833333333333333,d1c2,0.3103448275862069,9,22.0,1.0,0.1111111111111111,0.3333333333333333,0.3010299956639812,0.6896551724137931,0.5555555555555556,0.6666666666666666,0.6505149978319906
r1b2rk1/p1p1qppp/4pn2/8/2pP4/6P1/PP2PP1P/RNBQ1RK1 w - -,2000-2199,2100,271,3,0.01107011070110701,38,0.14022140221402213,233,0.8597785977859779,d1c2,0.3103448275862069,9,22.0,1.0,0.1111111111111111,0.3333333333333333,0.3010299956639812,0.6896551724137931,0.5555555555555556,0.6666666666666666,0.6505149978319906
r1b2rk1/p1p1qppp/4pn2/8/2pP4/6P1/PP2PP1P/RNBQ1RK1 w - -,2200-2399,2300,189,1,0.005291005291005291,32,0.1693121693121693,157,0.8306878306878307,d1c2,0.3103448275862069,9,22.0,1.0,0.1111111111111111,0.3333333333333333,0.3010299956639812,0.6896551724137931,0.5555555555555556,0.6666666666666666,0.6505149978319906
r1bq1rk1/3nbppp/p1p1pn2/1p4B1/3P4/2NBPN2/PP3PPP/R2Q1RK1 w - -,1400-1599,1500,26,15,0.5769230769230769,8,0.3076923076923077,18,0.6923076923076923,d1c2,0.13333333333333333,6,22.0,1.0,0.16666666666666666,0.4082482904638631,0.3562071871080222,0.8666666666666667,0.5833333333333334,0.7041241452319316,0.6781035935540111
r1bq1rk1/3nbppp/p1p1pn2/1p4B1/3P4/2NBPN2/PP3PPP/R2Q1RK1 w - -,1600-1799,1700,140,92,0.6571428571428571,18,0.12857142857142856,122,0.8714285714285714,d1c2,0.13333333333333333,6,22.0,1.0,0.16666666666666666,0.4082482904638631,0.3562071871080222,0.8666666666666667,0.5833333333333334,0.7041241452319316,0.6781035935540111
r1bq1rk1/3nbppp/p1p1pn2/1p4B1/3P4/2NBPN2/PP3PPP/R2Q1RK1 w - -,1800-1999,1900,274,199,0.7262773722627737,12,0.043795620437956206,262,0.9562043795620438,d1c2,0.13333333333333333,6,22.0,1.0,0.16666666666666666,0.4082482904638631,0.3562071871080222,0.8666666666666667,0.5833333333333334,0.7041241452319316,0.6781035935540111
r1bq1rk1/3nbppp/p1p1pn2/1p4B1/3P4/2NBPN2/PP3PPP/R2Q1RK1 w - -,2000-2199,2100,133,81,0.6090225563909775,8,0.06015037593984962,125,0.9398496240601504,d1c2,0.13333333333333333,6,22.0,1.0,0.16666666666666666,0.4082482904638631,0.3562071871080222,0.8666666666666667,0.5833333333333334,0.7041241452319316,0.6781035935540111
r1bq1rk1/3nbppp/p1p1pn2/1p4B1/3P4/2NBPN2/PP3PPP/R2Q1RK1 w - -,2200-2399,2300,13,4,0.3076923076923077,1,0.07692307692307693,12,0.9230769230769231,d1c2,0.13333333333333333,6,22.0,1.0,0.16666666666666666,0.4082482904638631,0.3562071871080222,0.8666666666666667,0.5833333333333334,0.7041241452319316,0.6781035935540111
r2q1rk1/pp1bppbp/3p1np1/8/2PBP3/2N5/PP2BPPP/2RQ1RK1 b - -,1600-1799,1700,33,3,0.09090909090909091,1,0.030303030303030304,32,0.9696969696969697,g7h6,0.1111111111111111,4,14.0,0.5,0.25,0.5,0.43067655807339306,0.8888888888888888,0.375,0.5,0.46533827903669656
r2q1rk1/pp1bppbp/3p1np1/8/2PBP3/2N5/PP2BPPP/2RQ1RK1 b - -,1800-1999,1900,164,2,0.012195121951219513,0,0.0,164,1.0,g7h6,0.1111111111111111,4,14.0,0.5,0.25,0.5,0.43067655807339306,0.8888888888888888,0.375,0.5,0.46533827903669656
r2q1rk1/pp1bppbp/3p1np1/8/2PBP3/2N5/PP2BPPP/2RQ1RK1 b - -,2000-2199,2100,309,6,0.019417475728155338,8,0.025889967637540454,301,0.9741100323624595,g7h6,0.1111111111111111,4,14.0,0.5,0.25,0.5,0.43067655807339306,0.8888888888888888,0.375,0.5,0.46533827903669656
r2q1rk1/pp1bppbp/3p1np1/8/2PBP3/2N5/PP2BPPP/2RQ1RK1 b - -,2200-2399,2300,67,0,0.0,0,0.0,67,1.0,g7h6,0.1111111111111111,4,14.0,0.5,0.25,0.5,0.43067655807339306,0.8888888888888888,0.375,0.5,0.46533827903669656
r2q1rk1/pp2ppbp/2n3p1/2p5/2BPP1b1/2P1BN2/P4PPP/R2Q1RK1 w - -,1400-1599,1500,42,18,0.42857142857142855,13,0.30952380952380953,29,0.6904761904761905,d4d5,0.10256410256410256,4,22.0,1.0,0.25,0.5,0.43067655807339306,0.8974358974358975,0.625,0.75,0.7153382790366966
r2q1rk1/pp2ppbp/2n3p1/2p5/2BPP1b1/2P1BN2/P4PPP/R2Q1RK1 w - -,1600-1799,1700,148,70,0.47297297297297297,41,0.27702702702702703,107,0.722972972972973,d4d5,0.10256410256410256,4,22.0,1.0,0.25,0.5,0.43067655807339306,0.8974358974358975,0.625,0.75,0.7153382790366966
r2q1rk1/pp2ppbp/2n3p1/2p5/2BPP1b1/2P1BN2/P4PPP/R2Q1RK1 w - -,1800-1999,1900,282,117,0.4148936170212766,74,0.2624113475177305,208,0.7375886524822695,d4d5,0.10256410256410256,4,22.0,1.0,0.25,0.5,0.43067655807339306,0.8974358974358975,0.625,0.75,0.7153382790366966
r2q1rk1/pp2ppbp/2n3p1/2p5/2BPP1b1/2P1BN2/P4PPP/R2Q1RK1 w - -,2000-2199,2100,109,30,0.27522935779816515,23,0.21100917431192662,86,0.7889908256880734,d4d5,0.10256410256410256,4,22.0,1.0,0.25,0.5,0.43067655807339306,0.8974358974358975,0.625,0.75,0.7153382790366966
r4bnr/pp1k1ppp/4p3/3pP3/3q4/8/PP1N1PPP/R1BQK2R w KQ -,1400-1599,1500,201,37,0.18407960199004975,17,0.0845771144278607,184,0.9154228855721394,d1e2,0.06896551724137931,2,16.0,0.625,0.5,0.7071067811865475,0.6309297535714575,0.9310344827586207,0.5625,0.6660533905932737,0.6279648767857288
r4bnr/pp1k1ppp/4p3/3pP3/3q4/8/PP1N1PPP/R1BQK2R w KQ -,1600-1799,1700,148,27,0.18243243243243243,21,0.14189189189189189,127,0.8581081081081081,d1e2,0.06896551724137931,2,16.0,0.625,0.5,0.7071067811865475,0.6309297535714575,0.9310344827586207,0.5625,0.6660533905932737,0.6279648767857288
r4bnr/pp1k1ppp/4p3/3pP3/3q4/8/PP1N1PPP/R1BQK2R w KQ -,1800-1999,1900,81,4,0.04938271604938271,10,0.12345679012345678,71,0.8765432098765432,d1e2,0.06896551724137931,2,16.0,0.625,0.5,0.7071067811865475,0.6309297535714575,0.9310344827586207,0.5625,0.6660533905932737,0.6279648767857288
r1b2rk1/1pq1bppp/p1nppn2/8/3NPP2/1BN1B3/PPP3PP/R2Q1RK1 w - -,1400-1599,1500,25,16,0.64,4,0.16,21,0.84,f4f5,0.14285714285714285,6,6.0,0.0,0.16666666666666666,0.4082482904638631,0.3562071871080222,0.8571428571428572,0.08333333333333333,0.20412414523193154,0.1781035935540111
r1b2rk1/1pq1bppp/p1nppn2/8/3NPP2/1BN1B3/PPP3PP/R2Q1RK1 w - -,1600-1799,1700,159,57,0.3584905660377358,57,0.3584905660377358,102,0.6415094339622641,f4f5,0.14285714285714285,6,6.0,0.0,0.16666666666666666,0.4082482904638631,0.3562071871080222,0.8571428571428572,0.08333333333333333,0.20412414523193154,0.1781035935540111
r1b2rk1/1pq1bppp/p1nppn2/8/3NPP2/1BN1B3/PPP3PP/R2Q1RK1 w - -,1800-1999,1900,260,97,0.3730769230769231,99,0.38076923076923075,161,0.6192307692307693,f4f5,0.14285714285714285,6,6.0,0.0,0.16666666666666666,0.4082482904638631,0.3562071871080222,0.8571428571428572,0.08333333333333333,0.20412414523193154,0.1781035935540111
r1b2rk1/1pq1bppp/p1nppn2/8/3NPP2/1BN1B3/PPP3PP/R2Q1RK1 w - -,2000-2199,2100,125,31,0.248,50,0.4,75,0.6,f4f5,0.14285714285714285,6,6.0,0.0,0.16666666666666666,0.4082482904638631,0.3562071871080222,0.8571428571428572,0.08333333333333333,0.20412414523193154,0.1781035935540111
r1b2rk1/1pq1bppp/p1nppn2/8/3NPP2/1BN1B3/PPP3PP/R2Q1RK1 w - -,2200-2399,2300,15,4,0.26666666666666666,2,0.13333333333333333,13,0.8666666666666667,f4f5,0.14285714285714285,6,6.0,0.0,0.16666666666666666,0.4082482904638631,0.3562071871080222,0.8571428571428572,0.08333333333333333,0.20412414523193154,0.1781035935540111
r1bq1rk1/2p1bppp/p1P2n2/1p6/8/1BP2p2/PP1P1PPP/RNBQR1K1 w - -,1400-1599,1500,10,10,1.0,0,0.0,10,1.0,g2g3,0.06896551724137931,2,18.0,0.75,0.5,0.7071067811865475,0.6309297535714575,0.9310344827586207,0.625,0.7285533905932737,0.6904648767857288
r1bq1rk1/2p1bppp/p1P2n2/1p6/8/1BP2p2/PP1P1PPP/RNBQR1K1 w - -,1600-1799,1700,72,68,0.9444444444444444,1,0.013888888888888888,71,0.9861111111111112,g2g3,0.06896551724137931,2,18.0,0.75,0.5,0.7071067811865475,0.6309297535714575,0.9310344827586207,0.625,0.7285533905932737,0.6904648767857288
r1bq1rk1/2p1bppp/p1P2n2/1p6/8/1BP2p2/PP1P1PPP/RNBQR1K1 w - -,1800-1999,1900,269,237,0.8810408921933085,4,0.01486988847583643,265,0.9851301115241635,g2g3,0.06896551724137931,2,18.0,0.75,0.5,0.7071067811865475,0.6309297535714575,0.9310344827586207,0.625,0.7285533905932737,0.6904648767857288
r1bq1rk1/2p1bppp/p1P2n2/1p6/8/1BP2p2/PP1P1PPP/RNBQR1K1 w - -,2000-2199,2100,206,163,0.7912621359223301,10,0.04854368932038835,196,0.9514563106796117,g2g3,0.06896551724137931,2,18.0,0.75,0.5,0.7071067811865475,0.6309297535714575,0.9310344827586207,0.625,0.7285533905932737,0.6904648767857288
r1bq1rk1/2p1bppp/p1P2n2/1p6/8/1BP2p2/PP1P1PPP/RNBQR1K1 w - -,2200-2399,2300,25,15,0.6,3,0.12,22,0.88,g2g3,0.06896551724137931,2,18.0,0.75,0.5,0.7071067811865475,0.6309297535714575,0.9310344827586207,0.625,0.7285533905932737,0.6904648767857288
r2q1rk1/pp2ppbp/3pbnp1/8/3BP1P1/2N2P2/PPPQ3P/R3KB1R w KQ -,1600-1799,1700,72,34,0.4722222222222222,38,0.5277777777777778,34,0.4722222222222222,h2h4,0.020833333333333332,1,12.0,0.375,1.0,1.0,1.0,0.9791666666666666,0.6875,0.6875,0.6875
r2q1rk1/pp2ppbp/3pbnp1/8/3BP1P1/2N2P2/PPPQ3P/R3KB1R w KQ -,1800-1999,1900,204,96,0.47058823529411764,108,0.5294117647058824,96,0.47058823529411764,h2h4,0.020833333333333332,1,12.0,0.375,1.0,1.0,1.0,0.9791666666666666,0.6875,0.6875,0.6875
r2q1rk1/pp2ppbp/3pbnp1/8/3BP1P1/2N2P2/PPPQ3P/R3KB1R w KQ -,2000-2199,2100,209,119,0.569377990430622,90,0.430622009569378,119,0.569377990430622,h2h4,0.020833333333333332,1,12.0,0.375,1.0,1.0,1.0,0.9791666666666666,0.6875,0.6875,0.6875
r2q1rk1/pp2ppbp/3pbnp1/8/3BP1P1/2N2P2/PPPQ3P/R3KB1R w KQ -,2200-2399,2300,85,34,0.4,51,0.6,34,0.4,h2h4,0.020833333333333332,1,12.0,0.375,1.0,1.0,1.0,0.9791666666666666,0.6875,0.6875,0.6875
r1b1k2r/pppp1ppp/5n2/8/8/2B5/PPP1BPPP/R3K2R w KQkq -,1400-1599,1500,230,0,0.0,83,0.36086956521739133,147,0.6391304347826087,e1c1,0.8571428571428571,30,10.0,0.25,0.03333333333333333,0.18257418583505536,0.20184908658209985,0.1428571428571429,0.14166666666666666,0.21628709291752768,0.22592454329104994
r1b1k2r/pppp1ppp/5n2/8/8/2B5/PPP1BPPP/R3K2R w KQkq -,1600-1799,1700,123,0,0.0,39,0.3170731707317073,84,0.6829268292682927,e1c1,0.8571428571428571,30,10.0,0.25,0.03333333333333333,0.18257418583505536,0.20184908658209985,0.1428571428571429,0.14166666666666666,0.21628709291752768,0.22592454329104994
r1b1k2r/pppp1ppp/5n2/8/8/2B5/PPP1BPPP/R3K2R w KQkq -,1800-1999,1900,14,0,0.0,8,0.5714285714285714,6,0.42857142857142855,e1c1,0.8571428571428571,30,10.0,0.25,0.03333333333333333,0.18257418583505536,0.20184908658209985,0.1428571428571429,0.14166666666666666,0.21628709291752768,0.22592454329104994
r1b2rk1/1pq1bppp/p1nppn2/8/3NP3/1BN1BP2/PPPQ2PP/R3K2R w KQ -,1400-1599,1500,27,0,0.0,5,0.18518518518518517,22,0.8148148148148148,g2g4,0.18181818181818182,8,20.0,0.875,0.125,0.35355339059327373,0.31546487678572877,0.8181818181818181,0.5,0.6142766952966369,0.5952324383928644
r1b2rk1/1pq1bppp/p1nppn2/8/3NP3/1BN1BP2/PPPQ2PP/R3K2R w KQ -,1600-1799,1700,162,1,0.006172839506172839,20,0.12345679012345678,142,0.8765432098765432,g2g4,0.18181818181818182,8,20.0,0.875,0.125,0.35355339059327373,0.31546487678572877,0.8181818181818181,0.5,0.6142766952966369,0.5952324383928644
r1b2rk1/1pq1bppp/p1nppn2/8/3NP3/1BN1BP2/PPPQ2PP/R3K2R w KQ -,1800-1999,1900,256,2,0.0078125,42,0.1640625,214,0.8359375,g2g4,0.18181818181818182,8,20.0,0.875,0.125,0.35355339059327373,0.31546487678572877,0.8181818181818181,0.5,0.6142766952966369,0.5952324383928644
r1b2rk1/1pq1bppp/p1nppn2/8/3NP3/1BN1BP2/PPPQ2PP/R3K2R w KQ -,2000-2199,2100,115,1,0.008695652173913044,30,0.2608695652173913,85,0.7391304347826086,g2g4,0.18181818181818182,8,20.0,0.875,0.125,0.35355339059327373,0.31546487678572877,0.8181818181818181,0.5,0.6142766952966369,0.5952324383928644
r1bqnrk1/ppp1n1bp/3p2p1/2PPpp2/1P2P3/2N2N2/P3BPPP/R1BQ1RK1 w - f6,1600-1799,1700,56,18,0.32142857142857145,19,0.3392857142857143,37,0.6607142857142857,f3d2,0.3,12,16.0,0.625,0.08333333333333333,0.2886751345948129,0.27023815442731974,0.7,0.3541666666666667,0.45683756729740643,0.4476190772136599
r1bqnrk1/ppp1n1bp/3p2p1/2PPpp2/1P2P3/2N2N2/P3BPPP/R1BQ1RK1 w - f6,1800-1999,1900,182,28,0.15384615384615385,69,0.3791208791208791,113,0.6208791208791209,f3d2,0.3,12,16.0,0.625,0.08333333333333333,0.2886751345948129,0.27023815442731974,0.7,0.3541666666666667,0.45683756729740643,0.4476190772136599
r1bqnrk1/ppp1n1bp/3p2p1/2PPpp2/1P2P3/2N2N2/P3BPPP/R1BQ1RK1 w - f6,2000-2199,2100,230,12,0.05217391304347826,104,0.45217391304347826,126,0.5478260869565217,f3d2,0.3,12,16.0,0.625,0.08333333333333333,0.2886751345948129,0.27023815442731974,0.7,0.3541666666666667,0.45683756729740643,0.4476190772136599
r1bqnrk1/ppp1n1bp/3p2p1/2PPpp2/1P2P3/2N2N2/P3BPPP/R1BQ1RK1 w - f6,2200-2399,2300,82,7,0.08536585365853659,34,0.4146341463414634,48,0.5853658536585366,f3d2,0.3,12,16.0,0.625,0.08333333333333333,0.2886751345948129,0.27023815442731974,0.7,0.3541666666666667,0.45683756729740643,0.4476190772136599
r1bq1rk1/p3bppp/4pn2/3p2B1/8/2NB4/PPP2PPP/R2Q1RK1 w - -,1400-1599,1500,85,21,0.24705882352941178,17,0.2,68,0.8,f1e1,0.4883720930232558,21,16.0,0.625,0.047619047619047616,0.2182178902359924,0.22424382421757544,0.5116279069767442,0.33630952380952384,0.4216089451179962,0.42462191210878775
r1bq1rk1/p3bppp/4pn2/3p2B1/8/2NB4/PPP2PPP/R2Q1RK1 w - -,1600-1799,1700,234,47,0.20085470085470086,34,0.1452991452991453,200,0.8547008547008547,f1e1,0.4883720930232558,21,16.0,0.625,0.047619047619047616,0.2182178902359924,0.22424382421757544,0.5116279069767442,0.33630952380952384,0.4216089451179962,0.42462191210878775
r1bq1rk1/p3bppp/4pn2/3p2B1/8/2NB4/PPP2PPP/R2Q1RK1 w - -,1800-1999,1900,172,24,0.13953488372093023,30,0.1744186046511628,142,0.8255813953488372,f1e1,0.4883720930232558,21,16.0,0.625,0.047619047619047616,0.2182178902359924,0.22424382421757544,0.5116279069767442,0.33630952380952384,0.4216089451179962,0.42462191210878775
r1bq1rk1/p3bppp/4pn2/3p2B1/8/2NB4/PPP2PPP/R2Q1RK1 w - -,2000-2199,2100,55,0,0.0,14,0.2545454545454545,41,0.7454545454545455,f1e1,0.4883720930232558,21,16.0,0.625,0.047619047619047616,0.2182178902359924,0.22424382421757544,0.5116279069767442,0.33630952380952384,0.4216089451179962,0.42462191210878775
rnb2rk1/pp2q1pp/2p5/3p1p2/3Pn3/2NBPN2/PP3PPP/R2Q1RK1 w - -,1400-1599,1500,51,8,0.1568627450980392,17,0.3333333333333333,34,0.6666666666666666,f3e5,0.6578947368421053,25,14.0,0.5,0.04,0.2,0.21274605355336312,0.3421052631578947,0.27,0.35,0.3563730267766816
rnb2rk1/pp2q1pp/2p5/3p1p2/3Pn3/2NBPN2/PP3PPP/R2Q1RK1 w - -,1600-1799,1700,197,21,0.1065989847715736,92,0.467005076142132,105,0.5329949238578681,f3e5,0.6578947368421053,25,14.0,0.5,0.04,0.2,0.21274605355336312,0.3421052631578947,0.27,0.35,0.3563730267766816
rnb2rk1/pp2q1pp/2p5/3p1p2/3Pn3/2NBPN2/PP3PPP/R2Q1RK1 w - -,1800-1999,1900,256,10,0.0390625,140,0.546875,116,0.453125,f3e5,0.6578947368421053,25,14.0,0.5,0.04,0.2,0.21274605355336312,0.3421052631578947,0.27,0.35,0.3563730267766816
rnb2rk1/pp2q1pp/2p5/3p1p2/3Pn3/2NBPN2/PP3PPP/R2Q1RK1 w - -,2000-2199,2100,60,1,0.016666666666666666,41,0.6833333333333333,19,0.31666666666666665,f3e5,0.6578947368421053,25,14.0,0.5,0.04,0.2,0.21274605355336312,0.3421052631578947,0.27,0.35,0.3563730267766816
r2q1rk1/1p1nbppp/p2pbn2/4p3/4P3/1NN1BP2/PPP1B1PP/R2Q1RK1 w - -,1400-1599,1500,16,4,0.25,2,0.125,14,0.875,a2a4,0.13636363636363635,6,8.0,0.125,0.16666666666666666,0.4082482904638631,0.3562071871080222,0.8636363636363636,0.14583333333333331,0.26662414523193156,0.2406035935540111
r2q1rk1/1p1nbppp/p2pbn2/4p3/4P3/1NN1BP2/PPP1B1PP/R2Q1RK1 w - -,1600-1799,1700,139,41,0.2949640287769784,8,0.05755395683453238,131,0.9424460431654677,a2a4,0.13636363636363635,6,8.0,0.125,0.16666666666666666,0.4082482904638631,0.3562071871080222,0.8636363636363636,0.14583333333333331,0.26662414523193156,0.2406035935540111
r2q1rk1/1p1nbppp/p2pbn2/4p3/4P3/1NN1BP2/PPP1B1PP/R2Q1RK1 w - -,1800-1999,1900,262,52,0.1984732824427481,15,0.05725190839694656,247,0.9427480916030534,a2a4,0.13636363636363635,6,8.0,0.125,0.16666666666666666,0.4082482904638631,0.3562071871080222,0.8636363636363636,0.14583333333333331,0.26662414523193156,0.2406035935540111
r2q1rk1/1p1nbppp/p2pbn2/4p3/4P3/1NN1BP2/PPP1B1PP/R2Q1RK1 w - -,2000-2199,2100,124,26,0.20967741935483872,12,0.0967741935483871,112,0.9032258064516129,a2a4,0.13636363636363635,6,8.0,0.125,0.16666666666666666,0.4082482904638631,0.3562071871080222,0.8636363636363636,0.14583333333333331,0.26662414523193156,0.2406035935540111
r2q1rk1/1p1nbppp/p2pbn2/4p3/4P3/1NN1BP2/PPP1B1PP/R2Q1RK1 w - -,2200-2399,2300,26,3,0.11538461538461539,2,0.07692307692307693,24,0.9230769230769231,a2a4,0.13636363636363635,6,8.0,0.125,0.16666666666666666,0.4082482904638631,0.3562071871080222,0.8636363636363636,0.14583333333333331,0.26662414523193156,0.2406035935540111
r2qkb1r/pp1n1pp1/2p1pn1p/8/3P1B1P/3Q1NN1/PPP2PP1/R3K2R w KQkq -,1400-1599,1500,40,5,0.125,30,0.75,10,0.25,e1c1,0.18181818181818182,10,6.0,0.0,0.1,0.31622776601683794,0.2890648263178879,0.8181818181818181,0.05,0.15811388300841897,0.14453241315894394
r2qkb1r/pp1n1pp1/2p1pn1p/8/3P1B1P/3Q1NN1/PPP2PP1/R3K2R w KQkq -,1600-1799,1700,158,14,0.08860759493670886,107,0.6772151898734177,51,0.3227848101265823,e1c1,0.18181818181818182,10,6.0,0.0,0.1,0.31622776601683794,0.2890648263178879,0.8181818181818181,0.05,0.15811388300841897,0.14453241315894394
r2qkb1r/pp1n1pp1/2p1pn1p/8/3P1B1P/3Q1NN1/PPP2PP1/R3K2R w KQkq -,1800-1999,1900,248,17,0.06854838709677419,178,0.717741935483871,70,0.28225806451612906,e1c1,0.18181818181818182,10,6.0,0.0,0.1,0.31622776601683794,0.2890648263178879,0.8181818181818181,0.05,0.15811388300841897,0.14453241315894394
r2qkb1r/pp1n1pp1/2p1pn1p/8/3P1B1P/3Q1NN1/PPP2PP1/R3K2R w KQkq -,2000-2199,2100,103,3,0.02912621359223301,85,0.8252427184466019,18,0.17475728155339806,e1c1,0.18181818181818182,10,6.0,0.0,0.1,0.31622776601683794,0.2890648263178879,0.8181818181818181,0.05,0.15811388300841897,0.14453241315894394
r2qkb1r/pp1n1pp1/2p1pn1p/8/3P1B1P/3Q1NN1/PPP2PP1/R3K2R w KQkq -,2200-2399,2300,21,0,0.0,18,0.8571428571428571,3,0.14285714285714285,e1c1,0.18181818181818182,10,6.0,0.0,0.1,0.31622776601683794,0.2890648263178879,0.8181818181818181,0.05,0.15811388300841897,0.14453241315894394
rn1qk1nr/pp3pp1/4p2p/2bpP2P/8/3P2N1/PP3PP1/RNBQK2R w KQkq -,1600-1799,1700,89,0,0.0,84,0.9438202247191011,5,0.056179775280898875,d3d4,0.05714285714285714,2,14.0,0.5,0.5,0.7071067811865475,0.6309297535714575,0.9428571428571428,0.5,0.6035533905932737,0.5654648767857288
rn1qk1nr/pp3pp1/4p2p/2bpP2P/8/3P2N1/PP3PP1/RNBQK2R w KQkq -,1800-1999,1900,260,4,0.015384615384615385,251,0.9653846153846154,9,0.03461538461538462,d3d4,0.05714285714285714,2,14.0,0.5,0.5,0.7071067811865475,0.6309297535714575,0.9428571428571428,0.5,0.6035533905932737,0.5654648767857288
rn1qk1nr/pp3pp1/4p2p/2bpP2P/8/3P2N1/PP3PP1/RNBQK2R w KQkq -,2000-2199,2100,173,1,0.005780346820809248,163,0.9421965317919075,10,0.057803468208092484,d3d4,0.05714285714285714,2,14.0,0.5,0.5,0.7071067811865475,0.6309297535714575,0.9428571428571428,0.5,0.6035533905932737,0.5654648767857288
rn1qk1nr/pp3pp1/4p2p/2bpP2P/8/3P2N1/PP3PP1/RNBQK2R w KQkq -,2200-2399,2300,31,0,0.0,30,0.967741935483871,1,0.03225806451612903,d3d4,0.05714285714285714,2,14.0,0.5,0.5,0.7071067811865475,0.6309297535714575,0.9428571428571428,0.5,0.6035533905932737,0.5654648767857288
r2q1rk1/ppp1bppp/2b2n2/4Q1B1/8/2N2N2/PPP2PPP/2KR3R b - -,1400-1599,1500,96,61,0.6354166666666666,35,0.3645833333333333,61,0.6354166666666666,e7d6,0.02631578947368421,1,6.0,0.0,1.0,1.0,1.0,0.9736842105263158,0.5,0.5,0.5
r2q1rk1/ppp1bppp/2b2n2/4Q1B1/8/2N2N2/PPP2PPP/2KR3R b - -,1600-1799,1700,242,140,0.5785123966942148,102,0.4214876033057851,140,0.5785123966942148,e7d6,0.02631578947368421,1,6.0,0.0,1.0,1.0,1.0,0.9736842105263158,0.5,0.5,0.5
r2q1rk1/ppp1bppp/2b2n2/4Q1B1/8/2N2N2/PPP2PPP/2KR3R b - -,1800-1999,1900,183,95,0.5191256830601093,88,0.4808743169398907,95,0.5191256830601093,e7d6,0.02631578947368421,1,6.0,0.0,1.0,1.0,1.0,0.9736842105263158,0.5,0.5,0.5
r2q1rk1/ppp1bppp/2b2n2/4Q1B1/8/2N2N2/PPP2PPP/2KR3R b - -,2000-2199,2100,34,6,0.17647058823529413,28,0.8235294117647058,6,0.17647058823529413,e7d6,0.02631578947368421,1,6.0,0.0,1.0,1.0,1.0,0.9736842105263158,0.5,0.5,0.5
r2qk2r/p3bppp/2pp1n2/4p1B1/4P3/2N5/PPP2PPP/R2Q1RK1 w kq -,1400-1599,1500,221,54,0.24434389140271492,38,0.17194570135746606,183,0.8280542986425339,g5f6,0.47368421052631576,18,22.0,1.0,0.05555555555555555,0.23570226039551587,0.23540891336663824,0.5263157894736843,0.5277777777777778,0.617851130197758,0.6177044566833191
r2qk2r/p3bppp/2pp1n2/4p1B1/4P3/2N5/PPP2PPP/R2Q1RK1 w kq -,1600-1799,1700,174,50,0.28735632183908044,21,0.1206896551724138,153,0.8793103448275862,g5f6,0.47368421052631576,18,22.0,1.0,0.05555555555555555,0.23570226039551587,0.23540891336663824,0.5263157894736843,0.5277777777777778,0.617851130197758,0.6177044566833191
r2qk2r/p3bppp/2pp1n2/4p1B1/4P3/2N5/PPP2PPP/R2Q1RK1 w kq -,1800-1999,1900,50,13,0.26,6,0.12,44,0.88,g5f6,0.47368421052631576,18,22.0,1.0,0.05555555555555555,0.23570226039551587,0.23540891336663824,0.5263157894736843,0.5277777777777778,0.617851130197758,0.6177044566833191
r1b1kb1r/pp1n1ppp/4p3/q2pP3/NP1p1P2/4BN2/P5PP/R2QKB1R b KQkq -,1600-1799,1700,71,8,0.11267605633802817,63,0.8873239436619719,8,0.11267605633802817,f8b4,0.03125,1,6.0,0.0,1.0,1.0,1.0,0.96875,0.5,0.5,0.5
r1b1kb1r/pp1n1ppp/4p3/q2pP3/NP1p1P2/4BN2/P5PP/R2QKB1R b KQkq -,1800-1999,1900,222,9,0.04054054054054054,213,0.9594594594594594,9,0.04054054054054054,f8b4,0.03125,1,6.0,0.0,1.0,1.0,1.0,0.96875,0.5,0.5,0.5
r1b1kb1r/pp1n1ppp/4p3/q2pP3/NP1p1P2/4BN2/P5PP/R2QKB1R b KQkq -,2000-2199,2100,185,2,0.010810810810810811,183,0.9891891891891892,2,0.010810810810810811,f8b4,0.03125,1,6.0,0.0,1.0,1.0,1.0,0.96875,0.5,0.5,0.5
r1b1kb1r/pp1n1ppp/4p3/q2pP3/NP1p1P2/4BN2/P5PP/R2QKB1R b KQkq -,2200-2399,2300,55,0,0.0,55,1.0,0,0.0,f8b4,0.03125,1,6.0,0.0,1.0,1.0,1.0,0.96875,0.5,0.5,0.5
r1b2rk1/1pq1ppbp/p1np1np1/8/2PN4/1PN3P1/PB2PPBP/R2Q1RK1 w - -,1600-1799,1700,21,0,0.0,3,0.14285714285714285,18,0.8571428571428571,d4c2,0.5,20,12.0,0.375,0.05,0.22360679774997896,0.227670248696953,0.5,0.2125,0.29930339887498947,0.3013351243484765
r1b2rk1/1pq1ppbp/p1np1np1/8/2PN4/1PN3P1/PB2PPBP/R2Q1RK1 w - -,1800-1999,1900,195,1,0.005128205128205128,16,0.08205128205128205,179,0.9179487179487179,d4c2,0.5,20,12.0,0.375,0.05,0.22360679774997896,0.227670248696953,0.5,0.2125,0.29930339887498947,0.3013351243484765
r1b2rk1/1pq1ppbp/p1np1np1/8/2PN4/1PN3P1/PB2PPBP/R2Q1RK1 w - -,2000-2199,2100,242,0,0.0,18,0.0743801652892562,224,0.9256198347107438,d4c2,0.5,20,12.0,0.375,0.05,0.22360679774997896,0.227670248696953,0.5,0.2125,0.29930339887498947,0.3013351243484765
r1b2rk1/1pq1ppbp/p1np1np1/8/2PN4/1PN3P1/PB2PPBP/R2Q1RK1 w - -,2200-2399,2300,92,0,0.0,16,0.17391304347826086,76,0.8260869565217391,d4c2,0.5,20,12.0,0.375,0.05,0.22360679774997896,0.227670248696953,0.5,0.2125,0.29930339887498947,0.3013351243484765
1rbqkb1r/p2n1ppp/2Q5/4p1N1/8/8/PPPP1PPP/RNB1K2R w KQk -,1400-1599,1500,46,22,0.4782608695652174,16,0.34782608695652173,30,0.6521739130434783,d2d3,0.0625,3,10.0,0.25,0.3333333333333333,0.5773502691896258,0.5,0.9375,0.29166666666666663,0.4136751345948129,0.375
1rbqkb1r/p2n1ppp/2Q5/4p1N1/8/8/PPPP1PPP/RNB1K2R w KQk -,1600-1799,1700,128,42,0.328125,67,0.5234375,61,0.4765625,d2d3,0.0625,3,10.0,0.25,0.3333333333333333,0.5773502691896258,0.5,0.9375,0.29166666666666663,0.4136751345948129,0.375
1rbqkb1r/p2n1ppp/2Q5/4p1N1/8/8/PPPP1PPP/RNB1K2R w KQk -,1800-1999,1900,241,65,0.2697095435684647,127,0.5269709543568465,114,0.4730290456431535,d2d3,0.0625,3,10.0,0.25,0.3333333333333333,0.5773502691896258,0.5,0.9375,0.29166666666666663,0.4136751345948129,0.375
1rbqkb1r/p2n1ppp/2Q5/4p1N1/8/8/PPPP1PPP/RNB1K2R w KQk -,2000-2199,2100,127,37,0.29133858267716534,64,0.5039370078740157,63,0.49606299212598426,d2d3,0.0625,3,10.0,0.25,0.3333333333333333,0.5773502691896258,0.5,0.9375,0.29166666666666663,0.4136751345948129,0.375
1rbqkb1r/p2n1ppp/2Q5/4p1N1/8/8/PPPP1PPP/RNB1K2R w KQk -,2200-2399,2300,15,5,0.3333333333333333,5,0.3333333333333333,10,0.6666666666666666,d2d3,0.0625,3,10.0,0.25,0.3333333333333333,0.5773502691896258,0.5,0.9375,0.29166666666666663,0.4136751345948129,0.375
r2q1rk1/pb1nbppp/1pp1pn2/8/2PPN3/5NP1/PPQ2PBP/R1B2RK1 w - -,1600-1799,1700,19,5,0.2631578947368421,4,0.21052631578947367,15,0.7894736842105263,e4f6,0.10256410256410256,4,8.0,0.125,0.25,0.5,0.43067655807339306,0.8974358974358975,0.1875,0.3125,0.27783827903669656
r2q1rk1/pb1nbppp/1pp1pn2/8/2PPN3/5NP1/PPQ2PBP/R1B2RK1 w - -,1800-1999,1900,146,38,0.2602739726027397,26,0.1780821917808219,120,0.821917808219178,e4f6,0.10256410256410256,4,8.0,0.125,0.25,0.5,0.43067655807339306,0.8974358974358975,0.1875,0.3125,0.27783827903669656
r2q1rk1/pb1nbppp/1pp1pn2/8/2PPN3/5NP1/PPQ2PBP/R1B2RK1 w - -,2000-2199,2100,259,67,0.25868725868725867,14,0.05405405405405406,245,0.9459459459459459,e4f6,0.10256410256410256,4,8.0,0.125,0.25,0.5,0.43067655807339306,0.8974358974358975,0.1875,0.3125,0.27783827903669656
r2q1rk1/pb1nbppp/1pp1pn2/8/2PPN3/5NP1/PPQ2PBP/R1B2RK1 w - -,2200-2399,2300,120,34,0.2833333333333333,6,0.05,114,0.95,e4f6,0.10256410256410256,4,8.0,0.125,0.25,0.5,0.43067655807339306,0.8974358974358975,0.1875,0.3125,0.27783827903669656
r1bq1rk1/1p2bppp/p1n1pn2/6B1/2BP4/2N2N2/PP3PPP/R2Q1RK1 w - -,1400-1599,1500,44,5,0.11363636363636363,10,0.22727272727272727,34,0.7727272727272727,a2a4,0.43478260869565216,20,22.0,1.0,0.05,0.22360679774997896,0.227670248696953,0.5652173913043479,0.525,0.6118033988749895,0.6138351243484765
r1bq1rk1/1p2bppp/p1n1pn2/6B1/2BP4/2N2N2/PP3PPP/R2Q1RK1 w - -,1600-1799,1700,158,5,0.03164556962025317,26,0.16455696202531644,132,0.8354430379746836,a2a4,0.43478260869565216,20,22.0,1.0,0.05,0.22360679774997896,0.227670248696953,0.5652173913043479,0.525,0.6118033988749895,0.6138351243484765
r1bq1rk1/1p2bppp/p1n1pn2/6B1/2BP4/2N2N2/PP3PPP/R2Q1RK1 w - -,1800-1999,1900,214,4,0.018691588785046728,59,0.2757009345794392,155,0.7242990654205608,a2a4,0.43478260869565216,20,22.0,1.0,0.05,0.22360679774997896,0.227670248696953,0.5652173913043479,0.525,0.6118033988749895,0.6138351243484765
r1bq1rk1/1p2bppp/p1n1pn2/6B1/2BP4/2N2N2/PP3PPP/R2Q1RK1 w - -,2000-2199,2100,118,0,0.0,21,0.17796610169491525,97,0.8220338983050848,a2a4,0.43478260869565216,20,22.0,1.0,0.05,0.22360679774997896,0.227670248696953,0.5652173913043479,0.525,0.6118033988749895,0.6138351243484765
r1bq1rk1/1p2bppp/p1n1pn2/6B1/2BP4/2N2N2/PP3PPP/R2Q1RK1 w - -,2200-2399,2300,19,0,0.0,4,0.21052631578947367,15,0.7894736842105263,a2a4,0.43478260869565216,20,22.0,1.0,0.05,0.22360679774997896,0.227670248696953,0.5652173913043479,0.525,0.6118033988749895,0.6138351243484765
r2q1rk1/pp3ppp/2nbpn2/3p3b/3P4/2PB1N1P/PP1N1PP1/R1BQR1K1 w - -,1400-1599,1500,35,0,0.0,19,0.5428571428571428,16,0.45714285714285713,d2f1,0.5853658536585366,24,6.0,0.0,0.041666666666666664,0.20412414523193154,0.21533827903669653,0.41463414634146345,0.020833333333333332,0.10206207261596577,0.10766913951834826
r2q1rk1/pp3ppp/2nbpn2/3p3b/3P4/2PB1N1P/PP1N1PP1/R1BQR1K1 w - -,1600-1799,1700,123,0,0.0,65,0.5284552845528455,58,0.4715447154471545,d2f1,0.5853658536585366,24,6.0,0.0,0.041666666666666664,0.20412414523193154,0.21533827903669653,0.41463414634146345,0.020833333333333332,0.10206207261596577,0.10766913951834826
r2q1rk1/pp3ppp/2nbpn2/3p3b/3P4/2PB1N1P/PP1N1PP1/R1BQR1K1 w - -,1800-1999,1900,255,1,0.00392156862745098,127,0.4980392156862745,128,0.5019607843137255,d2f1,0.5853658536585366,24,6.0,0.0,0.041666666666666664,0.20412414523193154,0.21533827903669653,0.41463414634146345,0.020833333333333332,0.10206207261596577,0.10766913951834826
r2q1rk1/pp3ppp/2nbpn2/3p3b/3P4/2PB1N1P/PP1N1PP1/R1BQR1K1 w - -,2000-2199,2100,128,1,0.0078125,66,0.515625,62,0.484375,d2f1,0.5853658536585366,24,6.0,0.0,0.041666666666666664,0.20412414523193154,0.21533827903669653,0.41463414634146345,0.020833333333333332,0.10206207261596577,0.10766913951834826
r2q1rk1/pp3ppp/2nbpn2/3p3b/3P4/2PB1N1P/PP1N1PP1/R1BQR1K1 w - -,2200-2399,2300,13,0,0.0,9,0.6923076923076923,4,0.3076923076923077,d2f1,0.5853658536585366,24,6.0,0.0,0.041666666666666664,0.20412414523193154,0.21533827903669653,0.41463414634146345,0.020833333333333332,0.10206207261596577,0.10766913951834826
rnbqr1k1/1p3pbp/p2p1np1/2pP4/4PP2/2NB1N2/PP4PP/R1BQ1RK1 w - -,1400-1599,1500,14,10,0.7142857142857143,0,0.0,14,1.0,h2h3,0.10256410256410256,4,14.0,0.5,0.25,0.5,0.43067655807339306,0.8974358974358975,0.375,0.5,0.46533827903669656
rnbqr1k1/1p3pbp/p2p1np1/2pP4/4PP2/2NB1N2/PP4PP/R1BQ1RK1 w - -,1600-1799,1700,103,47,0.4563106796116505,7,0.06796116504854369,96,0.9320388349514563,h2h3,0.10256410256410256,4,14.0,0.5,0.25,0.5,0.43067655807339306,0.8974358974358975,0.375,0.5,0.46533827903669656
rnbqr1k1/1p3pbp/p2p1np1/2pP4/4PP2/2NB1N2/PP4PP/R1BQ1RK1 w - -,1800-1999,1900,306,80,0.26143790849673204,22,0.0718954248366013,284,0.9281045751633987,h2h3,0.10256410256410256,4,14.0,0.5,0.25,0.5,0.43067655807339306,0.8974358974358975,0.375,0.5,0.46533827903669656
rnbqr1k1/1p3pbp/p2p1np1/2pP4/4PP2/2NB1N2/PP4PP/R1BQ1RK1 w - -,2000-2199,2100,124,18,0.14516129032258066,3,0.024193548387096774,121,0.9758064516129032,h2h3,0.10256410256410256,4,14.0,0.5,0.25,0.5,0.43067655807339306,0.8974358974358975,0.375,0.5,0.46533827903669656
r1bqk1nr/ppp3pp/2np4/8/4P3/2Q2N2/P4PPP/RNB2RK1 b - -,1400-1599,1500,199,79,0.3969849246231156,3,0.01507537688442211,196,0.9849246231155779,h7h6,0.06060606060606061,2,20.0,0.875,0.5,0.7071067811865475,0.6309297535714575,0.9393939393939394,0.6875,0.7910533905932737,0.7529648767857288
r1bqk1nr/ppp3pp/2np4/8/4P3/2Q2N2/P4PPP/RNB2RK1 b - -,1600-1799,1700,159,66,0.41509433962264153,2,0.012578616352201259,157,0.9874213836477987,h7h6,0.06060606060606061,2,20.0,0.875,0.5,0.7071067811865475,0.6309297535714575,0.9393939393939394,0.6875,0.7910533905932737,0.7529648767857288
r1bqk1nr/ppp3pp/2np4/8/4P3/2Q2N2/P4PPP/RNB2RK1 b - -,1800-1999,1900,60,21,0.35,0,0.0,60,1.0,h7h6,0.06060606060606061,2,20.0,0.875,0.5,0.7071067811865475,0.6309297535714575,0.9393939393939394,0.6875,0.7910533905932737,0.7529648767857288
r2qkb1r/1b1n1ppp/p3pn2/1pp5/3PP3/2NB1N2/PP3PPP/R1BQ1RK1 w kq -,1400-1599,1500,17,4,0.23529411764705882,10,0.5882352941176471,7,0.4117647058823529,e4e5,0.05,2,22.0,1.0,0.5,0.7071067811865475,0.6309297535714575,0.95,0.75,0.8535533905932737,0.8154648767857288
r2qkb1r/1b1n1ppp/p3pn2/1pp5/3PP3/2NB1N2/PP3PPP/R1BQ1RK1 w kq -,1600-1799,1700,64,21,0.328125,30,0.46875,34,0.53125,e4e5,0.05,2,22.0,1.0,0.5,0.7071067811865475,0.6309297535714575,0.95,0.75,0.8535533905932737,0.8154648767857288
r2qkb1r/1b1n1ppp/p3pn2/1pp5/3PP3/2NB1N2/PP3PPP/R1BQ1RK1 w kq -,1800-1999,1900,220,39,0.17727272727272728,110,0.5,110,0.5,e4e5,0.05,2,22.0,1.0,0.5,0.7071067811865475,0.6309297535714575,0.95,0.75,0.8535533905932737,0.8154648767857288
r2qkb1r/1b1n1ppp/p3pn2/1pp5/3PP3/2NB1N2/PP3PPP/R1BQ1RK1 w kq -,2000-2199,2100,193,26,0.13471502590673576,74,0.38341968911917096,119,0.616580310880829,e4e5,0.05,2,22.0,1.0,0.5,0.7071067811865475,0.6309297535714575,0.95,0.75,0.8535533905932737,0.8154648767857288
r2qkb1r/1b1n1ppp/p3pn2/1pp5/3PP3/2NB1N2/PP3PPP/R1BQ1RK1 w kq -,2200-2399,2300,51,2,0.0392156862745098,13,0.2549019607843137,38,0.7450980392156863,e4e5,0.05,2,22.0,1.0,0.5,0.7071067811865475,0.6309297535714575,0.95,0.75,0.8535533905932737,0.8154648767857288
rn3rk1/1pq1bppp/p2pbn2/4p3/4P3/1NN1BP2/PPPQ2PP/2KR1B1R w - -,1400-1599,1500,18,1,0.05555555555555555,12,0.6666666666666666,6,0.3333333333333333,g2g4,0.175,7,10.0,0.25,0.14285714285714285,0.3779644730092272,0.3333333333333333,0.825,0.19642857142857142,0.3139822365046136,0.29166666666666663
rn3rk1/1pq1bppp/p2pbn2/4p3/4P3/1NN1BP2/PPPQ2PP/2KR1B1R w - -,1600-1799,1700,103,3,0.02912621359223301,65,0.6310679611650486,38,0.36893203883495146,g2g4,0.175,7,10.0,0.25,0.14285714285714285,0.3779644730092272,0.3333333333333333,0.825,0.19642857142857142,0.3139822365046136,0.29166666666666663
rn3rk1/1pq1bppp/p2pbn2/4p3/4P3/1NN1BP2/PPPQ2PP/2KR1B1R w - -,1800-1999,1900,244,3,0.012295081967213115,115,0.4713114754098361,129,0.5286885245901639,g2g4,0.175,7,10.0,0.25,0.14285714285714285,0.3779644730092272,0.3333333333333333,0.825,0.19642857142857142,0.3139822365046136,0.29166666666666663
rn3rk1/1pq1bppp/p2pbn2/4p3/4P3/1NN1BP2/PPPQ2PP/2KR1B1R w - -,2000-2199,2100,136,1,0.007352941176470588,91,0.6691176470588235,45,0.33088235294117646,g2g4,0.175,7,10.0,0.25,0.14285714285714285,0.3779644730092272,0.3333333333333333,0.825,0.19642857142857142,0.3139822365046136,0.29166666666666663
rn3rk1/1pq1bppp/p2pbn2/4p3/4P3/1NN1BP2/PPPQ2PP/2KR1B1R w - -,2200-2399,2300,46,0,0.0,38,0.8260869565217391,8,0.17391304347826086,g2g4,0.175,7,10.0,0.25,0.14285714285714285,0.3779644730092272,0.3333333333333333,0.825,0.19642857142857142,0.3139822365046136,0.29166666666666663
r1bq1rk1/1pp1bppp/p1p1n3/4N3/3P4/2P5/PP3PPP/RNBQR1K1 w - -,1400-1599,1500,20,4,0.2,2,0.1,18,0.9,c1e3,0.5952380952380952,25,16.0,0.625,0.04,0.2,0.21274605355336312,0.40476190476190477,0.3325,0.4125,0.4188730267766816
r1bq1rk1/1pp1bppp/p1p1n3/4N3/3P4/2P5/PP3PPP/RNBQR1K1 w - -,1600-1799,1700,109,6,0.05504587155963303,14,0.12844036697247707,95,0.8715596330275229,c1e3,0.5952380952380952,25,16.0,0.625,0.04,0.2,0.21274605355336312,0.40476190476190477,0.3325,0.4125,0.4188730267766816
r1bq1rk1/1pp1bppp/p1p1n3/4N3/3P4/2P5/PP3PPP/RNBQR1K1 w - -,1800-1999,1900,184,6,0.03260869565217391,25,0.1358695652173913,159,0.8641304347826086,c1e3,0.5952380952380952,25,16.0,0.625,0.04,0.2,0.21274605355336312,0.40476190476190477,0.3325,0.4125,0.4188730267766816
r1bq1rk1/1pp1bppp/p1p1n3/4N3/3P4/2P5/PP3PPP/RNBQR1K1 w - -,2000-2199,2100,190,4,0.021052631578947368,13,0.06842105263157895,177,0.9315789473684211,c1e3,0.5952380952380952,25,16.0,0.625,0.04,0.2,0.21274605355336312,0.40476190476190477,0.3325,0.4125,0.4188730267766816
r1bq1rk1/1pp1bppp/p1p1n3/4N3/3P4/2P5/PP3PPP/RNBQR1K1 w - -,2200-2399,2300,39,0,0.0,4,0.10256410256410256,35,0.8974358974358975,c1e3,0.5952380952380952,25,16.0,0.625,0.04,0.2,0.21274605355336312,0.40476190476190477,0.3325,0.4125,0.4188730267766816
r2q1rk1/pp1nbppp/2p2n2/3p2Bb/3P4/2NB1N1P/PPP2PP1/R2QR1K1 w - -,1400-1599,1500,84,10,0.11904761904761904,0,0.0,84,1.0,c3b1,0.46938775510204084,23,18.0,0.75,0.043478260869565216,0.20851441405707477,0.21810429198553155,0.5306122448979591,0.3967391304347826,0.47925720702853736,0.4840521459927658
r2q1rk1/pp1nbppp/2p2n2/3p2Bb/3P4/2NB1N1P/PPP2PP1/R2QR1K1 w - -,1600-1799,1700,220,20,0.09090909090909091,0,0.0,220,1.0,c3b1,0.46938775510204084,23,18.0,0.75,0.043478260869565216,0.20851441405707477,0.21810429198553155,0.5306122448979591,0.3967391304347826,0.47925720702853736,0.4840521459927658
r2q1rk1/pp1nbppp/2p2n2/3p2Bb/3P4/2NB1N1P/PPP2PP1/R2QR1K1 w - -,1800-1999,1900,171,10,0.05847953216374269,1,0.005847953216374269,170,0.9941520467836257,c3b1,0.46938775510204084,23,18.0,0.75,0.043478260869565216,0.20851441405707477,0.21810429198553155,0.5306122448979591,0.3967391304347826,0.47925720702853736,0.4840521459927658
r2q1rk1/pp1nbppp/2p2n2/3p2Bb/3P4/2NB1N1P/PPP2PP1/R2QR1K1 w - -,2000-2199,2100,52,3,0.057692307692307696,1,0.019230769230769232,51,0.9807692307692307,c3b1,0.46938775510204084,23,18.0,0.75,0.043478260869565216,0.20851441405707477,0.21810429198553155,0.5306122448979591,0.3967391304347826,0.47925720702853736,0.4840521459927658
r1bq1rk1/1p2bppp/p1n1pn2/8/2BP4/P1N2N2/1P3PPP/R1BQ1RK1 w - -,1400-1599,1500,68,4,0.058823529411764705,2,0.029411764705882353,66,0.9705882352941176,c1f4,0.38636363636363635,17,22.0,1.0,0.058823529411764705,0.24253562503633297,0.23981246656813146,0.6136363636363636,0.5294117647058824,0.6212678125181665,0.6199062332840657
r1bq1rk1/1p2bppp/p1n1pn2/8/2BP4/P1N2N2/1P3PPP/R1BQ1RK1 w - -,1600-1799,1700,162,6,0.037037037037037035,8,0.04938271604938271,154,0.9506172839506173,c1f4,0.38636363636363635,17,22.0,1.0,0.058823529411764705,0.24253562503633297,0.23981246656813146,0.6136363636363636,0.5294117647058824,0.6212678125181665,0.6199062332840657
r1bq1rk1/1p2bppp/p1n1pn2/8/2BP4/P1N2N2/1P3PPP/R1BQ1RK1 w - -,1800-1999,1900,188,3,0.015957446808510637,27,0.14361702127659576,161,0.8563829787234043,c1f4,0.38636363636363635,17,22.0,1.0,0.058823529411764705,0.24253562503633297,0.23981246656813146,0.6136363636363636,0.5294117647058824,0.6212678125181665,0.6199062332840657
r1bq1rk1/1p2bppp/p1n1pn2/8/2BP4/P1N2N2/1P3PPP/R1BQ1RK1 w - -,2000-2199,2100,90,0,0.0,8,0.08888888888888889,82,0.9111111111111111,c1f4,0.38636363636363635,17,22.0,1.0,0.058823529411764705,0.24253562503633297,0.23981246656813146,0.6136363636363636,0.5294117647058824,0.6212678125181665,0.6199062332840657
r1bq1rk1/1p2bppp/p1n1pn2/8/2BP4/P1N2N2/1P3PPP/R1BQ1RK1 w - -,2200-2399,2300,23,0,0.0,1,0.043478260869565216,22,0.9565217391304348,c1f4,0.38636363636363635,17,22.0,1.0,0.058823529411764705,0.24253562503633297,0.23981246656813146,0.6136363636363636,0.5294117647058824,0.6212678125181665,0.6199062332840657
r1bq1rk1/1pp1npp1/1b1p1n1p/pP2p3/P1B1P3/2PP1N1P/5PP1/RNBQ1RK1 w - -,1400-1599,1500,109,49,0.44954128440366975,15,0.13761467889908258,94,0.8623853211009175,b1d2,0.2,7,8.0,0.125,0.14285714285714285,0.3779644730092272,0.3333333333333333,0.8,0.13392857142857142,0.2514822365046136,0.22916666666666666
r1bq1rk1/1pp1npp1/1b1p1n1p/pP2p3/P1B1P3/2PP1N1P/5PP1/RNBQ1RK1 w - -,1600-1799,1700,157,49,0.31210191082802546,21,0.1337579617834395,136,0.8662420382165605,b1d2,0.2,7,8.0,0.125,0.14285714285714285,0.3779644730092272,0.3333333333333333,0.8,0.13392857142857142,0.2514822365046136,0.22916666666666666
r1bq1rk1/1pp1npp1/1b1p1n1p/pP2p3/P1B1P3/2PP1N1P/5PP1/RNBQ1RK1 w - -,1800-1999,1900,146,33,0.22602739726027396,19,0.13013698630136986,127,0.8698630136986302,b1d2,0.2,7,8.0,0.125,0.14285714285714285,0.3779644730092272,0.3333333333333333,0.8,0.13392857142857142,0.2514822365046136,0.22916666666666666
r1bq1rk1/1pp1npp1/1b1p1n1p/pP2p3/P1B1P3/2PP1N1P/5PP1/RNBQ1RK1 w - -,2000-2199,2100,57,16,0.2807017543859649,8,0.14035087719298245,49,0.8596491228070176,b1d2,0.2,7,8.0,0.125,0.14285714285714285,0.3779644730092272,0.3333333333333333,0.8,0.13392857142857142,0.2514822365046136,0.22916666666666666
r1bq1rk1/1pp1npp1/1b1p1n1p/pP2p3/P1B1P3/2PP1N1P/5PP1/RNBQ1RK1 w - -,2200-2399,2300,12,1,0.08333333333333333,0,0.0,12,1.0,b1d2,0.2,7,8.0,0.125,0.14285714285714285,0.3779644730092272,0.3333333333333333,0.8,0.13392857142857142,0.2514822365046136,0.22916666666666666
r1b2rk1/pp2ppbp/2n3p1/3q4/3N4/4B3/PPPQBPPP/R3K2R w KQ -,1400-1599,1500,21,8,0.38095238095238093,7,0.3333333333333333,14,0.6666666666666666,e2f3,0.044444444444444446,2,6.0,0.0,0.5,0.7071067811865475,0.6309297535714575,0.9555555555555556,0.25,0.35355339059327373,0.31546487678572877
r1b2rk1/pp2ppbp/2n3p1/3q4/3N4/4B3/PPPQBPPP/R3K2R w KQ -,1600-1799,1700,119,38,0.31932773109243695,36,0.3025210084033613,83,0.6974789915966386,e2f3,0.044444444444444446,2,6.0,0.0,0.5,0.7071067811865475,0.6309297535714575,0.9555555555555556,0.25,0.35355339059327373,0.31546487678572877
r1b2rk1/pp2ppbp/2n3p1/3q4/3N4/4B3/PPPQBPPP/R3K2R w KQ -,1800-1999,1900,276,53,0.19202898550724637,109,0.39492753623188404,167,0.605072463768116,e2f3,0.044444444444444446,2,6.0,0.0,0.5,0.7071067811865475,0.6309297535714575,0.9555555555555556,0.25,0.35355339059327373,0.31546487678572877
r1b2rk1/pp2ppbp/2n3p1/3q4/3N4/4B3/PPPQBPPP/R3K2R w KQ -,2000-2199,2100,119,18,0.15126050420168066,45,0.37815126050420167,74,0.6218487394957983,e2f3,0.044444444444444446,2,6.0,0.0,0.5,0.7071067811865475,0.6309297535714575,0.9555555555555556,0.25,0.35355339059327373,0.31546487678572877
r1b2rk1/pp2ppbp/2n3p1/3q4/3N4/4B3/PPPQBPPP/R3K2R w KQ -,2200-2399,2300,13,0,0.0,7,0.5384615384615384,6,0.46153846153846156,e2f3,0.044444444444444446,2,6.0,0.0,0.5,0.7071067811865475,0.6309297535714575,0.9555555555555556,0.25,0.35355339059327373,0.31546487678572877
r2q1rk1/2p1bppp/p1np1n2/1p2p2b/3PP3/1BP2N1P/PP3PP1/RNBQR1K1 w - -,1400-1599,1500,140,61,0.4357142857142857,22,0.15714285714285714,118,0.8428571428571429,g2g4,0.1111111111111111,4,8.0,0.125,0.25,0.5,0.43067655807339306,0.8888888888888888,0.1875,0.3125,0.27783827903669656
r2q1rk1/2p1bppp/p1np1n2/1p2p2b/3PP3/1BP2N1P/PP3PP1/RNBQR1K1 w - -,1600-1799,1700,207,98,0.47342995169082125,21,0.10144927536231885,186,0.8985507246376812,g2g4,0.1111111111111111,4,8.0,0.125,0.25,0.5,0.43067655807339306,0.8888888888888888,0.1875,0.3125,0.27783827903669656
r2q1rk1/2p1bppp/p1np1n2/1p2p2b/3PP3/1BP2N1P/PP3PP1/RNBQR1K1 w - -,1800-1999,1900,137,59,0.4306569343065693,23,0.1678832116788321,114,0.8321167883211679,g2g4,0.1111111111111111,4,8.0,0.125,0.25,0.5,0.43067655807339306,0.8888888888888888,0.1875,0.3125,0.27783827903669656
r2q1rk1/2p1bppp/p1np1n2/1p2p2b/3PP3/1BP2N1P/PP3PP1/RNBQR1K1 w - -,2000-2199,2100,23,11,0.4782608695652174,6,0.2608695652173913,17,0.7391304347826086,g2g4,0.1111111111111111,4,8.0,0.125,0.25,0.5,0.43067655807339306,0.8888888888888888,0.1875,0.3125,0.27783827903669656
r1bq1rk1/pp3ppp/2n2n2/2b3B1/3p4/2N2NP1/PP2PPBP/R2Q1RK1 w - -,1400-1599,1500,11,3,0.2727272727272727,1,0.09090909090909091,10,0.9090909090909091,g5f6,0.07317073170731707,3,18.0,0.75,0.3333333333333333,0.5773502691896258,0.5,0.926829268292683,0.5416666666666666,0.6636751345948129,0.625
r1bq1rk1/pp3ppp/2n2n2/2b3B1/3p4/2N2NP1/PP2PPBP/R2Q1RK1 w - -,1600-1799,1700,33,1,0.030303030303030304,7,0.21212121212121213,26,0.7878787878787878,g5f6,0.07317073170731707,3,18.0,0.75,0.3333333333333333,0.5773502691896258,0.5,0.926829268292683,0.5416666666666666,0.6636751345948129,0.625
r1bq1rk1/pp3ppp/2n2n2/2b3B1/3p4/2N2NP1/PP2PPBP/R2Q1RK1 w - -,1800-1999,1900,117,5,0.042735042735042736,27,0.23076923076923078,90,0.7692307692307693,g5f6,0.07317073170731707,3,18.0,0.75,0.3333333333333333,0.5773502691896258,0.5,0.926829268292683,0.5416666666666666,0.6636751345948129,0.625
r1bq1rk1/pp3ppp/2n2n2/2b3B1/3p4/2N2NP1/PP2PPBP/R2Q1RK1 w - -,2000-2199,2100,197,8,0.04060913705583756,86,0.4365482233502538,111,0.5634517766497462,g5f6,0.07317073170731707,3,18.0,0.75,0.3333333333333333,0.5773502691896258,0.5,0.926829268292683,0.5416666666666666,0.6636751345948129,0.625
r1bq1rk1/pp3ppp/2n2n2/2b3B1/3p4/2N2NP1/PP2PPBP/R2Q1RK1 w - -,2200-2399,2300,162,2,0.012345679012345678,78,0.48148148148148145,84,0.5185185185185185,g5f6,0.07317073170731707,3,18.0,0.75,0.3333333333333333,0.5773502691896258,0.5,0.926829268292683,0.5416666666666666,0.6636751345948129,0.625
r2q1rk1/pp2ppbp/3p1np1/2pPn3/2P1P3/2NB1Q1P/PP3PP1/R1B2RK1 w - -,1400-1599,1500,101,2,0.019801980198019802,62,0.6138613861386139,39,0.38613861386138615,f3e2,0.11764705882352941,4,22.0,1.0,0.25,0.5,0.43067655807339306,0.8823529411764706,0.625,0.75,0.7153382790366966
r2q1rk1/pp2ppbp/3p1np1/2pPn3/2P1P3/2NB1Q1P/PP3PP1/R1B2RK1 w - -,1600-1799,1700,203,1,0.0049261083743842365,165,0.812807881773399,38,0.18719211822660098,f3e2,0.11764705882352941,4,22.0,1.0,0.25,0.5,0.43067655807339306,0.8823529411764706,0.625,0.75,0.7153382790366966
r2q1rk1/pp2ppbp/3p1np1/2pPn3/2P1P3/2NB1Q1P/PP3PP1/R1B2RK1 w - -,1800-1999,1900,152,0,0.0,137,0.9013157894736842,15,0.09868421052631579,f3e2,0.11764705882352941,4,22.0,1.0,0.25,0.5,0.43067655807339306,0.8823529411764706,0.625,0.75,0.7153382790366966
r2q1rk1/pp2ppbp/3p1np1/2pPn3/2P1P3/2NB1Q1P/PP3PP1/R1B2RK1 w - -,2000-2199,2100,37,0,0.0,31,0.8378378378378378,6,0.16216216216216217,f3e2,0.11764705882352941,4,22.0,1.0,0.25,0.5,0.43067655807339306,0.8823529411764706,0.625,0.75,0.7153382790366966
r1b1k2r/pp2bppp/1qn1p3/3pP3/1P1P4/P3PN2/6PP/RN1QKB1R w KQkq -,1400-1599,1500,70,7,0.1,25,0.35714285714285715,45,0.6428571428571429,f1d3,0.16666666666666666,5,18.0,0.75,0.2,0.4472135954999579,0.38685280723454163,0.8333333333333334,0.475,0.5986067977499789,0.5684264036172708
r1b1k2r/pp2bppp/1qn1p3/3pP3/1P1P4/P3PN2/6PP/RN1QKB1R w KQkq -,1600-1799,1700,219,2,0.0091324200913242,112,0.5114155251141552,107,0.4885844748858447,f1d3,0.16666666666666666,5,18.0,0.75,0.2,0.4472135954999579,0.38685280723454163,0.8333333333333334,0.475,0.5986067977499789,0.5684264036172708
r1b1k2r/pp2bppp/1qn1p3/3pP3/1P1P4/P3PN2/6PP/RN1QKB1R w KQkq -,1800-1999,1900,187,3,0.016042780748663103,124,0.6631016042780749,63,0.33689839572192515,f1d3,0.16666666666666666,5,18.0,0.75,0.2,0.4472135954999579,0.38685280723454163,0.8333333333333334,0.475,0.5986067977499789,0.5684264036172708
r1b1k2r/pp2bppp/1qn1p3/3pP3/1P1P4/P3PN2/6PP/RN1QKB1R w KQkq -,2000-2199,2100,51,0,0.0,41,0.803921568627451,10,0.19607843137254902,f1d3,0.16666666666666666,5,18.0,0.75,0.2,0.4472135954999579,0.38685280723454163,0.8333333333333334,0.475,0.5986067977499789,0.5684264036172708
r1bq1rk1/4bppp/p2p1n2/npp1p3/4P3/2P2N1P/PPBP1PP1/RNBQR1K1 w - -,1400-1599,1500,22,0,0.0,16,0.7272727272727273,6,0.2727272727272727,d2d4,0.11538461538461539,3,6.0,0.0,0.3333333333333333,0.5773502691896258,0.5,0.8846153846153846,0.16666666666666666,0.2886751345948129,0.25
r1bq1rk1/4bppp/p2p1n2/npp1p3/4P3/2P2N1P/PPBP1PP1/RNBQR1K1 w - -,1600-1799,1700,107,3,0.028037383177570093,91,0.8504672897196262,16,0.14953271028037382,d2d4,0.11538461538461539,3,6.0,0.0,0.3333333333333333,0.5773502691896258,0.5,0.8846153846153846,0.16666666666666666,0.2886751345948129,0.25
r1bq1rk1/4bppp/p2p1n2/npp1p3/4P3/2P2N1P/PPBP1PP1/RNBQR1K1 w - -,1800-1999,1900,242,6,0.024793388429752067,194,0.8016528925619835,48,0.19834710743801653,d2d4,0.11538461538461539,3,6.0,0.0,0.3333333333333333,0.5773502691896258,0.5,0.8846153846153846,0.16666666666666666,0.2886751345948129,0.25
r1bq1rk1/4bppp/p2p1n2/npp1p3/4P3/2P2N1P/PPBP1PP1/RNBQR1K1 w - -,2000-2199,2100,154,0,0.0,137,0.8896103896103896,17,0.11038961038961038,d2d4,0.11538461538461539,3,6.0,0.0,0.3333333333333333,0.5773502691896258,0.5,0.8846153846153846,0.16666666666666666,0.2886751345948129,0.25
r1bq1rk1/4bppp/p2p1n2/npp1p3/4P3/2P2N1P/PPBP1PP1/RNBQR1K1 w - -,2200-2399,2300,16,0,0.0,15,0.9375,1,0.0625,d2d4,0.11538461538461539,3,6.0,0.0,0.3333333333333333,0.5773502691896258,0.5,0.8846153846153846,0.16666666666666666,0.2886751345948129,0.25
r2q1rk1/1b2bppp/p1nppn2/1pp5/4P3/P1NPBN1P/BPP2PP1/R2Q1RK1 w - -,1400-1599,1500,202,14,0.06930693069306931,2,0.009900990099009901,200,0.9900990099009901,e3f4,0.5714285714285714,24,22.0,1.0,0.041666666666666664,0.20412414523193154,0.21533827903669653,0.4285714285714286,0.5208333333333334,0.6020620726159658,0.6076691395183482
r2q1rk1/1b2bppp/p1nppn2/1pp5/4P3/P1NPBN1P/BPP2PP1/R2Q1RK1 w - -,1600-1799,1700,188,7,0.03723404255319149,2,0.010638297872340425,186,0.9893617021276596,e3f4,0.5714285714285714,24,22.0,1.0,0.041666666666666664,0.20412414523193154,0.21533827903669653,0.4285714285714286,0.5208333333333334,0.6020620726159658,0.6076691395183482
r2q1rk1/1b2bppp/p1nppn2/1pp5/4P3/P1NPBN1P/BPP2PP1/R2Q1RK1 w - -,1800-1999,1900,93,2,0.021505376344086023,0,0.0,93,1.0,e3f4,0.5714285714285714,24,22.0,1.0,0.041666666666666664,0.20412414523193154,0.21533827903669653,0.4285714285714286,0.5208333333333334,0.6020620726159658,0.6076691395183482
r2q1rk1/pbp1bppp/1p2pn2/6B1/3P4/2PB1N2/PP3PPP/R2Q1RK1 w - -,1400-1599,1500,10,2,0.2,2,0.2,8,0.8,f1e1,0.37209302325581395,16,18.0,0.75,0.0625,0.25,0.24465054211822604,0.627906976744186,0.40625,0.5,0.497325271059113
r2q1rk1/pbp1bppp/1p2pn2/6B1/3P4/2PB1N2/PP3PPP/R2Q1RK1 w - -,1600-1799,1700,132,27,0.20454545454545456,22,0.16666666666666666,110,0.8333333333333334,f1e1,0.37209302325581395,16,18.0,0.75,0.0625,0.25,0.24465054211822604,0.627906976744186,0.40625,0.5,0.497325271059113
r2q1rk1/pbp1bppp/1p2pn2/6B1/3P4/2PB1N2/PP3PPP/R2Q1RK1 w - -,1800-1999,1900,280,34,0.12142857142857143,68,0.24285714285714285,212,0.7571428571428571,f1e1,0.37209302325581395,16,18.0,0.75,0.0625,0.25,0.24465054211822604,0.627906976744186,0.40625,0.5,0.497325271059113
r2q1rk1/pbp1bppp/1p2pn2/6B1/3P4/2PB1N2/PP3PPP/R2Q1RK1 w - -,2000-2199,2100,109,12,0.11009174311926606,22,0.2018348623853211,87,0.7981651376146789,f1e1,0.37209302325581395,16,18.0,0.75,0.0625,0.25,0.24465054211822604,0.627906976744186,0.40625,0.5,0.497325271059113
r2q1rk1/pbp1bppp/1p2pn2/6B1/3P4/2PB1N2/PP3PPP/R2Q1RK1 w - -,2200-2399,2300,13,0,0.0,2,0.15384615384615385,11,0.8461538461538461,f1e1,0.37209302325581395,16,18.0,0.75,0.0625,0.25,0.24465054211822604,0.627906976744186,0.40625,0.5,0.497325271059113
r2qk2r/p1pb1ppp/1bp5/3pP3/3Nn3/4B3/PPP2PPP/RN1Q1RK1 w kq -,1600-1799,1700,67,2,0.029850746268656716,16,0.23880597014925373,51,0.7611940298507462,b1d2,0.23684210526315788,9,6.0,0.0,0.1111111111111111,0.3333333333333333,0.3010299956639812,0.7631578947368421,0.05555555555555555,0.16666666666666666,0.1505149978319906
r2qk2r/p1pb1ppp/1bp5/3pP3/3Nn3/4B3/PPP2PPP/RN1Q1RK1 w kq -,1800-1999,1900,206,5,0.024271844660194174,45,0.21844660194174756,161,0.7815533980582524,b1d2,0.23684210526315788,9,6.0,0.0,0.1111111111111111,0.3333333333333333,0.3010299956639812,0.7631578947368421,0.05555555555555555,0.16666666666666666,0.1505149978319906
r2qk2r/p1pb1ppp/1bp5/3pP3/3Nn3/4B3/PPP2PPP/RN1Q1RK1 w kq -,2000-2199,2100,206,10,0.04854368932038835,30,0.14563106796116504,176,0.8543689320388349,b1d2,0.23684210526315788,9,6.0,0.0,0.1111111111111111,0.3333333333333333,0.3010299956639812,0.7631578947368421,0.05555555555555555,0.16666666666666666,0.1505149978319906
r2qk2r/p1pb1ppp/1bp5/3pP3/3Nn3/4B3/PPP2PPP/RN1Q1RK1 w kq -,2200-2399,2300,55,0,0.0,16,0.2909090909090909,39,0.7090909090909091,b1d2,0.23684210526315788,9,6.0,0.0,0.1111111111111111,0.3333333333333333,0.3010299956639812,0.7631578947368421,0.05555555555555555,0.16666666666666666,0.1505149978319906
r1bq1rk1/bpp2pp1/p1np1n1p/P3p3/1PB1P3/2PP1N1P/5PP1/RNBQ1RK1 w - -,1400-1599,1500,153,35,0.22875816993464052,17,0.1111111111111111,136,0.8888888888888888,b1d2,0.325,13,22.0,1.0,0.07692307692307693,0.2773500981126146,0.26264953503719357,0.675,0.5384615384615384,0.6386750490563073,0.6313247675185968
r1bq1rk1/bpp2pp1/p1np1n1p/P3p3/1PB1P3/2PP1N1P/5PP1/RNBQ1RK1 w - -,1600-1799,1700,179,37,0.20670391061452514,17,0.09497206703910614,162,0.9050279329608939,b1d2,0.325,13,22.0,1.0,0.07692307692307693,0.2773500981126146,0.26264953503719357,0.675,0.5384615384615384,0.6386750490563073,0.6313247675185968
r1bq1rk1/bpp2pp1/p1np1n1p/P3p3/1PB1P3/2PP1N1P/5PP1/RNBQ1RK1 w - -,1800-1999,1900,97,9,0.09278350515463918,12,0.12371134020618557,85,0.8762886597938144,b1d2,0.325,13,22.0,1.0,0.07692307692307693,0.2773500981126146,0.26264953503719357,0.675,0.5384615384615384,0.6386750490563073,0.6313247675185968
r1bq1rk1/bpp2pp1/p1np1n1p/P3p3/1PB1P3/2PP1N1P/5PP1/RNBQ1RK1 w - -,2000-2199,2100,23,0,0.0,0,0.0,23,1.0,b1d2,0.325,13,22.0,1.0,0.07692307692307693,0.2773500981126146,0.26264953503719357,0.675,0.5384615384615384,0.6386750490563073,0.6313247675185968
r3kb1r/pp1bnppp/4p3/3pP3/3q4/2NB4/PP3PPP/R1BQ1RK1 w kq -,1400-1599,1500,38,28,0.7368421052631579,10,0.2631578947368421,28,0.7368421052631579,c3b5,0.024390243902439025,1,8.0,0.125,1.0,1.0,1.0,0.975609756097561,0.5625,0.5625,0.5625
r3kb1r/pp1bnppp/4p3/3pP3/3q4/2NB4/PP3PPP/R1BQ1RK1 w kq -,1600-1799,1700,151,88,0.5827814569536424,63,0.41721854304635764,88,0.5827814569536424,c3b5,0.024390243902439025,1,8.0,0.125,1.0,1.0,1.0,0.975609756097561,0.5625,0.5625,0.5625
r3kb1r/pp1bnppp/4p3/3pP3/3q4/2NB4/PP3PPP/R1BQ1RK1 w kq -,1800-1999,1900,252,154,0.6111111111111112,98,0.3888888888888889,154,0.6111111111111112,c3b5,0.024390243902439025,1,8.0,0.125,1.0,1.0,1.0,0.975609756097561,0.5625,0.5625,0.5625
r3kb1r/pp1bnppp/4p3/3pP3/3q4/2NB4/PP3PPP/R1BQ1RK1 w kq -,2000-2199,2100,72,41,0.5694444444444444,31,0.4305555555555556,41,0.5694444444444444,c3b5,0.024390243902439025,1,8.0,0.125,1.0,1.0,1.0,0.975609756097561,0.5625,0.5625,0.5625
r3kb1r/pp1bnppp/4p3/3pP3/3q4/2NB4/PP3PPP/R1BQ1RK1 w kq -,2200-2399,2300,11,5,0.45454545454545453,6,0.5454545454545454,5,0.45454545454545453,c3b5,0.024390243902439025,1,8.0,0.125,1.0,1.0,1.0,0.975609756097561,0.5625,0.5625,0.5625
rn1qr1k1/pp3pbp/3p1np1/2pP4/4PPb1/2NB1N2/PP4PP/R1BQ1RK1 w - -,1600-1799,1700,127,35,0.2755905511811024,72,0.5669291338582677,55,0.4330708661417323,h2h3,0.10526315789473684,4,8.0,0.125,0.25,0.5,0.43067655807339306,0.8947368421052632,0.1875,0.3125,0.27783827903669656
rn1qr1k1/pp3pbp/3p1np1/2pP4/4PPb1/2NB1N2/PP4PP/R1BQ1RK1 w - -,1800-1999,1900,256,47,0.18359375,168,0.65625,88,0.34375,h2h3,0.10526315789473684,4,8.0,0.125,0.25,0.5,0.43067655807339306,0.8947368421052632,0.1875,0.3125,0.27783827903669656
rn1qr1k1/pp3pbp/3p1np1/2pP4/4PPb1/2NB1N2/PP4PP/R1BQ1RK1 w - -,2000-2199,2100,132,34,0.25757575757575757,79,0.5984848484848485,53,0.4015151515151515,h2h3,0.10526315789473684,4,8.0,0.125,0.25,0.5,0.43067655807339306,0.8947368421052632,0.1875,0.3125,0.27783827903669656
rn1qr1k1/pp3pbp/3p1np1/2pP4/4PPb1/2NB1N2/PP4PP/R1BQ1RK1 w - -,2200-2399,2300,10,3,0.3,5,0.5,5,0.5,h2h3,0.10526315789473684,4,8.0,0.125,0.25,0.5,0.43067655807339306,0.8947368421052632,0.1875,0.3125,0.27783827903669656
r2q1rk1/1pp2pp1/1pnpbn1p/4p3/2B1P3/P1NP1N1P/1PP2PP1/R2Q1RK1 w - -,1400-1599,1500,92,2,0.021739130434782608,6,0.06521739130434782,86,0.9347826086956522,c4b5,0.5945945945945946,22,20.0,0.875,0.045454545454545456,0.21320071635561041,0.22106472945750374,0.4054054054054054,0.4602272727272727,0.5441003581778052,0.5480323647287518
r2q1rk1/1pp2pp1/1pnpbn1p/4p3/2B1P3/P1NP1N1P/1PP2PP1/R2Q1RK1 w - -,1600-1799,1700,250,0,0.0,7,0.028,243,0.972,c4b5,0.5945945945945946,22,20.0,0.875,0.045454545454545456,0.21320071635561041,0.22106472945750374,0.4054054054054054,0.4602272727272727,0.5441003581778052,0.5480323647287518
r2q1rk1/1pp2pp1/1pnpbn1p/4p3/2B1P3/P1NP1N1P/1PP2PP1/R2Q1RK1 w - -,1800-1999,1900,158,0,0.0,4,0.02531645569620253,154,0.9746835443037974,c4b5,0.5945945945945946,22,20.0,0.875,0.045454545454545456,0.21320071635561041,0.22106472945750374,0.4054054054054054,0.4602272727272727,0.5441003581778052,0.5480323647287518
r2q1rk1/1pp2pp1/1pnpbn1p/4p3/2B1P3/P1NP1N1P/1PP2PP1/R2Q1RK1 w - -,2000-2199,2100,21,0,0.0,0,0.0,21,1.0,c4b5,0.5945945945945946,22,20.0,0.875,0.045454545454545456,0.21320071635561041,0.22106472945750374,0.4054054054054054,0.4602272727272727,0.5441003581778052,0.5480323647287518
r2qk2r/pp2bppp/2n1p3/3n3b/3P4/2N2N1P/PP2BPP1/R1BQ1RK1 w kq -,1400-1599,1500,13,1,0.07692307692307693,0,0.0,13,1.0,d1b3,0.43243243243243246,16,8.0,0.125,0.0625,0.25,0.24465054211822604,0.5675675675675675,0.09375,0.1875,0.184825271059113
r2qk2r/pp2bppp/2n1p3/3n3b/3P4/2N2N1P/PP2BPP1/R1BQ1RK1 w kq -,1600-1799,1700,98,13,0.1326530612244898,5,0.05102040816326531,93,0.9489795918367347,d1b3,0.43243243243243246,16,8.0,0.125,0.0625,0.25,0.24465054211822604,0.5675675675675675,0.09375,0.1875,0.184825271059113
r2qk2r/pp2bppp/2n1p3/3n3b/3P4/2N2N1P/PP2BPP1/R1BQ1RK1 w kq -,1800-1999,1900,210,30,0.14285714285714285,15,0.07142857142857142,195,0.9285714285714286,d1b3,0.43243243243243246,16,8.0,0.125,0.0625,0.25,0.24465054211822604,0.5675675675675675,0.09375,0.1875,0.184825271059113
r2qk2r/pp2bppp/2n1p3/3n3b/3P4/2N2N1P/PP2BPP1/R1BQ1RK1 w kq -,2000-2199,2100,180,20,0.1111111111111111,24,0.13333333333333333,156,0.8666666666666667,d1b3,0.43243243243243246,16,8.0,0.125,0.0625,0.25,0.24465054211822604,0.5675675675675675,0.09375,0.1875,0.184825271059113
r2qk2r/pp2bppp/2n1p3/3n3b/3P4/2N2N1P/PP2BPP1/R1BQ1RK1 w kq -,2200-2399,2300,27,2,0.07407407407407407,7,0.25925925925925924,20,0.7407407407407407,d1b3,0.43243243243243246,16,8.0,0.125,0.0625,0.25,0.24465054211822604,0.5675675675675675,0.09375,0.1875,0.184825271059113
r3kbnr/1pp2ppp/p1p3b1/8/6P1/5N1P/PPPPKP2/RNB4R w kq -,1400-1599,1500,141,44,0.3120567375886525,91,0.6453900709219859,50,0.3546099290780142,d2d3,0.07142857142857142,2,6.0,0.0,0.5,0.7071067811865475,0.6309297535714575,0.9285714285714286,0.25,0.35355339059327373,0.31546487678572877
r3kbnr/1pp2ppp/p1p3b1/8/6P1/5N1P/PPPPKP2/RNB4R w kq -,1600-1799,1700,150,25,0.16666666666666666,123,0.82,27,0.18,d2d3,0.07142857142857142,2,6.0,0.0,0.5,0.7071067811865475,0.6309297535714575,0.9285714285714286,0.25,0.35355339059327373,0.31546487678572877
r3kbnr/1pp2ppp/p1p3b1/8/6P1/5N1P/PPPPKP2/RNB4R w kq -,1800-1999,1900,90,7,0.07777777777777778,83,0.9222222222222223,7,0.07777777777777778,d2d3,0.07142857142857142,2,6.0,0.0,0.5,0.7071067811865475,0.6309297535714575,0.9285714285714286,0.25,0.35355339059327373,0.31546487678572877
r3kbnr/1pp2ppp/p1p3b1/8/6P1/5N1P/PPPPKP2/RNB4R w kq -,2000-2199,2100,23,2,0.08695652173913043,21,0.9130434782608695,2,0.08695652173913043,d2d3,0.07142857142857142,2,6.0,0.0,0.5,0.7071067811865475,0.6309297535714575,0.9285714285714286,0.25,0.35355339059327373,0.31546487678572877
r1bq1rk1/pp2bppp/2n1pn2/6B1/2BP4/2N2N2/PP3PPP/R2Q1RK1 w - -,1400-1599,1500,42,18,0.42857142857142855,3,0.07142857142857142,39,0.9285714285714286,d1d2,0.30434782608695654,14,20.0,0.875,0.07142857142857142,0.2672612419124244,0.2559580248098155,0.6956521739130435,0.4732142857142857,0.5711306209562121,0.5654790124049077
r1bq1rk1/pp2bppp/2n1pn2/6B1/2BP4/2N2N2/PP3PPP/R2Q1RK1 w - -,1600-1799,1700,125,32,0.256,4,0.032,121,0.968,d1d2,0.30434782608695654,14,20.0,0.875,0.07142857142857142,0.2672612419124244,0.2559580248098155,0.6956521739130435,0.4732142857142857,0.5711306209562121,0.5654790124049077
r1bq1rk1/pp2bppp/2n1pn2/6B1/2BP4/2N2N2/PP3PPP/R2Q1RK1 w - -,1800-1999,1900,216,17,0.0787037037037037,14,0.06481481481481481,202,0.9351851851851852,d1d2,0.30434782608695654,14,20.0,0.875,0.07142857142857142,0.2672612419124244,0.2559580248098155,0.6956521739130435,0.4732142857142857,0.5711306209562121,0.5654790124049077
r1bq1rk1/pp2bppp/2n1pn2/6B1/2BP4/2N2N2/PP3PPP/R2Q1RK1 w - -,2000-2199,2100,107,3,0.028037383177570093,12,0.11214953271028037,95,0.8878504672897196,d1d2,0.30434782608695654,14,20.0,0.875,0.07142857142857142,0.2672612419124244,0.2559580248098155,0.6956521739130435,0.4732142857142857,0.5711306209562121,0.5654790124049077
r1bq1rk1/pp2bppp/2n1pn2/6B1/2BP4/2N2N2/PP3PPP/R2Q1RK1 w - -,2200-2399,2300,27,4,0.14814814814814814,2,0.07407407407407407,25,0.9259259259259259,d1d2,0.30434782608695654,14,20.0,0.875,0.07142857142857142,0.2672612419124244,0.2559580248098155,0.6956521739130435,0.4732142857142857,0.5711306209562121,0.5654790124049077
r1bq1b1r/pp4pp/n1p1k3/3np3/8/PBN2Q2/1PPP1PPP/R1B1K2R w KQ -,1400-1599,1500,198,144,0.7272727272727273,25,0.12626262626262627,173,0.8737373737373737,c3d5,0.047619047619047616,2,12.0,0.375,0.5,0.7071067811865475,0.6309297535714575,0.9523809523809523,0.4375,0.5410533905932737,0.5029648767857288
r1bq1b1r/pp4pp/n1p1k3/3np3/8/PBN2Q2/1PPP1PPP/R1B1K2R w KQ -,1600-1799,1700,156,120,0.7692307692307693,7,0.04487179487179487,149,0.9551282051282052,c3d5,0.047619047619047616,2,12.0,0.375,0.5,0.7071067811865475,0.6309297535714575,0.9523809523809523,0.4375,0.5410533905932737,0.5029648767857288
r1bq1b1r/pp4pp/n1p1k3/3np3/8/PBN2Q2/1PPP1PPP/R1B1K2R w KQ -,1800-1999,1900,48,30,0.625,2,0.041666666666666664,46,0.9583333333333334,c3d5,0.047619047619047616,2,12.0,0.375,0.5,0.7071067811865475,0.6309297535714575,0.9523809523809523,0.4375,0.5410533905932737,0.5029648767857288
r2q1rk1/1pp2pp1/p1npbn1p/4p3/2B1P3/P1NPPN1P/1PP3P1/R2Q1RK1 w - -,1400-1599,1500,117,2,0.017094017094017096,21,0.1794871794871795,96,0.8205128205128205,c4e6,0.358974358974359,14,22.0,1.0,0.07142857142857142,0.2672612419124244,0.2559580248098155,0.641025641025641,0.5357142857142857,0.6336306209562121,0.6279790124049077
r2q1rk1/1pp2pp1/p1npbn1p/4p3/2B1P3/P1NPPN1P/1PP3P1/R2Q1RK1 w - -,1600-1799,1700,251,5,0.0199203187250996,36,0.14342629482071714,215,0.8565737051792829,c4e6,0.358974358974359,14,22.0,1.0,0.07142857142857142,0.2672612419124244,0.2559580248098155,0.641025641025641,0.5357142857142857,0.6336306209562121,0.6279790124049077
r2q1rk1/1pp2pp1/p1npbn1p/4p3/2B1P3/P1NPPN1P/1PP3P1/R2Q1RK1 w - -,1800-1999,1900,119,0,0.0,18,0.15126050420168066,101,0.8487394957983193,c4e6,0.358974358974359,14,22.0,1.0,0.07142857142857142,0.2672612419124244,0.2559580248098155,0.641025641025641,0.5357142857142857,0.6336306209562121,0.6279790124049077
r2q1rk1/1pp2pp1/p1npbn1p/4p3/2B1P3/P1NPPN1P/1PP3P1/R2Q1RK1 w - -,2000-2199,2100,22,0,0.0,3,0.13636363636363635,19,0.8636363636363636,c4e6,0.358974358974359,14,22.0,1.0,0.07142857142857142,0.2672612419124244,0.2559580248098155,0.641025641025641,0.5357142857142857,0.6336306209562121,0.6279790124049077
r2q1rk1/pp1bppbp/3p1np1/8/3BP3/1BN2P2/PPPQ2PP/R3K2R b KQ -,1400-1599,1500,10,8,0.8,2,0.2,8,0.8,b7b5,0.027777777777777776,1,6.0,0.0,1.0,1.0,1.0,0.9722222222222222,0.5,0.5,0.5
r2q1rk1/pp1bppbp/3p1np1/8/3BP3/1BN2P2/PPPQ2PP/R3K2R b KQ -,1600-1799,1700,66,43,0.6515151515151515,23,0.3484848484848485,43,0.6515151515151515,b7b5,0.027777777777777776,1,6.0,0.0,1.0,1.0,1.0,0.9722222222222222,0.5,0.5,0.5
r2q1rk1/pp1bppbp/3p1np1/8/3BP3/1BN2P2/PPPQ2PP/R3K2R b KQ -,1800-1999,1900,108,31,0.28703703703703703,77,0.7129629629629629,31,0.28703703703703703,b7b5,0.027777777777777776,1,6.0,0.0,1.0,1.0,1.0,0.9722222222222222,0.5,0.5,0.5
r2q1rk1/pp1bppbp/3p1np1/8/3BP3/1BN2P2/PPPQ2PP/R3K2R b KQ -,2000-2199,2100,228,31,0.13596491228070176,197,0.8640350877192983,31,0.13596491228070176,b7b5,0.027777777777777776,1,6.0,0.0,1.0,1.0,1.0,0.9722222222222222,0.5,0.5,0.5
r2q1rk1/pp1bppbp/3p1np1/8/3BP3/1BN2P2/PPPQ2PP/R3K2R b KQ -,2200-2399,2300,106,7,0.0660377358490566,99,0.9339622641509434,7,0.0660377358490566,b7b5,0.027777777777777776,1,6.0,0.0,1.0,1.0,1.0,0.9722222222222222,0.5,0.5,0.5
r3kb1r/pp3ppp/1qn1b3/3pPp2/3P4/2N2N2/PP3PPP/R1BQ1RK1 w kq -,1400-1599,1500,55,14,0.2545454545454545,0,0.0,55,1.0,c3e2,0.6363636363636364,21,22.0,1.0,0.047619047619047616,0.2182178902359924,0.22424382421757544,0.36363636363636365,0.5238095238095238,0.6091089451179962,0.6121219121087877
r3kb1r/pp3ppp/1qn1b3/3pPp2/3P4/2N2N2/PP3PPP/R1BQ1RK1 w kq -,1600-1799,1700,140,15,0.10714285714285714,1,0.007142857142857143,139,0.9928571428571429,c3e2,0.6363636363636364,21,22.0,1.0,0.047619047619047616,0.2182178902359924,0.22424382421757544,0.36363636363636365,0.5238095238095238,0.6091089451179962,0.6121219121087877
r3kb1r/pp3ppp/1qn1b3/3pPp2/3P4/2N2N2/PP3PPP/R1BQ1RK1 w kq -,1800-1999,1900,250,30,0.12,0,0.0,250,1.0,c3e2,0.6363636363636364,21,22.0,1.0,0.047619047619047616,0.2182178902359924,0.22424382421757544,0.36363636363636365,0.5238095238095238,0.6091089451179962,0.6121219121087877
r3kb1r/pp3ppp/1qn1b3/3pPp2/3P4/2N2N2/PP3PPP/R1BQ1RK1 w kq -,2000-2199,2100,64,3,0.046875,1,0.015625,63,0.984375,c3e2,0.6363636363636364,21,22.0,1.0,0.047619047619047616,0.2182178902359924,0.22424382421757544,0.36363636363636365,0.5238095238095238,0.6091089451179962,0.6121219121087877
r2q1rk1/p1p1bppp/2pp1n2/6B1/4P3/8/PPP2PPP/RN1QR1K1 w - -,1400-1599,1500,203,3,0.014778325123152709,106,0.5221674876847291,97,0.47783251231527096,b1c3,0.631578947368421,24,20.0,0.875,0.041666666666666664,0.20412414523193154,0.21533827903669653,0.368421052631579,0.4583333333333333,0.5395620726159658,0.5451691395183482
r2q1rk1/p1p1bppp/2pp1n2/6B1/4P3/8/PPP2PPP/RN1QR1K1 w - -,1600-1799,1700,174,3,0.017241379310344827,89,0.5114942528735632,85,0.4885057471264368,b1c3,0.631578947368421,24,20.0,0.875,0.041666666666666664,0.20412414523193154,0.21533827903669653,0.368421052631579,0.4583333333333333,0.5395620726159658,0.5451691395183482
r2q1rk1/p1p1bppp/2pp1n2/6B1/4P3/8/PPP2PPP/RN1QR1K1 w - -,1800-1999,1900,51,1,0.0196078431372549,28,0.5490196078431373,23,0.45098039215686275,b1c3,0.631578947368421,24,20.0,0.875,0.041666666666666664,0.20412414523193154,0.21533827903669653,0.368421052631579,0.4583333333333333,0.5395620726159658,0.5451691395183482
r1b1kb1r/pp3ppp/2n1p3/3pP3/3q4/2N5/PP2BPPP/R1BQ1RK1 w kq -,1400-1599,1500,56,22,0.39285714285714285,5,0.08928571428571429,51,0.9107142857142857,c3b5,0.05714285714285714,2,10.0,0.25,0.5,0.7071067811865475,0.6309297535714575,0.9428571428571428,0.375,0.47855339059327373,0.44046487678572877
r1b1kb1r/pp3ppp/2n1p3/3pP3/3q4/2N5/PP2BPPP/R1BQ1RK1 w kq -,1600-1799,1700,184,77,0.41847826086956524,26,0.14130434782608695,158,0.8586956521739131,c3b5,0.05714285714285714,2,10.0,0.25,0.5,0.7071067811865475,0.6309297535714575,0.9428571428571428,0.375,0.47855339059327373,0.44046487678572877
r1b1kb1r/pp3ppp/2n1p3/3pP3/3q4/2N5/PP2BPPP/R1BQ1RK1 w kq -,1800-1999,1900,208,94,0.4519230769230769,24,0.11538461538461539,184,0.8846153846153846,c3b5,0.05714285714285714,2,10.0,0.25,0.5,0.7071067811865475,0.6309297535714575,0.9428571428571428,0.375,0.47855339059327373,0.44046487678572877
r1b1kb1r/pp3ppp/2n1p3/3pP3/3q4/2N5/PP2BPPP/R1BQ1RK1 w kq -,2000-2199,2100,53,23,0.4339622641509434,10,0.18867924528301888,43,0.8113207547169812,c3b5,0.05714285714285714,2,10.0,0.25,0.5,0.7071067811865475,0.6309297535714575,0.9428571428571428,0.375,0.47855339059327373,0.44046487678572877
r1b1kb1r/pp3ppp/2n1p3/3pP3/3q4/2N5/PP2BPPP/R1BQ1RK1 w kq -,2200-2399,2300,10,6,0.6,2,0.2,8,0.8,c3b5,0.05714285714285714,2,10.0,0.25,0.5,0.7071067811865475,0.6309297535714575,0.9428571428571428,0.375,0.47855339059327373,0.44046487678572877
r2q1rk1/ppp1bppp/1nn1p3/4Pb2/2PP4/2N1BN2/PP2B1PP/R2Q1RK1 b - -,1400-1599,1500,10,3,0.3,5,0.5,5,0.5,f7f6,0.21428571428571427,9,18.0,0.75,0.1111111111111111,0.3333333333333333,0.3010299956639812,0.7857142857142857,0.4305555555555556,0.5416666666666666,0.5255149978319906
r2q1rk1/ppp1bppp/1nn1p3/4Pb2/2PP4/2N1BN2/PP2B1PP/R2Q1RK1 b - -,1600-1799,1700,54,9,0.16666666666666666,23,0.42592592592592593,31,0.5740740740740741,f7f6,0.21428571428571427,9,18.0,0.75,0.1111111111111111,0.3333333333333333,0.3010299956639812,0.7857142857142857,0.4305555555555556,0.5416666666666666,0.5255149978319906
r2q1rk1/ppp1bppp/1nn1p3/4Pb2/2PP4/2N1BN2/PP2B1PP/R2Q1RK1 b - -,1800-1999,1900,234,23,0.09829059829059829,147,0.6282051282051282,87,0.3717948717948718,f7f6,0.21428571428571427,9,18.0,0.75,0.1111111111111111,0.3333333333333333,0.3010299956639812,0.7857142857142857,0.4305555555555556,0.5416666666666666,0.5255149978319906
r2q1rk1/ppp1bppp/1nn1p3/4Pb2/2PP4/2N1BN2/PP2B1PP/R2Q1RK1 b - -,2000-2199,2100,173,7,0.04046242774566474,134,0.7745664739884393,39,0.2254335260115607,f7f6,0.21428571428571427,9,18.0,0.75,0.1111111111111111,0.3333333333333333,0.3010299956639812,0.7857142857142857,0.4305555555555556,0.5416666666666666,0.5255149978319906
r2q1rk1/ppp1bppp/1nn1p3/4Pb2/2PP4/2N1BN2/PP2B1PP/R2Q1RK1 b - -,2200-2399,2300,44,1,0.022727272727272728,42,0.9545454545454546,2,0.045454545454545456,f7f6,0.21428571428571427,9,18.0,0.75,0.1111111111111111,0.3333333333333333,0.3010299956639812,0.7857142857142857,0.4305555555555556,0.5416666666666666,0.5255149978319906
2rq1rk1/pp1bppbp/2np1np1/8/2PNP3/2N1B3/PP2BPPP/2RQ1RK1 w - -,1600-1799,1700,70,2,0.02857142857142857,0,0.0,70,1.0,d4c2,0.38095238095238093,16,6.0,0.0,0.0625,0.25,0.24465054211822604,0.6190476190476191,0.03125,0.125,0.12232527105911302
2rq1rk1/pp1bppbp/2np1np1/8/2PNP3/2N1B3/PP2BPPP/2RQ1RK1 w - -,1800-1999,1900,233,4,0.017167381974248927,0,0.0,233,1.0,d4c2,0.38095238095238093,16,6.0,0.0,0.0625,0.25,0.24465054211822604,0.6190476190476191,0.03125,0.125,0.12232527105911302
2rq1rk1/pp1bppbp/2np1np1/8/2PNP3/2N1B3/PP2BPPP/2RQ1RK1 w - -,2000-2199,2100,191,1,0.005235602094240838,2,0.010471204188481676,189,0.9895287958115183,d4c2,0.38095238095238093,16,6.0,0.0,0.0625,0.25,0.24465054211822604,0.6190476190476191,0.03125,0.125,0.12232527105911302
2rq1rk1/pp1bppbp/2np1np1/8/2PNP3/2N1B3/PP2BPPP/2RQ1RK1 w - -,2200-2399,2300,22,2,0.09090909090909091,0,0.0,22,1.0,d4c2,0.38095238095238093,16,6.0,0.0,0.0625,0.25,0.24465054211822604,0.6190476190476191,0.03125,0.125,0.12232527105911302
r1b1k2r/ppp1qppp/3p4/4n3/2P2B2/4P3/PP1QBPPP/R4RK1 b kq -,1400-1599,1500,11,5,0.45454545454545453,6,0.5454545454545454,5,0.45454545454545453,e8g8,0.28205128205128205,11,12.0,0.375,0.09090909090909091,0.30151134457776363,0.27894294565112987,0.717948717948718,0.23295454545454547,0.3382556722888818,0.32697147282556493
r1b1k2r/ppp1qppp/3p4/4n3/2P2B2/4P3/PP1QBPPP/R4RK1 b kq -,1600-1799,1700,76,22,0.2894736842105263,41,0.5394736842105263,35,0.4605263157894737,e8g8,0.28205128205128205,11,12.0,0.375,0.09090909090909091,0.30151134457776363,0.27894294565112987,0.717948717948718,0.23295454545454547,0.3382556722888818,0.32697147282556493
r1b1k2r/ppp1qppp/3p4/4n3/2P2B2/4P3/PP1QBPPP/R4RK1 b kq -,1800-1999,1900,241,52,0.2157676348547718,127,0.5269709543568465,114,0.4730290456431535,e8g8,0.28205128205128205,11,12.0,0.375,0.09090909090909091,0.30151134457776363,0.27894294565112987,0.717948717948718,0.23295454545454547,0.3382556722888818,0.32697147282556493
r1b1k2r/ppp1qppp/3p4/4n3/2P2B2/4P3/PP1QBPPP/R4RK1 b kq -,2000-2199,2100,165,27,0.16363636363636364,95,0.5757575757575758,70,0.42424242424242425,e8g8,0.28205128205128205,11,12.0,0.375,0.09090909090909091,0.30151134457776363,0.27894294565112987,0.717948717948718,0.23295454545454547,0.3382556722888818,0.32697147282556493
r1b1k2r/ppp1qppp/3p4/4n3/2P2B2/4P3/PP1QBPPP/R4RK1 b kq -,2200-2399,2300,30,2,0.06666666666666667,23,0.7666666666666667,7,0.23333333333333334,e8g8,0.28205128205128205,11,12.0,0.375,0.09090909090909091,0.30151134457776363,0.27894294565112987,0.717948717948718,0.23295454545454547,0.3382556722888818,0.32697147282556493
r1bq1rk1/p3ppbp/2p3p1/3p4/2B1N3/4B3/PPP2PPP/R2Q1RK1 w - -,1400-1599,1500,52,43,0.8269230769230769,9,0.17307692307692307,43,0.8269230769230769,c4d3,0.020833333333333332,1,6.0,0.0,1.0,1.0,1.0,0.9791666666666666,0.5,0.5,0.5
r1bq1rk1/p3ppbp/2p3p1/3p4/2B1N3/4B3/PPP2PPP/R2Q1RK1 w - -,1600-1799,1700,138,104,0.7536231884057971,34,0.2463768115942029,104,0.7536231884057971,c4d3,0.020833333333333332,1,6.0,0.0,1.0,1.0,1.0,0.9791666666666666,0.5,0.5,0.5
r1bq1rk1/p3ppbp/2p3p1/3p4/2B1N3/4B3/PPP2PPP/R2Q1RK1 w - -,1800-1999,1900,207,125,0.6038647342995169,82,0.3961352657004831,125,0.6038647342995169,c4d3,0.020833333333333332,1,6.0,0.0,1.0,1.0,1.0,0.9791666666666666,0.5,0.5,0.5
r1bq1rk1/p3ppbp/2p3p1/3p4/2B1N3/4B3/PPP2PPP/R2Q1RK1 w - -,2000-2199,2100,106,44,0.41509433962264153,62,0.5849056603773585,44,0.41509433962264153,c4d3,0.020833333333333332,1,6.0,0.0,1.0,1.0,1.0,0.9791666666666666,0.5,0.5,0.5
r1bq1rk1/p3ppbp/2p3p1/3p4/2B1N3/4B3/PPP2PPP/R2Q1RK1 w - -,2200-2399,2300,12,2,0.16666666666666666,10,0.8333333333333334,2,0.16666666666666666,c4d3,0.020833333333333332,1,6.0,0.0,1.0,1.0,1.0,0.9791666666666666,0.5,0.5,0.5
r1br2k1/ppp2pbp/5np1/4p1B1/2P5/2N3P1/PP2PPBP/R4RK1 b - -,1400-1599,1500,24,23,0.9583333333333334,0,0.0,24,1.0,d8d7,0.08571428571428572,3,6.0,0.0,0.3333333333333333,0.5773502691896258,0.5,0.9142857142857143,0.16666666666666666,0.2886751345948129,0.25
r1br2k1/ppp2pbp/5np1/4p1B1/2P5/2N3P1/PP2PPBP/R4RK1 b - -,1600-1799,1700,79,78,0.9873417721518988,1,0.012658227848101266,78,0.9873417721518988,d8d7,0.08571428571428572,3,6.0,0.0,0.3333333333333333,0.5773502691896258,0.5,0.9142857142857143,0.16666666666666666,0.2886751345948129,0.25
r1br2k1/ppp2pbp/5np1/4p1B1/2P5/2N3P1/PP2PPBP/R4RK1 b - -,1800-1999,1900,199,190,0.9547738693467337,5,0.02512562814070352,194,0.9748743718592965,d8d7,0.08571428571428572,3,6.0,0.0,0.3333333333333333,0.5773502691896258,0.5,0.9142857142857143,0.16666666666666666,0.2886751345948129,0.25
r1br2k1/ppp2pbp/5np1/4p1B1/2P5/2N3P1/PP2PPBP/R4RK1 b - -,2000-2199,2100,163,136,0.8343558282208589,10,0.06134969325153374,153,0.9386503067484663,d8d7,0.08571428571428572,3,6.0,0.0,0.3333333333333333,0.5773502691896258,0.5,0.9142857142857143,0.16666666666666666,0.2886751345948129,0.25
r1br2k1/ppp2pbp/5np1/4p1B1/2P5/2N3P1/PP2PPBP/R4RK1 b - -,2200-2399,2300,40,29,0.725,2,0.05,38,0.95,d8d7,0.08571428571428572,3,6.0,0.0,0.3333333333333333,0.5773502691896258,0.5,0.9142857142857143,0.16666666666666666,0.2886751345948129,0.25
r3kb1r/pp1b1ppp/1qn5/3pPp2/3P4/P4N2/1P3PPP/RNBQK2R w KQkq -,1400-1599,1500,50,15,0.3,18,0.36,32,0.64,b1c3,0.1875,6,8.0,0.125,0.16666666666666666,0.4082482904638631,0.3562071871080222,0.8125,0.14583333333333331,0.26662414523193156,0.2406035935540111
r3kb1r/pp1b1ppp/1qn5/3pPp2/3P4/P4N2/1P3PPP/RNBQK2R w KQkq -,1600-1799,1700,192,20,0.10416666666666667,87,0.453125,105,0.546875,b1c3,0.1875,6,8.0,0.125,0.16666666666666666,0.4082482904638631,0.3562071871080222,0.8125,0.14583333333333331,0.26662414523193156,0.2406035935540111
r3kb1r/pp1b1ppp/1qn5/3pPp2/3P4/P4N2/1P3PPP/RNBQK2R w KQkq -,1800-1999,1900,196,9,0.04591836734693878,93,0.4744897959183674,103,0.5255102040816326,b1c3,0.1875,6,8.0,0.125,0.16666666666666666,0.4082482904638631,0.3562071871080222,0.8125,0.14583333333333331,0.26662414523193156,0.2406035935540111
r3kb1r/pp1b1ppp/1qn5/3pPp2/3P4/P4N2/1P3PPP/RNBQK2R w KQkq -,2000-2199,2100,58,1,0.017241379310344827,29,0.5,29,0.5,b1c3,0.1875,6,8.0,0.125,0.16666666666666666,0.4082482904638631,0.3562071871080222,0.8125,0.14583333333333331,0.26662414523193156,0.2406035935540111
r3kb1r/pp1b1ppp/1qn5/3pPp2/3P4/P4N2/1P3PPP/RNBQK2R w KQkq -,2200-2399,2300,16,0,0.0,12,0.75,4,0.25,b1c3,0.1875,6,8.0,0.125,0.16666666666666666,0.4082482904638631,0.3562071871080222,0.8125,0.14583333333333331,0.26662414523193156,0.2406035935540111
r1bq1rk1/2p2pp1/p1np1n1p/1pb5/3PP3/1B3N1P/PP3PP1/RNBQR1K1 b - -,1400-1599,1500,142,3,0.02112676056338028,54,0.38028169014084506,88,0.6197183098591549,c5b6,0.07692307692307693,3,22.0,1.0,0.3333333333333333,0.5773502691896258,0.5,0.9230769230769231,0.6666666666666666,0.7886751345948129,0.75
r1bq1rk1/2p2pp1/p1np1n1p/1pb5/3PP3/1B3N1P/PP3PP1/RNBQR1K1 b - -,1600-1799,1700,227,1,0.004405286343612335,105,0.46255506607929514,122,0.5374449339207048,c5b6,0.07692307692307693,3,22.0,1.0,0.3333333333333333,0.5773502691896258,0.5,0.9230769230769231,0.6666666666666666,0.7886751345948129,0.75
r1bq1rk1/2p2pp1/p1np1n1p/1pb5/3PP3/1B3N1P/PP3PP1/RNBQR1K1 b - -,1800-1999,1900,100,0,0.0,53,0.53,47,0.47,c5b6,0.07692307692307693,3,22.0,1.0,0.3333333333333333,0.5773502691896258,0.5,0.9230769230769231,0.6666666666666666,0.7886751345948129,0.75
r3kb1r/p2q1ppp/4pn2/3p4/8/2N5/PPP2PPP/R1BQK2R w KQkq -,1400-1599,1500,191,1,0.005235602094240838,114,0.5968586387434555,77,0.4031413612565445,e1g1,0.5,18,6.0,0.0,0.05555555555555555,0.23570226039551587,0.23540891336663824,0.5,0.027777777777777776,0.11785113019775793,0.11770445668331912
r3kb1r/p2q1ppp/4pn2/3p4/8/2N5/PPP2PPP/R1BQK2R w KQkq -,1600-1799,1700,132,1,0.007575757575757576,80,0.6060606060606061,52,0.3939393939393939,e1g1,0.5,18,6.0,0.0,0.05555555555555555,0.23570226039551587,0.23540891336663824,0.5,0.027777777777777776,0.11785113019775793,0.11770445668331912
r3kb1r/p2q1ppp/4pn2/3p4/8/2N5/PPP2PPP/R1BQK2R w KQkq -,1800-1999,1900,55,0,0.0,41,0.7454545454545455,14,0.2545454545454545,e1g1,0.5,18,6.0,0.0,0.05555555555555555,0.23570226039551587,0.23540891336663824,0.5,0.027777777777777776,0.11785113019775793,0.11770445668331912
r3kb1r/p2q1ppp/4pn2/3p4/8/2N5/PPP2PPP/R1BQK2R w KQkq -,2000-2199,2100,10,0,0.0,10,1.0,0,0.0,e1g1,0.5,18,6.0,0.0,0.05555555555555555,0.23570226039551587,0.23540891336663824,0.5,0.027777777777777776,0.11785113019775793,0.11770445668331912
r1b2rk1/1pq1bppp/p1nppn2/8/P2NPP2/2N1B3/1PP1B1PP/R2Q1RK1 w - -,1400-1599,1500,10,4,0.4,0,0.0,10,1.0,e2f3,0.3953488372093023,17,22.0,1.0,0.058823529411764705,0.24253562503633297,0.23981246656813146,0.6046511627906976,0.5294117647058824,0.6212678125181665,0.6199062332840657
r1b2rk1/1pq1bppp/p1nppn2/8/P2NPP2/2N1B3/1PP1B1PP/R2Q1RK1 w - -,1600-1799,1700,72,14,0.19444444444444445,8,0.1111111111111111,64,0.8888888888888888,e2f3,0.3953488372093023,17,22.0,1.0,0.058823529411764705,0.24253562503633297,0.23981246656813146,0.6046511627906976,0.5294117647058824,0.6212678125181665,0.6199062332840657
r1b2rk1/1pq1bppp/p1nppn2/8/P2NPP2/2N1B3/1PP1B1PP/R2Q1RK1 w - -,1800-1999,1900,188,16,0.0851063829787234,49,0.26063829787234044,139,0.7393617021276596,e2f3,0.3953488372093023,17,22.0,1.0,0.058823529411764705,0.24253562503633297,0.23981246656813146,0.6046511627906976,0.5294117647058824,0.6212678125181665,0.6199062332840657
r1b2rk1/1pq1bppp/p1nppn2/8/P2NPP2/2N1B3/1PP1B1PP/R2Q1RK1 w - -,2000-2199,2100,164,4,0.024390243902439025,50,0.3048780487804878,114,0.6951219512195121,e2f3,0.3953488372093023,17,22.0,1.0,0.058823529411764705,0.24253562503633297,0.23981246656813146,0.6046511627906976,0.5294117647058824,0.6212678125181665,0.6199062332840657
r1b2rk1/1pq1bppp/p1nppn2/8/P2NPP2/2N1B3/1PP1B1PP/R2Q1RK1 w - -,2200-2399,2300,64,5,0.078125,12,0.1875,52,0.8125,e2f3,0.3953488372093023,17,22.0,1.0,0.058823529411764705,0.24253562503633297,0.23981246656813146,0.6046511627906976,0.5294117647058824,0.6212678125181665,0.6199062332840657
r2q1rk1/pb1p1ppp/2p2b2/4p3/2B1P3/2N5/PPP2PPP/R2Q1RK1 w - -,1400-1599,1500,173,58,0.3352601156069364,4,0.023121387283236993,169,0.976878612716763,d1e2,0.5,20,22.0,1.0,0.05,0.22360679774997896,0.227670248696953,0.5,0.525,0.6118033988749895,0.6138351243484765
r2q1rk1/pb1p1ppp/2p2b2/4p3/2B1P3/2N5/PPP2PPP/R2Q1RK1 w - -,1600-1799,1700,170,47,0.27647058823529413,7,0.041176470588235294,163,0.9588235294117647,d1e2,0.5,20,22.0,1.0,0.05,0.22360679774997896,0.227670248696953,0.5,0.525,0.6118033988749895,0.6138351243484765
r2q1rk1/pb1p1ppp/2p2b2/4p3/2B1P3/2N5/PPP2PPP/R2Q1RK1 w - -,1800-1999,1900,74,16,0.21621621621621623,4,0.05405405405405406,70,0.9459459459459459,d1e2,0.5,20,22.0,1.0,0.05,0.22360679774997896,0.227670248696953,0.5,0.525,0.6118033988749895,0.6138351243484765
r2q1rk1/pb1p1ppp/2p2b2/4p3/2B1P3/2N5/PPP2PPP/R2Q1RK1 w - -,2000-2199,2100,12,1,0.08333333333333333,2,0.16666666666666666,10,0.8333333333333334,d1e2,0.5,20,22.0,1.0,0.05,0.22360679774997896,0.227670248696953,0.5,0.525,0.6118033988749895,0.6138351243484765
r1bq1rk1/2p2pp1/p1np1n1p/1p2p3/2B1P3/P1NPPN1P/1PP3P1/R2Q1RK1 w - b6,1400-1599,1500,223,1,0.004484304932735426,33,0.14798206278026907,190,0.852017937219731,c4b3,0.07692307692307693,3,10.0,0.25,0.3333333333333333,0.5773502691896258,0.5,0.9230769230769231,0.29166666666666663,0.4136751345948129,0.375
r1bq1rk1/2p2pp1/p1np1n1p/1p2p3/2B1P3/P1NPPN1P/1PP3P1/R2Q1RK1 w - b6,1600-1799,1700,165,0,0.0,21,0.12727272727272726,144,0.8727272727272727,c4b3,0.07692307692307693,3,10.0,0.25,0.3333333333333333,0.5773502691896258,0.5,0.9230769230769231,0.29166666666666663,0.4136751345948129,0.375
r1bq1rk1/2p2pp1/p1np1n1p/1p2p3/2B1P3/P1NPPN1P/1PP3P1/R2Q1RK1 w - b6,1800-1999,1900,42,0,0.0,8,0.19047619047619047,34,0.8095238095238095,c4b3,0.07692307692307693,3,10.0,0.25,0.3333333333333333,0.5773502691896258,0.5,0.9230769230769231,0.29166666666666663,0.4136751345948129,0.375
r2q1rk1/pp2ppbp/1nnp2p1/8/2PP2b1/2NBBN2/PP3PPP/R2Q1RK1 w - -,1400-1599,1500,13,8,0.6153846153846154,5,0.38461538461538464,8,0.6153846153846154,h2h3,0.06976744186046512,3,6.0,0.0,0.3333333333333333,0.5773502691896258,0.5,0.9302325581395349,0.16666666666666666,0.2886751345948129,0.25
r2q1rk1/pp2ppbp/1nnp2p1/8/2PP2b1/2NBBN2/PP3PPP/R2Q1RK1 w - -,1600-1799,1700,122,61,0.5,38,0.3114754098360656,84,0.6885245901639344,h2h3,0.06976744186046512,3,6.0,0.0,0.3333333333333333,0.5773502691896258,0.5,0.9302325581395349,0.16666666666666666,0.2886751345948129,0.25
r2q1rk1/pp2ppbp/1nnp2p1/8/2PP2b1/2NBBN2/PP3PPP/R2Q1RK1 w - -,1800-1999,1900,300,154,0.5133333333333333,74,0.24666666666666667,226,0.7533333333333333,h2h3,0.06976744186046512,3,6.0,0.0,0.3333333333333333,0.5773502691896258,0.5,0.9302325581395349,0.16666666666666666,0.2886751345948129,0.25
r2q1rk1/pp2ppbp/1nnp2p1/8/2PP2b1/2NBBN2/PP3PPP/R2Q1RK1 w - -,2000-2199,2100,72,35,0.4861111111111111,21,0.2916666666666667,51,0.7083333333333334,h2h3,0.06976744186046512,3,6.0,0.0,0.3333333333333333,0.5773502691896258,0.5,0.9302325581395349,0.16666666666666666,0.2886751345948129,0.25
rn1q1rk1/1p2bppp/p2pbn2/8/4Pp2/1NN1B3/PPP1B1PP/R2Q1RK1 w - -,1400-1599,1500,14,0,0.0,13,0.9285714285714286,1,0.07142857142857142,e3f4,0.06382978723404255,3,8.0,0.125,0.3333333333333333,0.5773502691896258,0.5,0.9361702127659575,0.22916666666666666,0.3511751345948129,0.3125
rn1q1rk1/1p2bppp/p2pbn2/8/4Pp2/1NN1B3/PPP1B1PP/R2Q1RK1 w - -,1600-1799,1700,99,0,0.0,85,0.8585858585858586,14,0.1414141414141414,e3f4,0.06382978723404255,3,8.0,0.125,0.3333333333333333,0.5773502691896258,0.5,0.9361702127659575,0.22916666666666666,0.3511751345948129,0.3125
rn1q1rk1/1p2bppp/p2pbn2/8/4Pp2/1NN1B3/PPP1B1PP/R2Q1RK1 w - -,1800-1999,1900,244,0,0.0,203,0.8319672131147541,41,0.1680327868852459,e3f4,0.06382978723404255,3,8.0,0.125,0.3333333333333333,0.5773502691896258,0.5,0.9361702127659575,0.22916666666666666,0.3511751345948129,0.3125
rn1q1rk1/1p2bppp/p2pbn2/8/4Pp2/1NN1B3/PPP1B1PP/R2Q1RK1 w - -,2000-2199,2100,134,0,0.0,109,0.8134328358208955,25,0.1865671641791045,e3f4,0.06382978723404255,3,8.0,0.125,0.3333333333333333,0.5773502691896258,0.5,0.9361702127659575,0.22916666666666666,0.3511751345948129,0.3125
rn1q1rk1/1p2bppp/p2pbn2/8/4Pp2/1NN1B3/PPP1B1PP/R2Q1RK1 w - -,2200-2399,2300,24,0,0.0,14,0.5833333333333334,10,0.4166666666666667,e3f4,0.06382978723404255,3,8.0,0.125,0.3333333333333333,0.5773502691896258,0.5,0.9361702127659575,0.22916666666666666,0.3511751345948129,0.3125
2r1kbnr/pp1b1ppp/1q2p3/3pP3/3P4/5N2/PPQ2PPP/RNB2RK1 w k -,1400-1599,1500,25,8,0.32,9,0.36,16,0.64,b1c3,0.07692307692307693,3,10.0,0.25,0.3333333333333333,0.5773502691896258,0.5,0.9230769230769231,0.29166666666666663,0.4136751345948129,0.375
2r1kbnr/pp1b1ppp/1q2p3/3pP3/3P4/5N2/PPQ2PPP/RNB2RK1 w k -,1600-1799,1700,106,16,0.1509433962264151,52,0.49056603773584906,54,0.5094339622641509,b1c3,0.07692307692307693,3,10.0,0.25,0.3333333333333333,0.5773502691896258,0.5,0.9230769230769231,0.29166666666666663,0.4136751345948129,0.375
2r1kbnr/pp1b1ppp/1q2p3/3pP3/3P4/5N2/PPQ2PPP/RNB2RK1 w k -,1800-1999,1900,260,18,0.06923076923076923,169,0.65,91,0.35,b1c3,0.07692307692307693,3,10.0,0.25,0.3333333333333333,0.5773502691896258,0.5,0.9230769230769231,0.29166666666666663,0.4136751345948129,0.375
2r1kbnr/pp1b1ppp/1q2p3/3pP3/3P4/5N2/PPQ2PPP/RNB2RK1 w k -,2000-2199,2100,111,4,0.036036036036036036,96,0.8648648648648649,15,0.13513513513513514,b1c3,0.07692307692307693,3,10.0,0.25,0.3333333333333333,0.5773502691896258,0.5,0.9230769230769231,0.29166666666666663,0.4136751345948129,0.375
2r1kbnr/pp1b1ppp/1q2p3/3pP3/3P4/5N2/PPQ2PPP/RNB2RK1 w k -,2200-2399,2300,13,0,0.0,12,0.9230769230769231,1,0.07692307692307693,b1c3,0.07692307692307693,3,10.0,0.25,0.3333333333333333,0.5773502691896258,0.5,0.9230769230769231,0.29166666666666663,0.4136751345948129,0.375
2kr3r/pppqn1pp/2nb1p2/3p4/3P2bB/2PB1N2/PP3PPP/RN1QR1K1 w - -,1600-1799,1700,119,109,0.9159663865546218,10,0.08403361344537816,109,0.9159663865546218,h4g3,0.025,1,6.0,0.0,1.0,1.0,1.0,0.975,0.5,0.5,0.5
2kr3r/pppqn1pp/2nb1p2/3p4/3P2bB/2PB1N2/PP3PPP/RN1QR1K1 w - -,1800-1999,1900,253,216,0.8537549407114624,37,0.14624505928853754,216,0.8537549407114624,h4g3,0.025,1,6.0,0.0,1.0,1.0,1.0,0.975,0.5,0.5,0.5
2kr3r/pppqn1pp/2nb1p2/3p4/3P2bB/2PB1N2/PP3PPP/RN1QR1K1 w - -,2000-2199,2100,128,107,0.8359375,21,0.1640625,107,0.8359375,h4g3,0.025,1,6.0,0.0,1.0,1.0,1.0,0.975,0.5,0.5,0.5
r1bqkb1r/4nppp/p2p4/1p1Pp3/8/N3B3/PPP2PPP/R2QKB1R w KQkq -,1400-1599,1500,26,7,0.2692307692307692,11,0.4230769230769231,15,0.5769230769230769,c2c4,0.075,3,6.0,0.0,0.3333333333333333,0.5773502691896258,0.5,0.925,0.16666666666666666,0.2886751345948129,0.25
r1bqkb1r/4nppp/p2p4/1p1Pp3/8/N3B3/PPP2PPP/R2QKB1R w KQkq -,1600-1799,1700,112,23,0.20535714285714285,69,0.6160714285714286,43,0.38392857142857145,c2c4,0.075,3,6.0,0.0,0.3333333333333333,0.5773502691896258,0.5,0.925,0.16666666666666666,0.2886751345948129,0.25
r1bqkb1r/4nppp/p2p4/1p1Pp3/8/N3B3/PPP2PPP/R2QKB1R w KQkq -,1800-1999,1900,212,30,0.14150943396226415,154,0.7264150943396226,58,0.27358490566037735,c2c4,0.075,3,6.0,0.0,0.3333333333333333,0.5773502691896258,0.5,0.925,0.16666666666666666,0.2886751345948129,0.25
r1bqkb1r/4nppp/p2p4/1p1Pp3/8/N3B3/PPP2PPP/R2QKB1R w KQkq -,2000-2199,2100,131,10,0.07633587786259542,107,0.816793893129771,24,0.183206106870229,c2c4,0.075,3,6.0,0.0,0.3333333333333333,0.5773502691896258,0.5,0.925,0.16666666666666666,0.2886751345948129,0.25
r1bqkb1r/4nppp/p2p4/1p1Pp3/8/N3B3/PPP2PPP/R2QKB1R w KQkq -,2200-2399,2300,31,4,0.12903225806451613,24,0.7741935483870968,7,0.22580645161290322,c2c4,0.075,3,6.0,0.0,0.3333333333333333,0.5773502691896258,0.5,0.925,0.16666666666666666,0.2886751345948129,0.25
r1bq1rk1/1p2bppp/p2ppn2/8/3nP1P1/2N1BP2/PPPQ3P/2KR1B1R w - -,1400-1599,1500,45,0,0.0,4,0.08888888888888889,41,0.9111111111111111,d2d4,0.05555555555555555,2,14.0,0.5,0.5,0.7071067811865475,0.6309297535714575,0.9444444444444444,0.5,0.6035533905932737,0.5654648767857288
r1bq1rk1/1p2bppp/p2ppn2/8/3nP1P1/2N1BP2/PPPQ3P/2KR1B1R w - -,1600-1799,1700,160,0,0.0,13,0.08125,147,0.91875,d2d4,0.05555555555555555,2,14.0,0.5,0.5,0.7071067811865475,0.6309297535714575,0.9444444444444444,0.5,0.6035533905932737,0.5654648767857288
r1bq1rk1/1p2bppp/p2ppn2/8/3nP1P1/2N1BP2/PPPQ3P/2KR1B1R w - -,1800-1999,1900,180,1,0.005555555555555556,4,0.022222222222222223,176,0.9777777777777777,d2d4,0.05555555555555555,2,14.0,0.5,0.5,0.7071067811865475,0.6309297535714575,0.9444444444444444,0.5,0.6035533905932737,0.5654648767857288
r1bq1rk1/1p2bppp/p2ppn2/8/3nP1P1/2N1BP2/PPPQ3P/2KR1B1R w - -,2000-2199,2100,93,1,0.010752688172043012,7,0.07526881720430108,86,0.9247311827956989,d2d4,0.05555555555555555,2,14.0,0.5,0.5,0.7071067811865475,0.6309297535714575,0.9444444444444444,0.5,0.6035533905932737,0.5654648767857288
r1bq1rk1/1p2bppp/p2ppn2/8/3nP1P1/2N1BP2/PPPQ3P/2KR1B1R w - -,2200-2399,2300,26,0,0.0,2,0.07692307692307693,24,0.9230769230769231,d2d4,0.05555555555555555,2,14.0,0.5,0.5,0.7071067811865475,0.6309297535714575,0.9444444444444444,0.5,0.6035533905932737,0.5654648767857288
r2q1rk1/ppp1bppp/3p1n2/6B1/2Q1P3/2N5/PPP2PPP/R4RK1 w - -,1400-1599,1500,167,48,0.2874251497005988,78,0.46706586826347307,89,0.5329341317365269,a1d1,0.5106382978723404,24,6.0,0.0,0.041666666666666664,0.20412414523193154,0.21533827903669653,0.4893617021276596,0.020833333333333332,0.10206207261596577,0.10766913951834826
r2q1rk1/ppp1bppp/3p1n2/6B1/2Q1P3/2N5/PPP2PPP/R4RK1 w - -,1600-1799,1700,191,42,0.2198952879581152,100,0.5235602094240838,91,0.47643979057591623,a1d1,0.5106382978723404,24,6.0,0.0,0.041666666666666664,0.20412414523193154,0.21533827903669653,0.4893617021276596,0.020833333333333332,0.10206207261596577,0.10766913951834826
r2q1rk1/ppp1bppp/3p1n2/6B1/2Q1P3/2N5/PPP2PPP/R4RK1 w - -,1800-1999,1900,68,10,0.14705882352941177,42,0.6176470588235294,26,0.38235294117647056,a1d1,0.5106382978723404,24,6.0,0.0,0.041666666666666664,0.20412414523193154,0.21533827903669653,0.4893617021276596,0.020833333333333332,0.10206207261596577,0.10766913951834826
r1bq1rk1/2p1bppp/p7/1p1nR3/8/1B5P/PPPP1PP1/RNBQ2K1 b - -,1400-1599,1500,10,7,0.7,0,0.0,10,1.0,d5b6,0.1111111111111111,4,12.0,0.375,0.25,0.5,0.43067655807339306,0.8888888888888888,0.3125,0.4375,0.40283827903669656
r1bq1rk1/2p1bppp/p7/1p1nR3/8/1B5P/PPPP1PP1/RNBQ2K1 b - -,1600-1799,1700,88,55,0.625,0,0.0,88,1.0,d5b6,0.1111111111111111,4,12.0,0.375,0.25,0.5,0.43067655807339306,0.8888888888888888,0.3125,0.4375,0.40283827903669656
r1bq1rk1/2p1bppp/p7/1p1nR3/8/1B5P/PPPP1PP1/RNBQ2K1 b - -,1800-1999,1900,230,152,0.6608695652173913,0,0.0,230,1.0,d5b6,0.1111111111111111,4,12.0,0.375,0.25,0.5,0.43067655807339306,0.8888888888888888,0.3125,0.4375,0.40283827903669656
r1bq1rk1/2p1bppp/p7/1p1nR3/8/1B5P/PPPP1PP1/RNBQ2K1 b - -,2000-2199,2100,156,100,0.6410256410256411,0,0.0,156,1.0,d5b6,0.1111111111111111,4,12.0,0.375,0.25,0.5,0.43067655807339306,0.8888888888888888,0.3125,0.4375,0.40283827903669656
r1bq1rk1/2p1bppp/p7/1p1nR3/8/1B5P/PPPP1PP1/RNBQ2K1 b - -,2200-2399,2300,24,10,0.4166666666666667,1,0.041666666666666664,23,0.9583333333333334,d5b6,0.1111111111111111,4,12.0,0.375,0.25,0.5,0.43067655807339306,0.8888888888888888,0.3125,0.4375,0.40283827903669656
r4rk1/1bqnbppp/pp1ppn2/8/2PNP3/2N1BP2/PP1QB1PP/2R2RK1 w - -,1600-1799,1700,25,0,0.0,12,0.48,13,0.52,f1d1,0.7380952380952381,31,22.0,1.0,0.03225806451612903,0.1796053020267749,0.2,0.26190476190476186,0.5161290322580645,0.5898026510133875,0.6
r4rk1/1bqnbppp/pp1ppn2/8/2PNP3/2N1BP2/PP1QB1PP/2R2RK1 w - -,1800-1999,1900,148,0,0.0,105,0.7094594594594594,43,0.2905405405405405,f1d1,0.7380952380952381,31,22.0,1.0,0.03225806451612903,0.1796053020267749,0.2,0.26190476190476186,0.5161290322580645,0.5898026510133875,0.6
r4rk1/1bqnbppp/pp1ppn2/8/2PNP3/2N1BP2/PP1QB1PP/2R2RK1 w - -,2000-2199,2100,214,0,0.0,152,0.7102803738317757,62,0.2897196261682243,f1d1,0.7380952380952381,31,22.0,1.0,0.03225806451612903,0.1796053020267749,0.2,0.26190476190476186,0.5161290322580645,0.5898026510133875,0.6
r4rk1/1bqnbppp/pp1ppn2/8/2PNP3/2N1BP2/PP1QB1PP/2R2RK1 w - -,2200-2399,2300,109,2,0.01834862385321101,79,0.7247706422018348,30,0.27522935779816515,f1d1,0.7380952380952381,31,22.0,1.0,0.03225806451612903,0.1796053020267749,0.2,0.26190476190476186,0.5161290322580645,0.5898026510133875,0.6
r1b2rk1/ppp2ppp/2n2q2/2p5/2B1P3/2P5/PP3PPP/RN1Q1RK1 w - -,1400-1599,1500,69,30,0.43478260869565216,10,0.14492753623188406,59,0.855072463768116,f2f4,0.07692307692307693,3,8.0,0.125,0.3333333333333333,0.5773502691896258,0.5,0.9230769230769231,0.22916666666666666,0.3511751345948129,0.3125
r1b2rk1/ppp2ppp/2n2q2/2p5/2B1P3/2P5/PP3PPP/RN1Q1RK1 w - -,1600-1799,1700,189,67,0.3544973544973545,29,0.15343915343915343,160,0.8465608465608465,f2f4,0.07692307692307693,3,8.0,0.125,0.3333333333333333,0.5773502691896258,0.5,0.9230769230769231,0.22916666666666666,0.3511751345948129,0.3125
r1b2rk1/ppp2ppp/2n2q2/2p5/2B1P3/2P5/PP3PPP/RN1Q1RK1 w - -,1800-1999,1900,183,43,0.23497267759562843,35,0.1912568306010929,148,0.8087431693989071,f2f4,0.07692307692307693,3,8.0,0.125,0.3333333333333333,0.5773502691896258,0.5,0.9230769230769231,0.22916666666666666,0.3511751345948129,0.3125
r1b2rk1/ppp2ppp/2n2q2/2p5/2B1P3/2P5/PP3PPP/RN1Q1RK1 w - -,2000-2199,2100,51,13,0.2549019607843137,17,0.3333333333333333,34,0.6666666666666666,f2f4,0.07692307692307693,3,8.0,0.125,0.3333333333333333,0.5773502691896258,0.5,0.9230769230769231,0.22916666666666666,0.3511751345948129,0.3125
r2qr1k1/pp1nbppp/2p2n2/3p2B1/3P2b1/2PB1N2/PP1N1PPP/R2QR1K1 w - -,1400-1599,1500,39,2,0.05128205128205128,24,0.6153846153846154,15,0.38461538461538464,d1c2,0.3958333333333333,19,8.0,0.125,0.05263157894736842,0.22941573387056174,0.23137821315975915,0.6041666666666667,0.08881578947368421,0.17720786693528087,0.17818910657987957
r2qr1k1/pp1nbppp/2p2n2/3p2B1/3P2b1/2PB1N2/PP1N1PPP/R2QR1K1 w - -,1600-1799,1700,179,8,0.0446927374301676,131,0.7318435754189944,48,0.2681564245810056,d1c2,0.3958333333333333,19,8.0,0.125,0.05263157894736842,0.22941573387056174,0.23137821315975915,0.6041666666666667,0.08881578947368421,0.17720786693528087,0.17818910657987957
r2qr1k1/pp1nbppp/2p2n2/3p2B1/3P2b1/2PB1N2/PP1N1PPP/R2QR1K1 w - -,1800-1999,1900,202,8,0.039603960396039604,157,0.7772277227722773,45,0.22277227722772278,d1c2,0.3958333333333333,19,8.0,0.125,0.05263157894736842,0.22941573387056174,0.23137821315975915,0.6041666666666667,0.08881578947368421,0.17720786693528087,0.17818910657987957
r2qr1k1/pp1nbppp/2p2n2/3p2B1/3P2b1/2PB1N2/PP1N1PPP/R2QR1K1 w - -,2000-2199,2100,66,3,0.045454545454545456,49,0.7424242424242424,17,0.25757575757575757,d1c2,0.3958333333333333,19,8.0,0.125,0.05263157894736842,0.22941573387056174,0.23137821315975915,0.6041666666666667,0.08881578947368421,0.17720786693528087,0.17818910657987957
r2qr1k1/pp1nbppp/2p2n2/3p2B1/3P2b1/2PB1N2/PP1N1PPP/R2QR1K1 w - -,2200-2399,2300,11,0,0.0,10,0.9090909090909091,1,0.09090909090909091,d1c2,0.3958333333333333,19,8.0,0.125,0.05263157894736842,0.22941573387056174,0.23137821315975915,0.6041666666666667,0.08881578947368421,0.17720786693528087,0.17818910657987957
r1bq1rk1/1p2bpp1/p1n1pn1p/3p4/3P3B/2NBPN2/PP3PPP/R2Q1RK1 w - -,1400-1599,1500,47,4,0.0851063829787234,12,0.2553191489361702,35,0.7446808510638298,a1c1,0.5348837209302325,23,6.0,0.0,0.043478260869565216,0.20851441405707477,0.21810429198553155,0.4651162790697675,0.021739130434782608,0.10425720702853739,0.10905214599276578
r1bq1rk1/1p2bpp1/p1n1pn1p/3p4/3P3B/2NBPN2/PP3PPP/R2Q1RK1 w - -,1600-1799,1700,126,12,0.09523809523809523,34,0.2698412698412698,92,0.7301587301587301,a1c1,0.5348837209302325,23,6.0,0.0,0.043478260869565216,0.20851441405707477,0.21810429198553155,0.4651162790697675,0.021739130434782608,0.10425720702853739,0.10905214599276578
r1bq1rk1/1p2bpp1/p1n1pn1p/3p4/3P3B/2NBPN2/PP3PPP/R2Q1RK1 w - -,1800-1999,1900,200,6,0.03,91,0.455,109,0.545,a1c1,0.5348837209302325,23,6.0,0.0,0.043478260869565216,0.20851441405707477,0.21810429198553155,0.4651162790697675,0.021739130434782608,0.10425720702853739,0.10905214599276578
r1bq1rk1/1p2bpp1/p1n1pn1p/3p4/3P3B/2NBPN2/PP3PPP/R2Q1RK1 w - -,2000-2199,2100,105,1,0.009523809523809525,59,0.5619047619047619,46,0.4380952380952381,a1c1,0.5348837209302325,23,6.0,0.0,0.043478260869565216,0.20851441405707477,0.21810429198553155,0.4651162790697675,0.021739130434782608,0.10425720702853739,0.10905214599276578
r1bq1rk1/1p2bpp1/p1n1pn1p/3p4/3P3B/2NBPN2/PP3PPP/R2Q1RK1 w - -,2200-2399,2300,14,0,0.0,9,0.6428571428571429,5,0.35714285714285715,a1c1,0.5348837209302325,23,6.0,0.0,0.043478260869565216,0.20851441405707477,0.21810429198553155,0.4651162790697675,0.021739130434782608,0.10425720702853739,0.10905214599276578
r1bq1rk1/ppp2ppp/1b3n2/3Pp3/2B1P3/2N5/PP3PPP/R1BQ1RK1 w - -,1400-1599,1500,93,29,0.3118279569892473,0,0.0,93,1.0,d1d3,0.5405405405405406,20,22.0,1.0,0.05,0.22360679774997896,0.227670248696953,0.45945945945945943,0.525,0.6118033988749895,0.6138351243484765
r1bq1rk1/ppp2ppp/1b3n2/3Pp3/2B1P3/2N5/PP3PPP/R1BQ1RK1 w - -,1600-1799,1700,171,58,0.3391812865497076,4,0.023391812865497075,167,0.9766081871345029,d1d3,0.5405405405405406,20,22.0,1.0,0.05,0.22360679774997896,0.227670248696953,0.45945945945945943,0.525,0.6118033988749895,0.6138351243484765
r1bq1rk1/ppp2ppp/1b3n2/3Pp3/2B1P3/2N5/PP3PPP/R1BQ1RK1 w - -,1800-1999,1900,152,46,0.3026315789473684,12,0.07894736842105263,140,0.9210526315789473,d1d3,0.5405405405405406,20,22.0,1.0,0.05,0.22360679774997896,0.227670248696953,0.45945945945945943,0.525,0.6118033988749895,0.6138351243484765
r1bq1rk1/ppp2ppp/1b3n2/3Pp3/2B1P3/2N5/PP3PPP/R1BQ1RK1 w - -,2000-2199,2100,27,3,0.1111111111111111,0,0.0,27,1.0,d1d3,0.5405405405405406,20,22.0,1.0,0.05,0.22360679774997896,0.227670248696953,0.45945945945945943,0.525,0.6118033988749895,0.6138351243484765
r2q1rk1/pp2ppbp/1nnp2p1/8/2PP2b1/1PN1BN2/P3BPPP/R2QK2R w KQ -,1400-1599,1500,13,6,0.46153846153846156,1,0.07692307692307693,12,0.9230769230769231,h2h3,0.10810810810810811,4,6.0,0.0,0.25,0.5,0.43067655807339306,0.8918918918918919,0.125,0.25,0.21533827903669653
r2q1rk1/pp2ppbp/1nnp2p1/8/2PP2b1/1PN1BN2/P3BPPP/R2QK2R w KQ -,1600-1799,1700,101,35,0.3465346534653465,17,0.16831683168316833,84,0.8316831683168316,h2h3,0.10810810810810811,4,6.0,0.0,0.25,0.5,0.43067655807339306,0.8918918918918919,0.125,0.25,0.21533827903669653
r2q1rk1/pp2ppbp/1nnp2p1/8/2PP2b1/1PN1BN2/P3BPPP/R2QK2R w KQ -,1800-1999,1900,234,93,0.3974358974358974,27,0.11538461538461539,207,0.8846153846153846,h2h3,0.10810810810810811,4,6.0,0.0,0.25,0.5,0.43067655807339306,0.8918918918918919,0.125,0.25,0.21533827903669653
r2q1rk1/pp2ppbp/1nnp2p1/8/2PP2b1/1PN1BN2/P3BPPP/R2QK2R w KQ -,2000-2199,2100,134,45,0.3358208955223881,13,0.09701492537313433,121,0.9029850746268657,h2h3,0.10810810810810811,4,6.0,0.0,0.25,0.5,0.43067655807339306,0.8918918918918919,0.125,0.25,0.21533827903669653
r2q1rk1/pp2ppbp/1nnp2p1/8/2PP2b1/1PN1BN2/P3BPPP/R2QK2R w KQ -,2200-2399,2300,21,7,0.3333333333333333,2,0.09523809523809523,19,0.9047619047619048,h2h3,0.10810810810810811,4,6.0,0.0,0.25,0.5,0.43067655807339306,0.8918918918918919,0.125,0.25,0.21533827903669653
r2qk2r/p3ppbp/2pp1np1/6B1/4P3/2N5/PPP2PPP/R2Q1RK1 w kq -,1400-1599,1500,179,10,0.055865921787709494,49,0.2737430167597765,130,0.7262569832402235,d1d2,0.5641025641025641,22,14.0,0.5,0.045454545454545456,0.21320071635561041,0.22106472945750374,0.4358974358974359,0.2727272727272727,0.3566003581778052,0.3605323647287519
r2qk2r/p3ppbp/2pp1np1/6B1/4P3/2N5/PPP2PPP/R2Q1RK1 w kq -,1600-1799,1700,159,9,0.05660377358490566,45,0.2830188679245283,114,0.7169811320754716,d1d2,0.5641025641025641,22,14.0,0.5,0.045454545454545456,0.21320071635561041,0.22106472945750374,0.4358974358974359,0.2727272727272727,0.3566003581778052,0.3605323647287519
r2qk2r/p3ppbp/2pp1np1/6B1/4P3/2N5/PPP2PPP/R2Q1RK1 w kq -,1800-1999,1900,59,3,0.05084745762711865,17,0.288135593220339,42,0.711864406779661,d1d2,0.5641025641025641,22,14.0,0.5,0.045454545454545456,0.21320071635561041,0.22106472945750374,0.4358974358974359,0.2727272727272727,0.3566003581778052,0.3605323647287519
r1b2rk1/pp3ppp/5n2/2ppq3/8/2PBP3/PP1N1PPP/R2Q1RK1 w - -,1400-1599,1500,16,0,0.0,0,0.0,16,1.0,f1e1,0.5609756097560976,23,20.0,0.875,0.043478260869565216,0.20851441405707477,0.21810429198553155,0.4390243902439024,0.4592391304347826,0.5417572070285374,0.5465521459927658
r1b2rk1/pp3ppp/5n2/2ppq3/8/2PBP3/PP1N1PPP/R2Q1RK1 w - -,1600-1799,1700,45,1,0.022222222222222223,0,0.0,45,1.0,f1e1,0.5609756097560976,23,20.0,0.875,0.043478260869565216,0.20851441405707477,0.21810429198553155,0.4390243902439024,0.4592391304347826,0.5417572070285374,0.5465521459927658
r1b2rk1/pp3ppp/5n2/2ppq3/8/2PBP3/PP1N1PPP/R2Q1RK1 w - -,1800-1999,1900,164,1,0.006097560975609756,4,0.024390243902439025,160,0.975609756097561,f1e1,0.5609756097560976,23,20.0,0.875,0.043478260869565216,0.20851441405707477,0.21810429198553155,0.4390243902439024,0.4592391304347826,0.5417572070285374,0.5465521459927658
r1b2rk1/pp3ppp/5n2/2ppq3/8/2PBP3/PP1N1PPP/R2Q1RK1 w - -,2000-2199,2100,202,0,0.0,9,0.04455445544554455,193,0.9554455445544554,f1e1,0.5609756097560976,23,20.0,0.875,0.043478260869565216,0.20851441405707477,0.21810429198553155,0.4390243902439024,0.4592391304347826,0.5417572070285374,0.5465521459927658
r1b2rk1/pp3ppp/5n2/2ppq3/8/2PBP3/PP1N1PPP/R2Q1RK1 w - -,2200-2399,2300,61,0,0.0,4,0.06557377049180328,57,0.9344262295081968,f1e1,0.5609756097560976,23,20.0,0.875,0.043478260869565216,0.20851441405707477,0.21810429198553155,0.4390243902439024,0.4592391304347826,0.5417572070285374,0.5465521459927658
r2q1rk1/p1p1b1pp/2pppn2/6B1/4P3/2N5/PPP2PPP/R2Q1RK1 w - -,1400-1599,1500,167,64,0.38323353293413176,3,0.017964071856287425,164,0.9820359281437125,d1d3,0.5384615384615384,21,22.0,1.0,0.047619047619047616,0.2182178902359924,0.22424382421757544,0.46153846153846156,0.5238095238095238,0.6091089451179962,0.6121219121087877
r2q1rk1/p1p1b1pp/2pppn2/6B1/4P3/2N5/PPP2PPP/R2Q1RK1 w - -,1600-1799,1700,197,51,0.25888324873096447,9,0.04568527918781726,188,0.9543147208121827,d1d3,0.5384615384615384,21,22.0,1.0,0.047619047619047616,0.2182178902359924,0.22424382421757544,0.46153846153846156,0.5238095238095238,0.6091089451179962,0.6121219121087877
r2q1rk1/p1p1b1pp/2pppn2/6B1/4P3/2N5/PPP2PPP/R2Q1RK1 w - -,1800-1999,1900,69,14,0.2028985507246377,6,0.08695652173913043,63,0.9130434782608695,d1d3,0.5384615384615384,21,22.0,1.0,0.047619047619047616,0.2182178902359924,0.22424382421757544,0.46153846153846156,0.5238095238095238,0.6091089451179962,0.6121219121087877
r2q1rk1/p1p1b1pp/2pppn2/6B1/4P3/2N5/PPP2PPP/R2Q1RK1 w - -,2000-2199,2100,14,3,0.21428571428571427,2,0.14285714285714285,12,0.8571428571428571,d1d3,0.5384615384615384,21,22.0,1.0,0.047619047619047616,0.2182178902359924,0.22424382421757544,0.46153846153846156,0.5238095238095238,0.6091089451179962,0.6121219121087877
r2q1rk1/ppp2ppp/1nnp1b2/8/2PP2b1/1P3N2/PB2BPPP/RN1Q1RK1 w - -,1600-1799,1700,130,14,0.1076923076923077,22,0.16923076923076924,108,0.8307692307692308,b1a3,0.4074074074074074,11,18.0,0.75,0.09090909090909091,0.30151134457776363,0.27894294565112987,0.5925925925925926,0.42045454545454547,0.5257556722888819,0.5144714728255649
r2q1rk1/ppp2ppp/1nnp1b2/8/2PP2b1/1P3N2/PB2BPPP/RN1Q1RK1 w - -,1800-1999,1900,257,9,0.03501945525291829,42,0.16342412451361868,215,0.8365758754863813,b1a3,0.4074074074074074,11,18.0,0.75,0.09090909090909091,0.30151134457776363,0.27894294565112987,0.5925925925925926,0.42045454545454547,0.5257556722888819,0.5144714728255649
r2q1rk1/ppp2ppp/1nnp1b2/8/2PP2b1/1P3N2/PB2BPPP/RN1Q1RK1 w - -,2000-2199,2100,80,0,0.0,11,0.1375,69,0.8625,b1a3,0.4074074074074074,11,18.0,0.75,0.09090909090909091,0.30151134457776363,0.27894294565112987,0.5925925925925926,0.42045454545454547,0.5257556722888819,0.5144714728255649
r2q1rk1/ppp2ppp/1nnp1b2/8/2PP2b1/1P3N2/PB2BPPP/RN1Q1RK1 w - -,2200-2399,2300,27,0,0.0,4,0.14814814814814814,23,0.8518518518518519,b1a3,0.4074074074074074,11,18.0,0.75,0.09090909090909091,0.30151134457776363,0.27894294565112987,0.5925925925925926,0.42045454545454547,0.5257556722888819,0.5144714728255649
r1b1kb1r/pp3ppp/1q2p3/3pP3/3n4/2N5/PP2BPPP/R1BQ1RK1 w kq -,1400-1599,1500,111,47,0.42342342342342343,62,0.5585585585585585,49,0.44144144144144143,c1e3,0.05405405405405406,2,6.0,0.0,0.5,0.7071067811865475,0.6309297535714575,0.9459459459459459,0.25,0.35355339059327373,0.31546487678572877
r1b1kb1r/pp3ppp/1q2p3/3pP3/3n4/2N5/PP2BPPP/R1BQ1RK1 w kq -,1600-1799,1700,207,75,0.36231884057971014,130,0.6280193236714976,77,0.3719806763285024,c1e3,0.05405405405405406,2,6.0,0.0,0.5,0.7071067811865475,0.6309297535714575,0.9459459459459459,0.25,0.35355339059327373,0.31546487678572877
r1b1kb1r/pp3ppp/1q2p3/3pP3/3n4/2N5/PP2BPPP/R1BQ1RK1 w kq -,1800-1999,1900,137,61,0.44525547445255476,76,0.5547445255474452,61,0.44525547445255476,c1e3,0.05405405405405406,2,6.0,0.0,0.5,0.7071067811865475,0.6309297535714575,0.9459459459459459,0.25,0.35355339059327373,0.31546487678572877
r1b1kb1r/pp3ppp/1q2p3/3pP3/3n4/2N5/PP2BPPP/R1BQ1RK1 w kq -,2000-2199,2100,10,1,0.1,9,0.9,1,0.1,c1e3,0.05405405405405406,2,6.0,0.0,0.5,0.7071067811865475,0.6309297535714575,0.9459459459459459,0.25,0.35355339059327373,0.31546487678572877
r1bqk2r/pp4pp/2nbpn2/3p4/3P4/3B1N2/PP1N1PPP/R1BQ1RK1 w kq -,1600-1799,1700,55,1,0.01818181818181818,36,0.6545454545454545,19,0.34545454545454546,f1e1,0.35294117647058826,12,16.0,0.625,0.08333333333333333,0.2886751345948129,0.27023815442731974,0.6470588235294117,0.3541666666666667,0.45683756729740643,0.4476190772136599
r1bqk2r/pp4pp/2nbpn2/3p4/3P4/3B1N2/PP1N1PPP/R1BQ1RK1 w kq -,1800-1999,1900,214,5,0.02336448598130841,126,0.5887850467289719,88,0.411214953271028,f1e1,0.35294117647058826,12,16.0,0.625,0.08333333333333333,0.2886751345948129,0.27023815442731974,0.6470588235294117,0.3541666666666667,0.45683756729740643,0.4476190772136599
r1bqk2r/pp4pp/2nbpn2/3p4/3P4/3B1N2/PP1N1PPP/R1BQ1RK1 w kq -,2000-2199,2100,189,2,0.010582010582010581,115,0.6084656084656085,74,0.3915343915343915,f1e1,0.35294117647058826,12,16.0,0.625,0.08333333333333333,0.2886751345948129,0.27023815442731974,0.6470588235294117,0.3541666666666667,0.45683756729740643,0.4476190772136599
r1bqk2r/pp4pp/2nbpn2/3p4/3P4/3B1N2/PP1N1PPP/R1BQ1RK1 w kq -,2200-2399,2300,41,0,0.0,23,0.5609756097560976,18,0.43902439024390244,f1e1,0.35294117647058826,12,16.0,0.625,0.08333333333333333,0.2886751345948129,0.27023815442731974,0.6470588235294117,0.3541666666666667,0.45683756729740643,0.4476190772136599
r2q1rk1/pp2bppp/2n1bn2/3pN1B1/2pP4/2N3P1/PP2PPBP/R2Q1RK1 w - -,1600-1799,1700,19,3,0.15789473684210525,3,0.15789473684210525,16,0.8421052631578947,e2e3,0.3333333333333333,16,14.0,0.5,0.0625,0.25,0.24465054211822604,0.6666666666666667,0.28125,0.375,0.372325271059113
r2q1rk1/pp2bppp/2n1bn2/3pN1B1/2pP4/2N3P1/PP2PPBP/R2Q1RK1 w - -,1800-1999,1900,86,17,0.19767441860465115,8,0.09302325581395349,78,0.9069767441860465,e2e3,0.3333333333333333,16,14.0,0.5,0.0625,0.25,0.24465054211822604,0.6666666666666667,0.28125,0.375,0.372325271059113
r2q1rk1/pp2bppp/2n1bn2/3pN1B1/2pP4/2N3P1/PP2PPBP/R2Q1RK1 w - -,2000-2199,2100,202,24,0.1188118811881188,18,0.0891089108910891,184,0.9108910891089109,e2e3,0.3333333333333333,16,14.0,0.5,0.0625,0.25,0.24465054211822604,0.6666666666666667,0.28125,0.375,0.372325271059113
r2q1rk1/pp2bppp/2n1bn2/3pN1B1/2pP4/2N3P1/PP2PPBP/R2Q1RK1 w - -,2200-2399,2300,170,15,0.08823529411764706,11,0.06470588235294118,159,0.9352941176470588,e2e3,0.3333333333333333,16,14.0,0.5,0.0625,0.25,0.24465054211822604,0.6666666666666667,0.28125,0.375,0.372325271059113
r2q1rk1/pp1bppbp/3p1np1/8/2PBP3/2N5/PP2BPPP/R2Q1RK1 w - -,1600-1799,1700,48,5,0.10416666666666667,1,0.020833333333333332,47,0.9791666666666666,d1c2,0.5789473684210527,22,18.0,0.75,0.045454545454545456,0.21320071635561041,0.22106472945750374,0.42105263157894735,0.3977272727272727,0.4816003581778052,0.4855323647287519
r2q1rk1/pp1bppbp/3p1np1/8/2PBP3/2N5/PP2BPPP/R2Q1RK1 w - -,1800-1999,1900,164,4,0.024390243902439025,0,0.0,164,1.0,d1c2,0.5789473684210527,22,18.0,0.75,0.045454545454545456,0.21320071635561041,0.22106472945750374,0.42105263157894735,0.3977272727272727,0.4816003581778052,0.4855323647287519
r2q1rk1/pp1bppbp/3p1np1/8/2PBP3/2N5/PP2BPPP/R2Q1RK1 w - -,2000-2199,2100,188,4,0.02127659574468085,1,0.005319148936170213,187,0.9946808510638298,d1c2,0.5789473684210527,22,18.0,0.75,0.045454545454545456,0.21320071635561041,0.22106472945750374,0.42105263157894735,0.3977272727272727,0.4816003581778052,0.4855323647287519
r2q1rk1/pp1bppbp/3p1np1/8/2PBP3/2N5/PP2BPPP/R2Q1RK1 w - -,2200-2399,2300,75,1,0.013333333333333334,0,0.0,75,1.0,d1c2,0.5789473684210527,22,18.0,0.75,0.045454545454545456,0.21320071635561041,0.22106472945750374,0.42105263157894735,0.3977272727272727,0.4816003581778052,0.4855323647287519
r2qk2r/1p1nbpp1/p2pbn2/4p2p/4P3/1NN1BP2/PPPQ2PP/2KR1B1R w kq -,1600-1799,1700,35,0,0.0,11,0.3142857142857143,24,0.6857142857142857,c1b1,0.325,13,20.0,0.875,0.07692307692307693,0.2773500981126146,0.26264953503719357,0.675,0.47596153846153844,0.5761750490563073,0.5688247675185968
r2qk2r/1p1nbpp1/p2pbn2/4p2p/4P3/1NN1BP2/PPPQ2PP/2KR1B1R w kq -,1800-1999,1900,147,2,0.013605442176870748,47,0.3197278911564626,100,0.6802721088435374,c1b1,0.325,13,20.0,0.875,0.07692307692307693,0.2773500981126146,0.26264953503719357,0.675,0.47596153846153844,0.5761750490563073,0.5688247675185968
r2qk2r/1p1nbpp1/p2pbn2/4p2p/4P3/1NN1BP2/PPPQ2PP/2KR1B1R w kq -,2000-2199,2100,236,6,0.025423728813559324,108,0.4576271186440678,128,0.5423728813559322,c1b1,0.325,13,20.0,0.875,0.07692307692307693,0.2773500981126146,0.26264953503719357,0.675,0.47596153846153844,0.5761750490563073,0.5688247675185968
r2qk2r/1p1nbpp1/p2pbn2/4p2p/4P3/1NN1BP2/PPPQ2PP/2KR1B1R w kq -,2200-2399,2300,70,1,0.014285714285714285,32,0.45714285714285713,38,0.5428571428571428,c1b1,0.325,13,20.0,0.875,0.07692307692307693,0.2773500981126146,0.26264953503719357,0.675,0.47596153846153844,0.5761750490563073,0.5688247675185968
r4rk1/pp1qppbp/2np1np1/8/2PNP3/2N1BP2/PP4PP/R2QK2R w KQ -,1600-1799,1700,20,1,0.05,8,0.4,12,0.6,e1g1,0.2765957446808511,13,18.0,0.75,0.07692307692307693,0.2773500981126146,0.26264953503719357,0.7234042553191489,0.41346153846153844,0.5136750490563073,0.5063247675185968
r4rk1/pp1qppbp/2np1np1/8/2PNP3/2N1BP2/PP4PP/R2QK2R w KQ -,1800-1999,1900,106,0,0.0,60,0.5660377358490566,46,0.4339622641509434,e1g1,0.2765957446808511,13,18.0,0.75,0.07692307692307693,0.2773500981126146,0.26264953503719357,0.7234042553191489,0.41346153846153844,0.5136750490563073,0.5063247675185968
r4rk1/pp1qppbp/2np1np1/8/2PNP3/2N1BP2/PP4PP/R2QK2R w KQ -,2000-2199,2100,179,1,0.00558659217877095,99,0.553072625698324,80,0.44692737430167595,e1g1,0.2765957446808511,13,18.0,0.75,0.07692307692307693,0.2773500981126146,0.26264953503719357,0.7234042553191489,0.41346153846153844,0.5136750490563073,0.5063247675185968
r4rk1/pp1qppbp/2np1np1/8/2PNP3/2N1BP2/PP4PP/R2QK2R w KQ -,2200-2399,2300,150,0,0.0,95,0.6333333333333333,55,0.36666666666666664,e1g1,0.2765957446808511,13,18.0,0.75,0.07692307692307693,0.2773500981126146,0.26264953503719357,0.7234042553191489,0.41346153846153844,0.5136750490563073,0.5063247675185968
2rq1rk1/pp1bppbp/2np1np1/8/2PNP3/2N1BP2/PP1QB1PP/R3K2R w KQ -,1600-1799,1700,68,6,0.08823529411764706,33,0.4852941176470588,35,0.5147058823529411,e1g1,0.25,11,20.0,0.875,0.09090909090909091,0.30151134457776363,0.27894294565112987,0.75,0.48295454545454547,0.5882556722888819,0.5769714728255649
2rq1rk1/pp1bppbp/2np1np1/8/2PNP3/2N1BP2/PP1QB1PP/R3K2R w KQ -,1800-1999,1900,199,6,0.03015075376884422,105,0.5276381909547738,94,0.4723618090452261,e1g1,0.25,11,20.0,0.875,0.09090909090909091,0.30151134457776363,0.27894294565112987,0.75,0.48295454545454547,0.5882556722888819,0.5769714728255649
2rq1rk1/pp1bppbp/2np1np1/8/2PNP3/2N1BP2/PP1QB1PP/R3K2R w KQ -,2000-2199,2100,175,4,0.022857142857142857,116,0.6628571428571428,59,0.33714285714285713,e1g1,0.25,11,20.0,0.875,0.09090909090909091,0.30151134457776363,0.27894294565112987,0.75,0.48295454545454547,0.5882556722888819,0.5769714728255649
2rq1rk1/pp1bppbp/2np1np1/8/2PNP3/2N1BP2/PP1QB1PP/R3K2R w KQ -,2200-2399,2300,49,1,0.02040816326530612,41,0.8367346938775511,8,0.16326530612244897,e1g1,0.25,11,20.0,0.875,0.09090909090909091,0.30151134457776363,0.27894294565112987,0.75,0.48295454545454547,0.5882556722888819,0.5769714728255649
r3k1nr/pp1b1ppp/4p3/3pP3/1b1q4/2NB4/PP3PPP/R1BQ1RK1 w kq -,1400-1599,1500,66,43,0.6515151515151515,23,0.3484848484848485,43,0.6515151515151515,c3b5,0.025,1,12.0,0.375,1.0,1.0,1.0,0.975,0.6875,0.6875,0.6875
r3k1nr/pp1b1ppp/4p3/3pP3/1b1q4/2NB4/PP3PPP/R1BQ1RK1 w kq -,1600-1799,1700,170,74,0.43529411764705883,96,0.5647058823529412,74,0.43529411764705883,c3b5,0.025,1,12.0,0.375,1.0,1.0,1.0,0.975,0.6875,0.6875,0.6875
r3k1nr/pp1b1ppp/4p3/3pP3/1b1q4/2NB4/PP3PPP/R1BQ1RK1 w kq -,1800-1999,1900,201,62,0.30845771144278605,139,0.6915422885572139,62,0.30845771144278605,c3b5,0.025,1,12.0,0.375,1.0,1.0,1.0,0.975,0.6875,0.6875,0.6875
r3k1nr/pp1b1ppp/4p3/3pP3/1b1q4/2NB4/PP3PPP/R1BQ1RK1 w kq -,2000-2199,2100,47,15,0.3191489361702128,32,0.6808510638297872,15,0.3191489361702128,c3b5,0.025,1,12.0,0.375,1.0,1.0,1.0,0.975,0.6875,0.6875,0.6875
r4rk1/ppp2ppp/2n2n2/3q4/3P2b1/2P2N2/P3BPPP/R1BQ1RK1 w - -,1400-1599,1500,18,4,0.2222222222222222,0,0.0,18,1.0,h2h3,0.3870967741935484,12,22.0,1.0,0.08333333333333333,0.2886751345948129,0.27023815442731974,0.6129032258064516,0.5416666666666666,0.6443375672974064,0.6351190772136599
r4rk1/ppp2ppp/2n2n2/3q4/3P2b1/2P2N2/P3BPPP/R1BQ1RK1 w - -,1600-1799,1700,70,8,0.11428571428571428,21,0.3,49,0.7,h2h3,0.3870967741935484,12,22.0,1.0,0.08333333333333333,0.2886751345948129,0.27023815442731974,0.6129032258064516,0.5416666666666666,0.6443375672974064,0.6351190772136599
r4rk1/ppp2ppp/2n2n2/3q4/3P2b1/2P2N2/P3BPPP/R1BQ1RK1 w - -,1800-1999,1900,243,15,0.06172839506172839,87,0.35802469135802467,156,0.6419753086419753,h2h3,0.3870967741935484,12,22.0,1.0,0.08333333333333333,0.2886751345948129,0.27023815442731974,0.6129032258064516,0.5416666666666666,0.6443375672974064,0.6351190772136599
r4rk1/ppp2ppp/2n2n2/3q4/3P2b1/2P2N2/P3BPPP/R1BQ1RK1 w - -,2000-2199,2100,124,3,0.024193548387096774,47,0.3790322580645161,77,0.6209677419354839,h2h3,0.3870967741935484,12,22.0,1.0,0.08333333333333333,0.2886751345948129,0.27023815442731974,0.6129032258064516,0.5416666666666666,0.6443375672974064,0.6351190772136599
r4rk1/ppp2ppp/2n2n2/3q4/3P2b1/2P2N2/P3BPPP/R1BQ1RK1 w - -,2200-2399,2300,27,0,0.0,12,0.4444444444444444,15,0.5555555555555556,h2h3,0.3870967741935484,12,22.0,1.0,0.08333333333333333,0.2886751345948129,0.27023815442731974,0.6129032258064516,0.5416666666666666,0.6443375672974064,0.6351190772136599
rn2kb1r/ppq2ppp/2p1pn2/4N3/3P4/2N4P/PPPBQPP1/R4RK1 b kq -,1400-1599,1500,102,2,0.0196078431372549,51,0.5,51,0.5,b8d7,0.12121212121212122,4,22.0,1.0,0.25,0.5,0.43067655807339306,0.8787878787878788,0.625,0.75,0.7153382790366966
rn2kb1r/ppq2ppp/2p1pn2/4N3/3P4/2N4P/PPPBQPP1/R4RK1 b kq -,1600-1799,1700,222,1,0.0045045045045045045,94,0.42342342342342343,128,0.5765765765765766,b8d7,0.12121212121212122,4,22.0,1.0,0.25,0.5,0.43067655807339306,0.8787878787878788,0.625,0.75,0.7153382790366966
rn2kb1r/ppq2ppp/2p1pn2/4N3/3P4/2N4P/PPPBQPP1/R4RK1 b kq -,1800-1999,1900,136,0,0.0,53,0.3897058823529412,83,0.6102941176470589,b8d7,0.12121212121212122,4,22.0,1.0,0.25,0.5,0.43067655807339306,0.8787878787878788,0.625,0.75,0.7153382790366966
rn2kb1r/ppq2ppp/2p1pn2/4N3/3P4/2N4P/PPPBQPP1/R4RK1 b kq -,2000-2199,2100,18,0,0.0,10,0.5555555555555556,8,0.4444444444444444,b8d7,0.12121212121212122,4,22.0,1.0,0.25,0.5,0.43067655807339306,0.8787878787878788,0.625,0.75,0.7153382790366966
r3k2r/1pp1bppp/p1p1bn2/8/8/5N2/PPPP1PPP/RNB1RK2 w kq -,1400-1599,1500,165,25,0.15151515151515152,38,0.23030303030303031,127,0.7696969696969697,d2d3,0.37037037037037035,10,16.0,0.625,0.1,0.31622776601683794,0.2890648263178879,0.6296296296296297,0.3625,0.470613883008419,0.45703241315894394
r3k2r/1pp1bppp/p1p1bn2/8/8/5N2/PPPP1PPP/RNB1RK2 w kq -,1600-1799,1700,76,8,0.10526315789473684,19,0.25,57,0.75,d2d3,0.37037037037037035,10,16.0,0.625,0.1,0.31622776601683794,0.2890648263178879,0.6296296296296297,0.3625,0.470613883008419,0.45703241315894394
r3k2r/1pp1bppp/p1p1bn2/8/8/5N2/PPPP1PPP/RNB1RK2 w kq -,1800-1999,1900,15,4,0.26666666666666666,3,0.2,12,0.8,d2d3,0.37037037037037035,10,16.0,0.625,0.1,0.31622776601683794,0.2890648263178879,0.6296296296296297,0.3625,0.470613883008419,0.45703241315894394
r3k2r/1pp2ppp/p1p1bn2/2b5/8/5N2/PPPP1PPP/RNB1RK2 w kq -,1400-1599,1500,161,99,0.6149068322981367,40,0.2484472049689441,121,0.7515527950310559,f3g5,0.07407407407407407,2,6.0,0.0,0.5,0.7071067811865475,0.6309297535714575,0.9259259259259259,0.25,0.35355339059327373,0.31546487678572877
r3k2r/1pp2ppp/p1p1bn2/2b5/8/5N2/PPPP1PPP/RNB1RK2 w kq -,1600-1799,1700,54,29,0.5370370370370371,22,0.4074074074074074,32,0.5925925925925926,f3g5,0.07407407407407407,2,6.0,0.0,0.5,0.7071067811865475,0.6309297535714575,0.9259259259259259,0.25,0.35355339059327373,0.31546487678572877
2r1kbnr/pp1b1ppp/1q2p3/3pP3/3P4/2N2N2/PPQ2PPP/R1B1K2R w KQk -,1400-1599,1500,12,0,0.0,6,0.5,6,0.5,e1g1,0.4186046511627907,18,6.0,0.0,0.05555555555555555,0.23570226039551587,0.23540891336663824,0.5813953488372092,0.027777777777777776,0.11785113019775793,0.11770445668331912
2r1kbnr/pp1b1ppp/1q2p3/3pP3/3P4/2N2N2/PPQ2PPP/R1B1K2R w KQk -,1600-1799,1700,106,0,0.0,67,0.6320754716981132,39,0.36792452830188677,e1g1,0.4186046511627907,18,6.0,0.0,0.05555555555555555,0.23570226039551587,0.23540891336663824,0.5813953488372092,0.027777777777777776,0.11785113019775793,0.11770445668331912
2r1kbnr/pp1b1ppp/1q2p3/3pP3/3P4/2N2N2/PPQ2PPP/R1B1K2R w KQk -,1800-1999,1900,265,0,0.0,178,0.6716981132075471,87,0.3283018867924528,e1g1,0.4186046511627907,18,6.0,0.0,0.05555555555555555,0.23570226039551587,0.23540891336663824,0.5813953488372092,0.027777777777777776,0.11785113019775793,0.11770445668331912
2r1kbnr/pp1b1ppp/1q2p3/3pP3/3P4/2N2N2/PPQ2PPP/R1B1K2R w KQk -,2000-2199,2100,102,0,0.0,86,0.8431372549019608,16,0.1568627450980392,e1g1,0.4186046511627907,18,6.0,0.0,0.05555555555555555,0.23570226039551587,0.23540891336663824,0.5813953488372092,0.027777777777777776,0.11785113019775793,0.11770445668331912
2r1kbnr/pp1b1ppp/1q2p3/3pP3/3P4/2N2N2/PPQ2PPP/R1B1K2R w KQk -,2200-2399,2300,10,0,0.0,7,0.7,3,0.3,e1g1,0.4186046511627907,18,6.0,0.0,0.05555555555555555,0.23570226039551587,0.23540891336663824,0.5813953488372092,0.027777777777777776,0.11785113019775793,0.11770445668331912
r1bq1rk1/p4ppp/4pn2/3p4/1b6/2NB4/PPPB1PPP/R2Q1RK1 w - -,1400-1599,1500,101,2,0.019801980198019802,8,0.07920792079207921,93,0.9207920792079208,f1e1,0.575,23,20.0,0.875,0.043478260869565216,0.20851441405707477,0.21810429198553155,0.42500000000000004,0.4592391304347826,0.5417572070285374,0.5465521459927658
r1bq1rk1/p4ppp/4pn2/3p4/1b6/2NB4/PPPB1PPP/R2Q1RK1 w - -,1600-1799,1700,196,4,0.02040816326530612,11,0.05612244897959184,185,0.9438775510204082,f1e1,0.575,23,20.0,0.875,0.043478260869565216,0.20851441405707477,0.21810429198553155,0.42500000000000004,0.4592391304347826,0.5417572070285374,0.5465521459927658
r1bq1rk1/p4ppp/4pn2/3p4/1b6/2NB4/PPPB1PPP/R2Q1RK1 w - -,1800-1999,1900,138,1,0.007246376811594203,14,0.10144927536231885,124,0.8985507246376812,f1e1,0.575,23,20.0,0.875,0.043478260869565216,0.20851441405707477,0.21810429198553155,0.42500000000000004,0.4592391304347826,0.5417572070285374,0.5465521459927658
r1bq1rk1/p4ppp/4pn2/3p4/1b6/2NB4/PPPB1PPP/R2Q1RK1 w - -,2000-2199,2100,29,1,0.034482758620689655,1,0.034482758620689655,28,0.9655172413793104,f1e1,0.575,23,20.0,0.875,0.043478260869565216,0.20851441405707477,0.21810429198553155,0.42500000000000004,0.4592391304347826,0.5417572070285374,0.5465521459927658
r1b2rk1/pp3ppp/2n1pn2/3q4/3P4/2P2N2/P3BPPP/R1BQ1RK1 w - -,1400-1599,1500,22,5,0.22727272727272727,5,0.22727272727272727,17,0.7727272727272727,c3c4,0.625,20,18.0,0.75,0.05,0.22360679774997896,0.227670248696953,0.375,0.4,0.48680339887498947,0.4888351243484765
r1b2rk1/pp3ppp/2n1pn2/3q4/3P4/2P2N2/P3BPPP/R1BQ1RK1 w - -,1600-1799,1700,114,18,0.15789473684210525,38,0.3333333333333333,76,0.6666666666666666,c3c4,0.625,20,18.0,0.75,0.05,0.22360679774997896,0.227670248696953,0.375,0.4,0.48680339887498947,0.4888351243484765
r1b2rk1/pp3ppp/2n1pn2/3q4/3P4/2P2N2/P3BPPP/R1BQ1RK1 w - -,1800-1999,1900,225,27,0.12,62,0.27555555555555555,163,0.7244444444444444,c3c4,0.625,20,18.0,0.75,0.05,0.22360679774997896,0.227670248696953,0.375,0.4,0.48680339887498947,0.4888351243484765
r1b2rk1/pp3ppp/2n1pn2/3q4/3P4/2P2N2/P3BPPP/R1BQ1RK1 w - -,2000-2199,2100,104,8,0.07692307692307693,32,0.3076923076923077,72,0.6923076923076923,c3c4,0.625,20,18.0,0.75,0.05,0.22360679774997896,0.227670248696953,0.375,0.4,0.48680339887498947,0.4888351243484765
r1b2rk1/pp3ppp/2n1pn2/3q4/3P4/2P2N2/P3BPPP/R1BQ1RK1 w - -,2200-2399,2300,25,3,0.12,6,0.24,19,0.76,c3c4,0.625,20,18.0,0.75,0.05,0.22360679774997896,0.227670248696953,0.375,0.4,0.48680339887498947,0.4888351243484765
r1bq1rk1/p2nppbp/2p3p1/3pP3/5P2/2N1B3/PPP1B1PP/R2Q1RK1 b - f3,1600-1799,1700,59,3,0.05084745762711865,37,0.6271186440677966,22,0.3728813559322034,e7e6,0.4642857142857143,13,22.0,1.0,0.07692307692307693,0.2773500981126146,0.26264953503719357,0.5357142857142857,0.5384615384615384,0.6386750490563073,0.6313247675185968
r1bq1rk1/p2nppbp/2p3p1/3pP3/5P2/2N1B3/PPP1B1PP/R2Q1RK1 b - f3,1800-1999,1900,200,2,0.01,153,0.765,47,0.235,e7e6,0.4642857142857143,13,22.0,1.0,0.07692307692307693,0.2773500981126146,0.26264953503719357,0.5357142857142857,0.5384615384615384,0.6386750490563073,0.6313247675185968
r1bq1rk1/p2nppbp/2p3p1/3pP3/5P2/2N1B3/PPP1B1PP/R2Q1RK1 b - f3,2000-2199,2100,201,2,0.009950248756218905,168,0.835820895522388,33,0.16417910447761194,e7e6,0.4642857142857143,13,22.0,1.0,0.07692307692307693,0.2773500981126146,0.26264953503719357,0.5357142857142857,0.5384615384615384,0.6386750490563073,0.6313247675185968
r1bq1rk1/p2nppbp/2p3p1/3pP3/5P2/2N1B3/PPP1B1PP/R2Q1RK1 b - f3,2200-2399,2300,28,0,0.0,23,0.8214285714285714,5,0.17857142857142858,e7e6,0.4642857142857143,13,22.0,1.0,0.07692307692307693,0.2773500981126146,0.26264953503719357,0.5357142857142857,0.5384615384615384,0.6386750490563073,0.6313247675185968
r2q1rk1/1p1bppbp/p1np1np1/8/2PNP3/2N1B3/PP1QBPPP/R4RK1 w - -,1400-1599,1500,20,2,0.1,1,0.05,19,0.95,d4c2,0.5,23,12.0,0.375,0.043478260869565216,0.20851441405707477,0.21810429198553155,0.5,0.2092391304347826,0.29175720702853736,0.2965521459927658
r2q1rk1/1p1bppbp/p1np1np1/8/2PNP3/2N1B3/PP1QBPPP/R4RK1 w - -,1600-1799,1700,104,6,0.057692307692307696,1,0.009615384615384616,103,0.9903846153846154,d4c2,0.5,23,12.0,0.375,0.043478260869565216,0.20851441405707477,0.21810429198553155,0.5,0.2092391304347826,0.29175720702853736,0.2965521459927658
r2q1rk1/1p1bppbp/p1np1np1/8/2PNP3/2N1B3/PP1QBPPP/R4RK1 w - -,1800-1999,1900,186,2,0.010752688172043012,5,0.026881720430107527,181,0.9731182795698925,d4c2,0.5,23,12.0,0.375,0.043478260869565216,0.20851441405707477,0.21810429198553155,0.5,0.2092391304347826,0.29175720702853736,0.2965521459927658
r2q1rk1/1p1bppbp/p1np1np1/8/2PNP3/2N1B3/PP1QBPPP/R4RK1 w - -,2000-2199,2100,141,0,0.0,2,0.014184397163120567,139,0.9858156028368794,d4c2,0.5,23,12.0,0.375,0.043478260869565216,0.20851441405707477,0.21810429198553155,0.5,0.2092391304347826,0.29175720702853736,0.2965521459927658
r2q1rk1/1p1bppbp/p1np1np1/8/2PNP3/2N1B3/PP1QBPPP/R4RK1 w - -,2200-2399,2300,41,0,0.0,1,0.024390243902439025,40,0.975609756097561,d4c2,0.5,23,12.0,0.375,0.043478260869565216,0.20851441405707477,0.21810429198553155,0.5,0.2092391304347826,0.29175720702853736,0.2965521459927658
r1bq1rk1/1p1n1pbp/p2p1np1/2pP4/P7/2N2NP1/1P2PPBP/R1BQ1RK1 w - -,1600-1799,1700,26,0,0.0,6,0.23076923076923078,20,0.7692307692307693,c1f4,0.2777777777777778,10,6.0,0.0,0.1,0.31622776601683794,0.2890648263178879,0.7222222222222222,0.05,0.15811388300841897,0.14453241315894394
r1bq1rk1/1p1n1pbp/p2p1np1/2pP4/P7/2N2NP1/1P2PPBP/R1BQ1RK1 w - -,1800-1999,1900,121,6,0.049586776859504134,32,0.2644628099173554,89,0.7355371900826446,c1f4,0.2777777777777778,10,6.0,0.0,0.1,0.31622776601683794,0.2890648263178879,0.7222222222222222,0.05,0.15811388300841897,0.14453241315894394
r1bq1rk1/1p1n1pbp/p2p1np1/2pP4/P7/2N2NP1/1P2PPBP/R1BQ1RK1 w - -,2000-2199,2100,226,7,0.030973451327433628,79,0.3495575221238938,147,0.6504424778761062,c1f4,0.2777777777777778,10,6.0,0.0,0.1,0.31622776601683794,0.2890648263178879,0.7222222222222222,0.05,0.15811388300841897,0.14453241315894394
r1bq1rk1/1p1n1pbp/p2p1np1/2pP4/P7/2N2NP1/1P2PPBP/R1BQ1RK1 w - -,2200-2399,2300,107,0,0.0,48,0.4485981308411215,59,0.5514018691588785,c1f4,0.2777777777777778,10,6.0,0.0,0.1,0.31622776601683794,0.2890648263178879,0.7222222222222222,0.05,0.15811388300841897,0.14453241315894394
r1bqk2r/4bppp/p1np1n2/1p1Np1B1/4P3/N7/PPP2PPP/R2QKB1R w KQkq -,1600-1799,1700,21,4,0.19047619047619047,12,0.5714285714285714,9,0.42857142857142855,g5f6,0.043478260869565216,2,6.0,0.0,0.5,0.7071067811865475,0.6309297535714575,0.9565217391304348,0.25,0.35355339059327373,0.31546487678572877
r1bqk2r/4bppp/p1np1n2/1p1Np1B1/4P3/N7/PPP2PPP/R2QKB1R w KQkq -,1800-1999,1900,121,3,0.024793388429752067,109,0.9008264462809917,12,0.09917355371900827,g5f6,0.043478260869565216,2,6.0,0.0,0.5,0.7071067811865475,0.6309297535714575,0.9565217391304348,0.25,0.35355339059327373,0.31546487678572877
r1bqk2r/4bppp/p1np1n2/1p1Np1B1/4P3/N7/PPP2PPP/R2QKB1R w KQkq -,2000-2199,2100,231,4,0.017316017316017316,208,0.9004329004329005,23,0.09956709956709957,g5f6,0.043478260869565216,2,6.0,0.0,0.5,0.7071067811865475,0.6309297535714575,0.9565217391304348,0.25,0.35355339059327373,0.31546487678572877
r1bqk2r/4bppp/p1np1n2/1p1Np1B1/4P3/N7/PPP2PPP/R2QKB1R w KQkq -,2200-2399,2300,98,0,0.0,97,0.9897959183673469,1,0.01020408163265306,g5f6,0.043478260869565216,2,6.0,0.0,0.5,0.7071067811865475,0.6309297535714575,0.9565217391304348,0.25,0.35355339059327373,0.31546487678572877
2r1kb1r/pp1b1ppp/1qn1p3/3pPn2/1P1P4/P4N2/1B2BPPP/RN1Q1RK1 b k -,1400-1599,1500,26,5,0.19230769230769232,18,0.6923076923076923,8,0.3076923076923077,f8e7,0.1,4,6.0,0.0,0.25,0.5,0.43067655807339306,0.9,0.125,0.25,0.21533827903669653
2r1kb1r/pp1b1ppp/1qn1p3/3pPn2/1P1P4/P4N2/1B2BPPP/RN1Q1RK1 b k -,1600-1799,1700,183,66,0.36065573770491804,90,0.4918032786885246,93,0.5081967213114754,f8e7,0.1,4,6.0,0.0,0.25,0.5,0.43067655807339306,0.9,0.125,0.25,0.21533827903669653
2r1kb1r/pp1b1ppp/1qn1p3/3pPn2/1P1P4/P4N2/1B2BPPP/RN1Q1RK1 b k -,1800-1999,1900,189,60,0.31746031746031744,100,0.5291005291005291,89,0.4708994708994709,f8e7,0.1,4,6.0,0.0,0.25,0.5,0.43067655807339306,0.9,0.125,0.25,0.21533827903669653
2r1kb1r/pp1b1ppp/1qn1p3/3pPn2/1P1P4/P4N2/1B2BPPP/RN1Q1RK1 b k -,2000-2199,2100,81,31,0.38271604938271603,38,0.4691358024691358,43,0.5308641975308642,f8e7,0.1,4,6.0,0.0,0.25,0.5,0.43067655807339306,0.9,0.125,0.25,0.21533827903669653
2r1kb1r/pp1b1ppp/1qn1p3/3pPn2/1P1P4/P4N2/1B2BPPP/RN1Q1RK1 b k -,2200-2399,2300,13,5,0.38461538461538464,7,0.5384615384615384,6,0.46153846153846156,f8e7,0.1,4,6.0,0.0,0.25,0.5,0.43067655807339306,0.9,0.125,0.25,0.21533827903669653
r1b2rk1/p1qnbppp/2n1p3/1pppP3/8/3P1NP1/PPPNQPBP/R1B1R1K1 w - b6,1600-1799,1700,34,0,0.0,18,0.5294117647058824,16,0.47058823529411764,d2f1,0.3,9,12.0,0.375,0.1111111111111111,0.3333333333333333,0.3010299956639812,0.7,0.24305555555555555,0.35416666666666663,0.3380149978319906
r1b2rk1/p1qnbppp/2n1p3/1pppP3/8/3P1NP1/PPPNQPBP/R1B1R1K1 w - b6,1800-1999,1900,140,1,0.007142857142857143,78,0.5571428571428572,62,0.44285714285714284,d2f1,0.3,9,12.0,0.375,0.1111111111111111,0.3333333333333333,0.3010299956639812,0.7,0.24305555555555555,0.35416666666666663,0.3380149978319906
r1b2rk1/p1qnbppp/2n1p3/1pppP3/8/3P1NP1/PPPNQPBP/R1B1R1K1 w - b6,2000-2199,2100,195,5,0.02564102564102564,99,0.5076923076923077,96,0.49230769230769234,d2f1,0.3,9,12.0,0.375,0.1111111111111111,0.3333333333333333,0.3010299956639812,0.7,0.24305555555555555,0.35416666666666663,0.3380149978319906
r1b2rk1/p1qnbppp/2n1p3/1pppP3/8/3P1NP1/PPPNQPBP/R1B1R1K1 w - b6,2200-2399,2300,108,3,0.027777777777777776,67,0.6203703703703703,41,0.37962962962962965,d2f1,0.3,9,12.0,0.375,0.1111111111111111,0.3333333333333333,0.3010299956639812,0.7,0.24305555555555555,0.35416666666666663,0.3380149978319906
r1bqk2r/pp1n1ppp/4p3/3pP3/3Q1P2/2N5/PPP3PP/R3KB1R b KQkq -,1600-1799,1700,30,0,0.0,18,0.6,12,0.4,d8b6,0.3793103448275862,11,12.0,0.375,0.09090909090909091,0.30151134457776363,0.27894294565112987,0.6206896551724138,0.23295454545454547,0.3382556722888818,0.32697147282556493
r1bqk2r/pp1n1ppp/4p3/3pP3/3Q1P2/2N5/PPP3PP/R3KB1R b KQkq -,1800-1999,1900,149,2,0.013422818791946308,109,0.7315436241610739,40,0.2684563758389262,d8b6,0.3793103448275862,11,12.0,0.375,0.09090909090909091,0.30151134457776363,0.27894294565112987,0.6206896551724138,0.23295454545454547,0.3382556722888818,0.32697147282556493
r1bqk2r/pp1n1ppp/4p3/3pP3/3Q1P2/2N5/PPP3PP/R3KB1R b KQkq -,2000-2199,2100,203,1,0.0049261083743842365,177,0.8719211822660099,26,0.12807881773399016,d8b6,0.3793103448275862,11,12.0,0.375,0.09090909090909091,0.30151134457776363,0.27894294565112987,0.6206896551724138,0.23295454545454547,0.3382556722888818,0.32697147282556493
r1bqk2r/pp1n1ppp/4p3/3pP3/3Q1P2/2N5/PPP3PP/R3KB1R b KQkq -,2200-2399,2300,87,0,0.0,80,0.9195402298850575,7,0.08045977011494253,d8b6,0.3793103448275862,11,12.0,0.375,0.09090909090909091,0.30151134457776363,0.27894294565112987,0.6206896551724138,0.23295454545454547,0.3382556722888818,0.32697147282556493
r1bq1rk1/1pp1bpp1/p2p1n1p/4p3/4P3/1PNPBN1P/1PP2PP1/R2Q1RK1 w - -,1400-1599,1500,88,14,0.1590909090909091,12,0.13636363636363635,76,0.8636363636363636,d3d4,0.4523809523809524,19,8.0,0.125,0.05263157894736842,0.22941573387056174,0.23137821315975915,0.5476190476190477,0.08881578947368421,0.17720786693528087,0.17818910657987957
r1bq1rk1/1pp1bpp1/p2p1n1p/4p3/4P3/1PNPBN1P/1PP2PP1/R2Q1RK1 w - -,1600-1799,1700,202,17,0.08415841584158416,29,0.14356435643564355,173,0.8564356435643564,d3d4,0.4523809523809524,19,8.0,0.125,0.05263157894736842,0.22941573387056174,0.23137821315975915,0.5476190476190477,0.08881578947368421,0.17720786693528087,0.17818910657987957
r1bq1rk1/1pp1bpp1/p2p1n1p/4p3/4P3/1PNPBN1P/1PP2PP1/R2Q1RK1 w - -,1800-1999,1900,150,9,0.06,29,0.19333333333333333,121,0.8066666666666666,d3d4,0.4523809523809524,19,8.0,0.125,0.05263157894736842,0.22941573387056174,0.23137821315975915,0.5476190476190477,0.08881578947368421,0.17720786693528087,0.17818910657987957
r1bq1rk1/1pp1bpp1/p2p1n1p/4p3/4P3/1PNPBN1P/1PP2PP1/R2Q1RK1 w - -,2000-2199,2100,26,0,0.0,9,0.34615384615384615,17,0.6538461538461539,d3d4,0.4523809523809524,19,8.0,0.125,0.05263157894736842,0.22941573387056174,0.23137821315975915,0.5476190476190477,0.08881578947368421,0.17720786693528087,0.17818910657987957
r2q1rk1/pp2ppbp/3pbnp1/8/2BBP3/2N2P2/PPPQ2PP/R3K2R w KQ -,1400-1599,1500,19,0,0.0,17,0.8947368421052632,2,0.10526315789473684,c4e6,0.15384615384615385,8,16.0,0.625,0.125,0.35355339059327373,0.31546487678572877,0.8461538461538461,0.375,0.48927669529663687,0.4702324383928644
r2q1rk1/pp2ppbp/3pbnp1/8/2BBP3/2N2P2/PPPQ2PP/R3K2R w KQ -,1600-1799,1700,69,0,0.0,41,0.5942028985507246,28,0.4057971014492754,c4e6,0.15384615384615385,8,16.0,0.625,0.125,0.35355339059327373,0.31546487678572877,0.8461538461538461,0.375,0.48927669529663687,0.4702324383928644
r2q1rk1/pp2ppbp/3pbnp1/8/2BBP3/2N2P2/PPPQ2PP/R3K2R w KQ -,1800-1999,1900,215,1,0.004651162790697674,134,0.6232558139534884,81,0.3767441860465116,c4e6,0.15384615384615385,8,16.0,0.625,0.125,0.35355339059327373,0.31546487678572877,0.8461538461538461,0.375,0.48927669529663687,0.4702324383928644
r2q1rk1/pp2ppbp/3pbnp1/8/2BBP3/2N2P2/PPPQ2PP/R3K2R w KQ -,2000-2199,2100,136,0,0.0,64,0.47058823529411764,72,0.5294117647058824,c4e6,0.15384615384615385,8,16.0,0.625,0.125,0.35355339059327373,0.31546487678572877,0.8461538461538461,0.375,0.48927669529663687,0.4702324383928644
r2q1rk1/pp2ppbp/3pbnp1/8/2BBP3/2N2P2/PPPQ2PP/R3K2R w KQ -,2200-2399,2300,40,0,0.0,13,0.325,27,0.675,c4e6,0.15384615384615385,8,16.0,0.625,0.125,0.35355339059327373,0.31546487678572877,0.8461538461538461,0.375,0.48927669529663687,0.4702324383928644
r1b1k2r/1pqnbpp1/p2ppn1p/6B1/3NPP2/2NB1Q2/PPP3PP/2KR3R w kq -,1600-1799,1700,15,3,0.2,2,0.13333333333333333,13,0.8666666666666667,f3h3,0.043478260869565216,2,14.0,0.5,0.5,0.7071067811865475,0.6309297535714575,0.9565217391304348,0.5,0.6035533905932737,0.5654648767857288
r1b1k2r/1pqnbpp1/p2ppn1p/6B1/3NPP2/2NB1Q2/PPP3PP/2KR3R w kq -,1800-1999,1900,135,29,0.21481481481481482,5,0.037037037037037035,130,0.9629629629629629,f3h3,0.043478260869565216,2,14.0,0.5,0.5,0.7071067811865475,0.6309297535714575,0.9565217391304348,0.5,0.6035533905932737,0.5654648767857288
r1b1k2r/1pqnbpp1/p2ppn1p/6B1/3NPP2/2NB1Q2/PPP3PP/2KR3R w kq -,2000-2199,2100,249,67,0.26907630522088355,21,0.08433734939759036,228,0.9156626506024096,f3h3,0.043478260869565216,2,14.0,0.5,0.5,0.7071067811865475,0.6309297535714575,0.9565217391304348,0.5,0.6035533905932737,0.5654648767857288
r1b1k2r/1pqnbpp1/p2ppn1p/6B1/3NPP2/2NB1Q2/PPP3PP/2KR3R w kq -,2200-2399,2300,74,14,0.1891891891891892,8,0.10810810810810811,66,0.8918918918918919,f3h3,0.043478260869565216,2,14.0,0.5,0.5,0.7071067811865475,0.6309297535714575,0.9565217391304348,0.5,0.6035533905932737,0.5654648767857288
rnb2rk1/pp2ppbp/6p1/q7/3PP3/5N2/P3BPPP/1RBQK2R w K -,1800-1999,1900,87,0,0.0,52,0.5977011494252874,35,0.40229885057471265,c1d2,0.4,2,10.0,0.25,0.5,0.7071067811865475,0.6309297535714575,0.6,0.375,0.47855339059327373,0.44046487678572877
rnb2rk1/pp2ppbp/6p1/q7/3PP3/5N2/P3BPPP/1RBQK2R w K -,2000-2199,2100,209,1,0.004784688995215311,133,0.6363636363636364,76,0.36363636363636365,c1d2,0.4,2,10.0,0.25,0.5,0.7071067811865475,0.6309297535714575,0.6,0.375,0.47855339059327373,0.44046487678572877
rnb2rk1/pp2ppbp/6p1/q7/3PP3/5N2/P3BPPP/1RBQK2R w K -,2200-2399,2300,152,0,0.0,93,0.6118421052631579,59,0.3881578947368421,c1d2,0.4,2,10.0,0.25,0.5,0.7071067811865475,0.6309297535714575,0.6,0.375,0.47855339059327373,0.44046487678572877
r2q1rk1/1p1nbppp/p2pbn2/4p3/4P3/1NN1BP2/PPPQB1PP/R3K2R w KQ -,1400-1599,1500,23,12,0.5217391304347826,0,0.0,23,1.0,a2a4,0.06382978723404255,3,22.0,1.0,0.3333333333333333,0.5773502691896258,0.5,0.9361702127659575,0.6666666666666666,0.7886751345948129,0.75
r2q1rk1/1p1nbppp/p2pbn2/4p3/4P3/1NN1BP2/PPPQB1PP/R3K2R w KQ -,1600-1799,1700,126,93,0.7380952380952381,1,0.007936507936507936,125,0.9920634920634921,a2a4,0.06382978723404255,3,22.0,1.0,0.3333333333333333,0.5773502691896258,0.5,0.9361702127659575,0.6666666666666666,0.7886751345948129,0.75
r2q1rk1/1p1nbppp/p2pbn2/4p3/4P3/1NN1BP2/PPPQB1PP/R3K2R w KQ -,1800-1999,1900,224,161,0.71875,1,0.004464285714285714,223,0.9955357142857143,a2a4,0.06382978723404255,3,22.0,1.0,0.3333333333333333,0.5773502691896258,0.5,0.9361702127659575,0.6666666666666666,0.7886751345948129,0.75
r2q1rk1/1p1nbppp/p2pbn2/4p3/4P3/1NN1BP2/PPPQB1PP/R3K2R w KQ -,2000-2199,2100,89,55,0.6179775280898876,2,0.02247191011235955,87,0.9775280898876404,a2a4,0.06382978723404255,3,22.0,1.0,0.3333333333333333,0.5773502691896258,0.5,0.9361702127659575,0.6666666666666666,0.7886751345948129,0.75
r2q1rk1/1p1nbppp/p2pbn2/4p3/4P3/1NN1BP2/PPPQB1PP/R3K2R w KQ -,2200-2399,2300,13,12,0.9230769230769231,0,0.0,13,1.0,a2a4,0.06382978723404255,3,22.0,1.0,0.3333333333333333,0.5773502691896258,0.5,0.9361702127659575,0.6666666666666666,0.7886751345948129,0.75
r4rk1/pppqbppp/3p1n2/8/3QP3/2N4P/PPP2PP1/R1B2RK1 w - -,1400-1599,1500,138,29,0.21014492753623187,3,0.021739130434782608,135,0.9782608695652174,f1d1,0.525,21,22.0,1.0,0.047619047619047616,0.2182178902359924,0.22424382421757544,0.475,0.5238095238095238,0.6091089451179962,0.6121219121087877
r4rk1/pppqbppp/3p1n2/8/3QP3/2N4P/PPP2PP1/R1B2RK1 w - -,1600-1799,1700,172,20,0.11627906976744186,7,0.040697674418604654,165,0.9593023255813954,f1d1,0.525,21,22.0,1.0,0.047619047619047616,0.2182178902359924,0.22424382421757544,0.475,0.5238095238095238,0.6091089451179962,0.6121219121087877
r4rk1/pppqbppp/3p1n2/8/3QP3/2N4P/PPP2PP1/R1B2RK1 w - -,1800-1999,1900,96,9,0.09375,2,0.020833333333333332,94,0.9791666666666666,f1d1,0.525,21,22.0,1.0,0.047619047619047616,0.2182178902359924,0.22424382421757544,0.475,0.5238095238095238,0.6091089451179962,0.6121219121087877
r4rk1/pppqbppp/3p1n2/8/3QP3/2N4P/PPP2PP1/R1B2RK1 w - -,2000-2199,2100,17,2,0.11764705882352941,2,0.11764705882352941,15,0.8823529411764706,f1d1,0.525,21,22.0,1.0,0.047619047619047616,0.2182178902359924,0.22424382421757544,0.475,0.5238095238095238,0.6091089451179962,0.6121219121087877
r1bqnrk1/pp2bppp/2npp3/4P3/2B5/2N2N2/PP2QPPP/R1BR2K1 w - -,1400-1599,1500,42,15,0.35714285714285715,27,0.6428571428571429,15,0.35714285714285715,e5d6,0.02127659574468085,1,6.0,0.0,1.0,1.0,1.0,0.9787234042553191,0.5,0.5,0.5
r1bqnrk1/pp2bppp/2npp3/4P3/2B5/2N2N2/PP2QPPP/R1BR2K1 w - -,1600-1799,1700,166,31,0.18674698795180722,135,0.8132530120481928,31,0.18674698795180722,e5d6,0.02127659574468085,1,6.0,0.0,1.0,1.0,1.0,0.9787234042553191,0.5,0.5,0.5
r1bqnrk1/pp2bppp/2npp3/4P3/2B5/2N2N2/PP2QPPP/R1BR2K1 w - -,1800-1999,1900,213,37,0.17370892018779344,176,0.8262910798122066,37,0.17370892018779344,e5d6,0.02127659574468085,1,6.0,0.0,1.0,1.0,1.0,0.9787234042553191,0.5,0.5,0.5
r1bqnrk1/pp2bppp/2npp3/4P3/2B5/2N2N2/PP2QPPP/R1BR2K1 w - -,2000-2199,2100,50,9,0.18,41,0.82,9,0.18,e5d6,0.02127659574468085,1,6.0,0.0,1.0,1.0,1.0,0.9787234042553191,0.5,0.5,0.5
r1b4r/ppp2kpp/2n2n2/8/4P3/8/PB1N1PPP/R3K1NR w KQ -,1400-1599,1500,36,5,0.1388888888888889,0,0.0,36,1.0,a2a3,0.23333333333333334,7,14.0,0.5,0.14285714285714285,0.3779644730092272,0.3333333333333333,0.7666666666666666,0.3214285714285714,0.4389822365046136,0.41666666666666663
r1b4r/ppp2kpp/2n2n2/8/4P3/8/PB1N1PPP/R3K1NR w KQ -,1600-1799,1700,155,34,0.21935483870967742,0,0.0,155,1.0,a2a3,0.23333333333333334,7,14.0,0.5,0.14285714285714285,0.3779644730092272,0.3333333333333333,0.7666666666666666,0.3214285714285714,0.4389822365046136,0.41666666666666663
r1b4r/ppp2kpp/2n2n2/8/4P3/8/PB1N1PPP/R3K1NR w KQ -,1800-1999,1900,222,40,0.18018018018018017,6,0.02702702702702703,216,0.972972972972973,a2a3,0.23333333333333334,7,14.0,0.5,0.14285714285714285,0.3779644730092272,0.3333333333333333,0.7666666666666666,0.3214285714285714,0.4389822365046136,0.41666666666666663
r1b4r/ppp2kpp/2n2n2/8/4P3/8/PB1N1PPP/R3K1NR w KQ -,2000-2199,2100,55,11,0.2,1,0.01818181818181818,54,0.9818181818181818,a2a3,0.23333333333333334,7,14.0,0.5,0.14285714285714285,0.3779644730092272,0.3333333333333333,0.7666666666666666,0.3214285714285714,0.4389822365046136,0.41666666666666663
r2q1rk1/pb1nbppp/1pn1p3/2ppP3/8/3P1NP1/PPP2PBP/R1BQRNK1 w - -,1600-1799,1700,48,0,0.0,33,0.6875,15,0.3125,h2h4,0.3,9,18.0,0.75,0.1111111111111111,0.3333333333333333,0.3010299956639812,0.7,0.4305555555555556,0.5416666666666666,0.5255149978319906
r2q1rk1/pb1nbppp/1pn1p3/2ppP3/8/3P1NP1/PPP2PBP/R1BQRNK1 w - -,1800-1999,1900,152,0,0.0,113,0.743421052631579,39,0.2565789473684211,h2h4,0.3,9,18.0,0.75,0.1111111111111111,0.3333333333333333,0.3010299956639812,0.7,0.4305555555555556,0.5416666666666666,0.5255149978319906
r2q1rk1/pb1nbppp/1pn1p3/2ppP3/8/3P1NP1/PPP2PBP/R1BQRNK1 w - -,2000-2199,2100,192,0,0.0,151,0.7864583333333334,41,0.21354166666666666,h2h4,0.3,9,18.0,0.75,0.1111111111111111,0.3333333333333333,0.3010299956639812,0.7,0.4305555555555556,0.5416666666666666,0.5255149978319906
r2q1rk1/pb1nbppp/1pn1p3/2ppP3/8/3P1NP1/PPP2PBP/R1BQRNK1 w - -,2200-2399,2300,72,0,0.0,61,0.8472222222222222,11,0.1527777777777778,h2h4,0.3,9,18.0,0.75,0.1111111111111111,0.3333333333333333,0.3010299956639812,0.7,0.4305555555555556,0.5416666666666666,0.5255149978319906
r1bq1rk1/2p1bppp/p2p1n2/np6/3PP3/1B3N2/PP3PPP/RNBQR1K1 w - -,1400-1599,1500,105,16,0.1523809523809524,88,0.8380952380952381,17,0.1619047619047619,b3c2,0.08571428571428572,3,6.0,0.0,0.3333333333333333,0.5773502691896258,0.5,0.9142857142857143,0.16666666666666666,0.2886751345948129,0.25
r1bq1rk1/2p1bppp/p2p1n2/np6/3PP3/1B3N2/PP3PPP/RNBQR1K1 w - -,1600-1799,1700,204,18,0.08823529411764706,185,0.9068627450980392,19,0.09313725490196079,b3c2,0.08571428571428572,3,6.0,0.0,0.3333333333333333,0.5773502691896258,0.5,0.9142857142857143,0.16666666666666666,0.2886751345948129,0.25
r1bq1rk1/2p1bppp/p2p1n2/np6/3PP3/1B3N2/PP3PPP/RNBQR1K1 w - -,1800-1999,1900,104,9,0.08653846153846154,93,0.8942307692307693,11,0.10576923076923077,b3c2,0.08571428571428572,3,6.0,0.0,0.3333333333333333,0.5773502691896258,0.5,0.9142857142857143,0.16666666666666666,0.2886751345948129,0.25
r1bq1rk1/2p1bppp/p2p1n2/np6/3PP3/1B3N2/PP3PPP/RNBQR1K1 w - -,2000-2199,2100,28,0,0.0,28,1.0,0,0.0,b3c2,0.08571428571428572,3,6.0,0.0,0.3333333333333333,0.5773502691896258,0.5,0.9142857142857143,0.16666666666666666,0.2886751345948129,0.25
rn1q1rk1/pp2n1pp/2pb1p2/3p4/3P3B/2NQ1N2/PPP2PPP/R3R1K1 b - -,1400-1599,1500,63,1,0.015873015873015872,5,0.07936507936507936,58,0.9206349206349206,b8a6,0.5454545454545454,18,18.0,0.75,0.05555555555555555,0.23570226039551587,0.23540891336663824,0.4545454545454546,0.4027777777777778,0.49285113019775795,0.49270445668331914
rn1q1rk1/pp2n1pp/2pb1p2/3p4/3P3B/2NQ1N2/PPP2PPP/R3R1K1 b - -,1600-1799,1700,194,3,0.015463917525773196,21,0.10824742268041238,173,0.8917525773195877,b8a6,0.5454545454545454,18,18.0,0.75,0.05555555555555555,0.23570226039551587,0.23540891336663824,0.4545454545454546,0.4027777777777778,0.49285113019775795,0.49270445668331914
rn1q1rk1/pp2n1pp/2pb1p2/3p4/3P3B/2NQ1N2/PPP2PPP/R3R1K1 b - -,1800-1999,1900,171,3,0.017543859649122806,23,0.13450292397660818,148,0.8654970760233918,b8a6,0.5454545454545454,18,18.0,0.75,0.05555555555555555,0.23570226039551587,0.23540891336663824,0.4545454545454546,0.4027777777777778,0.49285113019775795,0.49270445668331914
rn1q1rk1/pp2n1pp/2pb1p2/3p4/3P3B/2NQ1N2/PPP2PPP/R3R1K1 b - -,2000-2199,2100,33,0,0.0,3,0.09090909090909091,30,0.9090909090909091,b8a6,0.5454545454545454,18,18.0,0.75,0.05555555555555555,0.23570226039551587,0.23540891336663824,0.4545454545454546,0.4027777777777778,0.49285113019775795,0.49270445668331914
r1b1k2r/p2pqppp/4p3/3pP3/8/8/PPP2PPP/R2QKB1R w KQkq -,1400-1599,1500,161,124,0.7701863354037267,10,0.062111801242236024,151,0.937888198757764,d1d4,0.28125,9,10.0,0.25,0.1111111111111111,0.3333333333333333,0.3010299956639812,0.71875,0.18055555555555555,0.29166666666666663,0.2755149978319906
r1b1k2r/p2pqppp/4p3/3pP3/8/8/PPP2PPP/R2QKB1R w KQkq -,1600-1799,1700,161,134,0.8322981366459627,6,0.037267080745341616,155,0.9627329192546584,d1d4,0.28125,9,10.0,0.25,0.1111111111111111,0.3333333333333333,0.3010299956639812,0.71875,0.18055555555555555,0.29166666666666663,0.2755149978319906
r1b1k2r/p2pqppp/4p3/3pP3/8/8/PPP2PPP/R2QKB1R w KQkq -,1800-1999,1900,74,55,0.7432432432432432,5,0.06756756756756757,69,0.9324324324324325,d1d4,0.28125,9,10.0,0.25,0.1111111111111111,0.3333333333333333,0.3010299956639812,0.71875,0.18055555555555555,0.29166666666666663,0.2755149978319906
r2q1rk1/p1p1bppp/2pp1n2/8/4PB2/2N5/PPP2PPP/R2Q1RK1 w - -,1400-1599,1500,140,1,0.007142857142857143,3,0.02142857142857143,137,0.9785714285714285,d1d3,0.5897435897435898,23,18.0,0.75,0.043478260869565216,0.20851441405707477,0.21810429198553155,0.41025641025641024,0.3967391304347826,0.47925720702853736,0.4840521459927658
r2q1rk1/p1p1bppp/2pp1n2/8/4PB2/2N5/PPP2PPP/R2Q1RK1 w - -,1600-1799,1700,175,4,0.022857142857142857,7,0.04,168,0.96,d1d3,0.5897435897435898,23,18.0,0.75,0.043478260869565216,0.20851441405707477,0.21810429198553155,0.41025641025641024,0.3967391304347826,0.47925720702853736,0.4840521459927658
r2q1rk1/p1p1bppp/2pp1n2/8/4PB2/2N5/PPP2PPP/R2Q1RK1 w - -,1800-1999,1900,72,0,0.0,2,0.027777777777777776,70,0.9722222222222222,d1d3,0.5897435897435898,23,18.0,0.75,0.043478260869565216,0.20851441405707477,0.21810429198553155,0.41025641025641024,0.3967391304347826,0.47925720702853736,0.4840521459927658
r2q1rk1/p1p1bppp/2pp1n2/8/4PB2/2N5/PPP2PPP/R2Q1RK1 w - -,2000-2199,2100,23,0,0.0,0,0.0,23,1.0,d1d3,0.5897435897435898,23,18.0,0.75,0.043478260869565216,0.20851441405707477,0.21810429198553155,0.41025641025641024,0.3967391304347826,0.47925720702853736,0.4840521459927658
2rq1rk1/pp1bppbp/2np1np1/8/2BNP2P/2N1BP2/PPPQ2P1/R3K2R w KQ -,1600-1799,1700,56,10,0.17857142857142858,3,0.05357142857142857,53,0.9464285714285714,d4c6,0.03773584905660377,2,14.0,0.5,0.5,0.7071067811865475,0.6309297535714575,0.9622641509433962,0.5,0.6035533905932737,0.5654648767857288
2rq1rk1/pp1bppbp/2np1np1/8/2BNP2P/2N1BP2/PPPQ2P1/R3K2R w KQ -,1800-1999,1900,139,11,0.07913669064748201,1,0.007194244604316547,138,0.9928057553956835,d4c6,0.03773584905660377,2,14.0,0.5,0.5,0.7071067811865475,0.6309297535714575,0.9622641509433962,0.5,0.6035533905932737,0.5654648767857288
2rq1rk1/pp1bppbp/2np1np1/8/2BNP2P/2N1BP2/PPPQ2P1/R3K2R w KQ -,2000-2199,2100,194,7,0.03608247422680412,1,0.005154639175257732,193,0.9948453608247423,d4c6,0.03773584905660377,2,14.0,0.5,0.5,0.7071067811865475,0.6309297535714575,0.9622641509433962,0.5,0.6035533905932737,0.5654648767857288
2rq1rk1/pp1bppbp/2np1np1/8/2BNP2P/2N1BP2/PPPQ2P1/R3K2R w KQ -,2200-2399,2300,67,1,0.014925373134328358,2,0.029850746268656716,65,0.9701492537313433,d4c6,0.03773584905660377,2,14.0,0.5,0.5,0.7071067811865475,0.6309297535714575,0.9622641509433962,0.5,0.6035533905932737,0.5654648767857288
r2q1rk1/pp2bppp/2bppn2/6B1/3QP3/2N2N2/PPP2PPP/2KRR3 w - -,1600-1799,1700,28,10,0.35714285714285715,5,0.17857142857142858,23,0.8214285714285714,e4e5,0.21739130434782608,10,16.0,0.625,0.1,0.31622776601683794,0.2890648263178879,0.782608695652174,0.3625,0.470613883008419,0.45703241315894394
r2q1rk1/pp2bppp/2bppn2/6B1/3QP3/2N2N2/PPP2PPP/2KRR3 w - -,1800-1999,1900,115,26,0.22608695652173913,28,0.24347826086956523,87,0.7565217391304347,e4e5,0.21739130434782608,10,16.0,0.625,0.1,0.31622776601683794,0.2890648263178879,0.782608695652174,0.3625,0.470613883008419,0.45703241315894394
r2q1rk1/pp2bppp/2bppn2/6B1/3QP3/2N2N2/PPP2PPP/2KRR3 w - -,2000-2199,2100,149,39,0.26174496644295303,27,0.18120805369127516,122,0.8187919463087249,e4e5,0.21739130434782608,10,16.0,0.625,0.1,0.31622776601683794,0.2890648263178879,0.782608695652174,0.3625,0.470613883008419,0.45703241315894394
r2q1rk1/pp2bppp/2bppn2/6B1/3QP3/2N2N2/PPP2PPP/2KRR3 w - -,2200-2399,2300,125,35,0.28,15,0.12,110,0.88,e4e5,0.21739130434782608,10,16.0,0.625,0.1,0.31622776601683794,0.2890648263178879,0.782608695652174,0.3625,0.470613883008419,0.45703241315894394
r1bq1rk1/pp3ppp/2n2n2/3p4/8/P1NB4/1PP2PPP/R1BQ1RK1 b - -,1800-1999,1900,66,0,0.0,12,0.18181818181818182,54,0.8181818181818182,c8g4,0.22857142857142856,8,18.0,0.75,0.125,0.35355339059327373,0.31546487678572877,0.7714285714285715,0.4375,0.5517766952966369,0.5327324383928644
r1bq1rk1/pp3ppp/2n2n2/3p4/8/P1NB4/1PP2PPP/R1BQ1RK1 b - -,2000-2199,2100,212,0,0.0,31,0.14622641509433962,181,0.8537735849056604,c8g4,0.22857142857142856,8,18.0,0.75,0.125,0.35355339059327373,0.31546487678572877,0.7714285714285715,0.4375,0.5517766952966369,0.5327324383928644
r1bq1rk1/pp3ppp/2n2n2/3p4/8/P1NB4/1PP2PPP/R1BQ1RK1 b - -,2200-2399,2300,174,0,0.0,34,0.19540229885057472,140,0.8045977011494253,c8g4,0.22857142857142856,8,18.0,0.75,0.125,0.35355339059327373,0.31546487678572877,0.7714285714285715,0.4375,0.5517766952966369,0.5327324383928644
r1bqkb1r/5ppp/p1np1n2/1p1Np3/4P3/N7/PPPB1PPP/R2QKB1R w KQkq -,1600-1799,1700,44,5,0.11363636363636363,0,0.0,44,1.0,c2c4,0.09302325581395349,4,18.0,0.75,0.25,0.5,0.43067655807339306,0.9069767441860466,0.5,0.625,0.5903382790366966
r1bqkb1r/5ppp/p1np1n2/1p1Np3/4P3/N7/PPPB1PPP/R2QKB1R w KQkq -,1800-1999,1900,163,9,0.05521472392638037,6,0.03680981595092025,157,0.9631901840490797,c2c4,0.09302325581395349,4,18.0,0.75,0.25,0.5,0.43067655807339306,0.9069767441860466,0.5,0.625,0.5903382790366966
r1bqkb1r/5ppp/p1np1n2/1p1Np3/4P3/N7/PPPB1PPP/R2QKB1R w KQkq -,2000-2199,2100,174,2,0.011494252873563218,11,0.06321839080459771,163,0.9367816091954023,c2c4,0.09302325581395349,4,18.0,0.75,0.25,0.5,0.43067655807339306,0.9069767441860466,0.5,0.625,0.5903382790366966
r1bqkb1r/5ppp/p1np1n2/1p1Np3/4P3/N7/PPPB1PPP/R2QKB1R w KQkq -,2200-2399,2300,69,2,0.028985507246376812,13,0.18840579710144928,56,0.8115942028985508,c2c4,0.09302325581395349,4,18.0,0.75,0.25,0.5,0.43067655807339306,0.9069767441860466,0.5,0.625,0.5903382790366966
r2qk2r/pp3ppp/2pbpn2/8/3P2b1/2PB1N2/PP3PPP/R1BQ1RK1 w kq -,1400-1599,1500,22,10,0.45454545454545453,9,0.4090909090909091,13,0.5909090909090909,h2h3,0.39473684210526316,15,10.0,0.25,0.06666666666666667,0.2581988897471611,0.25,0.6052631578947368,0.15833333333333333,0.25409944487358055,0.25
r2qk2r/pp3ppp/2pbpn2/8/3P2b1/2PB1N2/PP3PPP/R1BQ1RK1 w kq -,1600-1799,1700,109,30,0.27522935779816515,61,0.5596330275229358,48,0.44036697247706424,h2h3,0.39473684210526316,15,10.0,0.25,0.06666666666666667,0.2581988897471611,0.25,0.6052631578947368,0.15833333333333333,0.25409944487358055,0.25
r2qk2r/pp3ppp/2pbpn2/8/3P2b1/2PB1N2/PP3PPP/R1BQ1RK1 w kq -,1800-1999,1900,206,60,0.2912621359223301,93,0.45145631067961167,113,0.5485436893203883,h2h3,0.39473684210526316,15,10.0,0.25,0.06666666666666667,0.2581988897471611,0.25,0.6052631578947368,0.15833333333333333,0.25409944487358055,0.25
r2qk2r/pp3ppp/2pbpn2/8/3P2b1/2PB1N2/PP3PPP/R1BQ1RK1 w kq -,2000-2199,2100,113,29,0.25663716814159293,53,0.4690265486725664,60,0.5309734513274337,h2h3,0.39473684210526316,15,10.0,0.25,0.06666666666666667,0.2581988897471611,0.25,0.6052631578947368,0.15833333333333333,0.25409944487358055,0.25
r2qk2r/pp3ppp/2pbpn2/8/3P2b1/2PB1N2/PP3PPP/R1BQ1RK1 w kq -,2200-2399,2300,19,3,0.15789473684210525,11,0.5789473684210527,8,0.42105263157894735,h2h3,0.39473684210526316,15,10.0,0.25,0.06666666666666667,0.2581988897471611,0.25,0.6052631578947368,0.15833333333333333,0.25409944487358055,0.25
r1bq1rk1/pp3pbp/2n1p1p1/3n4/3P4/2N2NP1/PP3PBP/R1BQ1RK1 w - -,1400-1599,1500,39,3,0.07692307692307693,9,0.23076923076923078,30,0.7692307692307693,f1e1,0.4,14,18.0,0.75,0.07142857142857142,0.2672612419124244,0.2559580248098155,0.6,0.4107142857142857,0.5086306209562121,0.5029790124049077
r1bq1rk1/pp3pbp/2n1p1p1/3n4/3P4/2N2NP1/PP3PBP/R1BQ1RK1 w - -,1600-1799,1700,112,8,0.07142857142857142,16,0.14285714285714285,96,0.8571428571428571,f1e1,0.4,14,18.0,0.75,0.07142857142857142,0.2672612419124244,0.2559580248098155,0.6,0.4107142857142857,0.5086306209562121,0.5029790124049077
r1bq1rk1/pp3pbp/2n1p1p1/3n4/3P4/2N2NP1/PP3PBP/R1BQ1RK1 w - -,1800-1999,1900,158,18,0.11392405063291139,30,0.189873417721519,128,0.810126582278481,f1e1,0.4,14,18.0,0.75,0.07142857142857142,0.2672612419124244,0.2559580248098155,0.6,0.4107142857142857,0.5086306209562121,0.5029790124049077
r1bq1rk1/pp3pbp/2n1p1p1/3n4/3P4/2N2NP1/PP3PBP/R1BQ1RK1 w - -,2000-2199,2100,114,9,0.07894736842105263,19,0.16666666666666666,95,0.8333333333333334,f1e1,0.4,14,18.0,0.75,0.07142857142857142,0.2672612419124244,0.2559580248098155,0.6,0.4107142857142857,0.5086306209562121,0.5029790124049077
r1bq1rk1/pp3pbp/2n1p1p1/3n4/3P4/2N2NP1/PP3PBP/R1BQ1RK1 w - -,2200-2399,2300,36,1,0.027777777777777776,4,0.1111111111111111,32,0.8888888888888888,f1e1,0.4,14,18.0,0.75,0.07142857142857142,0.2672612419124244,0.2559580248098155,0.6,0.4107142857142857,0.5086306209562121,0.5029790124049077
r2q1rk1/pbpnnppp/1p2p3/8/3P4/2NBPN2/PP3PPP/R2Q1RK1 w - -,1400-1599,1500,37,2,0.05405405405405406,1,0.02702702702702703,36,0.972972972972973,d3e4,0.5813953488372093,25,14.0,0.5,0.04,0.2,0.21274605355336312,0.41860465116279066,0.27,0.35,0.3563730267766816
r2q1rk1/pbpnnppp/1p2p3/8/3P4/2NBPN2/PP3PPP/R2Q1RK1 w - -,1600-1799,1700,138,7,0.050724637681159424,13,0.09420289855072464,125,0.9057971014492754,d3e4,0.5813953488372093,25,14.0,0.5,0.04,0.2,0.21274605355336312,0.41860465116279066,0.27,0.35,0.3563730267766816
r2q1rk1/pbpnnppp/1p2p3/8/3P4/2NBPN2/PP3PPP/R2Q1RK1 w - -,1800-1999,1900,189,10,0.05291005291005291,6,0.031746031746031744,183,0.9682539682539683,d3e4,0.5813953488372093,25,14.0,0.5,0.04,0.2,0.21274605355336312,0.41860465116279066,0.27,0.35,0.3563730267766816
r2q1rk1/pbpnnppp/1p2p3/8/3P4/2NBPN2/PP3PPP/R2Q1RK1 w - -,2000-2199,2100,87,2,0.022988505747126436,2,0.022988505747126436,85,0.9770114942528736,d3e4,0.5813953488372093,25,14.0,0.5,0.04,0.2,0.21274605355336312,0.41860465116279066,0.27,0.35,0.3563730267766816
r2q1rk1/pbpnnppp/1p2p3/8/3P4/2NBPN2/PP3PPP/R2Q1RK1 w - -,2200-2399,2300,14,0,0.0,1,0.07142857142857142,13,0.9285714285714286,d3e4,0.5813953488372093,25,14.0,0.5,0.04,0.2,0.21274605355336312,0.41860465116279066,0.27,0.35,0.3563730267766816
r1b2rk1/ppp1bppp/2np1n2/6B1/8/2NP1N2/PPP1BPPP/R4RK1 w - -,1400-1599,1500,184,7,0.03804347826086957,11,0.059782608695652176,173,0.9402173913043478,c3b5,0.8378378378378378,31,6.0,0.0,0.03225806451612903,0.1796053020267749,0.2,0.16216216216216217,0.016129032258064516,0.08980265101338746,0.1
r1b2rk1/ppp1bppp/2np1n2/6B1/8/2NP1N2/PPP1BPPP/R4RK1 w - -,1600-1799,1700,120,1,0.008333333333333333,8,0.06666666666666667,112,0.9333333333333333,c3b5,0.8378378378378378,31,6.0,0.0,0.03225806451612903,0.1796053020267749,0.2,0.16216216216216217,0.016129032258064516,0.08980265101338746,0.1
r1b2rk1/ppp1bppp/2np1n2/6B1/8/2NP1N2/PPP1BPPP/R4RK1 w - -,1800-1999,1900,37,0,0.0,8,0.21621621621621623,29,0.7837837837837838,c3b5,0.8378378378378378,31,6.0,0.0,0.03225806451612903,0.1796053020267749,0.2,0.16216216216216217,0.016129032258064516,0.08980265101338746,0.1
r2q3r/ppp2k1p/2npb1p1/8/2QpP3/8/PPP2PPP/RNB1K2R w KQ -,1400-1599,1500,125,0,0.0,55,0.44,70,0.56,c4e2,0.07317073170731707,3,12.0,0.375,0.3333333333333333,0.5773502691896258,0.5,0.926829268292683,0.35416666666666663,0.4761751345948129,0.4375
r2q3r/ppp2k1p/2npb1p1/8/2QpP3/8/PPP2PPP/RNB1K2R w KQ -,1600-1799,1700,190,1,0.005263157894736842,77,0.4052631578947368,113,0.5947368421052631,c4e2,0.07317073170731707,3,12.0,0.375,0.3333333333333333,0.5773502691896258,0.5,0.926829268292683,0.35416666666666663,0.4761751345948129,0.4375
r2q3r/ppp2k1p/2npb1p1/8/2QpP3/8/PPP2PPP/RNB1K2R w KQ -,1800-1999,1900,100,0,0.0,52,0.52,48,0.48,c4e2,0.07317073170731707,3,12.0,0.375,0.3333333333333333,0.5773502691896258,0.5,0.926829268292683,0.35416666666666663,0.4761751345948129,0.4375
r2q3r/ppp2k1p/2npb1p1/8/2QpP3/8/PPP2PPP/RNB1K2R w KQ -,2000-2199,2100,18,0,0.0,13,0.7222222222222222,5,0.2777777777777778,c4e2,0.07317073170731707,3,12.0,0.375,0.3333333333333333,0.5773502691896258,0.5,0.926829268292683,0.35416666666666663,0.4761751345948129,0.4375
r2qk2r/pp2bppp/2p1pn2/8/3P2b1/2PB1N2/PP3PPP/R1BQ1RK1 w kq -,1400-1599,1500,28,6,0.21428571428571427,4,0.14285714285714285,24,0.8571428571428571,f1e1,0.34210526315789475,13,16.0,0.625,0.07692307692307693,0.2773500981126146,0.26264953503719357,0.6578947368421053,0.35096153846153844,0.4511750490563073,0.4438247675185968
r2qk2r/pp2bppp/2p1pn2/8/3P2b1/2PB1N2/PP3PPP/R1BQ1RK1 w kq -,1600-1799,1700,122,19,0.1557377049180328,16,0.13114754098360656,106,0.8688524590163934,f1e1,0.34210526315789475,13,16.0,0.625,0.07692307692307693,0.2773500981126146,0.26264953503719357,0.6578947368421053,0.35096153846153844,0.4511750490563073,0.4438247675185968
r2qk2r/pp2bppp/2p1pn2/8/3P2b1/2PB1N2/PP3PPP/R1BQ1RK1 w kq -,1800-1999,1900,220,19,0.08636363636363636,51,0.2318181818181818,169,0.7681818181818182,f1e1,0.34210526315789475,13,16.0,0.625,0.07692307692307693,0.2773500981126146,0.26264953503719357,0.6578947368421053,0.35096153846153844,0.4511750490563073,0.4438247675185968
r2qk2r/pp2bppp/2p1pn2/8/3P2b1/2PB1N2/PP3PPP/R1BQ1RK1 w kq -,2000-2199,2100,79,3,0.0379746835443038,14,0.17721518987341772,65,0.8227848101265823,f1e1,0.34210526315789475,13,16.0,0.625,0.07692307692307693,0.2773500981126146,0.26264953503719357,0.6578947368421053,0.35096153846153844,0.4511750490563073,0.4438247675185968
r2qk2r/pp2bppp/2p1pn2/8/3P2b1/2PB1N2/PP3PPP/R1BQ1RK1 w kq -,2200-2399,2300,16,0,0.0,2,0.125,14,0.875,f1e1,0.34210526315789475,13,16.0,0.625,0.07692307692307693,0.2773500981126146,0.26264953503719357,0.6578947368421053,0.35096153846153844,0.4511750490563073,0.4438247675185968
r1b1k2r/1p2qppp/p1n1p3/2npP3/5P2/2N2N2/PPPQ2PP/R3KB1R w KQkq -,1600-1799,1700,18,0,0.0,1,0.05555555555555555,17,0.9444444444444444,a2a3,0.2926829268292683,12,20.0,0.875,0.08333333333333333,0.2886751345948129,0.27023815442731974,0.7073170731707317,0.4791666666666667,0.5818375672974064,0.5726190772136599
r1b1k2r/1p2qppp/p1n1p3/2npP3/5P2/2N2N2/PPPQ2PP/R3KB1R w KQkq -,1800-1999,1900,190,0,0.0,6,0.031578947368421054,184,0.968421052631579,a2a3,0.2926829268292683,12,20.0,0.875,0.08333333333333333,0.2886751345948129,0.27023815442731974,0.7073170731707317,0.4791666666666667,0.5818375672974064,0.5726190772136599
r1b1k2r/1p2qppp/p1n1p3/2npP3/5P2/2N2N2/PPPQ2PP/R3KB1R w KQkq -,2000-2199,2100,193,2,0.010362694300518135,8,0.04145077720207254,185,0.9585492227979274,a2a3,0.2926829268292683,12,20.0,0.875,0.08333333333333333,0.2886751345948129,0.27023815442731974,0.7073170731707317,0.4791666666666667,0.5818375672974064,0.5726190772136599
r1b1k2r/1p2qppp/p1n1p3/2npP3/5P2/2N2N2/PPPQ2PP/R3KB1R w KQkq -,2200-2399,2300,53,0,0.0,3,0.05660377358490566,50,0.9433962264150944,a2a3,0.2926829268292683,12,20.0,0.875,0.08333333333333333,0.2886751345948129,0.27023815442731974,0.7073170731707317,0.4791666666666667,0.5818375672974064,0.5726190772136599
r2qkb1r/1b1n1ppp/p3pn2/1pp5/3P4/P1NBPN2/1P3PPP/R1BQ1RK1 w kq -,1400-1599,1500,20,3,0.15,12,0.6,8,0.4,d4c5,0.4523809523809524,19,12.0,0.375,0.05263157894736842,0.22941573387056174,0.23137821315975915,0.5476190476190477,0.2138157894736842,0.3022078669352809,0.3031891065798796
r2qkb1r/1b1n1ppp/p3pn2/1pp5/3P4/P1NBPN2/1P3PPP/R1BQ1RK1 w kq -,1600-1799,1700,98,7,0.07142857142857142,57,0.5816326530612245,41,0.41836734693877553,d4c5,0.4523809523809524,19,12.0,0.375,0.05263157894736842,0.22941573387056174,0.23137821315975915,0.5476190476190477,0.2138157894736842,0.3022078669352809,0.3031891065798796
r2qkb1r/1b1n1ppp/p3pn2/1pp5/3P4/P1NBPN2/1P3PPP/R1BQ1RK1 w kq -,1800-1999,1900,202,6,0.0297029702970297,73,0.3613861386138614,129,0.6386138613861386,d4c5,0.4523809523809524,19,12.0,0.375,0.05263157894736842,0.22941573387056174,0.23137821315975915,0.5476190476190477,0.2138157894736842,0.3022078669352809,0.3031891065798796
r2qkb1r/1b1n1ppp/p3pn2/1pp5/3P4/P1NBPN2/1P3PPP/R1BQ1RK1 w kq -,2000-2199,2100,125,4,0.032,42,0.336,83,0.664,d4c5,0.4523809523809524,19,12.0,0.375,0.05263157894736842,0.22941573387056174,0.23137821315975915,0.5476190476190477,0.2138157894736842,0.3022078669352809,0.3031891065798796
r2qkb1r/1b1n1ppp/p3pn2/1pp5/3P4/P1NBPN2/1P3PPP/R1BQ1RK1 w kq -,2200-2399,2300,17,0,0.0,4,0.23529411764705882,13,0.7647058823529411,d4c5,0.4523809523809524,19,12.0,0.375,0.05263157894736842,0.22941573387056174,0.23137821315975915,0.5476190476190477,0.2138157894736842,0.3022078669352809,0.3031891065798796
r1b2rk1/ppppqppp/8/4n3/2P2B2/P3P3/1P1Q1PPP/R3KB1R w KQ -,1400-1599,1500,29,6,0.20689655172413793,1,0.034482758620689655,28,0.9655172413793104,c4c5,0.19444444444444445,7,6.0,0.0,0.14285714285714285,0.3779644730092272,0.3333333333333333,0.8055555555555556,0.07142857142857142,0.1889822365046136,0.16666666666666666
r1b2rk1/ppppqppp/8/4n3/2P2B2/P3P3/1P1Q1PPP/R3KB1R w KQ -,1600-1799,1700,111,17,0.15315315315315314,4,0.036036036036036036,107,0.963963963963964,c4c5,0.19444444444444445,7,6.0,0.0,0.14285714285714285,0.3779644730092272,0.3333333333333333,0.8055555555555556,0.07142857142857142,0.1889822365046136,0.16666666666666666
r1b2rk1/ppppqppp/8/4n3/2P2B2/P3P3/1P1Q1PPP/R3KB1R w KQ -,1800-1999,1900,196,13,0.0663265306122449,10,0.05102040816326531,186,0.9489795918367347,c4c5,0.19444444444444445,7,6.0,0.0,0.14285714285714285,0.3779644730092272,0.3333333333333333,0.8055555555555556,0.07142857142857142,0.1889822365046136,0.16666666666666666
r1b2rk1/ppppqppp/8/4n3/2P2B2/P3P3/1P1Q1PPP/R3KB1R w KQ -,2000-2199,2100,109,4,0.03669724770642202,10,0.09174311926605505,99,0.908256880733945,c4c5,0.19444444444444445,7,6.0,0.0,0.14285714285714285,0.3779644730092272,0.3333333333333333,0.8055555555555556,0.07142857142857142,0.1889822365046136,0.16666666666666666
r1b2rk1/ppppqppp/8/4n3/2P2B2/P3P3/1P1Q1PPP/R3KB1R w KQ -,2200-2399,2300,15,0,0.0,2,0.13333333333333333,13,0.8666666666666667,c4c5,0.19444444444444445,7,6.0,0.0,0.14285714285714285,0.3779644730092272,0.3333333333333333,0.8055555555555556,0.07142857142857142,0.1889822365046136,0.16666666666666666
r2qk2r/pp1nbppp/2p1pn2/8/3P4/3Q1NN1/PPP2PPP/R1B1R1K1 w kq -,1400-1599,1500,21,0,0.0,2,0.09523809523809523,19,0.9047619047619048,c2c4,0.673469387755102,33,10.0,0.25,0.030303030303030304,0.17407765595569785,0.1965616322328226,0.326530612244898,0.14015151515151514,0.21203882797784893,0.22328081611641132
r2qk2r/pp1nbppp/2p1pn2/8/3P4/3Q1NN1/PPP2PPP/R1B1R1K1 w kq -,1600-1799,1700,136,11,0.08088235294117647,35,0.25735294117647056,101,0.7426470588235294,c2c4,0.673469387755102,33,10.0,0.25,0.030303030303030304,0.17407765595569785,0.1965616322328226,0.326530612244898,0.14015151515151514,0.21203882797784893,0.22328081611641132
r2qk2r/pp1nbppp/2p1pn2/8/3P4/3Q1NN1/PPP2PPP/R1B1R1K1 w kq -,1800-1999,1900,196,16,0.08163265306122448,56,0.2857142857142857,140,0.7142857142857143,c2c4,0.673469387755102,33,10.0,0.25,0.030303030303030304,0.17407765595569785,0.1965616322328226,0.326530612244898,0.14015151515151514,0.21203882797784893,0.22328081611641132
r2qk2r/pp1nbppp/2p1pn2/8/3P4/3Q1NN1/PPP2PPP/R1B1R1K1 w kq -,2000-2199,2100,89,3,0.033707865168539325,26,0.29213483146067415,63,0.7078651685393258,c2c4,0.673469387755102,33,10.0,0.25,0.030303030303030304,0.17407765595569785,0.1965616322328226,0.326530612244898,0.14015151515151514,0.21203882797784893,0.22328081611641132
r2qk2r/pp1nbppp/2p1pn2/8/3P4/3Q1NN1/PPP2PPP/R1B1R1K1 w kq -,2200-2399,2300,13,0,0.0,8,0.6153846153846154,5,0.38461538461538464,c2c4,0.673469387755102,33,10.0,0.25,0.030303030303030304,0.17407765595569785,0.1965616322328226,0.326530612244898,0.14015151515151514,0.21203882797784893,0.22328081611641132
r1bq1rk1/3nbppp/2n1p3/ppppP3/8/3P1NP1/PPP2PBP/R1BQRNK1 w - a6,1800-1999,1900,88,14,0.1590909090909091,64,0.7272727272727273,24,0.2727272727272727,h2h4,0.26666666666666666,8,6.0,0.0,0.125,0.35355339059327373,0.31546487678572877,0.7333333333333334,0.0625,0.17677669529663687,0.15773243839286438
r1bq1rk1/3nbppp/2n1p3/ppppP3/8/3P1NP1/PPP2PBP/R1BQRNK1 w - a6,2000-2199,2100,235,34,0.14468085106382977,182,0.774468085106383,53,0.225531914893617,h2h4,0.26666666666666666,8,6.0,0.0,0.125,0.35355339059327373,0.31546487678572877,0.7333333333333334,0.0625,0.17677669529663687,0.15773243839286438
r1bq1rk1/3nbppp/2n1p3/ppppP3/8/3P1NP1/PPP2PBP/R1BQRNK1 w - a6,2200-2399,2300,116,15,0.12931034482758622,99,0.853448275862069,17,0.14655172413793102,h2h4,0.26666666666666666,8,6.0,0.0,0.125,0.35355339059327373,0.31546487678572877,0.7333333333333334,0.0625,0.17677669529663687,0.15773243839286438
r2q1rk1/pp1nbpp1/2p1bn1p/3p4/3P3B/2NBPN2/PPQ2PPP/R3K2R w KQ -,1400-1599,1500,13,3,0.23076923076923078,8,0.6153846153846154,5,0.38461538461538464,e1g1,0.4489795918367347,22,10.0,0.25,0.045454545454545456,0.21320071635561041,0.22106472945750374,0.5510204081632653,0.14772727272727273,0.23160035817780522,0.2355323647287519
r2q1rk1/pp1nbpp1/2p1bn1p/3p4/3P3B/2NBPN2/PPQ2PPP/R3K2R w KQ -,1600-1799,1700,70,5,0.07142857142857142,46,0.6571428571428571,24,0.34285714285714286,e1g1,0.4489795918367347,22,10.0,0.25,0.045454545454545456,0.21320071635561041,0.22106472945750374,0.5510204081632653,0.14772727272727273,0.23160035817780522,0.2355323647287519
r2q1rk1/pp1nbpp1/2p1bn1p/3p4/3P3B/2NBPN2/PPQ2PPP/R3K2R w KQ -,1800-1999,1900,197,9,0.04568527918781726,167,0.8477157360406091,30,0.15228426395939088,e1g1,0.4489795918367347,22,10.0,0.25,0.045454545454545456,0.21320071635561041,0.22106472945750374,0.5510204081632653,0.14772727272727273,0.23160035817780522,0.2355323647287519
r2q1rk1/pp1nbpp1/2p1bn1p/3p4/3P3B/2NBPN2/PPQ2PPP/R3K2R w KQ -,2000-2199,2100,148,14,0.0945945945945946,123,0.831081081081081,25,0.16891891891891891,e1g1,0.4489795918367347,22,10.0,0.25,0.045454545454545456,0.21320071635561041,0.22106472945750374,0.5510204081632653,0.14772727272727273,0.23160035817780522,0.2355323647287519
r2q1rk1/pp1nbpp1/2p1bn1p/3p4/3P3B/2NBPN2/PPQ2PPP/R3K2R w KQ -,2200-2399,2300,30,3,0.1,25,0.8333333333333334,5,0.16666666666666666,e1g1,0.4489795918367347,22,10.0,0.25,0.045454545454545456,0.21320071635561041,0.22106472945750374,0.5510204081632653,0.14772727272727273,0.23160035817780522,0.2355323647287519
r3kb1r/1bp2ppp/p1Np1n2/3P4/8/8/PPP1KPPP/RNB4R w kq -,1400-1599,1500,165,70,0.42424242424242425,95,0.5757575757575758,70,0.42424242424242425,c2c4,0.02564102564102564,1,6.0,0.0,1.0,1.0,1.0,0.9743589743589743,0.5,0.5,0.5
r3kb1r/1bp2ppp/p1Np1n2/3P4/8/8/PPP1KPPP/RNB4R w kq -,1600-1799,1700,57,20,0.3508771929824561,37,0.6491228070175439,20,0.3508771929824561,c2c4,0.02564102564102564,1,6.0,0.0,1.0,1.0,1.0,0.9743589743589743,0.5,0.5,0.5
r1b1k2r/pp1p1ppp/4pn2/q7/N2QP3/2P5/PP3PPP/R3KB1R w KQkq -,1400-1599,1500,24,17,0.7083333333333334,3,0.125,21,0.875,e4e5,0.05128205128205128,2,6.0,0.0,0.5,0.7071067811865475,0.6309297535714575,0.9487179487179487,0.25,0.35355339059327373,0.31546487678572877
r1b1k2r/pp1p1ppp/4pn2/q7/N2QP3/2P5/PP3PPP/R3KB1R w KQkq -,1600-1799,1700,138,102,0.7391304347826086,13,0.09420289855072464,125,0.9057971014492754,e4e5,0.05128205128205128,2,6.0,0.0,0.5,0.7071067811865475,0.6309297535714575,0.9487179487179487,0.25,0.35355339059327373,0.31546487678572877
r1b1k2r/pp1p1ppp/4pn2/q7/N2QP3/2P5/PP3PPP/R3KB1R w KQkq -,1800-1999,1900,222,152,0.6846846846846847,25,0.11261261261261261,197,0.8873873873873874,e4e5,0.05128205128205128,2,6.0,0.0,0.5,0.7071067811865475,0.6309297535714575,0.9487179487179487,0.25,0.35355339059327373,0.31546487678572877
r1b1k2r/pp1p1ppp/4pn2/q7/N2QP3/2P5/PP3PPP/R3KB1R w KQkq -,2000-2199,2100,78,46,0.5897435897435898,11,0.14102564102564102,67,0.8589743589743589,e4e5,0.05128205128205128,2,6.0,0.0,0.5,0.7071067811865475,0.6309297535714575,0.9487179487179487,0.25,0.35355339059327373,0.31546487678572877
r2q1rk1/pp2bppp/2bp1n2/4p1B1/4P3/2NQ1N2/PPP2PPP/2KR3R w - -,1400-1599,1500,98,25,0.25510204081632654,66,0.673469387755102,32,0.32653061224489793,g5f6,0.22727272727272727,10,6.0,0.0,0.1,0.31622776601683794,0.2890648263178879,0.7727272727272727,0.05,0.15811388300841897,0.14453241315894394
r2q1rk1/pp2bppp/2bp1n2/4p1B1/4P3/2NQ1N2/PPP2PPP/2KR3R w - -,1600-1799,1700,130,24,0.18461538461538463,99,0.7615384615384615,31,0.23846153846153847,g5f6,0.22727272727272727,10,6.0,0.0,0.1,0.31622776601683794,0.2890648263178879,0.7727272727272727,0.05,0.15811388300841897,0.14453241315894394
r2q1rk1/pp2bppp/2bp1n2/4p1B1/4P3/2NQ1N2/PPP2PPP/2KR3R w - -,1800-1999,1900,122,22,0.18032786885245902,82,0.6721311475409836,40,0.32786885245901637,g5f6,0.22727272727272727,10,6.0,0.0,0.1,0.31622776601683794,0.2890648263178879,0.7727272727272727,0.05,0.15811388300841897,0.14453241315894394
r2q1rk1/pp2bppp/2bp1n2/4p1B1/4P3/2NQ1N2/PPP2PPP/2KR3R w - -,2000-2199,2100,77,4,0.05194805194805195,65,0.8441558441558441,12,0.15584415584415584,g5f6,0.22727272727272727,10,6.0,0.0,0.1,0.31622776601683794,0.2890648263178879,0.7727272727272727,0.05,0.15811388300841897,0.14453241315894394
r1b2rk1/pp1nqppp/2p1p3/3n4/2BP4/2N1PN2/PP3PPP/2RQK2R w K -,1400-1599,1500,11,0,0.0,5,0.45454545454545453,6,0.5454545454545454,e1g1,0.47619047619047616,20,8.0,0.125,0.05,0.22360679774997896,0.227670248696953,0.5238095238095238,0.0875,0.17430339887498947,0.17633512434847648
r1b2rk1/pp1nqppp/2p1p3/3n4/2BP4/2N1PN2/PP3PPP/2RQK2R w K -,1600-1799,1700,94,2,0.02127659574468085,62,0.6595744680851063,32,0.3404255319148936,e1g1,0.47619047619047616,20,8.0,0.125,0.05,0.22360679774997896,0.227670248696953,0.5238095238095238,0.0875,0.17430339887498947,0.17633512434847648
r1b2rk1/pp1nqppp/2p1p3/3n4/2BP4/2N1PN2/PP3PPP/2RQK2R w K -,1800-1999,1900,189,5,0.026455026455026454,155,0.8201058201058201,34,0.17989417989417988,e1g1,0.47619047619047616,20,8.0,0.125,0.05,0.22360679774997896,0.227670248696953,0.5238095238095238,0.0875,0.17430339887498947,0.17633512434847648
r1b2rk1/pp1nqppp/2p1p3/3n4/2BP4/2N1PN2/PP3PPP/2RQK2R w K -,2000-2199,2100,126,3,0.023809523809523808,108,0.8571428571428571,18,0.14285714285714285,e1g1,0.47619047619047616,20,8.0,0.125,0.05,0.22360679774997896,0.227670248696953,0.5238095238095238,0.0875,0.17430339887498947,0.17633512434847648
r1b2rk1/pp1nqppp/2p1p3/3n4/2BP4/2N1PN2/PP3PPP/2RQK2R w K -,2200-2399,2300,33,0,0.0,29,0.8787878787878788,4,0.12121212121212122,e1g1,0.47619047619047616,20,8.0,0.125,0.05,0.22360679774997896,0.227670248696953,0.5238095238095238,0.0875,0.17430339887498947,0.17633512434847648
r2q1rk1/pp1n1ppp/2pb1p2/7b/3P4/2PB1N1P/PP3PP1/R1BQ1RK1 w - -,1600-1799,1700,47,9,0.19148936170212766,1,0.02127659574468085,46,0.9787234042553191,d3f5,0.4358974358974359,17,18.0,0.75,0.058823529411764705,0.24253562503633297,0.23981246656813146,0.5641025641025641,0.40441176470588236,0.4962678125181665,0.49490623328406574
r2q1rk1/pp1n1ppp/2pb1p2/7b/3P4/2PB1N1P/PP3PP1/R1BQ1RK1 w - -,1800-1999,1900,205,26,0.12682926829268293,6,0.02926829268292683,199,0.9707317073170731,d3f5,0.4358974358974359,17,18.0,0.75,0.058823529411764705,0.24253562503633297,0.23981246656813146,0.5641025641025641,0.40441176470588236,0.4962678125181665,0.49490623328406574
r2q1rk1/pp1n1ppp/2pb1p2/7b/3P4/2PB1N1P/PP3PP1/R1BQ1RK1 w - -,2000-2199,2100,139,23,0.16546762589928057,6,0.04316546762589928,133,0.9568345323741008,d3f5,0.4358974358974359,17,18.0,0.75,0.058823529411764705,0.24253562503633297,0.23981246656813146,0.5641025641025641,0.40441176470588236,0.4962678125181665,0.49490623328406574
r2q1rk1/pp1n1ppp/2pb1p2/7b/3P4/2PB1N1P/PP3PP1/R1BQ1RK1 w - -,2200-2399,2300,62,6,0.0967741935483871,1,0.016129032258064516,61,0.9838709677419355,d3f5,0.4358974358974359,17,18.0,0.75,0.058823529411764705,0.24253562503633297,0.23981246656813146,0.5641025641025641,0.40441176470588236,0.4962678125181665,0.49490623328406574
r2qk2r/p3bppp/2pppn2/6B1/4P3/2N5/PPP2PPP/R2Q1RK1 w kq -,1400-1599,1500,157,13,0.08280254777070063,20,0.12738853503184713,137,0.8726114649681529,d1f3,0.6410256410256411,25,6.0,0.0,0.04,0.2,0.21274605355336312,0.3589743589743589,0.02,0.1,0.10637302677668156
r2qk2r/p3bppp/2pppn2/6B1/4P3/2N5/PPP2PPP/R2Q1RK1 w kq -,1600-1799,1700,152,17,0.1118421052631579,28,0.18421052631578946,124,0.8157894736842105,d1f3,0.6410256410256411,25,6.0,0.0,0.04,0.2,0.21274605355336312,0.3589743589743589,0.02,0.1,0.10637302677668156
r2qk2r/p3bppp/2pppn2/6B1/4P3/2N5/PPP2PPP/R2Q1RK1 w kq -,1800-1999,1900,60,2,0.03333333333333333,9,0.15,51,0.85,d1f3,0.6410256410256411,25,6.0,0.0,0.04,0.2,0.21274605355336312,0.3589743589743589,0.02,0.1,0.10637302677668156
r2q1rk1/pp1nbppp/2p2n2/3p2Bb/3P4/2PB1N1P/PP1N1PP1/R2Q1RK1 w - -,1400-1599,1500,21,1,0.047619047619047616,0,0.0,21,1.0,g5f4,0.5581395348837209,24,22.0,1.0,0.041666666666666664,0.20412414523193154,0.21533827903669653,0.4418604651162791,0.5208333333333334,0.6020620726159658,0.6076691395183482
r2q1rk1/pp1nbppp/2p2n2/3p2Bb/3P4/2PB1N1P/PP1N1PP1/R2Q1RK1 w - -,1600-1799,1700,166,0,0.0,1,0.006024096385542169,165,0.9939759036144579,g5f4,0.5581395348837209,24,22.0,1.0,0.041666666666666664,0.20412414523193154,0.21533827903669653,0.4418604651162791,0.5208333333333334,0.6020620726159658,0.6076691395183482
r2q1rk1/pp1nbppp/2p2n2/3p2Bb/3P4/2PB1N1P/PP1N1PP1/R2Q1RK1 w - -,1800-1999,1900,220,1,0.004545454545454545,1,0.004545454545454545,219,0.9954545454545455,g5f4,0.5581395348837209,24,22.0,1.0,0.041666666666666664,0.20412414523193154,0.21533827903669653,0.4418604651162791,0.5208333333333334,0.6020620726159658,0.6076691395183482
r2q1rk1/pp1nbppp/2p2n2/3p2Bb/3P4/2PB1N1P/PP1N1PP1/R2Q1RK1 w - -,2000-2199,2100,46,0,0.0,1,0.021739130434782608,45,0.9782608695652174,g5f4,0.5581395348837209,24,22.0,1.0,0.041666666666666664,0.20412414523193154,0.21533827903669653,0.4418604651162791,0.5208333333333334,0.6020620726159658,0.6076691395183482
r2q1rk1/ppp3p1/1bnppn1p/4p3/1P2P3/P1NP1N1P/2P2PP1/R1BQ1RK1 w - -,1400-1599,1500,192,122,0.6354166666666666,48,0.25,144,0.75,c3a4,0.15151515151515152,5,6.0,0.0,0.2,0.4472135954999579,0.38685280723454163,0.8484848484848485,0.1,0.22360679774997896,0.19342640361727081
r2q1rk1/ppp3p1/1bnppn1p/4p3/1P2P3/P1NP1N1P/2P2PP1/R1BQ1RK1 w - -,1600-1799,1700,109,63,0.5779816513761468,28,0.25688073394495414,81,0.7431192660550459,c3a4,0.15151515151515152,5,6.0,0.0,0.2,0.4472135954999579,0.38685280723454163,0.8484848484848485,0.1,0.22360679774997896,0.19342640361727081
r2q1rk1/ppp3p1/1bnppn1p/4p3/1P2P3/P1NP1N1P/2P2PP1/R1BQ1RK1 w - -,1800-1999,1900,37,14,0.3783783783783784,17,0.4594594594594595,20,0.5405405405405406,c3a4,0.15151515151515152,5,6.0,0.0,0.2,0.4472135954999579,0.38685280723454163,0.8484848484848485,0.1,0.22360679774997896,0.19342640361727081
r1bqrnk1/pp2bppp/2p2n2/3p2B1/3P4/2NBPN2/PP3PPP/2RQ1RK1 w - -,1400-1599,1500,16,0,0.0,2,0.125,14,0.875,f3e5,0.6136363636363636,27,22.0,1.0,0.037037037037037035,0.19245008972987526,0.20801459767650948,0.38636363636363635,0.5185185185185185,0.5962250448649377,0.6040072988382548
r1bqrnk1/pp2bppp/2p2n2/3p2B1/3P4/2NBPN2/PP3PPP/2RQ1RK1 w - -,1600-1799,1700,91,0,0.0,17,0.18681318681318682,74,0.8131868131868132,f3e5,0.6136363636363636,27,22.0,1.0,0.037037037037037035,0.19245008972987526,0.20801459767650948,0.38636363636363635,0.5185185185185185,0.5962250448649377,0.6040072988382548
r1bqrnk1/pp2bppp/2p2n2/3p2B1/3P4/2NBPN2/PP3PPP/2RQ1RK1 w - -,1800-1999,1900,222,5,0.02252252252252252,55,0.24774774774774774,167,0.7522522522522522,f3e5,0.6136363636363636,27,22.0,1.0,0.037037037037037035,0.19245008972987526,0.20801459767650948,0.38636363636363635,0.5185185185185185,0.5962250448649377,0.6040072988382548
r1bqrnk1/pp2bppp/2p2n2/3p2B1/3P4/2NBPN2/PP3PPP/2RQ1RK1 w - -,2000-2199,2100,108,1,0.009259259259259259,40,0.37037037037037035,68,0.6296296296296297,f3e5,0.6136363636363636,27,22.0,1.0,0.037037037037037035,0.19245008972987526,0.20801459767650948,0.38636363636363635,0.5185185185185185,0.5962250448649377,0.6040072988382548
r1bqrnk1/pp2bppp/2p2n2/3p2B1/3P4/2NBPN2/PP3PPP/2RQ1RK1 w - -,2200-2399,2300,16,0,0.0,7,0.4375,9,0.5625,f3e5,0.6136363636363636,27,22.0,1.0,0.037037037037037035,0.19245008972987526,0.20801459767650948,0.38636363636363635,0.5185185185185185,0.5962250448649377,0.6040072988382548
r1br2k1/ppp2pbp/5np1/4p3/2P1P3/2N5/PP2BPPP/R1B2RK1 w - -,1400-1599,1500,24,0,0.0,0,0.0,24,1.0,a2a4,0.6666666666666666,20,16.0,0.625,0.05,0.22360679774997896,0.227670248696953,0.33333333333333337,0.3375,0.42430339887498947,0.4263351243484765
r1br2k1/ppp2pbp/5np1/4p3/2P1P3/2N5/PP2BPPP/R1B2RK1 w - -,1600-1799,1700,119,0,0.0,0,0.0,119,1.0,a2a4,0.6666666666666666,20,16.0,0.625,0.05,0.22360679774997896,0.227670248696953,0.33333333333333337,0.3375,0.42430339887498947,0.4263351243484765
r1br2k1/ppp2pbp/5np1/4p3/2P1P3/2N5/PP2BPPP/R1B2RK1 w - -,1800-1999,1900,224,0,0.0,0,0.0,224,1.0,a2a4,0.6666666666666666,20,16.0,0.625,0.05,0.22360679774997896,0.227670248696953,0.33333333333333337,0.3375,0.42430339887498947,0.4263351243484765
r1br2k1/ppp2pbp/5np1/4p3/2P1P3/2N5/PP2BPPP/R1B2RK1 w - -,2000-2199,2100,70,0,0.0,0,0.0,70,1.0,a2a4,0.6666666666666666,20,16.0,0.625,0.05,0.22360679774997896,0.227670248696953,0.33333333333333337,0.3375,0.42430339887498947,0.4263351243484765
r1bq1rk1/2p2pp1/pbnp1n1p/1p2p3/3PP3/1BP2N1P/PP3PP1/RNBQR1K1 w - -,1400-1599,1500,42,28,0.6666666666666666,3,0.07142857142857142,39,0.9285714285714286,c1e3,0.1111111111111111,4,6.0,0.0,0.25,0.5,0.43067655807339306,0.8888888888888888,0.125,0.25,0.21533827903669653
r1bq1rk1/2p2pp1/pbnp1n1p/1p2p3/3PP3/1BP2N1P/PP3PP1/RNBQR1K1 w - -,1600-1799,1700,86,49,0.5697674418604651,13,0.1511627906976744,73,0.8488372093023255,c1e3,0.1111111111111111,4,6.0,0.0,0.25,0.5,0.43067655807339306,0.8888888888888888,0.125,0.25,0.21533827903669653
r1bq1rk1/2p2pp1/pbnp1n1p/1p2p3/3PP3/1BP2N1P/PP3PP1/RNBQR1K1 w - -,1800-1999,1900,154,57,0.37012987012987014,30,0.19480519480519481,124,0.8051948051948052,c1e3,0.1111111111111111,4,6.0,0.0,0.25,0.5,0.43067655807339306,0.8888888888888888,0.125,0.25,0.21533827903669653
r1bq1rk1/2p2pp1/pbnp1n1p/1p2p3/3PP3/1BP2N1P/PP3PP1/RNBQR1K1 w - -,2000-2199,2100,118,37,0.3135593220338983,28,0.23728813559322035,90,0.7627118644067796,c1e3,0.1111111111111111,4,6.0,0.0,0.25,0.5,0.43067655807339306,0.8888888888888888,0.125,0.25,0.21533827903669653
r1bq1rk1/2p2pp1/pbnp1n1p/1p2p3/3PP3/1BP2N1P/PP3PP1/RNBQR1K1 w - -,2200-2399,2300,31,6,0.1935483870967742,10,0.3225806451612903,21,0.6774193548387096,c1e3,0.1111111111111111,4,6.0,0.0,0.25,0.5,0.43067655807339306,0.8888888888888888,0.125,0.25,0.21533827903669653
r1bq1rk1/pp2ppbp/2n3p1/8/3PP3/4BN2/P3BPPP/R2Q1RK1 b - -,1400-1599,1500,17,7,0.4117647058823529,9,0.5294117647058824,8,0.47058823529411764,c8g4,0.08108108108108109,3,6.0,0.0,0.3333333333333333,0.5773502691896258,0.5,0.9189189189189189,0.16666666666666666,0.2886751345948129,0.25
r1bq1rk1/pp2ppbp/2n3p1/8/3PP3/4BN2/P3BPPP/R2Q1RK1 b - -,1600-1799,1700,62,18,0.2903225806451613,41,0.6612903225806451,21,0.3387096774193548,c8g4,0.08108108108108109,3,6.0,0.0,0.3333333333333333,0.5773502691896258,0.5,0.9189189189189189,0.16666666666666666,0.2886751345948129,0.25
r1bq1rk1/pp2ppbp/2n3p1/8/3PP3/4BN2/P3BPPP/R2Q1RK1 b - -,1800-1999,1900,158,34,0.21518987341772153,117,0.740506329113924,41,0.25949367088607594,c8g4,0.08108108108108109,3,6.0,0.0,0.3333333333333333,0.5773502691896258,0.5,0.9189189189189189,0.16666666666666666,0.2886751345948129,0.25
r1bq1rk1/pp2ppbp/2n3p1/8/3PP3/4BN2/P3BPPP/R2Q1RK1 b - -,2000-2199,2100,158,33,0.2088607594936709,119,0.7531645569620253,39,0.2468354430379747,c8g4,0.08108108108108109,3,6.0,0.0,0.3333333333333333,0.5773502691896258,0.5,0.9189189189189189,0.16666666666666666,0.2886751345948129,0.25
r1bq1rk1/pp2ppbp/2n3p1/8/3PP3/4BN2/P3BPPP/R2Q1RK1 b - -,2200-2399,2300,54,9,0.16666666666666666,45,0.8333333333333334,9,0.16666666666666666,c8g4,0.08108108108108109,3,6.0,0.0,0.3333333333333333,0.5773502691896258,0.5,0.9189189189189189,0.16666666666666666,0.2886751345948129,0.25
rnb2rk1/ppp1q1p1/4p2p/5p2/2PPp3/4P3/PP1N1PPP/R2QKB1R w KQ f6,1400-1599,1500,77,10,0.12987012987012986,33,0.42857142857142855,44,0.5714285714285714,f1e2,0.5161290322580645,16,6.0,0.0,0.0625,0.25,0.24465054211822604,0.4838709677419355,0.03125,0.125,0.12232527105911302
rnb2rk1/ppp1q1p1/4p2p/5p2/2PPp3/4P3/PP1N1PPP/R2QKB1R w KQ f6,1600-1799,1700,147,15,0.10204081632653061,79,0.5374149659863946,68,0.46258503401360546,f1e2,0.5161290322580645,16,6.0,0.0,0.0625,0.25,0.24465054211822604,0.4838709677419355,0.03125,0.125,0.12232527105911302
rnb2rk1/ppp1q1p1/4p2p/5p2/2PPp3/4P3/PP1N1PPP/R2QKB1R w KQ f6,1800-1999,1900,121,12,0.09917355371900827,56,0.4628099173553719,65,0.5371900826446281,f1e2,0.5161290322580645,16,6.0,0.0,0.0625,0.25,0.24465054211822604,0.4838709677419355,0.03125,0.125,0.12232527105911302
rnb2rk1/ppp1q1p1/4p2p/5p2/2PPp3/4P3/PP1N1PPP/R2QKB1R w KQ f6,2000-2199,2100,78,3,0.038461538461538464,32,0.41025641025641024,46,0.5897435897435898,f1e2,0.5161290322580645,16,6.0,0.0,0.0625,0.25,0.24465054211822604,0.4838709677419355,0.03125,0.125,0.12232527105911302
rnb2rk1/ppp1q1p1/4p2p/5p2/2PPp3/4P3/PP1N1PPP/R2QKB1R w KQ f6,2200-2399,2300,17,2,0.11764705882352941,8,0.47058823529411764,9,0.5294117647058824,f1e2,0.5161290322580645,16,6.0,0.0,0.0625,0.25,0.24465054211822604,0.4838709677419355,0.03125,0.125,0.12232527105911302
r2q1rk1/1bp1bppp/p1np1n2/1p6/3pP3/2P2N1P/PPB2PP1/RNBQR1K1 w - -,1400-1599,1500,81,0,0.0,77,0.9506172839506173,4,0.04938271604938271,c3d4,0.05555555555555555,2,6.0,0.0,0.5,0.7071067811865475,0.6309297535714575,0.9444444444444444,0.25,0.35355339059327373,0.31546487678572877
r2q1rk1/1bp1bppp/p1np1n2/1p6/3pP3/2P2N1P/PPB2PP1/RNBQR1K1 w - -,1600-1799,1700,195,0,0.0,188,0.9641025641025641,7,0.035897435897435895,c3d4,0.05555555555555555,2,6.0,0.0,0.5,0.7071067811865475,0.6309297535714575,0.9444444444444444,0.25,0.35355339059327373,0.31546487678572877
r2q1rk1/1bp1bppp/p1np1n2/1p6/3pP3/2P2N1P/PPB2PP1/RNBQR1K1 w - -,1800-1999,1900,136,0,0.0,127,0.9338235294117647,9,0.0661764705882353,c3d4,0.05555555555555555,2,6.0,0.0,0.5,0.7071067811865475,0.6309297535714575,0.9444444444444444,0.25,0.35355339059327373,0.31546487678572877
r2q1rk1/1bp1bppp/p1np1n2/1p6/3pP3/2P2N1P/PPB2PP1/RNBQR1K1 w - -,2000-2199,2100,22,0,0.0,19,0.8636363636363636,3,0.13636363636363635,c3d4,0.05555555555555555,2,6.0,0.0,0.5,0.7071067811865475,0.6309297535714575,0.9444444444444444,0.25,0.35355339059327373,0.31546487678572877
r1b2rk1/pp3ppp/5n2/3pq3/8/2PB4/PP1N1PPP/R2Q1RK1 w - -,1400-1599,1500,34,0,0.0,21,0.6176470588235294,13,0.38235294117647056,f1e1,0.525,21,6.0,0.0,0.047619047619047616,0.2182178902359924,0.22424382421757544,0.475,0.023809523809523808,0.1091089451179962,0.11212191210878772
r1b2rk1/pp3ppp/5n2/3pq3/8/2PB4/PP1N1PPP/R2Q1RK1 w - -,1600-1799,1700,113,1,0.008849557522123894,56,0.49557522123893805,57,0.504424778761062,f1e1,0.525,21,6.0,0.0,0.047619047619047616,0.2182178902359924,0.22424382421757544,0.475,0.023809523809523808,0.1091089451179962,0.11212191210878772
r1b2rk1/pp3ppp/5n2/3pq3/8/2PB4/PP1N1PPP/R2Q1RK1 w - -,1800-1999,1900,183,0,0.0,71,0.3879781420765027,112,0.6120218579234973,f1e1,0.525,21,6.0,0.0,0.047619047619047616,0.2182178902359924,0.22424382421757544,0.475,0.023809523809523808,0.1091089451179962,0.11212191210878772
r1b2rk1/pp3ppp/5n2/3pq3/8/2PB4/PP1N1PPP/R2Q1RK1 w - -,2000-2199,2100,84,1,0.011904761904761904,23,0.27380952380952384,61,0.7261904761904762,f1e1,0.525,21,6.0,0.0,0.047619047619047616,0.2182178902359924,0.22424382421757544,0.475,0.023809523809523808,0.1091089451179962,0.11212191210878772
r1b2rk1/pp3ppp/5n2/3pq3/8/2PB4/PP1N1PPP/R2Q1RK1 w - -,2200-2399,2300,20,0,0.0,6,0.3,14,0.7,f1e1,0.525,21,6.0,0.0,0.047619047619047616,0.2182178902359924,0.22424382421757544,0.475,0.023809523809523808,0.1091089451179962,0.11212191210878772
rn1q1rk1/pp2bppp/2p2nb1/3p2B1/3P2P1/2NBPN1P/PP3P2/R2QK2R w KQ -,1400-1599,1500,41,13,0.3170731707317073,1,0.024390243902439025,40,0.975609756097561,g5f6,0.14893617021276595,7,14.0,0.5,0.14285714285714285,0.3779644730092272,0.3333333333333333,0.851063829787234,0.3214285714285714,0.4389822365046136,0.41666666666666663
rn1q1rk1/pp2bppp/2p2nb1/3p2B1/3P2P1/2NBPN1P/PP3P2/R2QK2R w KQ -,1600-1799,1700,132,28,0.21212121212121213,3,0.022727272727272728,129,0.9772727272727273,g5f6,0.14893617021276595,7,14.0,0.5,0.14285714285714285,0.3779644730092272,0.3333333333333333,0.851063829787234,0.3214285714285714,0.4389822365046136,0.41666666666666663
rn1q1rk1/pp2bppp/2p2nb1/3p2B1/3P2P1/2NBPN1P/PP3P2/R2QK2R w KQ -,1800-1999,1900,188,34,0.18085106382978725,7,0.03723404255319149,181,0.9627659574468085,g5f6,0.14893617021276595,7,14.0,0.5,0.14285714285714285,0.3779644730092272,0.3333333333333333,0.851063829787234,0.3214285714285714,0.4389822365046136,0.41666666666666663
rn1q1rk1/pp2bppp/2p2nb1/3p2B1/3P2P1/2NBPN1P/PP3P2/R2QK2R w KQ -,2000-2199,2100,72,12,0.16666666666666666,1,0.013888888888888888,71,0.9861111111111112,g5f6,0.14893617021276595,7,14.0,0.5,0.14285714285714285,0.3779644730092272,0.3333333333333333,0.851063829787234,0.3214285714285714,0.4389822365046136,0.41666666666666663
rn1q1rk1/pp2bppp/2p2nb1/3p2B1/3P2P1/2NBPN1P/PP3P2/R2QK2R w KQ -,2200-2399,2300,11,1,0.09090909090909091,0,0.0,11,1.0,g5f6,0.14893617021276595,7,14.0,0.5,0.14285714285714285,0.3779644730092272,0.3333333333333333,0.851063829787234,0.3214285714285714,0.4389822365046136,0.41666666666666663
r1b2rk1/ppp2ppp/2n2q2/2p5/4P3/2P5/PP2BPPP/RN1Q1RK1 w - -,1400-1599,1500,55,8,0.14545454545454545,10,0.18181818181818182,45,0.8181818181818182,f2f4,0.3142857142857143,11,6.0,0.0,0.09090909090909091,0.30151134457776363,0.27894294565112987,0.6857142857142857,0.045454545454545456,0.15075567228888181,0.13947147282556493
r1b2rk1/ppp2ppp/2n2q2/2p5/4P3/2P5/PP2BPPP/RN1Q1RK1 w - -,1600-1799,1700,201,31,0.15422885572139303,37,0.18407960199004975,164,0.8159203980099502,f2f4,0.3142857142857143,11,6.0,0.0,0.09090909090909091,0.30151134457776363,0.27894294565112987,0.6857142857142857,0.045454545454545456,0.15075567228888181,0.13947147282556493
r1b2rk1/ppp2ppp/2n2q2/2p5/4P3/2P5/PP2BPPP/RN1Q1RK1 w - -,1800-1999,1900,150,14,0.09333333333333334,28,0.18666666666666668,122,0.8133333333333334,f2f4,0.3142857142857143,11,6.0,0.0,0.09090909090909091,0.30151134457776363,0.27894294565112987,0.6857142857142857,0.045454545454545456,0.15075567228888181,0.13947147282556493
r1b2rk1/ppp2ppp/2n2q2/2p5/4P3/2P5/PP2BPPP/RN1Q1RK1 w - -,2000-2199,2100,31,2,0.06451612903225806,4,0.12903225806451613,27,0.8709677419354839,f2f4,0.3142857142857143,11,6.0,0.0,0.09090909090909091,0.30151134457776363,0.27894294565112987,0.6857142857142857,0.045454545454545456,0.15075567228888181,0.13947147282556493
r2q1rk1/pp2ppbp/3pbnp1/8/2PBP3/2N2P2/PP1Q2PP/R3KB1R w KQ -,1600-1799,1700,28,0,0.0,17,0.6071428571428571,11,0.39285714285714285,f1e2,0.35555555555555557,16,20.0,0.875,0.0625,0.25,0.24465054211822604,0.6444444444444444,0.46875,0.5625,0.5598252710591131
r2q1rk1/pp2ppbp/3pbnp1/8/2PBP3/2N2P2/PP1Q2PP/R3KB1R w KQ -,1800-1999,1900,153,1,0.006535947712418301,71,0.46405228758169936,82,0.5359477124183006,f1e2,0.35555555555555557,16,20.0,0.875,0.0625,0.25,0.24465054211822604,0.6444444444444444,0.46875,0.5625,0.5598252710591131
r2q1rk1/pp2ppbp/3pbnp1/8/2PBP3/2N2P2/PP1Q2PP/R3KB1R w KQ -,2000-2199,2100,183,2,0.01092896174863388,94,0.5136612021857924,89,0.48633879781420764,f1e2,0.35555555555555557,16,20.0,0.875,0.0625,0.25,0.24465054211822604,0.6444444444444444,0.46875,0.5625,0.5598252710591131
r2q1rk1/pp2ppbp/3pbnp1/8/2PBP3/2N2P2/PP1Q2PP/R3KB1R w KQ -,2200-2399,2300,70,2,0.02857142857142857,39,0.5571428571428572,31,0.44285714285714284,f1e2,0.35555555555555557,16,20.0,0.875,0.0625,0.25,0.24465054211822604,0.6444444444444444,0.46875,0.5625,0.5598252710591131
r2q1rk1/1p2bppp/p1npbn2/4p3/4P3/1NN1BP2/PPPQB1PP/R3K2R w KQ -,1400-1599,1500,76,42,0.5526315789473685,28,0.3684210526315789,48,0.631578947368421,e1c1,0.0425531914893617,2,22.0,1.0,0.5,0.7071067811865475,0.6309297535714575,0.9574468085106383,0.75,0.8535533905932737,0.8154648767857288
r2q1rk1/1p2bppp/p1npbn2/4p3/4P3/1NN1BP2/PPPQB1PP/R3K2R w KQ -,1600-1799,1700,180,94,0.5222222222222223,79,0.4388888888888889,101,0.5611111111111111,e1c1,0.0425531914893617,2,22.0,1.0,0.5,0.7071067811865475,0.6309297535714575,0.9574468085106383,0.75,0.8535533905932737,0.8154648767857288
r2q1rk1/1p2bppp/p1npbn2/4p3/4P3/1NN1BP2/PPPQB1PP/R3K2R w KQ -,1800-1999,1900,147,73,0.4965986394557823,69,0.46938775510204084,78,0.5306122448979592,e1c1,0.0425531914893617,2,22.0,1.0,0.5,0.7071067811865475,0.6309297535714575,0.9574468085106383,0.75,0.8535533905932737,0.8154648767857288
r2q1rk1/1p2bppp/p1npbn2/4p3/4P3/1NN1BP2/PPPQB1PP/R3K2R w KQ -,2000-2199,2100,32,17,0.53125,15,0.46875,17,0.53125,e1c1,0.0425531914893617,2,22.0,1.0,0.5,0.7071067811865475,0.6309297535714575,0.9574468085106383,0.75,0.8535533905932737,0.8154648767857288
r2q1rk1/2p1bpp1/p1np1n1p/1p2p3/4P1b1/1BPP1N2/PP1N1PPP/R1BQR1K1 w - -,1400-1599,1500,72,0,0.0,16,0.2222222222222222,56,0.7777777777777778,h2h3,0.35714285714285715,10,6.0,0.0,0.1,0.31622776601683794,0.2890648263178879,0.6428571428571428,0.05,0.15811388300841897,0.14453241315894394
r2q1rk1/2p1bpp1/p1np1n1p/1p2p3/4P1b1/1BPP1N2/PP1N1PPP/R1BQR1K1 w - -,1600-1799,1700,137,1,0.0072992700729927005,41,0.29927007299270075,96,0.7007299270072993,h2h3,0.35714285714285715,10,6.0,0.0,0.1,0.31622776601683794,0.2890648263178879,0.6428571428571428,0.05,0.15811388300841897,0.14453241315894394
r2q1rk1/2p1bpp1/p1np1n1p/1p2p3/4P1b1/1BPP1N2/PP1N1PPP/R1BQR1K1 w - -,1800-1999,1900,181,0,0.0,46,0.2541436464088398,135,0.7458563535911602,h2h3,0.35714285714285715,10,6.0,0.0,0.1,0.31622776601683794,0.2890648263178879,0.6428571428571428,0.05,0.15811388300841897,0.14453241315894394
r2q1rk1/2p1bpp1/p1np1n1p/1p2p3/4P1b1/1BPP1N2/PP1N1PPP/R1BQR1K1 w - -,2000-2199,2100,27,0,0.0,5,0.18518518518518517,22,0.8148148148148148,h2h3,0.35714285714285715,10,6.0,0.0,0.1,0.31622776601683794,0.2890648263178879,0.6428571428571428,0.05,0.15811388300841897,0.14453241315894394
rnb2rk1/pp3ppp/5q2/3Q4/1b6/2N1PN2/PP3PPP/R3KB1R w KQ -,1400-1599,1500,40,8,0.2,7,0.175,33,0.825,d5d4,0.08333333333333333,4,22.0,1.0,0.25,0.5,0.43067655807339306,0.9166666666666666,0.625,0.75,0.7153382790366966
rnb2rk1/pp3ppp/5q2/3Q4/1b6/2N1PN2/PP3PPP/R3KB1R w KQ -,1600-1799,1700,170,24,0.1411764705882353,31,0.18235294117647058,139,0.8176470588235294,d5d4,0.08333333333333333,4,22.0,1.0,0.25,0.5,0.43067655807339306,0.9166666666666666,0.625,0.75,0.7153382790366966
rnb2rk1/pp3ppp/5q2/3Q4/1b6/2N1PN2/PP3PPP/R3KB1R w KQ -,1800-1999,1900,149,16,0.10738255033557047,43,0.28859060402684567,106,0.7114093959731543,d5d4,0.08333333333333333,4,22.0,1.0,0.25,0.5,0.43067655807339306,0.9166666666666666,0.625,0.75,0.7153382790366966
rnb2rk1/pp3ppp/5q2/3Q4/1b6/2N1PN2/PP3PPP/R3KB1R w KQ -,2000-2199,2100,66,1,0.015151515151515152,23,0.3484848484848485,43,0.6515151515151515,d5d4,0.08333333333333333,4,22.0,1.0,0.25,0.5,0.43067655807339306,0.9166666666666666,0.625,0.75,0.7153382790366966
r1bqr1k1/pp1nbppp/2p1p3/8/2PPQ3/5NP1/PP3PBP/R1B2RK1 b - -,1600-1799,1700,35,35,1.0,0,0.0,35,1.0,e6e5,0.2727272727272727,9,6.0,0.0,0.1111111111111111,0.3333333333333333,0.3010299956639812,0.7272727272727273,0.05555555555555555,0.16666666666666666,0.1505149978319906
r1bqr1k1/pp1nbppp/2p1p3/8/2PPQ3/5NP1/PP3PBP/R1B2RK1 b - -,1800-1999,1900,160,154,0.9625,0,0.0,160,1.0,e6e5,0.2727272727272727,9,6.0,0.0,0.1111111111111111,0.3333333333333333,0.3010299956639812,0.7272727272727273,0.05555555555555555,0.16666666666666666,0.1505149978319906
r1bqr1k1/pp1nbppp/2p1p3/8/2PPQ3/5NP1/PP3PBP/R1B2RK1 b - -,2000-2199,2100,184,179,0.9728260869565217,1,0.005434782608695652,183,0.9945652173913043,e6e5,0.2727272727272727,9,6.0,0.0,0.1111111111111111,0.3333333333333333,0.3010299956639812,0.7272727272727273,0.05555555555555555,0.16666666666666666,0.1505149978319906
r1bqr1k1/pp1nbppp/2p1p3/8/2PPQ3/5NP1/PP3PBP/R1B2RK1 b - -,2200-2399,2300,55,52,0.9454545454545454,0,0.0,55,1.0,e6e5,0.2727272727272727,9,6.0,0.0,0.1111111111111111,0.3333333333333333,0.3010299956639812,0.7272727272727273,0.05555555555555555,0.16666666666666666,0.1505149978319906
r1bq1rk1/ppppbppp/2n5/8/2BP4/2P2N2/P4PPP/R1BQR1K1 w - -,1400-1599,1500,115,87,0.7565217391304347,28,0.24347826086956523,87,0.7565217391304347,d4d5,0.023255813953488372,1,6.0,0.0,1.0,1.0,1.0,0.9767441860465116,0.5,0.5,0.5
r1bq1rk1/ppppbppp/2n5/8/2BP4/2P2N2/P4PPP/R1BQR1K1 w - -,1600-1799,1700,205,162,0.7902439024390244,43,0.2097560975609756,162,0.7902439024390244,d4d5,0.023255813953488372,1,6.0,0.0,1.0,1.0,1.0,0.9767441860465116,0.5,0.5,0.5
r1bq1rk1/ppppbppp/2n5/8/2BP4/2P2N2/P4PPP/R1BQR1K1 w - -,1800-1999,1900,95,66,0.6947368421052632,29,0.30526315789473685,66,0.6947368421052632,d4d5,0.023255813953488372,1,6.0,0.0,1.0,1.0,1.0,0.9767441860465116,0.5,0.5,0.5
r2q1rk1/2p1bppp/p1np1n2/1p2p3/3PP3/1BP2b1P/PP3PP1/RNBQR1K1 w - -,1400-1599,1500,63,0,0.0,12,0.19047619047619047,51,0.8095238095238095,g2f3,0.06060606060606061,2,8.0,0.125,0.5,0.7071067811865475,0.6309297535714575,0.9393939393939394,0.3125,0.41605339059327373,0.37796487678572877
r2q1rk1/2p1bppp/p1np1n2/1p2p3/3PP3/1BP2b1P/PP3PP1/RNBQR1K1 w - -,1600-1799,1700,113,0,0.0,40,0.35398230088495575,73,0.6460176991150443,g2f3,0.06060606060606061,2,8.0,0.125,0.5,0.7071067811865475,0.6309297535714575,0.9393939393939394,0.3125,0.41605339059327373,0.37796487678572877
r2q1rk1/2p1bppp/p1np1n2/1p2p3/3PP3/1BP2b1P/PP3PP1/RNBQR1K1 w - -,1800-1999,1900,190,0,0.0,89,0.46842105263157896,101,0.531578947368421,g2f3,0.06060606060606061,2,8.0,0.125,0.5,0.7071067811865475,0.6309297535714575,0.9393939393939394,0.3125,0.41605339059327373,0.37796487678572877
r2q1rk1/2p1bppp/p1np1n2/1p2p3/3PP3/1BP2b1P/PP3PP1/RNBQR1K1 w - -,2000-2199,2100,50,0,0.0,26,0.52,24,0.48,g2f3,0.06060606060606061,2,8.0,0.125,0.5,0.7071067811865475,0.6309297535714575,0.9393939393939394,0.3125,0.41605339059327373,0.37796487678572877
r3kb1r/1bqn1ppp/p2ppn2/1p4B1/3NPP2/2NB1Q2/PPP3PP/2KR3R w kq -,1600-1799,1700,21,6,0.2857142857142857,13,0.6190476190476191,8,0.38095238095238093,h1e1,0.08888888888888889,4,14.0,0.5,0.25,0.5,0.43067655807339306,0.9111111111111111,0.375,0.5,0.46533827903669656
r3kb1r/1bqn1ppp/p2ppn2/1p4B1/3NPP2/2NB1Q2/PPP3PP/2KR3R w kq -,1800-1999,1900,148,32,0.21621621621621623,101,0.6824324324324325,47,0.31756756756756754,h1e1,0.08888888888888889,4,14.0,0.5,0.25,0.5,0.43067655807339306,0.9111111111111111,0.375,0.5,0.46533827903669656
r3kb1r/1bqn1ppp/p2ppn2/1p4B1/3NPP2/2NB1Q2/PPP3PP/2KR3R w kq -,2000-2199,2100,213,30,0.14084507042253522,159,0.7464788732394366,54,0.2535211267605634,h1e1,0.08888888888888889,4,14.0,0.5,0.25,0.5,0.43067655807339306,0.9111111111111111,0.375,0.5,0.46533827903669656
r3kb1r/1bqn1ppp/p2ppn2/1p4B1/3NPP2/2NB1Q2/PPP3PP/2KR3R w kq -,2200-2399,2300,50,5,0.1,42,0.84,8,0.16,h1e1,0.08888888888888889,4,14.0,0.5,0.25,0.5,0.43067655807339306,0.9111111111111111,0.375,0.5,0.46533827903669656
r1bq1rk1/p2nbppp/1pp1p3/8/2PPQ3/5NP1/PP3PBP/R1B2RK1 b - -,1600-1799,1700,18,0,0.0,18,1.0,0,0.0,c8b7,0.06896551724137931,2,6.0,0.0,0.5,0.7071067811865475,0.6309297535714575,0.9310344827586207,0.25,0.35355339059327373,0.31546487678572877
r1bq1rk1/p2nbppp/1pp1p3/8/2PPQ3/5NP1/PP3PBP/R1B2RK1 b - -,1800-1999,1900,130,12,0.09230769230769231,118,0.9076923076923077,12,0.09230769230769231,c8b7,0.06896551724137931,2,6.0,0.0,0.5,0.7071067811865475,0.6309297535714575,0.9310344827586207,0.25,0.35355339059327373,0.31546487678572877
r1bq1rk1/p2nbppp/1pp1p3/8/2PPQ3/5NP1/PP3PBP/R1B2RK1 b - -,2000-2199,2100,213,13,0.06103286384976526,197,0.9248826291079812,16,0.07511737089201878,c8b7,0.06896551724137931,2,6.0,0.0,0.5,0.7071067811865475,0.6309297535714575,0.9310344827586207,0.25,0.35355339059327373,0.31546487678572877
r1bq1rk1/p2nbppp/1pp1p3/8/2PPQ3/5NP1/PP3PBP/R1B2RK1 b - -,2200-2399,2300,66,2,0.030303030303030304,61,0.9242424242424242,5,0.07575757575757576,c8b7,0.06896551724137931,2,6.0,0.0,0.5,0.7071067811865475,0.6309297535714575,0.9310344827586207,0.25,0.35355339059327373,0.31546487678572877
r2qk2r/1b1nbppp/p2ppn2/1p6/3NP3/P1N1BP2/1PP1B1PP/R2Q1RK1 w kq -,1400-1599,1500,30,4,0.13333333333333333,2,0.06666666666666667,28,0.9333333333333333,d1e1,0.55,22,12.0,0.375,0.045454545454545456,0.21320071635561041,0.22106472945750374,0.44999999999999996,0.21022727272727273,0.2941003581778052,0.2980323647287519
r2qk2r/1b1nbppp/p2ppn2/1p6/3NP3/P1N1BP2/1PP1B1PP/R2Q1RK1 w kq -,1600-1799,1700,135,11,0.08148148148148149,17,0.1259259259259259,118,0.8740740740740741,d1e1,0.55,22,12.0,0.375,0.045454545454545456,0.21320071635561041,0.22106472945750374,0.44999999999999996,0.21022727272727273,0.2941003581778052,0.2980323647287519
r2qk2r/1b1nbppp/p2ppn2/1p6/3NP3/P1N1BP2/1PP1B1PP/R2Q1RK1 w kq -,1800-1999,1900,196,17,0.08673469387755102,26,0.1326530612244898,170,0.8673469387755102,d1e1,0.55,22,12.0,0.375,0.045454545454545456,0.21320071635561041,0.22106472945750374,0.44999999999999996,0.21022727272727273,0.2941003581778052,0.2980323647287519
r2qk2r/1b1nbppp/p2ppn2/1p6/3NP3/P1N1BP2/1PP1B1PP/R2Q1RK1 w kq -,2000-2199,2100,65,3,0.046153846153846156,11,0.16923076923076924,54,0.8307692307692308,d1e1,0.55,22,12.0,0.375,0.045454545454545456,0.21320071635561041,0.22106472945750374,0.44999999999999996,0.21022727272727273,0.2941003581778052,0.2980323647287519
2kr1bnr/ppp2ppp/8/4p3/4P3/8/PPP2PPP/RNBR2K1 w - -,1400-1599,1500,162,0,0.0,153,0.9444444444444444,9,0.05555555555555555,d1d8,0.2903225806451613,9,6.0,0.0,0.1111111111111111,0.3333333333333333,0.3010299956639812,0.7096774193548387,0.05555555555555555,0.16666666666666666,0.1505149978319906
2kr1bnr/ppp2ppp/8/4p3/4P3/8/PPP2PPP/RNBR2K1 w - -,1600-1799,1700,64,0,0.0,63,0.984375,1,0.015625,d1d8,0.2903225806451613,9,6.0,0.0,0.1111111111111111,0.3333333333333333,0.3010299956639812,0.7096774193548387,0.05555555555555555,0.16666666666666666,0.1505149978319906
r4rk1/pp1qppbp/2np1np1/8/3PP3/2N2N2/PP3PPP/R1BQR1K1 w - -,1400-1599,1500,23,4,0.17391304347826086,1,0.043478260869565216,22,0.9565217391304348,d4d5,0.6944444444444444,25,22.0,1.0,0.04,0.2,0.21274605355336312,0.3055555555555556,0.52,0.6,0.6063730267766816
r4rk1/pp1qppbp/2np1np1/8/3PP3/2N2N2/PP3PPP/R1BQR1K1 w - -,1600-1799,1700,69,8,0.11594202898550725,5,0.07246376811594203,64,0.927536231884058,d4d5,0.6944444444444444,25,22.0,1.0,0.04,0.2,0.21274605355336312,0.3055555555555556,0.52,0.6,0.6063730267766816
r4rk1/pp1qppbp/2np1np1/8/3PP3/2N2N2/PP3PPP/R1BQR1K1 w - -,1800-1999,1900,192,14,0.07291666666666667,13,0.06770833333333333,179,0.9322916666666666,d4d5,0.6944444444444444,25,22.0,1.0,0.04,0.2,0.21274605355336312,0.3055555555555556,0.52,0.6,0.6063730267766816
r4rk1/pp1qppbp/2np1np1/8/3PP3/2N2N2/PP3PPP/R1BQR1K1 w - -,2000-2199,2100,114,3,0.02631578947368421,5,0.043859649122807015,109,0.956140350877193,d4d5,0.6944444444444444,25,22.0,1.0,0.04,0.2,0.21274605355336312,0.3055555555555556,0.52,0.6,0.6063730267766816
r4rk1/pp1qppbp/2np1np1/8/3PP3/2N2N2/PP3PPP/R1BQR1K1 w - -,2200-2399,2300,30,2,0.06666666666666667,8,0.26666666666666666,22,0.7333333333333333,d4d5,0.6944444444444444,25,22.0,1.0,0.04,0.2,0.21274605355336312,0.3055555555555556,0.52,0.6,0.6063730267766816
r1bq1rk1/p4ppp/2pp1b2/4p3/2B1P3/2N5/PPP2PPP/R2Q1RK1 w - -,1400-1599,1500,129,47,0.3643410852713178,4,0.031007751937984496,125,0.9689922480620154,a2a3,0.46153846153846156,18,12.0,0.375,0.05555555555555555,0.23570226039551587,0.23540891336663824,0.5384615384615384,0.2152777777777778,0.30535113019775795,0.30520445668331914
r1bq1rk1/p4ppp/2pp1b2/4p3/2B1P3/2N5/PPP2PPP/R2Q1RK1 w - -,1600-1799,1700,133,53,0.39849624060150374,7,0.05263157894736842,126,0.9473684210526315,a2a3,0.46153846153846156,18,12.0,0.375,0.05555555555555555,0.23570226039551587,0.23540891336663824,0.5384615384615384,0.2152777777777778,0.30535113019775795,0.30520445668331914
r1bq1rk1/p4ppp/2pp1b2/4p3/2B1P3/2N5/PPP2PPP/R2Q1RK1 w - -,1800-1999,1900,51,11,0.21568627450980393,4,0.0784313725490196,47,0.9215686274509803,a2a3,0.46153846153846156,18,12.0,0.375,0.05555555555555555,0.23570226039551587,0.23540891336663824,0.5384615384615384,0.2152777777777778,0.30535113019775795,0.30520445668331914
r1bq1rk1/p4ppp/2pp1b2/4p3/2B1P3/2N5/PPP2PPP/R2Q1RK1 w - -,2000-2199,2100,15,2,0.13333333333333333,0,0.0,15,1.0,a2a3,0.46153846153846156,18,12.0,0.375,0.05555555555555555,0.23570226039551587,0.23540891336663824,0.5384615384615384,0.2152777777777778,0.30535113019775795,0.30520445668331914
r1b1k1nr/pp3ppp/8/3qP3/4p3/2B5/PP3PPP/R2QKB1R b KQkq -,1600-1799,1700,16,5,0.3125,11,0.6875,5,0.3125,g8e7,0.025,1,6.0,0.0,1.0,1.0,1.0,0.975,0.5,0.5,0.5
r1b1k1nr/pp3ppp/8/3qP3/4p3/2B5/PP3PPP/R2QKB1R b KQkq -,1800-1999,1900,77,32,0.4155844155844156,45,0.5844155844155844,32,0.4155844155844156,g8e7,0.025,1,6.0,0.0,1.0,1.0,1.0,0.975,0.5,0.5,0.5
r1b1k1nr/pp3ppp/8/3qP3/4p3/2B5/PP3PPP/R2QKB1R b KQkq -,2000-2199,2100,222,58,0.26126126126126126,164,0.7387387387387387,58,0.26126126126126126,g8e7,0.025,1,6.0,0.0,1.0,1.0,1.0,0.975,0.5,0.5,0.5
r1b1k1nr/pp3ppp/8/3qP3/4p3/2B5/PP3PPP/R2QKB1R b KQkq -,2200-2399,2300,95,8,0.08421052631578947,87,0.9157894736842105,8,0.08421052631578947,g8e7,0.025,1,6.0,0.0,1.0,1.0,1.0,0.975,0.5,0.5,0.5
rqb1k2r/pp2bppp/2nppn2/1N6/2B1P3/5N2/PP2QPPP/R1BR2K1 w kq -,1400-1599,1500,14,8,0.5714285714285714,6,0.42857142857142855,8,0.5714285714285714,c1f4,0.021739130434782608,1,6.0,0.0,1.0,1.0,1.0,0.9782608695652174,0.5,0.5,0.5
rqb1k2r/pp2bppp/2nppn2/1N6/2B1P3/5N2/PP2QPPP/R1BR2K1 w kq -,1600-1799,1700,119,36,0.3025210084033613,83,0.6974789915966386,36,0.3025210084033613,c1f4,0.021739130434782608,1,6.0,0.0,1.0,1.0,1.0,0.9782608695652174,0.5,0.5,0.5
rqb1k2r/pp2bppp/2nppn2/1N6/2B1P3/5N2/PP2QPPP/R1BR2K1 w kq -,1800-1999,1900,200,55,0.275,145,0.725,55,0.275,c1f4,0.021739130434782608,1,6.0,0.0,1.0,1.0,1.0,0.9782608695652174,0.5,0.5,0.5
rqb1k2r/pp2bppp/2nppn2/1N6/2B1P3/5N2/PP2QPPP/R1BR2K1 w kq -,2000-2199,2100,85,17,0.2,68,0.8,17,0.2,c1f4,0.021739130434782608,1,6.0,0.0,1.0,1.0,1.0,0.9782608695652174,0.5,0.5,0.5
rqb1k2r/pp2bppp/2nppn2/1N6/2B1P3/5N2/PP2QPPP/R1BR2K1 w kq -,2200-2399,2300,10,1,0.1,9,0.9,1,0.1,c1f4,0.021739130434782608,1,6.0,0.0,1.0,1.0,1.0,0.9782608695652174,0.5,0.5,0.5
r1bqk2r/ppp1nppp/8/3n4/2BP4/1Q3N2/PP1N1PPP/R3K2R w KQkq -,1400-1599,1500,41,3,0.07317073170731707,35,0.8536585365853658,6,0.14634146341463414,e1g1,0.425,17,8.0,0.125,0.058823529411764705,0.24253562503633297,0.23981246656813146,0.575,0.09191176470588236,0.18376781251816648,0.18240623328406574
r1bqk2r/ppp1nppp/8/3n4/2BP4/1Q3N2/PP1N1PPP/R3K2R w KQkq -,1600-1799,1700,102,6,0.058823529411764705,88,0.8627450980392157,14,0.13725490196078433,e1g1,0.425,17,8.0,0.125,0.058823529411764705,0.24253562503633297,0.23981246656813146,0.575,0.09191176470588236,0.18376781251816648,0.18240623328406574
r1bqk2r/ppp1nppp/8/3n4/2BP4/1Q3N2/PP1N1PPP/R3K2R w KQkq -,1800-1999,1900,133,4,0.03007518796992481,126,0.9473684210526315,7,0.05263157894736842,e1g1,0.425,17,8.0,0.125,0.058823529411764705,0.24253562503633297,0.23981246656813146,0.575,0.09191176470588236,0.18376781251816648,0.18240623328406574
r1bqk2r/ppp1nppp/8/3n4/2BP4/1Q3N2/PP1N1PPP/R3K2R w KQkq -,2000-2199,2100,106,2,0.018867924528301886,101,0.9528301886792453,5,0.04716981132075472,e1g1,0.425,17,8.0,0.125,0.058823529411764705,0.24253562503633297,0.23981246656813146,0.575,0.09191176470588236,0.18376781251816648,0.18240623328406574
r1bqk2r/ppp1nppp/8/3n4/2BP4/1Q3N2/PP1N1PPP/R3K2R w KQkq -,2200-2399,2300,31,0,0.0,31,1.0,0,0.0,e1g1,0.425,17,8.0,0.125,0.058823529411764705,0.24253562503633297,0.23981246656813146,0.575,0.09191176470588236,0.18376781251816648,0.18240623328406574
r1bq1rk1/pp2ppbp/3p1np1/8/3NP3/1nN1BP2/PPPQ2PP/R3K2R w KQ -,1400-1599,1500,25,0,0.0,13,0.52,12,0.48,a2b3,0.07142857142857142,3,14.0,0.5,0.3333333333333333,0.5773502691896258,0.5,0.9285714285714286,0.41666666666666663,0.5386751345948129,0.5
r1bq1rk1/pp2ppbp/3p1np1/8/3NP3/1nN1BP2/PPPQ2PP/R3K2R w KQ -,1600-1799,1700,97,0,0.0,48,0.4948453608247423,49,0.5051546391752577,a2b3,0.07142857142857142,3,14.0,0.5,0.3333333333333333,0.5773502691896258,0.5,0.9285714285714286,0.41666666666666663,0.5386751345948129,0.5
r1bq1rk1/pp2ppbp/3p1np1/8/3NP3/1nN1BP2/PPPQ2PP/R3K2R w KQ -,1800-1999,1900,185,0,0.0,100,0.5405405405405406,85,0.4594594594594595,a2b3,0.07142857142857142,3,14.0,0.5,0.3333333333333333,0.5773502691896258,0.5,0.9285714285714286,0.41666666666666663,0.5386751345948129,0.5
r1bq1rk1/pp2ppbp/3p1np1/8/3NP3/1nN1BP2/PPPQ2PP/R3K2R w KQ -,2000-2199,2100,109,0,0.0,62,0.5688073394495413,47,0.43119266055045874,a2b3,0.07142857142857142,3,14.0,0.5,0.3333333333333333,0.5773502691896258,0.5,0.9285714285714286,0.41666666666666663,0.5386751345948129,0.5
r1bq1rk1/pp2ppbp/3p1np1/8/3NP3/1nN1BP2/PPPQ2PP/R3K2R w KQ -,2200-2399,2300,12,0,0.0,10,0.8333333333333334,2,0.16666666666666666,a2b3,0.07142857142857142,3,14.0,0.5,0.3333333333333333,0.5773502691896258,0.5,0.9285714285714286,0.41666666666666663,0.5386751345948129,0.5
r2qk2r/1p3ppp/p1nbpn2/3p4/3P1B2/2NQPN2/PP3PPP/R4RK1 w kq -,1400-1599,1500,12,0,0.0,4,0.3333333333333333,8,0.6666666666666666,f4d6,0.3617021276595745,17,6.0,0.0,0.058823529411764705,0.24253562503633297,0.23981246656813146,0.6382978723404256,0.029411764705882353,0.12126781251816648,0.11990623328406573
r2qk2r/1p3ppp/p1nbpn2/3p4/3P1B2/2NQPN2/PP3PPP/R4RK1 w kq -,1600-1799,1700,36,0,0.0,18,0.5,18,0.5,f4d6,0.3617021276595745,17,6.0,0.0,0.058823529411764705,0.24253562503633297,0.23981246656813146,0.6382978723404256,0.029411764705882353,0.12126781251816648,0.11990623328406573
r2qk2r/1p3ppp/p1nbpn2/3p4/3P1B2/2NQPN2/PP3PPP/R4RK1 w kq -,1800-1999,1900,130,0,0.0,49,0.3769230769230769,81,0.6230769230769231,f4d6,0.3617021276595745,17,6.0,0.0,0.058823529411764705,0.24253562503633297,0.23981246656813146,0.6382978723404256,0.029411764705882353,0.12126781251816648,0.11990623328406573
r2qk2r/1p3ppp/p1nbpn2/3p4/3P1B2/2NQPN2/PP3PPP/R4RK1 w kq -,2000-2199,2100,177,0,0.0,80,0.4519774011299435,97,0.5480225988700564,f4d6,0.3617021276595745,17,6.0,0.0,0.058823529411764705,0.24253562503633297,0.23981246656813146,0.6382978723404256,0.029411764705882353,0.12126781251816648,0.11990623328406573
r2qk2r/1p3ppp/p1nbpn2/3p4/3P1B2/2NQPN2/PP3PPP/R4RK1 w kq -,2200-2399,2300,67,0,0.0,23,0.34328358208955223,44,0.6567164179104478,f4d6,0.3617021276595745,17,6.0,0.0,0.058823529411764705,0.24253562503633297,0.23981246656813146,0.6382978723404256,0.029411764705882353,0.12126781251816648,0.11990623328406573
r2qk2r/3nbppp/p2pbn2/1p2p3/4P3/1NN1BP2/PPPQ2PP/2KR1B1R w kq -,1600-1799,1700,56,4,0.07142857142857142,38,0.6785714285714286,18,0.32142857142857145,g2g4,0.1282051282051282,5,12.0,0.375,0.2,0.4472135954999579,0.38685280723454163,0.8717948717948718,0.2875,0.41110679774997894,0.3809264036172708
r2qk2r/3nbppp/p2pbn2/1p2p3/4P3/1NN1BP2/PPPQ2PP/2KR1B1R w kq -,1800-1999,1900,215,7,0.03255813953488372,133,0.6186046511627907,82,0.3813953488372093,g2g4,0.1282051282051282,5,12.0,0.375,0.2,0.4472135954999579,0.38685280723454163,0.8717948717948718,0.2875,0.41110679774997894,0.3809264036172708
r2qk2r/3nbppp/p2pbn2/1p2p3/4P3/1NN1BP2/PPPQ2PP/2KR1B1R w kq -,2000-2199,2100,125,3,0.024,88,0.704,37,0.296,g2g4,0.1282051282051282,5,12.0,0.375,0.2,0.4472135954999579,0.38685280723454163,0.8717948717948718,0.2875,0.41110679774997894,0.3809264036172708
r2qk2r/3nbppp/p2pbn2/1p2p3/4P3/1NN1BP2/PPPQ2PP/2KR1B1R w kq -,2200-2399,2300,25,0,0.0,19,0.76,6,0.24,g2g4,0.1282051282051282,5,12.0,0.375,0.2,0.4472135954999579,0.38685280723454163,0.8717948717948718,0.2875,0.41110679774997894,0.3809264036172708
r1b1k2r/1pq1bppp/p1nppn2/6B1/2B1P3/2N2N2/PP2QPPP/R2R2K1 w kq -,1400-1599,1500,19,2,0.10526315789473684,11,0.5789473684210527,8,0.42105263157894735,a1c1,0.24,12,6.0,0.0,0.08333333333333333,0.2886751345948129,0.27023815442731974,0.76,0.041666666666666664,0.14433756729740646,0.13511907721365987
r1b1k2r/1pq1bppp/p1nppn2/6B1/2B1P3/2N2N2/PP2QPPP/R2R2K1 w kq -,1600-1799,1700,99,7,0.0707070707070707,84,0.8484848484848485,15,0.15151515151515152,a1c1,0.24,12,6.0,0.0,0.08333333333333333,0.2886751345948129,0.27023815442731974,0.76,0.041666666666666664,0.14433756729740646,0.13511907721365987
r1b1k2r/1pq1bppp/p1nppn2/6B1/2B1P3/2N2N2/PP2QPPP/R2R2K1 w kq -,1800-1999,1900,214,9,0.04205607476635514,186,0.8691588785046729,28,0.1308411214953271,a1c1,0.24,12,6.0,0.0,0.08333333333333333,0.2886751345948129,0.27023815442731974,0.76,0.041666666666666664,0.14433756729740646,0.13511907721365987
r1b1k2r/1pq1bppp/p1nppn2/6B1/2B1P3/2N2N2/PP2QPPP/R2R2K1 w kq -,2000-2199,2100,75,4,0.05333333333333334,68,0.9066666666666666,7,0.09333333333333334,a1c1,0.24,12,6.0,0.0,0.08333333333333333,0.2886751345948129,0.27023815442731974,0.76,0.041666666666666664,0.14433756729740646,0.13511907721365987
r1b1k2r/1pq1bppp/p1nppn2/6B1/2B1P3/2N2N2/PP2QPPP/R2R2K1 w kq -,2200-2399,2300,18,1,0.05555555555555555,16,0.8888888888888888,2,0.1111111111111111,a1c1,0.24,12,6.0,0.0,0.08333333333333333,0.2886751345948129,0.27023815442731974,0.76,0.041666666666666664,0.14433756729740646,0.13511907721365987
r1b1k2r/1p2qppp/p1n1p3/2npP3/5P2/2NB1N2/PPP3PP/R2QK2R w KQkq -,1600-1799,1700,46,4,0.08695652173913043,2,0.043478260869565216,44,0.9565217391304348,d1e2,0.2619047619047619,11,22.0,1.0,0.09090909090909091,0.30151134457776363,0.27894294565112987,0.7380952380952381,0.5454545454545454,0.6507556722888819,0.6394714728255649
r1b1k2r/1p2qppp/p1n1p3/2npP3/5P2/2NB1N2/PPP3PP/R2QK2R w KQkq -,1800-1999,1900,183,6,0.03278688524590164,13,0.07103825136612021,170,0.9289617486338798,d1e2,0.2619047619047619,11,22.0,1.0,0.09090909090909091,0.30151134457776363,0.27894294565112987,0.7380952380952381,0.5454545454545454,0.6507556722888819,0.6394714728255649
r1b1k2r/1p2qppp/p1n1p3/2npP3/5P2/2NB1N2/PPP3PP/R2QK2R w KQkq -,2000-2199,2100,146,5,0.03424657534246575,11,0.07534246575342465,135,0.9246575342465754,d1e2,0.2619047619047619,11,22.0,1.0,0.09090909090909091,0.30151134457776363,0.27894294565112987,0.7380952380952381,0.5454545454545454,0.6507556722888819,0.6394714728255649
r1b1k2r/1p2qppp/p1n1p3/2npP3/5P2/2NB1N2/PPP3PP/R2QK2R w KQkq -,2200-2399,2300,49,0,0.0,11,0.22448979591836735,38,0.7755102040816326,d1e2,0.2619047619047619,11,22.0,1.0,0.09090909090909091,0.30151134457776363,0.27894294565112987,0.7380952380952381,0.5454545454545454,0.6507556722888819,0.6394714728255649
rnbqk2r/p3bp2/2p1pn2/1p2P1B1/2pP4/2N5/PP3PPP/R2QKB1R w KQkq -,1400-1599,1500,22,1,0.045454545454545456,21,0.9545454545454546,1,0.045454545454545456,e5f6,0.045454545454545456,2,6.0,0.0,0.5,0.7071067811865475,0.6309297535714575,0.9545454545454546,0.25,0.35355339059327373,0.31546487678572877
rnbqk2r/p3bp2/2p1pn2/1p2P1B1/2pP4/2N5/PP3PPP/R2QKB1R w KQkq -,1600-1799,1700,50,0,0.0,43,0.86,7,0.14,e5f6,0.045454545454545456,2,6.0,0.0,0.5,0.7071067811865475,0.6309297535714575,0.9545454545454546,0.25,0.35355339059327373,0.31546487678572877
rnbqk2r/p3bp2/2p1pn2/1p2P1B1/2pP4/2N5/PP3PPP/R2QKB1R w KQkq -,1800-1999,1900,163,1,0.006134969325153374,158,0.9693251533742331,5,0.03067484662576687,e5f6,0.045454545454545456,2,6.0,0.0,0.5,0.7071067811865475,0.6309297535714575,0.9545454545454546,0.25,0.35355339059327373,0.31546487678572877
rnbqk2r/p3bp2/2p1pn2/1p2P1B1/2pP4/2N5/PP3PPP/R2QKB1R w KQkq -,2000-2199,2100,144,0,0.0,141,0.9791666666666666,3,0.020833333333333332,e5f6,0.045454545454545456,2,6.0,0.0,0.5,0.7071067811865475,0.6309297535714575,0.9545454545454546,0.25,0.35355339059327373,0.31546487678572877
rnbqk2r/p3bp2/2p1pn2/1p2P1B1/2pP4/2N5/PP3PPP/R2QKB1R w KQkq -,2200-2399,2300,44,0,0.0,43,0.9772727272727273,1,0.022727272727272728,e5f6,0.045454545454545456,2,6.0,0.0,0.5,0.7071067811865475,0.6309297535714575,0.9545454545454546,0.25,0.35355339059327373,0.31546487678572877
r1b2rk1/ppp2ppp/2n2q2/4p3/3P4/2PB1N2/PP3PPP/R2QK2R w KQ -,1400-1599,1500,93,9,0.0967741935483871,2,0.021505376344086023,91,0.978494623655914,f3e5,0.11904761904761904,5,14.0,0.5,0.2,0.4472135954999579,0.38685280723454163,0.8809523809523809,0.35,0.47360679774997894,0.4434264036172708
r1b2rk1/ppp2ppp/2n2q2/4p3/3P4/2PB1N2/PP3PPP/R2QK2R w KQ -,1600-1799,1700,163,8,0.049079754601226995,3,0.018404907975460124,160,0.9815950920245399,f3e5,0.11904761904761904,5,14.0,0.5,0.2,0.4472135954999579,0.38685280723454163,0.8809523809523809,0.35,0.47360679774997894,0.4434264036172708
r1b2rk1/ppp2ppp/2n2q2/4p3/3P4/2PB1N2/PP3PPP/R2QK2R w KQ -,1800-1999,1900,120,0,0.0,1,0.008333333333333333,119,0.9916666666666667,f3e5,0.11904761904761904,5,14.0,0.5,0.2,0.4472135954999579,0.38685280723454163,0.8809523809523809,0.35,0.47360679774997894,0.4434264036172708
r1b2rk1/ppp2ppp/2n2q2/4p3/3P4/2PB1N2/PP3PPP/R2QK2R w KQ -,2000-2199,2100,26,0,0.0,0,0.0,26,1.0,f3e5,0.11904761904761904,5,14.0,0.5,0.2,0.4472135954999579,0.38685280723454163,0.8809523809523809,0.35,0.47360679774997894,0.4434264036172708
r1bqk2r/p3bpp1/2p4p/n2np3/4N3/3B4/PPPP1PPP/RNBQ1RK1 w kq -,1600-1799,1700,95,75,0.7894736842105263,4,0.042105263157894736,91,0.9578947368421052,e4g3,0.12903225806451613,4,10.0,0.25,0.25,0.5,0.43067655807339306,0.8709677419354839,0.25,0.375,0.34033827903669656
r1bqk2r/p3bpp1/2p4p/n2np3/4N3/3B4/PPPP1PPP/RNBQ1RK1 w kq -,1800-1999,1900,187,136,0.7272727272727273,7,0.0374331550802139,180,0.9625668449197861,e4g3,0.12903225806451613,4,10.0,0.25,0.25,0.5,0.43067655807339306,0.8709677419354839,0.25,0.375,0.34033827903669656
r1bqk2r/p3bpp1/2p4p/n2np3/4N3/3B4/PPPP1PPP/RNBQ1RK1 w kq -,2000-2199,2100,105,50,0.47619047619047616,12,0.11428571428571428,93,0.8857142857142857,e4g3,0.12903225806451613,4,10.0,0.25,0.25,0.5,0.43067655807339306,0.8709677419354839,0.25,0.375,0.34033827903669656
r1bqk2r/p3bpp1/2p4p/n2np3/4N3/3B4/PPPP1PPP/RNBQ1RK1 w kq -,2200-2399,2300,25,10,0.4,8,0.32,17,0.68,e4g3,0.12903225806451613,4,10.0,0.25,0.25,0.5,0.43067655807339306,0.8709677419354839,0.25,0.375,0.34033827903669656
r2qk2r/pp1n1ppp/2pbpn2/8/3P4/2PQ1NN1/PP3PPP/R1B2RK1 w kq -,1400-1599,1500,36,0,0.0,8,0.2222222222222222,28,0.7777777777777778,f1e1,0.7,28,14.0,0.5,0.03571428571428571,0.1889822365046136,0.20584683246043448,0.30000000000000004,0.26785714285714285,0.3444911182523068,0.3529234162302172
r2qk2r/pp1n1ppp/2pbpn2/8/3P4/2PQ1NN1/PP3PPP/R1B2RK1 w kq -,1600-1799,1700,157,0,0.0,35,0.2229299363057325,122,0.7770700636942676,f1e1,0.7,28,14.0,0.5,0.03571428571428571,0.1889822365046136,0.20584683246043448,0.30000000000000004,0.26785714285714285,0.3444911182523068,0.3529234162302172
r2qk2r/pp1n1ppp/2pbpn2/8/3P4/2PQ1NN1/PP3PPP/R1B2RK1 w kq -,1800-1999,1900,183,0,0.0,53,0.2896174863387978,130,0.7103825136612022,f1e1,0.7,28,14.0,0.5,0.03571428571428571,0.1889822365046136,0.20584683246043448,0.30000000000000004,0.26785714285714285,0.3444911182523068,0.3529234162302172
r2qk2r/pp1n1ppp/2pbpn2/8/3P4/2PQ1NN1/PP3PPP/R1B2RK1 w kq -,2000-2199,2100,45,0,0.0,16,0.35555555555555557,29,0.6444444444444445,f1e1,0.7,28,14.0,0.5,0.03571428571428571,0.1889822365046136,0.20584683246043448,0.30000000000000004,0.26785714285714285,0.3444911182523068,0.3529234162302172
r2qk2r/p3ppbp/2pp1np1/8/4P3/2N1B3/PPP2PPP/R2Q1RK1 w kq -,1400-1599,1500,150,3,0.02,0,0.0,150,1.0,d1e1,0.6097560975609756,25,22.0,1.0,0.04,0.2,0.21274605355336312,0.3902439024390244,0.52,0.6,0.6063730267766816
r2qk2r/p3ppbp/2pp1np1/8/4P3/2N1B3/PPP2PPP/R2Q1RK1 w kq -,1600-1799,1700,146,2,0.0136986301369863,0,0.0,146,1.0,d1e1,0.6097560975609756,25,22.0,1.0,0.04,0.2,0.21274605355336312,0.3902439024390244,0.52,0.6,0.6063730267766816
r2qk2r/p3ppbp/2pp1np1/8/4P3/2N1B3/PPP2PPP/R2Q1RK1 w kq -,1800-1999,1900,59,0,0.0,0,0.0,59,1.0,d1e1,0.6097560975609756,25,22.0,1.0,0.04,0.2,0.21274605355336312,0.3902439024390244,0.52,0.6,0.6063730267766816
r1b1k2r/ppp2ppp/1bn5/4P3/2B1n3/5N2/PP3PPP/RNBR2K1 w kq -,1400-1599,1500,77,40,0.5194805194805194,37,0.4805194805194805,40,0.5194805194805194,c1e3,0.023809523809523808,1,8.0,0.125,1.0,1.0,1.0,0.9761904761904762,0.5625,0.5625,0.5625
r1b1k2r/ppp2ppp/1bn5/4P3/2B1n3/5N2/PP3PPP/RNBR2K1 w kq -,1600-1799,1700,157,70,0.445859872611465,87,0.554140127388535,70,0.445859872611465,c1e3,0.023809523809523808,1,8.0,0.125,1.0,1.0,1.0,0.9761904761904762,0.5625,0.5625,0.5625
r1b1k2r/ppp2ppp/1bn5/4P3/2B1n3/5N2/PP3PPP/RNBR2K1 w kq -,1800-1999,1900,134,54,0.40298507462686567,80,0.5970149253731343,54,0.40298507462686567,c1e3,0.023809523809523808,1,8.0,0.125,1.0,1.0,1.0,0.9761904761904762,0.5625,0.5625,0.5625
r1b1k2r/ppp2ppp/1bn5/4P3/2B1n3/5N2/PP3PPP/RNBR2K1 w kq -,2000-2199,2100,35,17,0.4857142857142857,18,0.5142857142857142,17,0.4857142857142857,c1e3,0.023809523809523808,1,8.0,0.125,1.0,1.0,1.0,0.9761904761904762,0.5625,0.5625,0.5625
r2q1rk1/1p2bppp/p1npbn2/4p3/4P3/1NN1BP2/PPP1B1PP/R2Q1RK1 w - -,1400-1599,1500,33,14,0.42424242424242425,9,0.2727272727272727,24,0.7272727272727273,c3d5,0.1590909090909091,7,8.0,0.125,0.14285714285714285,0.3779644730092272,0.3333333333333333,0.8409090909090909,0.13392857142857142,0.2514822365046136,0.22916666666666666
r2q1rk1/1p2bppp/p1npbn2/4p3/4P3/1NN1BP2/PPP1B1PP/R2Q1RK1 w - -,1600-1799,1700,166,86,0.5180722891566265,48,0.2891566265060241,118,0.7108433734939759,c3d5,0.1590909090909091,7,8.0,0.125,0.14285714285714285,0.3779644730092272,0.3333333333333333,0.8409090909090909,0.13392857142857142,0.2514822365046136,0.22916666666666666
r2q1rk1/1p2bppp/p1npbn2/4p3/4P3/1NN1BP2/PPP1B1PP/R2Q1RK1 w - -,1800-1999,1900,172,90,0.5232558139534884,57,0.3313953488372093,115,0.6686046511627907,c3d5,0.1590909090909091,7,8.0,0.125,0.14285714285714285,0.3779644730092272,0.3333333333333333,0.8409090909090909,0.13392857142857142,0.2514822365046136,0.22916666666666666
r2q1rk1/1p2bppp/p1npbn2/4p3/4P3/1NN1BP2/PPP1B1PP/R2Q1RK1 w - -,2000-2199,2100,39,24,0.6153846153846154,8,0.20512820512820512,31,0.7948717948717948,c3d5,0.1590909090909091,7,8.0,0.125,0.14285714285714285,0.3779644730092272,0.3333333333333333,0.8409090909090909,0.13392857142857142,0.2514822365046136,0.22916666666666666
r2qk2r/pp2ppbp/1nnp2p1/8/2PP4/2N1BQ1P/PP3PP1/R3KB1R w KQkq -,1400-1599,1500,22,15,0.6818181818181818,3,0.13636363636363635,19,0.8636363636363636,a1d1,0.045454545454545456,2,22.0,1.0,0.5,0.7071067811865475,0.6309297535714575,0.9545454545454546,0.75,0.8535533905932737,0.8154648767857288
r2qk2r/pp2ppbp/1nnp2p1/8/2PP4/2N1BQ1P/PP3PP1/R3KB1R w KQkq -,1600-1799,1700,98,31,0.3163265306122449,38,0.3877551020408163,60,0.6122448979591837,a1d1,0.045454545454545456,2,22.0,1.0,0.5,0.7071067811865475,0.6309297535714575,0.9545454545454546,0.75,0.8535533905932737,0.8154648767857288
r2qk2r/pp2ppbp/1nnp2p1/8/2PP4/2N1BQ1P/PP3PP1/R3KB1R w KQkq -,1800-1999,1900,189,59,0.31216931216931215,82,0.43386243386243384,107,0.5661375661375662,a1d1,0.045454545454545456,2,22.0,1.0,0.5,0.7071067811865475,0.6309297535714575,0.9545454545454546,0.75,0.8535533905932737,0.8154648767857288
r2qk2r/pp2ppbp/1nnp2p1/8/2PP4/2N1BQ1P/PP3PP1/R3KB1R w KQkq -,2000-2199,2100,93,20,0.21505376344086022,47,0.5053763440860215,46,0.4946236559139785,a1d1,0.045454545454545456,2,22.0,1.0,0.5,0.7071067811865475,0.6309297535714575,0.9545454545454546,0.75,0.8535533905932737,0.8154648767857288
r2qk2r/pp2ppbp/1nnp2p1/8/2PP4/2N1BQ1P/PP3PP1/R3KB1R w KQkq -,2200-2399,2300,15,2,0.13333333333333333,7,0.4666666666666667,8,0.5333333333333333,a1d1,0.045454545454545456,2,22.0,1.0,0.5,0.7071067811865475,0.6309297535714575,0.9545454545454546,0.75,0.8535533905932737,0.8154648767857288
rnbq1k1r/pp3pp1/4p2p/2ppP3/3P2Q1/2PB4/P1PK1PPP/R5NR w - c6,1600-1799,1700,20,0,0.0,6,0.3,14,0.7,h2h4,0.2,9,12.0,0.375,0.1111111111111111,0.3333333333333333,0.3010299956639812,0.8,0.24305555555555555,0.35416666666666663,0.3380149978319906
rnbq1k1r/pp3pp1/4p2p/2ppP3/3P2Q1/2PB4/P1PK1PPP/R5NR w - c6,1800-1999,1900,89,5,0.056179775280898875,26,0.29213483146067415,63,0.7078651685393258,h2h4,0.2,9,12.0,0.375,0.1111111111111111,0.3333333333333333,0.3010299956639812,0.8,0.24305555555555555,0.35416666666666663,0.3380149978319906
rnbq1k1r/pp3pp1/4p2p/2ppP3/3P2Q1/2PB4/P1PK1PPP/R5NR w - c6,2000-2199,2100,204,6,0.029411764705882353,95,0.46568627450980393,109,0.5343137254901961,h2h4,0.2,9,12.0,0.375,0.1111111111111111,0.3333333333333333,0.3010299956639812,0.8,0.24305555555555555,0.35416666666666663,0.3380149978319906
rnbq1k1r/pp3pp1/4p2p/2ppP3/3P2Q1/2PB4/P1PK1PPP/R5NR w - c6,2200-2399,2300,91,2,0.02197802197802198,47,0.5164835164835165,44,0.4835164835164835,h2h4,0.2,9,12.0,0.375,0.1111111111111111,0.3333333333333333,0.3010299956639812,0.8,0.24305555555555555,0.35416666666666663,0.3380149978319906
r1b2rk1/1pq1bppp/p1nppn2/8/2PNP3/2N1BP2/PP2B1PP/R2Q1RK1 w - -,1400-1599,1500,20,2,0.1,4,0.2,16,0.8,a1c1,0.30952380952380953,13,8.0,0.125,0.07692307692307693,0.2773500981126146,0.26264953503719357,0.6904761904761905,0.10096153846153846,0.2011750490563073,0.19382476751859679
r1b2rk1/1pq1bppp/p1nppn2/8/2PNP3/2N1BP2/PP2B1PP/R2Q1RK1 w - -,1600-1799,1700,124,22,0.1774193548387097,49,0.3951612903225806,75,0.6048387096774194,a1c1,0.30952380952380953,13,8.0,0.125,0.07692307692307693,0.2773500981126146,0.26264953503719357,0.6904761904761905,0.10096153846153846,0.2011750490563073,0.19382476751859679
r1b2rk1/1pq1bppp/p1nppn2/8/2PNP3/2N1BP2/PP2B1PP/R2Q1RK1 w - -,1800-1999,1900,181,20,0.11049723756906077,72,0.39779005524861877,109,0.6022099447513812,a1c1,0.30952380952380953,13,8.0,0.125,0.07692307692307693,0.2773500981126146,0.26264953503719357,0.6904761904761905,0.10096153846153846,0.2011750490563073,0.19382476751859679
r1b2rk1/1pq1bppp/p1nppn2/8/2PNP3/2N1BP2/PP2B1PP/R2Q1RK1 w - -,2000-2199,2100,82,6,0.07317073170731707,39,0.47560975609756095,43,0.524390243902439,a1c1,0.30952380952380953,13,8.0,0.125,0.07692307692307693,0.2773500981126146,0.26264953503719357,0.6904761904761905,0.10096153846153846,0.2011750490563073,0.19382476751859679
r1b2rk1/1pq1bppp/p1nppn2/8/2PNP3/2N1BP2/PP2B1PP/R2Q1RK1 w - -,2200-2399,2300,13,1,0.07692307692307693,8,0.6153846153846154,5,0.38461538461538464,a1c1,0.30952380952380953,13,8.0,0.125,0.07692307692307693,0.2773500981126146,0.26264953503719357,0.6904761904761905,0.10096153846153846,0.2011750490563073,0.19382476751859679
r1b1k2r/ppq1bppp/2np1n2/4p3/2B1PB2/2N2N2/PP2QPPP/R2R2K1 w kq -,1400-1599,1500,29,10,0.3448275862068966,4,0.13793103448275862,25,0.8620689655172413,c3b5,0.058823529411764705,3,10.0,0.25,0.3333333333333333,0.5773502691896258,0.5,0.9411764705882353,0.29166666666666663,0.4136751345948129,0.375
r1b1k2r/ppq1bppp/2np1n2/4p3/2B1PB2/2N2N2/PP2QPPP/R2R2K1 w kq -,1600-1799,1700,117,35,0.29914529914529914,12,0.10256410256410256,105,0.8974358974358975,c3b5,0.058823529411764705,3,10.0,0.25,0.3333333333333333,0.5773502691896258,0.5,0.9411764705882353,0.29166666666666663,0.4136751345948129,0.375
r1b1k2r/ppq1bppp/2np1n2/4p3/2B1PB2/2N2N2/PP2QPPP/R2R2K1 w kq -,1800-1999,1900,192,29,0.15104166666666666,21,0.109375,171,0.890625,c3b5,0.058823529411764705,3,10.0,0.25,0.3333333333333333,0.5773502691896258,0.5,0.9411764705882353,0.29166666666666663,0.4136751345948129,0.375
r1b1k2r/ppq1bppp/2np1n2/4p3/2B1PB2/2N2N2/PP2QPPP/R2R2K1 w kq -,2000-2199,2100,70,6,0.08571428571428572,3,0.04285714285714286,67,0.9571428571428572,c3b5,0.058823529411764705,3,10.0,0.25,0.3333333333333333,0.5773502691896258,0.5,0.9411764705882353,0.29166666666666663,0.4136751345948129,0.375
r2q1rk1/pp1bppb1/2np1np1/7p/2BNP2P/2N1BP2/PPPQ2P1/R3K2R w KQ h6,1600-1799,1700,59,6,0.1016949152542373,1,0.01694915254237288,58,0.9830508474576272,c4b3,0.09615384615384616,5,22.0,1.0,0.2,0.4472135954999579,0.38685280723454163,0.9038461538461539,0.6,0.7236067977499789,0.6934264036172708
r2q1rk1/pp1bppb1/2np1np1/7p/2BNP2P/2N1BP2/PPPQ2P1/R3K2R w KQ h6,1800-1999,1900,183,14,0.07650273224043716,8,0.04371584699453552,175,0.9562841530054644,c4b3,0.09615384615384616,5,22.0,1.0,0.2,0.4472135954999579,0.38685280723454163,0.9038461538461539,0.6,0.7236067977499789,0.6934264036172708
r2q1rk1/pp1bppb1/2np1np1/7p/2BNP2P/2N1BP2/PPPQ2P1/R3K2R w KQ h6,2000-2199,2100,129,5,0.03875968992248062,11,0.08527131782945736,118,0.9147286821705426,c4b3,0.09615384615384616,5,22.0,1.0,0.2,0.4472135954999579,0.38685280723454163,0.9038461538461539,0.6,0.7236067977499789,0.6934264036172708
r2q1rk1/pp1bppb1/2np1np1/7p/2BNP2P/2N1BP2/PPPQ2P1/R3K2R w KQ h6,2200-2399,2300,31,2,0.06451612903225806,3,0.0967741935483871,28,0.9032258064516129,c4b3,0.09615384615384616,5,22.0,1.0,0.2,0.4472135954999579,0.38685280723454163,0.9038461538461539,0.6,0.7236067977499789,0.6934264036172708
r2q1rk1/1bpnbppp/p3pn2/1p4B1/3P4/2NBPN2/PP3PPP/2RQ1RK1 w - -,1400-1599,1500,18,0,0.0,0,0.0,18,1.0,a2a4,0.36363636363636365,16,16.0,0.625,0.0625,0.25,0.24465054211822604,0.6363636363636364,0.34375,0.4375,0.434825271059113
r2q1rk1/1bpnbppp/p3pn2/1p4B1/3P4/2NBPN2/PP3PPP/2RQ1RK1 w - -,1600-1799,1700,104,4,0.038461538461538464,2,0.019230769230769232,102,0.9807692307692307,a2a4,0.36363636363636365,16,16.0,0.625,0.0625,0.25,0.24465054211822604,0.6363636363636364,0.34375,0.4375,0.434825271059113
r2q1rk1/1bpnbppp/p3pn2/1p4B1/3P4/2NBPN2/PP3PPP/2RQ1RK1 w - -,1800-1999,1900,196,7,0.03571428571428571,2,0.01020408163265306,194,0.9897959183673469,a2a4,0.36363636363636365,16,16.0,0.625,0.0625,0.25,0.24465054211822604,0.6363636363636364,0.34375,0.4375,0.434825271059113
r2q1rk1/1bpnbppp/p3pn2/1p4B1/3P4/2NBPN2/PP3PPP/2RQ1RK1 w - -,2000-2199,2100,80,1,0.0125,4,0.05,76,0.95,a2a4,0.36363636363636365,16,16.0,0.625,0.0625,0.25,0.24465054211822604,0.6363636363636364,0.34375,0.4375,0.434825271059113
r2q1rk1/1bpnbppp/p3pn2/1p4B1/3P4/2NBPN2/PP3PPP/2RQ1RK1 w - -,2200-2399,2300,13,2,0.15384615384615385,2,0.15384615384615385,11,0.8461538461538461,a2a4,0.36363636363636365,16,16.0,0.625,0.0625,0.25,0.24465054211822604,0.6363636363636364,0.34375,0.4375,0.434825271059113
r2qk2r/p1p1bpp1/2pp1n1p/6B1/4P3/2N5/PPP2PPP/R2Q1RK1 w kq -,1400-1599,1500,175,41,0.2342857142857143,11,0.06285714285714286,164,0.9371428571428572,g5e3,0.1282051282051282,5,6.0,0.0,0.2,0.4472135954999579,0.38685280723454163,0.8717948717948718,0.1,0.22360679774997896,0.19342640361727081
r2qk2r/p1p1bpp1/2pp1n1p/6B1/4P3/2N5/PPP2PPP/R2Q1RK1 w kq -,1600-1799,1700,121,23,0.19008264462809918,4,0.03305785123966942,117,0.9669421487603306,g5e3,0.1282051282051282,5,6.0,0.0,0.2,0.4472135954999579,0.38685280723454163,0.8717948717948718,0.1,0.22360679774997896,0.19342640361727081
r2qk2r/p1p1bpp1/2pp1n1p/6B1/4P3/2N5/PPP2PPP/R2Q1RK1 w kq -,1800-1999,1900,35,4,0.11428571428571428,1,0.02857142857142857,34,0.9714285714285714,g5e3,0.1282051282051282,5,6.0,0.0,0.2,0.4472135954999579,0.38685280723454163,0.8717948717948718,0.1,0.22360679774997896,0.19342640361727081
r1bq1rk1/ppp1n1bp/3p2p1/3Ppp1n/1PP1P3/2N2N2/P3BPPP/R1BQR1K1 w - f6,1600-1799,1700,12,0,0.0,0,0.0,12,1.0,a2a4,0.4722222222222222,17,22.0,1.0,0.058823529411764705,0.24253562503633297,0.23981246656813146,0.5277777777777778,0.5294117647058824,0.6212678125181665,0.6199062332840657
r1bq1rk1/ppp1n1bp/3p2p1/3Ppp1n/1PP1P3/2N2N2/P3BPPP/R1BQR1K1 w - f6,1800-1999,1900,73,0,0.0,1,0.0136986301369863,72,0.9863013698630136,a2a4,0.4722222222222222,17,22.0,1.0,0.058823529411764705,0.24253562503633297,0.23981246656813146,0.5277777777777778,0.5294117647058824,0.6212678125181665,0.6199062332840657
r1bq1rk1/ppp1n1bp/3p2p1/3Ppp1n/1PP1P3/2N2N2/P3BPPP/R1BQR1K1 w - f6,2000-2199,2100,180,1,0.005555555555555556,7,0.03888888888888889,173,0.9611111111111111,a2a4,0.4722222222222222,17,22.0,1.0,0.058823529411764705,0.24253562503633297,0.23981246656813146,0.5277777777777778,0.5294117647058824,0.6212678125181665,0.6199062332840657
r1bq1rk1/ppp1n1bp/3p2p1/3Ppp1n/1PP1P3/2N2N2/P3BPPP/R1BQR1K1 w - f6,2200-2399,2300,133,0,0.0,14,0.10526315789473684,119,0.8947368421052632,a2a4,0.4722222222222222,17,22.0,1.0,0.058823529411764705,0.24253562503633297,0.23981246656813146,0.5277777777777778,0.5294117647058824,0.6212678125181665,0.6199062332840657
r1b1k1nr/pp1p1ppp/8/q3p3/N2QP3/2P5/PP3PPP/R3KB1R w KQkq -,1600-1799,1700,79,14,0.17721518987341772,38,0.4810126582278481,41,0.5189873417721519,d4b4,0.05405405405405406,2,22.0,1.0,0.5,0.7071067811865475,0.6309297535714575,0.9459459459459459,0.75,0.8535533905932737,0.8154648767857288
r1b1k1nr/pp1p1ppp/8/q3p3/N2QP3/2P5/PP3PPP/R3KB1R w KQkq -,1800-1999,1900,207,58,0.28019323671497587,87,0.42028985507246375,120,0.5797101449275363,d4b4,0.05405405405405406,2,22.0,1.0,0.5,0.7071067811865475,0.6309297535714575,0.9459459459459459,0.75,0.8535533905932737,0.8154648767857288
r1b1k1nr/pp1p1ppp/8/q3p3/N2QP3/2P5/PP3PPP/R3KB1R w KQkq -,2000-2199,2100,98,20,0.20408163265306123,48,0.4897959183673469,50,0.5102040816326531,d4b4,0.05405405405405406,2,22.0,1.0,0.5,0.7071067811865475,0.6309297535714575,0.9459459459459459,0.75,0.8535533905932737,0.8154648767857288
r1b1k1nr/pp1p1ppp/8/q3p3/N2QP3/2P5/PP3PPP/R3KB1R w KQkq -,2200-2399,2300,19,3,0.15789473684210525,12,0.631578947368421,7,0.3684210526315789,d4b4,0.05405405405405406,2,22.0,1.0,0.5,0.7071067811865475,0.6309297535714575,0.9459459459459459,0.75,0.8535533905932737,0.8154648767857288
r1b1k2r/pp2bppp/1qn1p3/3pPn2/3P4/P1N2N2/1P2BPPP/R1BQ1RK1 w kq -,1400-1599,1500,121,32,0.2644628099173554,0,0.0,121,1.0,g1h1,0.1111111111111111,4,18.0,0.75,0.25,0.5,0.43067655807339306,0.8888888888888888,0.5,0.625,0.5903382790366966
r1b1k2r/pp2bppp/1qn1p3/3pPn2/3P4/P1N2N2/1P2BPPP/R1BQ1RK1 w kq -,1600-1799,1700,188,29,0.15425531914893617,0,0.0,188,1.0,g1h1,0.1111111111111111,4,18.0,0.75,0.25,0.5,0.43067655807339306,0.8888888888888888,0.5,0.625,0.5903382790366966
r1b1k2r/pp2bppp/1qn1p3/3pPn2/3P4/P1N2N2/1P2BPPP/R1BQ1RK1 w kq -,1800-1999,1900,75,11,0.14666666666666667,2,0.02666666666666667,73,0.9733333333333334,g1h1,0.1111111111111111,4,18.0,0.75,0.25,0.5,0.43067655807339306,0.8888888888888888,0.5,0.625,0.5903382790366966
r2q1rk1/1bp1bpp1/p1np1n1p/1p2p3/3PP3/1BP2N1P/PP3PP1/RNBQR1K1 w - -,1400-1599,1500,33,16,0.48484848484848486,15,0.45454545454545453,18,0.5454545454545454,b1d2,0.3055555555555556,11,6.0,0.0,0.09090909090909091,0.30151134457776363,0.27894294565112987,0.6944444444444444,0.045454545454545456,0.15075567228888181,0.13947147282556493
r2q1rk1/1bp1bpp1/p1np1n1p/1p2p3/3PP3/1BP2N1P/PP3PP1/RNBQR1K1 w - -,1600-1799,1700,116,39,0.33620689655172414,65,0.5603448275862069,51,0.4396551724137931,b1d2,0.3055555555555556,11,6.0,0.0,0.09090909090909091,0.30151134457776363,0.27894294565112987,0.6944444444444444,0.045454545454545456,0.15075567228888181,0.13947147282556493
r2q1rk1/1bp1bpp1/p1np1n1p/1p2p3/3PP3/1BP2N1P/PP3PP1/RNBQR1K1 w - -,1800-1999,1900,131,26,0.1984732824427481,90,0.6870229007633588,41,0.31297709923664124,b1d2,0.3055555555555556,11,6.0,0.0,0.09090909090909091,0.30151134457776363,0.27894294565112987,0.6944444444444444,0.045454545454545456,0.15075567228888181,0.13947147282556493
r2q1rk1/1bp1bpp1/p1np1n1p/1p2p3/3PP3/1BP2N1P/PP3PP1/RNBQR1K1 w - -,2000-2199,2100,99,9,0.09090909090909091,75,0.7575757575757576,24,0.24242424242424243,b1d2,0.3055555555555556,11,6.0,0.0,0.09090909090909091,0.30151134457776363,0.27894294565112987,0.6944444444444444,0.045454545454545456,0.15075567228888181,0.13947147282556493
r2q1rk1/1bp1bpp1/p1np1n1p/1p2p3/3PP3/1BP2N1P/PP3PP1/RNBQR1K1 w - -,2200-2399,2300,20,1,0.05,15,0.75,5,0.25,b1d2,0.3055555555555556,11,6.0,0.0,0.09090909090909091,0.30151134457776363,0.27894294565112987,0.6944444444444444,0.045454545454545456,0.15075567228888181,0.13947147282556493
r3kb1r/p2q1ppp/5n2/3pp3/8/8/PPP2PPP/RNBQ1RK1 w kq -,1400-1599,1500,114,75,0.6578947368421053,39,0.34210526315789475,75,0.6578947368421053,f1e1,0.06451612903225806,2,6.0,0.0,0.5,0.7071067811865475,0.6309297535714575,0.935483870967742,0.25,0.35355339059327373,0.31546487678572877
r3kb1r/p2q1ppp/5n2/3pp3/8/8/PPP2PPP/RNBQ1RK1 w kq -,1600-1799,1700,150,95,0.6333333333333333,52,0.3466666666666667,98,0.6533333333333333,f1e1,0.06451612903225806,2,6.0,0.0,0.5,0.7071067811865475,0.6309297535714575,0.935483870967742,0.25,0.35355339059327373,0.31546487678572877
r3kb1r/p2q1ppp/5n2/3pp3/8/8/PPP2PPP/RNBQ1RK1 w kq -,1800-1999,1900,76,49,0.6447368421052632,27,0.35526315789473684,49,0.6447368421052632,f1e1,0.06451612903225806,2,6.0,0.0,0.5,0.7071067811865475,0.6309297535714575,0.935483870967742,0.25,0.35355339059327373,0.31546487678572877
r3kb1r/p2q1ppp/5n2/3pp3/8/8/PPP2PPP/RNBQ1RK1 w kq -,2000-2199,2100,14,8,0.5714285714285714,6,0.42857142857142855,8,0.5714285714285714,f1e1,0.06451612903225806,2,6.0,0.0,0.5,0.7071067811865475,0.6309297535714575,0.935483870967742,0.25,0.35355339059327373,0.31546487678572877
r2q1rk1/pp1n1ppp/2pb1n2/3p2Bb/3P4/2PB1N1P/PP3PP1/RN1QR1K1 w - -,1400-1599,1500,21,3,0.14285714285714285,14,0.6666666666666666,7,0.3333333333333333,b1d2,0.1702127659574468,8,6.0,0.0,0.125,0.35355339059327373,0.31546487678572877,0.8297872340425532,0.0625,0.17677669529663687,0.15773243839286438
r2q1rk1/pp1n1ppp/2pb1n2/3p2Bb/3P4/2PB1N1P/PP3PP1/RN1QR1K1 w - -,1600-1799,1700,132,13,0.09848484848484848,110,0.8333333333333334,22,0.16666666666666666,b1d2,0.1702127659574468,8,6.0,0.0,0.125,0.35355339059327373,0.31546487678572877,0.8297872340425532,0.0625,0.17677669529663687,0.15773243839286438
r2q1rk1/pp1n1ppp/2pb1n2/3p2Bb/3P4/2PB1N1P/PP3PP1/RN1QR1K1 w - -,1800-1999,1900,209,12,0.05741626794258373,183,0.8755980861244019,26,0.12440191387559808,b1d2,0.1702127659574468,8,6.0,0.0,0.125,0.35355339059327373,0.31546487678572877,0.8297872340425532,0.0625,0.17677669529663687,0.15773243839286438
r2q1rk1/pp1n1ppp/2pb1n2/3p2Bb/3P4/2PB1N1P/PP3PP1/RN1QR1K1 w - -,2000-2199,2100,47,0,0.0,47,1.0,0,0.0,b1d2,0.1702127659574468,8,6.0,0.0,0.125,0.35355339059327373,0.31546487678572877,0.8297872340425532,0.0625,0.17677669529663687,0.15773243839286438
rn1q1rk1/pp3pbp/3p1np1/2pP4/2P5/2NB1Q1P/PP3PP1/R1B2RK1 b - -,1400-1599,1500,22,1,0.045454545454545456,15,0.6818181818181818,7,0.3181818181818182,b8d7,0.2222222222222222,6,16.0,0.625,0.16666666666666666,0.4082482904638631,0.3562071871080222,0.7777777777777778,0.3958333333333333,0.5166241452319316,0.49060359355401106
rn1q1rk1/pp3pbp/3p1np1/2pP4/2P5/2NB1Q1P/PP3PP1/R1B2RK1 b - -,1600-1799,1700,83,4,0.04819277108433735,61,0.7349397590361446,22,0.26506024096385544,b8d7,0.2222222222222222,6,16.0,0.625,0.16666666666666666,0.4082482904638631,0.3562071871080222,0.7777777777777778,0.3958333333333333,0.5166241452319316,0.49060359355401106
rn1q1rk1/pp3pbp/3p1np1/2pP4/2P5/2NB1Q1P/PP3PP1/R1B2RK1 b - -,1800-1999,1900,171,7,0.04093567251461988,128,0.7485380116959064,43,0.25146198830409355,b8d7,0.2222222222222222,6,16.0,0.625,0.16666666666666666,0.4082482904638631,0.3562071871080222,0.7777777777777778,0.3958333333333333,0.5166241452319316,0.49060359355401106
rn1q1rk1/pp3pbp/3p1np1/2pP4/2P5/2NB1Q1P/PP3PP1/R1B2RK1 b - -,2000-2199,2100,98,7,0.07142857142857142,76,0.7755102040816326,22,0.22448979591836735,b8d7,0.2222222222222222,6,16.0,0.625,0.16666666666666666,0.4082482904638631,0.3562071871080222,0.7777777777777778,0.3958333333333333,0.5166241452319316,0.49060359355401106
rn1q1rk1/pp3pbp/3p1np1/2pP4/2P5/2NB1Q1P/PP3PP1/R1B2RK1 b - -,2200-2399,2300,28,0,0.0,20,0.7142857142857143,8,0.2857142857142857,b8d7,0.2222222222222222,6,16.0,0.625,0.16666666666666666,0.4082482904638631,0.3562071871080222,0.7777777777777778,0.3958333333333333,0.5166241452319316,0.49060359355401106
r3k2r/pppqbppp/5n2/4p3/3Q4/8/PPP2PPP/RNB1R1K1 w kq -,1400-1599,1500,128,60,0.46875,68,0.53125,60,0.46875,d4e5,0.02127659574468085,1,6.0,0.0,1.0,1.0,1.0,0.9787234042553191,0.5,0.5,0.5
r3k2r/pppqbppp/5n2/4p3/3Q4/8/PPP2PPP/RNB1R1K1 w kq -,1600-1799,1700,154,41,0.2662337662337662,113,0.7337662337662337,41,0.2662337662337662,d4e5,0.02127659574468085,1,6.0,0.0,1.0,1.0,1.0,0.9787234042553191,0.5,0.5,0.5
r3k2r/pppqbppp/5n2/4p3/3Q4/8/PPP2PPP/RNB1R1K1 w kq -,1800-1999,1900,48,4,0.08333333333333333,44,0.9166666666666666,4,0.08333333333333333,d4e5,0.02127659574468085,1,6.0,0.0,1.0,1.0,1.0,0.9787234042553191,0.5,0.5,0.5
r2q1rk1/pp1n1ppp/2pb1n2/3p2B1/3P4/2NB1Q1P/PPP2PP1/R4RK1 w - -,1400-1599,1500,87,5,0.05747126436781609,0,0.0,87,1.0,c3d1,0.4897959183673469,24,22.0,1.0,0.041666666666666664,0.20412414523193154,0.21533827903669653,0.5102040816326531,0.5208333333333334,0.6020620726159658,0.6076691395183482
r2q1rk1/pp1n1ppp/2pb1n2/3p2B1/3P4/2NB1Q1P/PPP2PP1/R4RK1 w - -,1600-1799,1700,180,4,0.022222222222222223,1,0.005555555555555556,179,0.9944444444444445,c3d1,0.4897959183673469,24,22.0,1.0,0.041666666666666664,0.20412414523193154,0.21533827903669653,0.5102040816326531,0.5208333333333334,0.6020620726159658,0.6076691395183482
r2q1rk1/pp1n1ppp/2pb1n2/3p2B1/3P4/2NB1Q1P/PPP2PP1/R4RK1 w - -,1800-1999,1900,108,1,0.009259259259259259,0,0.0,108,1.0,c3d1,0.4897959183673469,24,22.0,1.0,0.041666666666666664,0.20412414523193154,0.21533827903669653,0.5102040816326531,0.5208333333333334,0.6020620726159658,0.6076691395183482
r1b1r1k1/ppqn1pbp/2pp1np1/4p3/2PPP3/2N1BNPP/PP3PB1/R2Q1RK1 w - -,1600-1799,1700,12,0,0.0,2,0.16666666666666666,10,0.8333333333333334,d4d5,0.425,17,22.0,1.0,0.058823529411764705,0.24253562503633297,0.23981246656813146,0.575,0.5294117647058824,0.6212678125181665,0.6199062332840657
r1b1r1k1/ppqn1pbp/2pp1np1/4p3/2PPP3/2N1BNPP/PP3PB1/R2Q1RK1 w - -,1800-1999,1900,136,2,0.014705882352941176,9,0.0661764705882353,127,0.9338235294117647,d4d5,0.425,17,22.0,1.0,0.058823529411764705,0.24253562503633297,0.23981246656813146,0.575,0.5294117647058824,0.6212678125181665,0.6199062332840657
r1b1r1k1/ppqn1pbp/2pp1np1/4p3/2PPP3/2N1BNPP/PP3PB1/R2Q1RK1 w - -,2000-2199,2100,193,4,0.02072538860103627,18,0.09326424870466321,175,0.9067357512953368,d4d5,0.425,17,22.0,1.0,0.058823529411764705,0.24253562503633297,0.23981246656813146,0.575,0.5294117647058824,0.6212678125181665,0.6199062332840657
r1b1r1k1/ppqn1pbp/2pp1np1/4p3/2PPP3/2N1BNPP/PP3PB1/R2Q1RK1 w - -,2200-2399,2300,64,2,0.03125,14,0.21875,50,0.78125,d4d5,0.425,17,22.0,1.0,0.058823529411764705,0.24253562503633297,0.23981246656813146,0.575,0.5294117647058824,0.6212678125181665,0.6199062332840657
r1bq1rk1/2p2ppp/p1np1n2/1p6/1b1PP3/1B3N2/PP3PPP/RNBQR1K1 w - -,1400-1599,1500,126,4,0.031746031746031744,65,0.5158730158730159,61,0.48412698412698413,b1c3,0.08571428571428572,3,6.0,0.0,0.3333333333333333,0.5773502691896258,0.5,0.9142857142857143,0.16666666666666666,0.2886751345948129,0.25
r1bq1rk1/2p2ppp/p1np1n2/1p6/1b1PP3/1B3N2/PP3PPP/RNBQR1K1 w - -,1600-1799,1700,144,5,0.034722222222222224,89,0.6180555555555556,55,0.3819444444444444,b1c3,0.08571428571428572,3,6.0,0.0,0.3333333333333333,0.5773502691896258,0.5,0.9142857142857143,0.16666666666666666,0.2886751345948129,0.25
r1bq1rk1/2p2ppp/p1np1n2/1p6/1b1PP3/1B3N2/PP3PPP/RNBQR1K1 w - -,1800-1999,1900,56,2,0.03571428571428571,33,0.5892857142857143,23,0.4107142857142857,b1c3,0.08571428571428572,3,6.0,0.0,0.3333333333333333,0.5773502691896258,0.5,0.9142857142857143,0.16666666666666666,0.2886751345948129,0.25
r2qk1nr/1p1bbppp/p1np4/4p3/2B1PB2/2N2N2/PP2QPPP/R2R2K1 w kq -,1600-1799,1700,48,0,0.0,30,0.625,18,0.375,f4e3,0.0784313725490196,4,8.0,0.125,0.25,0.5,0.43067655807339306,0.9215686274509804,0.1875,0.3125,0.27783827903669656
r2qk1nr/1p1bbppp/p1np4/4p3/2B1PB2/2N2N2/PP2QPPP/R2R2K1 w kq -,1800-1999,1900,147,1,0.006802721088435374,100,0.6802721088435374,47,0.3197278911564626,f4e3,0.0784313725490196,4,8.0,0.125,0.25,0.5,0.43067655807339306,0.9215686274509804,0.1875,0.3125,0.27783827903669656
r2qk1nr/1p1bbppp/p1np4/4p3/2B1PB2/2N2N2/PP2QPPP/R2R2K1 w kq -,2000-2199,2100,174,1,0.005747126436781609,131,0.7528735632183908,43,0.2471264367816092,f4e3,0.0784313725490196,4,8.0,0.125,0.25,0.5,0.43067655807339306,0.9215686274509804,0.1875,0.3125,0.27783827903669656
r2qk1nr/1p1bbppp/p1np4/4p3/2B1PB2/2N2N2/PP2QPPP/R2R2K1 w kq -,2200-2399,2300,31,0,0.0,24,0.7741935483870968,7,0.22580645161290322,f4e3,0.0784313725490196,4,8.0,0.125,0.25,0.5,0.43067655807339306,0.9215686274509804,0.1875,0.3125,0.27783827903669656
r3kbnr/pp3ppp/2n1p3/3pP3/3q4/2N2B2/PP3PPP/R1BQ1RK1 w kq -,1400-1599,1500,24,4,0.16666666666666666,0,0.0,24,1.0,c1d2,0.22857142857142856,8,10.0,0.25,0.125,0.35355339059327373,0.31546487678572877,0.7714285714285715,0.1875,0.30177669529663687,0.2827324383928644
r3kbnr/pp3ppp/2n1p3/3pP3/3q4/2N2B2/PP3PPP/R1BQ1RK1 w kq -,1600-1799,1700,112,32,0.2857142857142857,0,0.0,112,1.0,c1d2,0.22857142857142856,8,10.0,0.25,0.125,0.35355339059327373,0.31546487678572877,0.7714285714285715,0.1875,0.30177669529663687,0.2827324383928644
r3kbnr/pp3ppp/2n1p3/3pP3/3q4/2N2B2/PP3PPP/R1BQ1RK1 w kq -,1800-1999,1900,195,65,0.3333333333333333,1,0.005128205128205128,194,0.9948717948717949,c1d2,0.22857142857142856,8,10.0,0.25,0.125,0.35355339059327373,0.31546487678572877,0.7714285714285715,0.1875,0.30177669529663687,0.2827324383928644
r3kbnr/pp3ppp/2n1p3/3pP3/3q4/2N2B2/PP3PPP/R1BQ1RK1 w kq -,2000-2199,2100,70,17,0.24285714285714285,0,0.0,70,1.0,c1d2,0.22857142857142856,8,10.0,0.25,0.125,0.35355339059327373,0.31546487678572877,0.7714285714285715,0.1875,0.30177669529663687,0.2827324383928644
r2q1rk1/1p1bppbp/p1np1np1/8/2PNP3/2N1B2P/PP2BPP1/R2Q1RK1 w - -,1400-1599,1500,10,7,0.7,0,0.0,10,1.0,d4f3,0.18181818181818182,8,18.0,0.75,0.125,0.35355339059327373,0.31546487678572877,0.8181818181818181,0.4375,0.5517766952966369,0.5327324383928644
r2q1rk1/1p1bppbp/p1np1np1/8/2PNP3/2N1B2P/PP2BPP1/R2Q1RK1 w - -,1600-1799,1700,96,81,0.84375,2,0.020833333333333332,94,0.9791666666666666,d4f3,0.18181818181818182,8,18.0,0.75,0.125,0.35355339059327373,0.31546487678572877,0.8181818181818181,0.4375,0.5517766952966369,0.5327324383928644
r2q1rk1/1p1bppbp/p1np1np1/8/2PNP3/2N1B2P/PP2BPP1/R2Q1RK1 w - -,1800-1999,1900,163,133,0.8159509202453987,5,0.03067484662576687,158,0.9693251533742331,d4f3,0.18181818181818182,8,18.0,0.75,0.125,0.35355339059327373,0.31546487678572877,0.8181818181818181,0.4375,0.5517766952966369,0.5327324383928644
r2q1rk1/1p1bppbp/p1np1np1/8/2PNP3/2N1B2P/PP2BPP1/R2Q1RK1 w - -,2000-2199,2100,111,92,0.8288288288288288,5,0.04504504504504504,106,0.954954954954955,d4f3,0.18181818181818182,8,18.0,0.75,0.125,0.35355339059327373,0.31546487678572877,0.8181818181818181,0.4375,0.5517766952966369,0.5327324383928644
r2q1rk1/1p1bppbp/p1np1np1/8/2PNP3/2N1B2P/PP2BPP1/R2Q1RK1 w - -,2200-2399,2300,20,13,0.65,2,0.1,18,0.9,d4f3,0.18181818181818182,8,18.0,0.75,0.125,0.35355339059327373,0.31546487678572877,0.8181818181818181,0.4375,0.5517766952966369,0.5327324383928644
r2q1rk1/pp1n1ppp/2pb1n2/3p2Bb/3P4/2P2N1P/PP1NBPP1/R2Q1RK1 w - -,1400-1599,1500,29,4,0.13793103448275862,1,0.034482758620689655,28,0.9655172413793104,e2d3,0.6,21,18.0,0.75,0.047619047619047616,0.2182178902359924,0.22424382421757544,0.4,0.39880952380952384,0.4841089451179962,0.48712191210878775
r2q1rk1/pp1n1ppp/2pb1n2/3p2Bb/3P4/2P2N1P/PP1NBPP1/R2Q1RK1 w - -,1600-1799,1700,186,15,0.08064516129032258,7,0.03763440860215054,179,0.9623655913978495,e2d3,0.6,21,18.0,0.75,0.047619047619047616,0.2182178902359924,0.22424382421757544,0.4,0.39880952380952384,0.4841089451179962,0.48712191210878775
r2q1rk1/pp1n1ppp/2pb1n2/3p2Bb/3P4/2P2N1P/PP1NBPP1/R2Q1RK1 w - -,1800-1999,1900,171,14,0.08187134502923976,6,0.03508771929824561,165,0.9649122807017544,e2d3,0.6,21,18.0,0.75,0.047619047619047616,0.2182178902359924,0.22424382421757544,0.4,0.39880952380952384,0.4841089451179962,0.48712191210878775
r2q1rk1/pp1n1ppp/2pb1n2/3p2Bb/3P4/2P2N1P/PP1NBPP1/R2Q1RK1 w - -,2000-2199,2100,19,1,0.05263157894736842,2,0.10526315789473684,17,0.8947368421052632,e2d3,0.6,21,18.0,0.75,0.047619047619047616,0.2182178902359924,0.22424382421757544,0.4,0.39880952380952384,0.4841089451179962,0.48712191210878775
r2qk2r/pp2bppp/2n1pn2/8/3P2b1/2N1BN2/PP2BPPP/R2Q1RK1 w kq -,1400-1599,1500,12,2,0.16666666666666666,0,0.0,12,1.0,d1b3,0.1794871794871795,7,22.0,1.0,0.14285714285714285,0.3779644730092272,0.3333333333333333,0.8205128205128205,0.5714285714285714,0.6889822365046137,0.6666666666666666
r2qk2r/pp2bppp/2n1pn2/8/3P2b1/2N1BN2/PP2BPPP/R2Q1RK1 w kq -,1600-1799,1700,66,1,0.015151515151515152,11,0.16666666666666666,55,0.8333333333333334,d1b3,0.1794871794871795,7,22.0,1.0,0.14285714285714285,0.3779644730092272,0.3333333333333333,0.8205128205128205,0.5714285714285714,0.6889822365046137,0.6666666666666666
r2qk2r/pp2bppp/2n1pn2/8/3P2b1/2N1BN2/PP2BPPP/R2Q1RK1 w kq -,1800-1999,1900,207,7,0.033816425120772944,35,0.16908212560386474,172,0.8309178743961353,d1b3,0.1794871794871795,7,22.0,1.0,0.14285714285714285,0.3779644730092272,0.3333333333333333,0.8205128205128205,0.5714285714285714,0.6889822365046137,0.6666666666666666
r2qk2r/pp2bppp/2n1pn2/8/3P2b1/2N1BN2/PP2BPPP/R2Q1RK1 w kq -,2000-2199,2100,108,3,0.027777777777777776,28,0.25925925925925924,80,0.7407407407407407,d1b3,0.1794871794871795,7,22.0,1.0,0.14285714285714285,0.3779644730092272,0.3333333333333333,0.8205128205128205,0.5714285714285714,0.6889822365046137,0.6666666666666666
r2qk2r/pp2bppp/2n1pn2/8/3P2b1/2N1BN2/PP2BPPP/R2Q1RK1 w kq -,2200-2399,2300,10,0,0.0,3,0.3,7,0.7,d1b3,0.1794871794871795,7,22.0,1.0,0.14285714285714285,0.3779644730092272,0.3333333333333333,0.8205128205128205,0.5714285714285714,0.6889822365046137,0.6666666666666666
r1b1k2r/ppp1bppp/5n2/4p1B1/8/2N5/PPP2PPP/2KR1B1R w - -,1400-1599,1500,147,95,0.6462585034013606,30,0.20408163265306123,117,0.7959183673469388,f1c4,0.10526315789473684,4,10.0,0.25,0.25,0.5,0.43067655807339306,0.8947368421052632,0.25,0.375,0.34033827903669656
r1b1k2r/ppp1bppp/5n2/4p1B1/8/2N5/PPP2PPP/2KR1B1R w - -,1600-1799,1700,89,59,0.6629213483146067,14,0.15730337078651685,75,0.8426966292134831,f1c4,0.10526315789473684,4,10.0,0.25,0.25,0.5,0.43067655807339306,0.8947368421052632,0.25,0.375,0.34033827903669656
r1b1k2r/ppp1bppp/5n2/4p1B1/8/2N5/PPP2PPP/2KR1B1R w - -,1800-1999,1900,20,7,0.35,3,0.15,17,0.85,f1c4,0.10526315789473684,4,10.0,0.25,0.25,0.5,0.43067655807339306,0.8947368421052632,0.25,0.375,0.34033827903669656
r1bqnrk1/ppp1n1bp/3p2p1/3Ppp2/1PP1P3/2N5/P2NBPPP/R1BQ1RK1 w - f6,1600-1799,1700,32,1,0.03125,4,0.125,28,0.875,c4c5,0.36666666666666664,11,12.0,0.375,0.09090909090909091,0.30151134457776363,0.27894294565112987,0.6333333333333333,0.23295454545454547,0.3382556722888818,0.32697147282556493
r1bqnrk1/ppp1n1bp/3p2p1/3Ppp2/1PP1P3/2N5/P2NBPPP/R1BQ1RK1 w - f6,1800-1999,1900,96,7,0.07291666666666667,26,0.2708333333333333,70,0.7291666666666666,c4c5,0.36666666666666664,11,12.0,0.375,0.09090909090909091,0.30151134457776363,0.27894294565112987,0.6333333333333333,0.23295454545454547,0.3382556722888818,0.32697147282556493
r1bqnrk1/ppp1n1bp/3p2p1/3Ppp2/1PP1P3/2N5/P2NBPPP/R1BQ1RK1 w - f6,2000-2199,2100,204,9,0.04411764705882353,82,0.4019607843137255,122,0.5980392156862745,c4c5,0.36666666666666664,11,12.0,0.375,0.09090909090909091,0.30151134457776363,0.27894294565112987,0.6333333333333333,0.23295454545454547,0.3382556722888818,0.32697147282556493
r1bqnrk1/ppp1n1bp/3p2p1/3Ppp2/1PP1P3/2N5/P2NBPPP/R1BQ1RK1 w - f6,2200-2399,2300,69,1,0.014492753623188406,32,0.463768115942029,37,0.5362318840579711,c4c5,0.36666666666666664,11,12.0,0.375,0.09090909090909091,0.30151134457776363,0.27894294565112987,0.6333333333333333,0.23295454545454547,0.3382556722888818,0.32697147282556493
r1bq1rk1/pp2bppp/2np1n2/4p1B1/2B1P3/2N2N2/PP2QPPP/R2R2K1 w - -,1400-1599,1500,16,0,0.0,2,0.125,14,0.875,h2h3,0.62,31,18.0,0.75,0.03225806451612903,0.1796053020267749,0.2,0.38,0.3911290322580645,0.46480265101338747,0.475
r1bq1rk1/pp2bppp/2np1n2/4p1B1/2B1P3/2N2N2/PP2QPPP/R2R2K1 w - -,1600-1799,1700,67,0,0.0,8,0.11940298507462686,59,0.8805970149253731,h2h3,0.62,31,18.0,0.75,0.03225806451612903,0.1796053020267749,0.2,0.38,0.3911290322580645,0.46480265101338747,0.475
r1bq1rk1/pp2bppp/2np1n2/4p1B1/2B1P3/2N2N2/PP2QPPP/R2R2K1 w - -,1800-1999,1900,166,1,0.006024096385542169,20,0.12048192771084337,146,0.8795180722891566,h2h3,0.62,31,18.0,0.75,0.03225806451612903,0.1796053020267749,0.2,0.38,0.3911290322580645,0.46480265101338747,0.475
r1bq1rk1/pp2bppp/2np1n2/4p1B1/2B1P3/2N2N2/PP2QPPP/R2R2K1 w - -,2000-2199,2100,118,2,0.01694915254237288,30,0.2542372881355932,88,0.7457627118644068,h2h3,0.62,31,18.0,0.75,0.03225806451612903,0.1796053020267749,0.2,0.38,0.3911290322580645,0.46480265101338747,0.475
r1bq1rk1/pp2bppp/2np1n2/4p1B1/2B1P3/2N2N2/PP2QPPP/R2R2K1 w - -,2200-2399,2300,28,0,0.0,7,0.25,21,0.75,h2h3,0.62,31,18.0,0.75,0.03225806451612903,0.1796053020267749,0.2,0.38,0.3911290322580645,0.46480265101338747,0.475
r3k2r/pppqbppp/5n2/4Q3/8/8/PPP2PPP/RNB2RK1 w kq -,1400-1599,1500,101,1,0.009900990099009901,18,0.1782178217821782,83,0.8217821782178217,b1c3,0.27906976744186046,12,10.0,0.25,0.08333333333333333,0.2886751345948129,0.27023815442731974,0.7209302325581395,0.16666666666666666,0.26933756729740643,0.2601190772136599
r3k2r/pppqbppp/5n2/4Q3/8/8/PPP2PPP/RNB2RK1 w kq -,1600-1799,1700,154,0,0.0,16,0.1038961038961039,138,0.8961038961038961,b1c3,0.27906976744186046,12,10.0,0.25,0.08333333333333333,0.2886751345948129,0.27023815442731974,0.7209302325581395,0.16666666666666666,0.26933756729740643,0.2601190772136599
r3k2r/pppqbppp/5n2/4Q3/8/8/PPP2PPP/RNB2RK1 w kq -,1800-1999,1900,68,0,0.0,4,0.058823529411764705,64,0.9411764705882353,b1c3,0.27906976744186046,12,10.0,0.25,0.08333333333333333,0.2886751345948129,0.27023815442731974,0.7209302325581395,0.16666666666666666,0.26933756729740643,0.2601190772136599
r3k2r/pppqbppp/5n2/4Q3/8/8/PPP2PPP/RNB2RK1 w kq -,2000-2199,2100,10,0,0.0,4,0.4,6,0.6,b1c3,0.27906976744186046,12,10.0,0.25,0.08333333333333333,0.2886751345948129,0.27023815442731974,0.7209302325581395,0.16666666666666666,0.26933756729740643,0.2601190772136599
r1b1k2r/1pq1bppp/p1nppn2/8/2B1P3/2N2N1P/PP2QPP1/R1BR2K1 w kq -,1600-1799,1700,66,1,0.015151515151515152,8,0.12121212121212122,58,0.8787878787878788,c1e3,0.2978723404255319,14,12.0,0.375,0.07142857142857142,0.2672612419124244,0.2559580248098155,0.7021276595744681,0.2232142857142857,0.3211306209562122,0.3154790124049077
r1b1k2r/1pq1bppp/p1nppn2/8/2B1P3/2N2N1P/PP2QPP1/R1BR2K1 w kq -,1800-1999,1900,165,0,0.0,32,0.19393939393939394,133,0.806060606060606,c1e3,0.2978723404255319,14,12.0,0.375,0.07142857142857142,0.2672612419124244,0.2559580248098155,0.7021276595744681,0.2232142857142857,0.3211306209562122,0.3154790124049077
r1b1k2r/1pq1bppp/p1nppn2/8/2B1P3/2N2N1P/PP2QPP1/R1BR2K1 w kq -,2000-2199,2100,133,0,0.0,11,0.08270676691729323,122,0.9172932330827067,c1e3,0.2978723404255319,14,12.0,0.375,0.07142857142857142,0.2672612419124244,0.2559580248098155,0.7021276595744681,0.2232142857142857,0.3211306209562122,0.3154790124049077
r1b1k2r/1pq1bppp/p1nppn2/8/2B1P3/2N2N1P/PP2QPP1/R1BR2K1 w kq -,2200-2399,2300,32,0,0.0,0,0.0,32,1.0,c1e3,0.2978723404255319,14,12.0,0.375,0.07142857142857142,0.2672612419124244,0.2559580248098155,0.7021276595744681,0.2232142857142857,0.3211306209562122,0.3154790124049077
r1bq1rk1/1p1nbpp1/p3pn1p/3p4/3P3B/2NBPN2/PP3PPP/R2Q1RK1 w - -,1400-1599,1500,60,3,0.05,20,0.3333333333333333,40,0.6666666666666666,a1c1,0.627906976744186,27,12.0,0.375,0.037037037037037035,0.19245008972987526,0.20801459767650948,0.37209302325581395,0.20601851851851852,0.28372504486493766,0.29150729883825477
r1bq1rk1/1p1nbpp1/p3pn1p/3p4/3P3B/2NBPN2/PP3PPP/R2Q1RK1 w - -,1600-1799,1700,147,4,0.027210884353741496,57,0.3877551020408163,90,0.6122448979591837,a1c1,0.627906976744186,27,12.0,0.375,0.037037037037037035,0.19245008972987526,0.20801459767650948,0.37209302325581395,0.20601851851851852,0.28372504486493766,0.29150729883825477
r1bq1rk1/1p1nbpp1/p3pn1p/3p4/3P3B/2NBPN2/PP3PPP/R2Q1RK1 w - -,1800-1999,1900,145,0,0.0,78,0.5379310344827586,67,0.46206896551724136,a1c1,0.627906976744186,27,12.0,0.375,0.037037037037037035,0.19245008972987526,0.20801459767650948,0.37209302325581395,0.20601851851851852,0.28372504486493766,0.29150729883825477
r1bq1rk1/1p1nbpp1/p3pn1p/3p4/3P3B/2NBPN2/PP3PPP/R2Q1RK1 w - -,2000-2199,2100,35,1,0.02857142857142857,15,0.42857142857142855,20,0.5714285714285714,a1c1,0.627906976744186,27,12.0,0.375,0.037037037037037035,0.19245008972987526,0.20801459767650948,0.37209302325581395,0.20601851851851852,0.28372504486493766,0.29150729883825477
r2q1rk1/3nppbp/b2p1np1/2pP4/8/2N2NP1/PP2PPBP/1RBQK2R w K -,1600-1799,1700,31,5,0.16129032258064516,19,0.6129032258064516,12,0.3870967741935484,e1g1,0.16216216216216217,6,6.0,0.0,0.16666666666666666,0.4082482904638631,0.3562071871080222,0.8378378378378378,0.08333333333333333,0.20412414523193154,0.1781035935540111
r2q1rk1/3nppbp/b2p1np1/2pP4/8/2N2NP1/PP2PPBP/1RBQK2R w K -,1800-1999,1900,128,3,0.0234375,103,0.8046875,25,0.1953125,e1g1,0.16216216216216217,6,6.0,0.0,0.16666666666666666,0.4082482904638631,0.3562071871080222,0.8378378378378378,0.08333333333333333,0.20412414523193154,0.1781035935540111
r2q1rk1/3nppbp/b2p1np1/2pP4/8/2N2NP1/PP2PPBP/1RBQK2R w K -,2000-2199,2100,185,5,0.02702702702702703,151,0.8162162162162162,34,0.1837837837837838,e1g1,0.16216216216216217,6,6.0,0.0,0.16666666666666666,0.4082482904638631,0.3562071871080222,0.8378378378378378,0.08333333333333333,0.20412414523193154,0.1781035935540111
r2q1rk1/3nppbp/b2p1np1/2pP4/8/2N2NP1/PP2PPBP/1RBQK2R w K -,2200-2399,2300,48,2,0.041666666666666664,34,0.7083333333333334,14,0.2916666666666667,e1g1,0.16216216216216217,6,6.0,0.0,0.16666666666666666,0.4082482904638631,0.3562071871080222,0.8378378378378378,0.08333333333333333,0.20412414523193154,0.1781035935540111
r2q1rk1/pp2bppp/2n1pn2/3p3b/3P1B2/2PB1N1P/PP1N1PP1/R2Q1RK1 w - -,1400-1599,1500,16,0,0.0,1,0.0625,15,0.9375,f1e1,0.5416666666666666,26,10.0,0.25,0.038461538461538464,0.19611613513818404,0.2103099178571525,0.45833333333333337,0.14423076923076922,0.22305806756909202,0.23015495892857624
r2q1rk1/pp2bppp/2n1pn2/3p3b/3P1B2/2PB1N1P/PP1N1PP1/R2Q1RK1 w - -,1600-1799,1700,115,2,0.017391304347826087,18,0.1565217391304348,97,0.8434782608695652,f1e1,0.5416666666666666,26,10.0,0.25,0.038461538461538464,0.19611613513818404,0.2103099178571525,0.45833333333333337,0.14423076923076922,0.22305806756909202,0.23015495892857624
r2q1rk1/pp2bppp/2n1pn2/3p3b/3P1B2/2PB1N1P/PP1N1PP1/R2Q1RK1 w - -,1800-1999,1900,192,1,0.005208333333333333,48,0.25,144,0.75,f1e1,0.5416666666666666,26,10.0,0.25,0.038461538461538464,0.19611613513818404,0.2103099178571525,0.45833333333333337,0.14423076923076922,0.22305806756909202,0.23015495892857624
r2q1rk1/pp2bppp/2n1pn2/3p3b/3P1B2/2PB1N1P/PP1N1PP1/R2Q1RK1 w - -,2000-2199,2100,64,1,0.015625,13,0.203125,51,0.796875,f1e1,0.5416666666666666,26,10.0,0.25,0.038461538461538464,0.19611613513818404,0.2103099178571525,0.45833333333333337,0.14423076923076922,0.22305806756909202,0.23015495892857624
r2q1rk1/pp2bppp/2n1pn2/3p3b/3P1B2/2PB1N1P/PP1N1PP1/R2Q1RK1 w - -,2200-2399,2300,10,1,0.1,3,0.3,7,0.7,f1e1,0.5416666666666666,26,10.0,0.25,0.038461538461538464,0.19611613513818404,0.2103099178571525,0.45833333333333337,0.14423076923076922,0.22305806756909202,0.23015495892857624
r2q1rk1/pp3ppp/2n2n2/1Bbp3b/8/2N1PN1P/PP3PP1/R1BQ1RK1 w - -,1400-1599,1500,65,18,0.27692307692307694,34,0.5230769230769231,31,0.47692307692307695,b5e2,0.225,9,6.0,0.0,0.1111111111111111,0.3333333333333333,0.3010299956639812,0.775,0.05555555555555555,0.16666666666666666,0.1505149978319906
r2q1rk1/pp3ppp/2n2n2/1Bbp3b/8/2N1PN1P/PP3PP1/R1BQ1RK1 w - -,1600-1799,1700,131,35,0.26717557251908397,69,0.5267175572519084,62,0.4732824427480916,b5e2,0.225,9,6.0,0.0,0.1111111111111111,0.3333333333333333,0.3010299956639812,0.775,0.05555555555555555,0.16666666666666666,0.1505149978319906
r2q1rk1/pp3ppp/2n2n2/1Bbp3b/8/2N1PN1P/PP3PP1/R1BQ1RK1 w - -,1800-1999,1900,107,26,0.24299065420560748,60,0.5607476635514018,47,0.4392523364485981,b5e2,0.225,9,6.0,0.0,0.1111111111111111,0.3333333333333333,0.3010299956639812,0.775,0.05555555555555555,0.16666666666666666,0.1505149978319906
r2q1rk1/pp3ppp/2n2n2/1Bbp3b/8/2N1PN1P/PP3PP1/R1BQ1RK1 w - -,2000-2199,2100,65,13,0.2,40,0.6153846153846154,25,0.38461538461538464,b5e2,0.225,9,6.0,0.0,0.1111111111111111,0.3333333333333333,0.3010299956639812,0.775,0.05555555555555555,0.16666666666666666,0.1505149978319906
r2q1rk1/pp3ppp/2n2n2/1Bbp3b/8/2N1PN1P/PP3PP1/R1BQ1RK1 w - -,2200-2399,2300,13,4,0.3076923076923077,7,0.5384615384615384,6,0.46153846153846156,b5e2,0.225,9,6.0,0.0,0.1111111111111111,0.3333333333333333,0.3010299956639812,0.775,0.05555555555555555,0.16666666666666666,0.1505149978319906
r1b2rk1/1pq1bppp/p1nppn2/8/3NP3/2N1BP2/PPPQ2PP/1K1R1B1R w - -,1400-1599,1500,15,1,0.06666666666666667,9,0.6,6,0.4,g2g4,0.175,7,6.0,0.0,0.14285714285714285,0.3779644730092272,0.3333333333333333,0.825,0.07142857142857142,0.1889822365046136,0.16666666666666666
r1b2rk1/1pq1bppp/p1nppn2/8/3NP3/2N1BP2/PPPQ2PP/1K1R1B1R w - -,1600-1799,1700,114,6,0.05263157894736842,86,0.7543859649122807,28,0.24561403508771928,g2g4,0.175,7,6.0,0.0,0.14285714285714285,0.3779644730092272,0.3333333333333333,0.825,0.07142857142857142,0.1889822365046136,0.16666666666666666
r1b2rk1/1pq1bppp/p1nppn2/8/3NP3/2N1BP2/PPPQ2PP/1K1R1B1R w - -,1800-1999,1900,206,7,0.03398058252427184,166,0.8058252427184466,40,0.1941747572815534,g2g4,0.175,7,6.0,0.0,0.14285714285714285,0.3779644730092272,0.3333333333333333,0.825,0.07142857142857142,0.1889822365046136,0.16666666666666666
r1b2rk1/1pq1bppp/p1nppn2/8/3NP3/2N1BP2/PPPQ2PP/1K1R1B1R w - -,2000-2199,2100,56,2,0.03571428571428571,48,0.8571428571428571,8,0.14285714285714285,g2g4,0.175,7,6.0,0.0,0.14285714285714285,0.3779644730092272,0.3333333333333333,0.825,0.07142857142857142,0.1889822365046136,0.16666666666666666
r1bq1rk1/pp3ppp/2n1p3/2b5/4B3/2P2N2/PP3PPP/R1BQ1RK1 b - -,1600-1799,1700,87,23,0.26436781609195403,29,0.3333333333333333,58,0.6666666666666666,d8d1,0.36363636363636365,16,18.0,0.75,0.0625,0.25,0.24465054211822604,0.6363636363636364,0.40625,0.5,0.497325271059113
r1bq1rk1/pp3ppp/2n1p3/2b5/4B3/2P2N2/PP3PPP/R1BQ1RK1 b - -,1800-1999,1900,151,28,0.18543046357615894,51,0.33774834437086093,100,0.6622516556291391,d8d1,0.36363636363636365,16,18.0,0.75,0.0625,0.25,0.24465054211822604,0.6363636363636364,0.40625,0.5,0.497325271059113
r1bq1rk1/pp3ppp/2n1p3/2b5/4B3/2P2N2/PP3PPP/R1BQ1RK1 b - -,2000-2199,2100,122,15,0.12295081967213115,47,0.38524590163934425,75,0.6147540983606558,d8d1,0.36363636363636365,16,18.0,0.75,0.0625,0.25,0.24465054211822604,0.6363636363636364,0.40625,0.5,0.497325271059113
r1bq1rk1/pp3ppp/2n1p3/2b5/4B3/2P2N2/PP3PPP/R1BQ1RK1 b - -,2200-2399,2300,28,3,0.10714285714285714,12,0.42857142857142855,16,0.5714285714285714,d8d1,0.36363636363636365,16,18.0,0.75,0.0625,0.25,0.24465054211822604,0.6363636363636364,0.40625,0.5,0.497325271059113
r1b2rk1/2p1bppp/p1n2n2/1p2p3/4P3/2P2N2/PP3PPP/RNBBR1K1 b - -,1400-1599,1500,27,0,0.0,0,0.0,27,1.0,a8b8,0.5294117647058824,18,16.0,0.625,0.05555555555555555,0.23570226039551587,0.23540891336663824,0.47058823529411764,0.3402777777777778,0.43035113019775795,0.43020445668331914
r1b2rk1/2p1bppp/p1n2n2/1p2p3/4P3/2P2N2/PP3PPP/RNBBR1K1 b - -,1600-1799,1700,110,5,0.045454545454545456,0,0.0,110,1.0,a8b8,0.5294117647058824,18,16.0,0.625,0.05555555555555555,0.23570226039551587,0.23540891336663824,0.47058823529411764,0.3402777777777778,0.43035113019775795,0.43020445668331914
r1b2rk1/2p1bppp/p1n2n2/1p2p3/4P3/2P2N2/PP3PPP/RNBBR1K1 b - -,1800-1999,1900,174,6,0.034482758620689655,0,0.0,174,1.0,a8b8,0.5294117647058824,18,16.0,0.625,0.05555555555555555,0.23570226039551587,0.23540891336663824,0.47058823529411764,0.3402777777777778,0.43035113019775795,0.43020445668331914
r1b2rk1/2p1bppp/p1n2n2/1p2p3/4P3/2P2N2/PP3PPP/RNBBR1K1 b - -,2000-2199,2100,74,1,0.013513513513513514,0,0.0,74,1.0,a8b8,0.5294117647058824,18,16.0,0.625,0.05555555555555555,0.23570226039551587,0.23540891336663824,0.47058823529411764,0.3402777777777778,0.43035113019775795,0.43020445668331914
r2q1rk1/pb1nbpp1/1pp1pn1p/3p4/2PP3B/2NBPN2/PP3PPP/2RQ1RK1 w - -,1400-1599,1500,18,1,0.05555555555555555,7,0.3888888888888889,11,0.6111111111111112,c4d5,0.43902439024390244,18,18.0,0.75,0.05555555555555555,0.23570226039551587,0.23540891336663824,0.5609756097560976,0.4027777777777778,0.49285113019775795,0.49270445668331914
r2q1rk1/pb1nbpp1/1pp1pn1p/3p4/2PP3B/2NBPN2/PP3PPP/2RQ1RK1 w - -,1600-1799,1700,76,4,0.05263157894736842,28,0.3684210526315789,48,0.631578947368421,c4d5,0.43902439024390244,18,18.0,0.75,0.05555555555555555,0.23570226039551587,0.23540891336663824,0.5609756097560976,0.4027777777777778,0.49285113019775795,0.49270445668331914
r2q1rk1/pb1nbpp1/1pp1pn1p/3p4/2PP3B/2NBPN2/PP3PPP/2RQ1RK1 w - -,1800-1999,1900,193,2,0.010362694300518135,84,0.43523316062176165,109,0.5647668393782384,c4d5,0.43902439024390244,18,18.0,0.75,0.05555555555555555,0.23570226039551587,0.23540891336663824,0.5609756097560976,0.4027777777777778,0.49285113019775795,0.49270445668331914
r2q1rk1/pb1nbpp1/1pp1pn1p/3p4/2PP3B/2NBPN2/PP3PPP/2RQ1RK1 w - -,2000-2199,2100,91,2,0.02197802197802198,22,0.24175824175824176,69,0.7582417582417582,c4d5,0.43902439024390244,18,18.0,0.75,0.05555555555555555,0.23570226039551587,0.23540891336663824,0.5609756097560976,0.4027777777777778,0.49285113019775795,0.49270445668331914
r2q1rk1/pb1nbpp1/1pp1pn1p/3p4/2PP3B/2NBPN2/PP3PPP/2RQ1RK1 w - -,2200-2399,2300,17,1,0.058823529411764705,6,0.35294117647058826,11,0.6470588235294118,c4d5,0.43902439024390244,18,18.0,0.75,0.05555555555555555,0.23570226039551587,0.23540891336663824,0.5609756097560976,0.4027777777777778,0.49285113019775795,0.49270445668331914
r4rk1/pppqbppp/3p1n2/8/3QPB2/2N5/PPP2PPP/R4RK1 w - -,1400-1599,1500,102,1,0.00980392156862745,41,0.4019607843137255,61,0.5980392156862745,a1d1,0.574468085106383,27,12.0,0.375,0.037037037037037035,0.19245008972987526,0.20801459767650948,0.42553191489361697,0.20601851851851852,0.28372504486493766,0.29150729883825477
r4rk1/pppqbppp/3p1n2/8/3QPB2/2N5/PPP2PPP/R4RK1 w - -,1600-1799,1700,146,3,0.02054794520547945,88,0.6027397260273972,58,0.3972602739726027,a1d1,0.574468085106383,27,12.0,0.375,0.037037037037037035,0.19245008972987526,0.20801459767650948,0.42553191489361697,0.20601851851851852,0.28372504486493766,0.29150729883825477
r4rk1/pppqbppp/3p1n2/8/3QPB2/2N5/PPP2PPP/R4RK1 w - -,1800-1999,1900,98,0,0.0,71,0.7244897959183674,27,0.2755102040816326,a1d1,0.574468085106383,27,12.0,0.375,0.037037037037037035,0.19245008972987526,0.20801459767650948,0.42553191489361697,0.20601851851851852,0.28372504486493766,0.29150729883825477
r4rk1/pppqbppp/3p1n2/8/3QPB2/2N5/PPP2PPP/R4RK1 w - -,2000-2199,2100,11,0,0.0,9,0.8181818181818182,2,0.18181818181818182,a1d1,0.574468085106383,27,12.0,0.375,0.037037037037037035,0.19245008972987526,0.20801459767650948,0.42553191489361697,0.20601851851851852,0.28372504486493766,0.29150729883825477
r2q1r2/pbpnnpkp/1p1pp1p1/8/3PP3/2NB1N2/PPPQ1PPP/R4RK1 w - -,1400-1599,1500,145,61,0.4206896551724138,7,0.04827586206896552,138,0.9517241379310345,a1d1,0.36585365853658536,15,14.0,0.5,0.06666666666666667,0.2581988897471611,0.25,0.6341463414634146,0.2833333333333333,0.37909944487358055,0.375
r2q1r2/pbpnnpkp/1p1pp1p1/8/3PP3/2NB1N2/PPPQ1PPP/R4RK1 w - -,1600-1799,1700,167,68,0.40718562874251496,14,0.08383233532934131,153,0.9161676646706587,a1d1,0.36585365853658536,15,14.0,0.5,0.06666666666666667,0.2581988897471611,0.25,0.6341463414634146,0.2833333333333333,0.37909944487358055,0.375
r2q1r2/pbpnnpkp/1p1pp1p1/8/3PP3/2NB1N2/PPPQ1PPP/R4RK1 w - -,1800-1999,1900,42,11,0.2619047619047619,5,0.11904761904761904,37,0.8809523809523809,a1d1,0.36585365853658536,15,14.0,0.5,0.06666666666666667,0.2581988897471611,0.25,0.6341463414634146,0.2833333333333333,0.37909944487358055,0.375
r2q1rk1/2p2ppp/p1n1b3/1pbpP3/4n3/1BP2N2/PP1N1PPP/R1BQ1RK1 w - -,1600-1799,1700,25,6,0.24,18,0.72,7,0.28,b3c2,0.08333333333333333,2,14.0,0.5,0.5,0.7071067811865475,0.6309297535714575,0.9166666666666666,0.5,0.6035533905932737,0.5654648767857288
r2q1rk1/2p2ppp/p1n1b3/1pbpP3/4n3/1BP2N2/PP1N1PPP/R1BQ1RK1 w - -,1800-1999,1900,141,54,0.3829787234042553,70,0.49645390070921985,71,0.5035460992907801,b3c2,0.08333333333333333,2,14.0,0.5,0.5,0.7071067811865475,0.6309297535714575,0.9166666666666666,0.5,0.6035533905932737,0.5654648767857288
r2q1rk1/2p2ppp/p1n1b3/1pbpP3/4n3/1BP2N2/PP1N1PPP/R1BQ1RK1 w - -,2000-2199,2100,149,45,0.30201342281879195,76,0.5100671140939598,73,0.4899328859060403,b3c2,0.08333333333333333,2,14.0,0.5,0.5,0.7071067811865475,0.6309297535714575,0.9166666666666666,0.5,0.6035533905932737,0.5654648767857288
r2q1rk1/2p2ppp/p1n1b3/1pbpP3/4n3/1BP2N2/PP1N1PPP/R1BQ1RK1 w - -,2200-2399,2300,69,9,0.13043478260869565,47,0.6811594202898551,22,0.3188405797101449,b3c2,0.08333333333333333,2,14.0,0.5,0.5,0.7071067811865475,0.6309297535714575,0.9166666666666666,0.5,0.6035533905932737,0.5654648767857288
r2qk2r/p1p1bppp/2p2n2/4p3/8/8/PPP2PPP/RNBQR1K1 w kq -,1400-1599,1500,148,12,0.08108108108108109,7,0.0472972972972973,141,0.9527027027027027,d1f3,0.15789473684210525,6,18.0,0.75,0.16666666666666666,0.4082482904638631,0.3562071871080222,0.8421052631578947,0.4583333333333333,0.5791241452319316,0.5531035935540111
r2qk2r/p1p1bppp/2p2n2/4p3/8/8/PPP2PPP/RNBQR1K1 w kq -,1600-1799,1700,131,22,0.16793893129770993,6,0.04580152671755725,125,0.9541984732824428,d1f3,0.15789473684210525,6,18.0,0.75,0.16666666666666666,0.4082482904638631,0.3562071871080222,0.8421052631578947,0.4583333333333333,0.5791241452319316,0.5531035935540111
r2qk2r/p1p1bppp/2p2n2/4p3/8/8/PPP2PPP/RNBQR1K1 w kq -,1800-1999,1900,45,4,0.08888888888888889,6,0.13333333333333333,39,0.8666666666666667,d1f3,0.15789473684210525,6,18.0,0.75,0.16666666666666666,0.4082482904638631,0.3562071871080222,0.8421052631578947,0.4583333333333333,0.5791241452319316,0.5531035935540111
r1bq1rk1/ppp2ppp/3b1n2/4Q1B1/8/2N5/PPP2PPP/2KR1B1R w - -,1400-1599,1500,104,73,0.7019230769230769,20,0.19230769230769232,84,0.8076923076923077,e5d4,0.07547169811320754,4,6.0,0.0,0.25,0.5,0.43067655807339306,0.9245283018867925,0.125,0.25,0.21533827903669653
r1bq1rk1/ppp2ppp/3b1n2/4Q1B1/8/2N5/PPP2PPP/2KR1B1R w - -,1600-1799,1700,140,115,0.8214285714285714,17,0.12142857142857143,123,0.8785714285714286,e5d4,0.07547169811320754,4,6.0,0.0,0.25,0.5,0.43067655807339306,0.9245283018867925,0.125,0.25,0.21533827903669653
r1bq1rk1/ppp2ppp/3b1n2/4Q1B1/8/2N5/PPP2PPP/2KR1B1R w - -,1800-1999,1900,90,73,0.8111111111111111,13,0.14444444444444443,77,0.8555555555555555,e5d4,0.07547169811320754,4,6.0,0.0,0.25,0.5,0.43067655807339306,0.9245283018867925,0.125,0.25,0.21533827903669653
r1bq1rk1/ppp2ppp/3b1n2/4Q1B1/8/2N5/PPP2PPP/2KR1B1R w - -,2000-2199,2100,11,8,0.7272727272727273,3,0.2727272727272727,8,0.7272727272727273,e5d4,0.07547169811320754,4,6.0,0.0,0.25,0.5,0.43067655807339306,0.9245283018867925,0.125,0.25,0.21533827903669653
rn1qk1nr/pp3pp1/2pbp2p/7P/3P4/3Q1NN1/PPP2PP1/R1B1K2R w KQkq -,1400-1599,1500,38,5,0.13157894736842105,7,0.18421052631578946,31,0.8157894736842105,c1d2,0.20833333333333334,10,22.0,1.0,0.1,0.31622776601683794,0.2890648263178879,0.7916666666666666,0.55,0.658113883008419,0.6445324131589439
rn1qk1nr/pp3pp1/2pbp2p/7P/3P4/3Q1NN1/PPP2PP1/R1B1K2R w KQkq -,1600-1799,1700,173,25,0.14450867052023122,35,0.2023121387283237,138,0.7976878612716763,c1d2,0.20833333333333334,10,22.0,1.0,0.1,0.31622776601683794,0.2890648263178879,0.7916666666666666,0.55,0.658113883008419,0.6445324131589439
rn1qk1nr/pp3pp1/2pbp2p/7P/3P4/3Q1NN1/PPP2PP1/R1B1K2R w KQkq -,1800-1999,1900,143,7,0.04895104895104895,38,0.26573426573426573,105,0.7342657342657343,c1d2,0.20833333333333334,10,22.0,1.0,0.1,0.31622776601683794,0.2890648263178879,0.7916666666666666,0.55,0.658113883008419,0.6445324131589439
rn1qk1nr/pp3pp1/2pbp2p/7P/3P4/3Q1NN1/PPP2PP1/R1B1K2R w KQkq -,2000-2199,2100,31,1,0.03225806451612903,5,0.16129032258064516,26,0.8387096774193549,c1d2,0.20833333333333334,10,22.0,1.0,0.1,0.31622776601683794,0.2890648263178879,0.7916666666666666,0.55,0.658113883008419,0.6445324131589439
r1b1kb1r/1p3ppp/p2qpn2/8/2BN4/8/PPP2PPP/R1BQ1RK1 w kq -,1800-1999,1900,73,0,0.0,24,0.3287671232876712,49,0.6712328767123288,f1e1,0.375,15,10.0,0.25,0.06666666666666667,0.2581988897471611,0.25,0.625,0.15833333333333333,0.25409944487358055,0.25
r1b1kb1r/1p3ppp/p2qpn2/8/2BN4/8/PPP2PPP/R1BQ1RK1 w kq -,2000-2199,2100,169,0,0.0,55,0.3254437869822485,114,0.6745562130177515,f1e1,0.375,15,10.0,0.25,0.06666666666666667,0.2581988897471611,0.25,0.625,0.15833333333333333,0.25409944487358055,0.25
r1b1kb1r/1p3ppp/p2qpn2/8/2BN4/8/PPP2PPP/R1BQ1RK1 w kq -,2200-2399,2300,120,0,0.0,36,0.3,84,0.7,f1e1,0.375,15,10.0,0.25,0.06666666666666667,0.2581988897471611,0.25,0.625,0.15833333333333333,0.25409944487358055,0.25
r1bqk2r/ppp2ppp/8/n2n4/2BP4/1Q3N2/PP1N1PPP/R3K2R w KQkq -,1400-1599,1500,42,19,0.4523809523809524,23,0.5476190476190477,19,0.4523809523809524,b3a4,0.025,1,6.0,0.0,1.0,1.0,1.0,0.975,0.5,0.5,0.5
r1bqk2r/ppp2ppp/8/n2n4/2BP4/1Q3N2/PP1N1PPP/R3K2R w KQkq -,1600-1799,1700,97,41,0.422680412371134,56,0.5773195876288659,41,0.422680412371134,b3a4,0.025,1,6.0,0.0,1.0,1.0,1.0,0.975,0.5,0.5,0.5
r1bqk2r/ppp2ppp/8/n2n4/2BP4/1Q3N2/PP1N1PPP/R3K2R w KQkq -,1800-1999,1900,122,18,0.14754098360655737,104,0.8524590163934426,18,0.14754098360655737,b3a4,0.025,1,6.0,0.0,1.0,1.0,1.0,0.975,0.5,0.5,0.5
r1bqk2r/ppp2ppp/8/n2n4/2BP4/1Q3N2/PP1N1PPP/R3K2R w KQkq -,2000-2199,2100,77,5,0.06493506493506493,72,0.935064935064935,5,0.06493506493506493,b3a4,0.025,1,6.0,0.0,1.0,1.0,1.0,0.975,0.5,0.5,0.5
r1bqk2r/ppp2ppp/8/n2n4/2BP4/1Q3N2/PP1N1PPP/R3K2R w KQkq -,2200-2399,2300,32,0,0.0,32,1.0,0,0.0,b3a4,0.025,1,6.0,0.0,1.0,1.0,1.0,0.975,0.5,0.5,0.5
r1bq1rk1/p3ppbp/1pn3p1/2p5/2BPP3/2P1B3/P3NPPP/R2Q1RK1 w - -,1600-1799,1700,31,4,0.12903225806451613,3,0.0967741935483871,28,0.9032258064516129,d1d2,0.5263157894736842,20,22.0,1.0,0.05,0.22360679774997896,0.227670248696953,0.4736842105263158,0.525,0.6118033988749895,0.6138351243484765
r1bq1rk1/p3ppbp/1pn3p1/2p5/2BPP3/2P1B3/P3NPPP/R2Q1RK1 w - -,1800-1999,1900,119,12,0.10084033613445378,28,0.23529411764705882,91,0.7647058823529411,d1d2,0.5263157894736842,20,22.0,1.0,0.05,0.22360679774997896,0.227670248696953,0.4736842105263158,0.525,0.6118033988749895,0.6138351243484765
r1bq1rk1/p3ppbp/1pn3p1/2p5/2BPP3/2P1B3/P3NPPP/R2Q1RK1 w - -,2000-2199,2100,152,8,0.05263157894736842,28,0.18421052631578946,124,0.8157894736842105,d1d2,0.5263157894736842,20,22.0,1.0,0.05,0.22360679774997896,0.227670248696953,0.4736842105263158,0.525,0.6118033988749895,0.6138351243484765
r1bq1rk1/p3ppbp/1pn3p1/2p5/2BPP3/2P1B3/P3NPPP/R2Q1RK1 w - -,2200-2399,2300,79,3,0.0379746835443038,23,0.2911392405063291,56,0.7088607594936709,d1d2,0.5263157894736842,20,22.0,1.0,0.05,0.22360679774997896,0.227670248696953,0.4736842105263158,0.525,0.6118033988749895,0.6138351243484765
r1bqr1k1/pp1nbpp1/2p2n1p/3p2B1/3P4/2NBPN2/PPQ2PPP/R4RK1 w - -,1400-1599,1500,19,1,0.05263157894736842,0,0.0,19,1.0,g5f4,0.0625,3,10.0,0.25,0.3333333333333333,0.5773502691896258,0.5,0.9375,0.29166666666666663,0.4136751345948129,0.375
r1bqr1k1/pp1nbpp1/2p2n1p/3p2B1/3P4/2NBPN2/PPQ2PPP/R4RK1 w - -,1600-1799,1700,59,1,0.01694915254237288,12,0.2033898305084746,47,0.7966101694915254,g5f4,0.0625,3,10.0,0.25,0.3333333333333333,0.5773502691896258,0.5,0.9375,0.29166666666666663,0.4136751345948129,0.375
r1bqr1k1/pp1nbpp1/2p2n1p/3p2B1/3P4/2NBPN2/PPQ2PPP/R4RK1 w - -,1800-1999,1900,145,0,0.0,30,0.20689655172413793,115,0.7931034482758621,g5f4,0.0625,3,10.0,0.25,0.3333333333333333,0.5773502691896258,0.5,0.9375,0.29166666666666663,0.4136751345948129,0.375
r1bqr1k1/pp1nbpp1/2p2n1p/3p2B1/3P4/2NBPN2/PPQ2PPP/R4RK1 w - -,2000-2199,2100,122,0,0.0,34,0.2786885245901639,88,0.7213114754098361,g5f4,0.0625,3,10.0,0.25,0.3333333333333333,0.5773502691896258,0.5,0.9375,0.29166666666666663,0.4136751345948129,0.375
r1bqr1k1/pp1nbpp1/2p2n1p/3p2B1/3P4/2NBPN2/PPQ2PPP/R4RK1 w - -,2200-2399,2300,40,0,0.0,7,0.175,33,0.825,g5f4,0.0625,3,10.0,0.25,0.3333333333333333,0.5773502691896258,0.5,0.9375,0.29166666666666663,0.4136751345948129,0.375
r2q1rk1/pp1nppbp/2p2np1/8/2BP4/2N1PQ1P/PP3PP1/R1B2RK1 w - -,1400-1599,1500,26,1,0.038461538461538464,3,0.11538461538461539,23,0.8846153846153846,f1d1,0.3902439024390244,16,8.0,0.125,0.0625,0.25,0.24465054211822604,0.6097560975609756,0.09375,0.1875,0.184825271059113
r2q1rk1/pp1nppbp/2p2np1/8/2BP4/2N1PQ1P/PP3PP1/R1B2RK1 w - -,1600-1799,1700,112,14,0.125,13,0.11607142857142858,99,0.8839285714285714,f1d1,0.3902439024390244,16,8.0,0.125,0.0625,0.25,0.24465054211822604,0.6097560975609756,0.09375,0.1875,0.184825271059113
r2q1rk1/pp1nppbp/2p2np1/8/2BP4/2N1PQ1P/PP3PP1/R1B2RK1 w - -,1800-1999,1900,141,7,0.04964539007092199,33,0.23404255319148937,108,0.7659574468085106,f1d1,0.3902439024390244,16,8.0,0.125,0.0625,0.25,0.24465054211822604,0.6097560975609756,0.09375,0.1875,0.184825271059113
r2q1rk1/pp1nppbp/2p2np1/8/2BP4/2N1PQ1P/PP3PP1/R1B2RK1 w - -,2000-2199,2100,82,4,0.04878048780487805,39,0.47560975609756095,43,0.524390243902439,f1d1,0.3902439024390244,16,8.0,0.125,0.0625,0.25,0.24465054211822604,0.6097560975609756,0.09375,0.1875,0.184825271059113
r2q1rk1/pp1nppbp/2p2np1/8/2BP4/2N1PQ1P/PP3PP1/R1B2RK1 w - -,2200-2399,2300,17,0,0.0,14,0.8235294117647058,3,0.17647058823529413,f1d1,0.3902439024390244,16,8.0,0.125,0.0625,0.25,0.24465054211822604,0.6097560975609756,0.09375,0.1875,0.184825271059113
r3k2r/pppqbpp1/3p1n1p/6B1/3QP3/2N5/PPP2PPP/R4RK1 w kq -,1400-1599,1500,131,21,0.16030534351145037,93,0.7099236641221374,38,0.2900763358778626,g5h4,0.10638297872340426,5,6.0,0.0,0.2,0.4472135954999579,0.38685280723454163,0.8936170212765957,0.1,0.22360679774997896,0.19342640361727081
r3k2r/pppqbpp1/3p1n1p/6B1/3QP3/2N5/PPP2PPP/R4RK1 w kq -,1600-1799,1700,103,4,0.038834951456310676,93,0.9029126213592233,10,0.0970873786407767,g5h4,0.10638297872340426,5,6.0,0.0,0.2,0.4472135954999579,0.38685280723454163,0.8936170212765957,0.1,0.22360679774997896,0.19342640361727081
r3k2r/pppqbpp1/3p1n1p/6B1/3QP3/2N5/PPP2PPP/R4RK1 w kq -,1800-1999,1900,72,2,0.027777777777777776,63,0.875,9,0.125,g5h4,0.10638297872340426,5,6.0,0.0,0.2,0.4472135954999579,0.38685280723454163,0.8936170212765957,0.1,0.22360679774997896,0.19342640361727081
2kr1b1r/ppp2ppp/2n1b3/6Nq/3p4/5N2/PPP2PPP/R1BQR1K1 w - -,1600-1799,1700,48,0,0.0,48,1.0,0,0.0,g5e6,0.02857142857142857,1,6.0,0.0,1.0,1.0,1.0,0.9714285714285714,0.5,0.5,0.5
2kr1b1r/ppp2ppp/2n1b3/6Nq/3p4/5N2/PPP2PPP/R1BQR1K1 w - -,1800-1999,1900,180,3,0.016666666666666666,177,0.9833333333333333,3,0.016666666666666666,g5e6,0.02857142857142857,1,6.0,0.0,1.0,1.0,1.0,0.9714285714285714,0.5,0.5,0.5
2kr1b1r/ppp2ppp/2n1b3/6Nq/3p4/5N2/PPP2PPP/R1BQR1K1 w - -,2000-2199,2100,140,1,0.007142857142857143,139,0.9928571428571429,1,0.007142857142857143,g5e6,0.02857142857142857,1,6.0,0.0,1.0,1.0,1.0,0.9714285714285714,0.5,0.5,0.5
2kr1b1r/ppp2ppp/2n1b3/6Nq/3p4/5N2/PPP2PPP/R1BQR1K1 w - -,2200-2399,2300,17,0,0.0,17,1.0,0,0.0,g5e6,0.02857142857142857,1,6.0,0.0,1.0,1.0,1.0,0.9714285714285714,0.5,0.5,0.5
rnb1kb1r/1p3pp1/p2ppn1p/8/3NPP1B/q1N5/P1PQ2PP/1R2KB1R w Kkq -,1800-1999,1900,66,24,0.36363636363636365,8,0.12121212121212122,58,0.8787878787878788,f4f5,0.06666666666666667,3,22.0,1.0,0.3333333333333333,0.5773502691896258,0.5,0.9333333333333333,0.6666666666666666,0.7886751345948129,0.75
rnb1kb1r/1p3pp1/p2ppn1p/8/3NPP1B/q1N5/P1PQ2PP/1R2KB1R w Kkq -,2000-2199,2100,173,46,0.2658959537572254,22,0.12716763005780346,151,0.8728323699421965,f4f5,0.06666666666666667,3,22.0,1.0,0.3333333333333333,0.5773502691896258,0.5,0.9333333333333333,0.6666666666666666,0.7886751345948129,0.75
rnb1kb1r/1p3pp1/p2ppn1p/8/3NPP1B/q1N5/P1PQ2PP/1R2KB1R w Kkq -,2200-2399,2300,114,12,0.10526315789473684,22,0.19298245614035087,92,0.8070175438596491,f4f5,0.06666666666666667,3,22.0,1.0,0.3333333333333333,0.5773502691896258,0.5,0.9333333333333333,0.6666666666666666,0.7886751345948129,0.75
r1b2rk1/pp2ppbp/2n3p1/2q5/8/4PN2/PP2BPPP/R1BQ1RK1 w - -,1400-1599,1500,15,14,0.9333333333333333,0,0.0,15,1.0,c1d2,0.2647058823529412,9,6.0,0.0,0.1111111111111111,0.3333333333333333,0.3010299956639812,0.7352941176470589,0.05555555555555555,0.16666666666666666,0.1505149978319906
r1b2rk1/pp2ppbp/2n3p1/2q5/8/4PN2/PP2BPPP/R1BQ1RK1 w - -,1600-1799,1700,94,65,0.6914893617021277,3,0.031914893617021274,91,0.9680851063829787,c1d2,0.2647058823529412,9,6.0,0.0,0.1111111111111111,0.3333333333333333,0.3010299956639812,0.7352941176470589,0.05555555555555555,0.16666666666666666,0.1505149978319906
r1b2rk1/pp2ppbp/2n3p1/2q5/8/4PN2/PP2BPPP/R1BQ1RK1 w - -,1800-1999,1900,173,88,0.5086705202312138,10,0.057803468208092484,163,0.9421965317919075,c1d2,0.2647058823529412,9,6.0,0.0,0.1111111111111111,0.3333333333333333,0.3010299956639812,0.7352941176470589,0.05555555555555555,0.16666666666666666,0.1505149978319906
r1b2rk1/pp2ppbp/2n3p1/2q5/8/4PN2/PP2BPPP/R1BQ1RK1 w - -,2000-2199,2100,88,43,0.48863636363636365,11,0.125,77,0.875,c1d2,0.2647058823529412,9,6.0,0.0,0.1111111111111111,0.3333333333333333,0.3010299956639812,0.7352941176470589,0.05555555555555555,0.16666666666666666,0.1505149978319906
r1b2rk1/pp2ppbp/2n3p1/2q5/8/4PN2/PP2BPPP/R1BQ1RK1 w - -,2200-2399,2300,16,4,0.25,3,0.1875,13,0.8125,c1d2,0.2647058823529412,9,6.0,0.0,0.1111111111111111,0.3333333333333333,0.3010299956639812,0.7352941176470589,0.05555555555555555,0.16666666666666666,0.1505149978319906
r2qk2r/p2bbppp/4pn2/1B1p2B1/8/2N5/PPP2PPP/R2Q1RK1 w kq -,1400-1599,1500,119,12,0.10084033613445378,10,0.08403361344537816,109,0.9159663865546218,a2a4,0.4772727272727273,21,22.0,1.0,0.047619047619047616,0.2182178902359924,0.22424382421757544,0.5227272727272727,0.5238095238095238,0.6091089451179962,0.6121219121087877
r2qk2r/p2bbppp/4pn2/1B1p2B1/8/2N5/PPP2PPP/R2Q1RK1 w kq -,1600-1799,1700,129,19,0.14728682170542637,6,0.046511627906976744,123,0.9534883720930233,a2a4,0.4772727272727273,21,22.0,1.0,0.047619047619047616,0.2182178902359924,0.22424382421757544,0.5227272727272727,0.5238095238095238,0.6091089451179962,0.6121219121087877
r2qk2r/p2bbppp/4pn2/1B1p2B1/8/2N5/PPP2PPP/R2Q1RK1 w kq -,1800-1999,1900,68,9,0.1323529411764706,1,0.014705882352941176,67,0.9852941176470589,a2a4,0.4772727272727273,21,22.0,1.0,0.047619047619047616,0.2182178902359924,0.22424382421757544,0.5227272727272727,0.5238095238095238,0.6091089451179962,0.6121219121087877
r2qk2r/p2bbppp/4pn2/1B1p2B1/8/2N5/PPP2PPP/R2Q1RK1 w kq -,2000-2199,2100,18,2,0.1111111111111111,0,0.0,18,1.0,a2a4,0.4772727272727273,21,22.0,1.0,0.047619047619047616,0.2182178902359924,0.22424382421757544,0.5227272727272727,0.5238095238095238,0.6091089451179962,0.6121219121087877
r1b2rk1/pp2bppp/1qn1p3/3pPn2/1P1P4/P4N2/1B2BPPP/RN1Q1RK1 b - -,1400-1599,1500,64,23,0.359375,21,0.328125,43,0.671875,c8d7,0.07692307692307693,3,6.0,0.0,0.3333333333333333,0.5773502691896258,0.5,0.9230769230769231,0.16666666666666666,0.2886751345948129,0.25
r1b2rk1/pp2bppp/1qn1p3/3pPn2/1P1P4/P4N2/1B2BPPP/RN1Q1RK1 b - -,1600-1799,1700,154,27,0.17532467532467533,59,0.38311688311688313,95,0.6168831168831169,c8d7,0.07692307692307693,3,6.0,0.0,0.3333333333333333,0.5773502691896258,0.5,0.9230769230769231,0.16666666666666666,0.2886751345948129,0.25
r1b2rk1/pp2bppp/1qn1p3/3pPn2/1P1P4/P4N2/1B2BPPP/RN1Q1RK1 b - -,1800-1999,1900,138,27,0.1956521739130435,47,0.34057971014492755,91,0.6594202898550725,c8d7,0.07692307692307693,3,6.0,0.0,0.3333333333333333,0.5773502691896258,0.5,0.9230769230769231,0.16666666666666666,0.2886751345948129,0.25
r1b2rk1/pp2bppp/1qn1p3/3pPn2/1P1P4/P4N2/1B2BPPP/RN1Q1RK1 b - -,2000-2199,2100,20,2,0.1,6,0.3,14,0.7,c8d7,0.07692307692307693,3,6.0,0.0,0.3333333333333333,0.5773502691896258,0.5,0.9230769230769231,0.16666666666666666,0.2886751345948129,0.25
r1bq1rk1/ppp2ppp/2n5/1B1pP3/1b1P4/5N2/PP1N1PPP/R2QK2R w KQ -,1600-1799,1700,74,3,0.04054054054054054,26,0.35135135135135137,48,0.6486486486486487,e1g1,0.16129032258064516,5,16.0,0.625,0.2,0.4472135954999579,0.38685280723454163,0.8387096774193549,0.4125,0.5361067977499789,0.5059264036172708
r1bq1rk1/ppp2ppp/2n5/1B1pP3/1b1P4/5N2/PP1N1PPP/R2QK2R w KQ -,1800-1999,1900,191,3,0.015706806282722512,94,0.49214659685863876,97,0.5078534031413613,e1g1,0.16129032258064516,5,16.0,0.625,0.2,0.4472135954999579,0.38685280723454163,0.8387096774193549,0.4125,0.5361067977499789,0.5059264036172708
r1bq1rk1/ppp2ppp/2n5/1B1pP3/1b1P4/5N2/PP1N1PPP/R2QK2R w KQ -,2000-2199,2100,98,1,0.01020408163265306,55,0.5612244897959183,43,0.4387755102040816,e1g1,0.16129032258064516,5,16.0,0.625,0.2,0.4472135954999579,0.38685280723454163,0.8387096774193549,0.4125,0.5361067977499789,0.5059264036172708
r1bq1rk1/ppp2ppp/2n5/1B1pP3/1b1P4/5N2/PP1N1PPP/R2QK2R w KQ -,2200-2399,2300,21,1,0.047619047619047616,12,0.5714285714285714,9,0.42857142857142855,e1g1,0.16129032258064516,5,16.0,0.625,0.2,0.4472135954999579,0.38685280723454163,0.8387096774193549,0.4125,0.5361067977499789,0.5059264036172708
r2q1rk1/1bpnbppp/p3pn2/1p4B1/3P4/1BN1PN2/PP3PPP/R2Q1RK1 w - -,1400-1599,1500,39,2,0.05128205128205128,1,0.02564102564102564,38,0.9743589743589743,a2a4,0.4473684210526316,17,10.0,0.25,0.058823529411764705,0.24253562503633297,0.23981246656813146,0.5526315789473684,0.15441176470588236,0.24626781251816648,0.24490623328406574
r2q1rk1/1bpnbppp/p3pn2/1p4B1/3P4/1BN1PN2/PP3PPP/R2Q1RK1 w - -,1600-1799,1700,140,4,0.02857142857142857,2,0.014285714285714285,138,0.9857142857142858,a2a4,0.4473684210526316,17,10.0,0.25,0.058823529411764705,0.24253562503633297,0.23981246656813146,0.5526315789473684,0.15441176470588236,0.24626781251816648,0.24490623328406574
r2q1rk1/1bpnbppp/p3pn2/1p4B1/3P4/1BN1PN2/PP3PPP/R2Q1RK1 w - -,1800-1999,1900,149,1,0.006711409395973154,4,0.026845637583892617,145,0.9731543624161074,a2a4,0.4473684210526316,17,10.0,0.25,0.058823529411764705,0.24253562503633297,0.23981246656813146,0.5526315789473684,0.15441176470588236,0.24626781251816648,0.24490623328406574
r2q1rk1/1bpnbppp/p3pn2/1p4B1/3P4/1BN1PN2/PP3PPP/R2Q1RK1 w - -,2000-2199,2100,51,0,0.0,1,0.0196078431372549,50,0.9803921568627451,a2a4,0.4473684210526316,17,10.0,0.25,0.058823529411764705,0.24253562503633297,0.23981246656813146,0.5526315789473684,0.15441176470588236,0.24626781251816648,0.24490623328406574
r2q1rk1/1p1nbppp/p2pbn2/4p3/P3P3/1NN1B3/1PP1BPPP/R2Q1RK1 w - -,1600-1799,1700,63,2,0.031746031746031744,17,0.2698412698412698,46,0.7301587301587301,a4a5,0.30434782608695654,14,10.0,0.25,0.07142857142857142,0.2672612419124244,0.2559580248098155,0.6956521739130435,0.1607142857142857,0.2586306209562122,0.2529790124049077
r2q1rk1/1p1nbppp/p2pbn2/4p3/P3P3/1NN1B3/1PP1BPPP/R2Q1RK1 w - -,1800-1999,1900,158,3,0.0189873417721519,52,0.3291139240506329,106,0.6708860759493671,a4a5,0.30434782608695654,14,10.0,0.25,0.07142857142857142,0.2672612419124244,0.2559580248098155,0.6956521739130435,0.1607142857142857,0.2586306209562122,0.2529790124049077
r2q1rk1/1p1nbppp/p2pbn2/4p3/P3P3/1NN1B3/1PP1BPPP/R2Q1RK1 w - -,2000-2199,2100,127,2,0.015748031496062992,45,0.3543307086614173,82,0.6456692913385826,a4a5,0.30434782608695654,14,10.0,0.25,0.07142857142857142,0.2672612419124244,0.2559580248098155,0.6956521739130435,0.1607142857142857,0.2586306209562122,0.2529790124049077
r2q1rk1/1p1nbppp/p2pbn2/4p3/P3P3/1NN1B3/1PP1BPPP/R2Q1RK1 w - -,2200-2399,2300,26,0,0.0,11,0.4230769230769231,15,0.5769230769230769,a4a5,0.30434782608695654,14,10.0,0.25,0.07142857142857142,0.2672612419124244,0.2559580248098155,0.6956521739130435,0.1607142857142857,0.2586306209562122,0.2529790124049077
r2qkb1r/1b3ppp/pn1ppn2/1p6/3NP1P1/2N1BP2/PPPQ3P/2KR1B1R w kq -,1600-1799,1700,34,1,0.029411764705882353,0,0.0,34,1.0,a2a3,0.23076923076923078,9,12.0,0.375,0.1111111111111111,0.3333333333333333,0.3010299956639812,0.7692307692307692,0.24305555555555555,0.35416666666666663,0.3380149978319906
r2qkb1r/1b3ppp/pn1ppn2/1p6/3NP1P1/2N1BP2/PPPQ3P/2KR1B1R w kq -,1800-1999,1900,134,5,0.03731343283582089,0,0.0,134,1.0,a2a3,0.23076923076923078,9,12.0,0.375,0.1111111111111111,0.3333333333333333,0.3010299956639812,0.7692307692307692,0.24305555555555555,0.35416666666666663,0.3380149978319906
r2qkb1r/1b3ppp/pn1ppn2/1p6/3NP1P1/2N1BP2/PPPQ3P/2KR1B1R w kq -,2000-2199,2100,141,13,0.09219858156028368,0,0.0,141,1.0,a2a3,0.23076923076923078,9,12.0,0.375,0.1111111111111111,0.3333333333333333,0.3010299956639812,0.7692307692307692,0.24305555555555555,0.35416666666666663,0.3380149978319906
r2qkb1r/1b3ppp/pn1ppn2/1p6/3NP1P1/2N1BP2/PPPQ3P/2KR1B1R w kq -,2200-2399,2300,69,8,0.11594202898550725,4,0.057971014492753624,65,0.9420289855072463,a2a3,0.23076923076923078,9,12.0,0.375,0.1111111111111111,0.3333333333333333,0.3010299956639812,0.7692307692307692,0.24305555555555555,0.35416666666666663,0.3380149978319906
r1bqr1k1/2p1bpp1/p1np1n1p/1p2p3/3PP3/1BP2N1P/PP3PP1/RNBQR1K1 w - -,1400-1599,1500,20,3,0.15,15,0.75,5,0.25,b1d2,0.2222222222222222,8,10.0,0.25,0.125,0.35355339059327373,0.31546487678572877,0.7777777777777778,0.1875,0.30177669529663687,0.2827324383928644
r1bqr1k1/2p1bpp1/p1np1n1p/1p2p3/3PP3/1BP2N1P/PP3PP1/RNBQR1K1 w - -,1600-1799,1700,70,14,0.2,40,0.5714285714285714,30,0.42857142857142855,b1d2,0.2222222222222222,8,10.0,0.25,0.125,0.35355339059327373,0.31546487678572877,0.7777777777777778,0.1875,0.30177669529663687,0.2827324383928644
r1bqr1k1/2p1bpp1/p1np1n1p/1p2p3/3PP3/1BP2N1P/PP3PP1/RNBQR1K1 w - -,1800-1999,1900,125,25,0.2,76,0.608,49,0.392,b1d2,0.2222222222222222,8,10.0,0.25,0.125,0.35355339059327373,0.31546487678572877,0.7777777777777778,0.1875,0.30177669529663687,0.2827324383928644
r1bqr1k1/2p1bpp1/p1np1n1p/1p2p3/3PP3/1BP2N1P/PP3PP1/RNBQR1K1 w - -,2000-2199,2100,133,10,0.07518796992481203,97,0.7293233082706767,36,0.2706766917293233,b1d2,0.2222222222222222,8,10.0,0.25,0.125,0.35355339059327373,0.31546487678572877,0.7777777777777778,0.1875,0.30177669529663687,0.2827324383928644
r1bqr1k1/2p1bpp1/p1np1n1p/1p2p3/3PP3/1BP2N1P/PP3PP1/RNBQR1K1 w - -,2200-2399,2300,31,0,0.0,28,0.9032258064516129,3,0.0967741935483871,b1d2,0.2222222222222222,8,10.0,0.25,0.125,0.35355339059327373,0.31546487678572877,0.7777777777777778,0.1875,0.30177669529663687,0.2827324383928644
r3k2r/pp1bbppp/1qn1p3/3pPn2/3P4/5N2/PPN1BPPP/R1BQ1RK1 w kq -,1400-1599,1500,49,16,0.32653061224489793,2,0.04081632653061224,47,0.9591836734693877,e2d3,0.3870967741935484,12,22.0,1.0,0.08333333333333333,0.2886751345948129,0.27023815442731974,0.6129032258064516,0.5416666666666666,0.6443375672974064,0.6351190772136599
r3k2r/pp1bbppp/1qn1p3/3pPn2/3P4/5N2/PPN1BPPP/R1BQ1RK1 w kq -,1600-1799,1700,140,58,0.4142857142857143,3,0.02142857142857143,137,0.9785714285714285,e2d3,0.3870967741935484,12,22.0,1.0,0.08333333333333333,0.2886751345948129,0.27023815442731974,0.6129032258064516,0.5416666666666666,0.6443375672974064,0.6351190772136599
r3k2r/pp1bbppp/1qn1p3/3pPn2/3P4/5N2/PPN1BPPP/R1BQ1RK1 w kq -,1800-1999,1900,136,53,0.3897058823529412,3,0.022058823529411766,133,0.9779411764705882,e2d3,0.3870967741935484,12,22.0,1.0,0.08333333333333333,0.2886751345948129,0.27023815442731974,0.6129032258064516,0.5416666666666666,0.6443375672974064,0.6351190772136599
r3k2r/pp1bbppp/1qn1p3/3pPn2/3P4/5N2/PPN1BPPP/R1BQ1RK1 w kq -,2000-2199,2100,46,11,0.2391304347826087,1,0.021739130434782608,45,0.9782608695652174,e2d3,0.3870967741935484,12,22.0,1.0,0.08333333333333333,0.2886751345948129,0.27023815442731974,0.6129032258064516,0.5416666666666666,0.6443375672974064,0.6351190772136599
r3k2r/pp1bbppp/1qn1p3/3pPn2/3P4/5N2/PPN1BPPP/R1BQ1RK1 w kq -,2200-2399,2300,15,4,0.26666666666666666,2,0.13333333333333333,13,0.8666666666666667,e2d3,0.3870967741935484,12,22.0,1.0,0.08333333333333333,0.2886751345948129,0.27023815442731974,0.6129032258064516,0.5416666666666666,0.6443375672974064,0.6351190772136599
r1b2rk1/3nppbp/pq1p1np1/2pP4/4P3/2N2N2/PP2BPPP/R1BQ1RK1 w - -,1600-1799,1700,44,2,0.045454545454545456,3,0.06818181818181818,41,0.9318181818181818,a2a4,0.32432432432432434,12,16.0,0.625,0.08333333333333333,0.2886751345948129,0.27023815442731974,0.6756756756756757,0.3541666666666667,0.45683756729740643,0.4476190772136599
r1b2rk1/3nppbp/pq1p1np1/2pP4/4P3/2N2N2/PP2BPPP/R1BQ1RK1 w - -,1800-1999,1900,148,5,0.033783783783783786,18,0.12162162162162163,130,0.8783783783783784,a2a4,0.32432432432432434,12,16.0,0.625,0.08333333333333333,0.2886751345948129,0.27023815442731974,0.6756756756756757,0.3541666666666667,0.45683756729740643,0.4476190772136599
r1b2rk1/3nppbp/pq1p1np1/2pP4/4P3/2N2N2/PP2BPPP/R1BQ1RK1 w - -,2000-2199,2100,157,3,0.01910828025477707,15,0.09554140127388536,142,0.9044585987261147,a2a4,0.32432432432432434,12,16.0,0.625,0.08333333333333333,0.2886751345948129,0.27023815442731974,0.6756756756756757,0.3541666666666667,0.45683756729740643,0.4476190772136599
r1b2rk1/3nppbp/pq1p1np1/2pP4/4P3/2N2N2/PP2BPPP/R1BQ1RK1 w - -,2200-2399,2300,28,0,0.0,5,0.17857142857142858,23,0.8214285714285714,a2a4,0.32432432432432434,12,16.0,0.625,0.08333333333333333,0.2886751345948129,0.27023815442731974,0.6756756756756757,0.3541666666666667,0.45683756729740643,0.4476190772136599
r2q1rk1/pb1nbppp/1p3n2/2pp2B1/3P4/2NBPN2/PP3PPP/2RQ1RK1 w - c6,1400-1599,1500,14,2,0.14285714285714285,0,0.0,14,1.0,d3f5,0.5111111111111111,23,22.0,1.0,0.043478260869565216,0.20851441405707477,0.21810429198553155,0.48888888888888893,0.5217391304347826,0.6042572070285374,0.6090521459927658
r2q1rk1/pb1nbppp/1p3n2/2pp2B1/3P4/2NBPN2/PP3PPP/2RQ1RK1 w - c6,1600-1799,1700,85,6,0.07058823529411765,1,0.011764705882352941,84,0.9882352941176471,d3f5,0.5111111111111111,23,22.0,1.0,0.043478260869565216,0.20851441405707477,0.21810429198553155,0.48888888888888893,0.5217391304347826,0.6042572070285374,0.6090521459927658
r2q1rk1/pb1nbppp/1p3n2/2pp2B1/3P4/2NBPN2/PP3PPP/2RQ1RK1 w - c6,1800-1999,1900,171,2,0.011695906432748537,4,0.023391812865497075,167,0.9766081871345029,d3f5,0.5111111111111111,23,22.0,1.0,0.043478260869565216,0.20851441405707477,0.21810429198553155,0.48888888888888893,0.5217391304347826,0.6042572070285374,0.6090521459927658
r2q1rk1/pb1nbppp/1p3n2/2pp2B1/3P4/2NBPN2/PP3PPP/2RQ1RK1 w - c6,2000-2199,2100,95,0,0.0,7,0.07368421052631578,88,0.9263157894736842,d3f5,0.5111111111111111,23,22.0,1.0,0.043478260869565216,0.20851441405707477,0.21810429198553155,0.48888888888888893,0.5217391304347826,0.6042572070285374,0.6090521459927658
r2q1rk1/pb1nbppp/1p3n2/2pp2B1/3P4/2NBPN2/PP3PPP/2RQ1RK1 w - c6,2200-2399,2300,19,0,0.0,0,0.0,19,1.0,d3f5,0.5111111111111111,23,22.0,1.0,0.043478260869565216,0.20851441405707477,0.21810429198553155,0.48888888888888893,0.5217391304347826,0.6042572070285374,0.6090521459927658
r1bq1rk1/p3ppbp/2p3p1/3n4/8/2N1B3/PPPQBPPP/R3K2R w KQ -,1400-1599,1500,12,4,0.3333333333333333,5,0.4166666666666667,7,0.5833333333333334,c3d5,0.06521739130434782,3,12.0,0.375,0.3333333333333333,0.5773502691896258,0.5,0.9347826086956522,0.35416666666666663,0.4761751345948129,0.4375
r1bq1rk1/p3ppbp/2p3p1/3n4/8/2N1B3/PPPQBPPP/R3K2R w KQ -,1600-1799,1700,80,13,0.1625,55,0.6875,25,0.3125,c3d5,0.06521739130434782,3,12.0,0.375,0.3333333333333333,0.5773502691896258,0.5,0.9347826086956522,0.35416666666666663,0.4761751345948129,0.4375
r1bq1rk1/p3ppbp/2p3p1/3n4/8/2N1B3/PPPQBPPP/R3K2R w KQ -,1800-1999,1900,184,31,0.16847826086956522,117,0.6358695652173914,67,0.3641304347826087,c3d5,0.06521739130434782,3,12.0,0.375,0.3333333333333333,0.5773502691896258,0.5,0.9347826086956522,0.35416666666666663,0.4761751345948129,0.4375
r1bq1rk1/p3ppbp/2p3p1/3n4/8/2N1B3/PPPQBPPP/R3K2R w KQ -,2000-2199,2100,97,6,0.061855670103092786,80,0.8247422680412371,17,0.17525773195876287,c3d5,0.06521739130434782,3,12.0,0.375,0.3333333333333333,0.5773502691896258,0.5,0.9347826086956522,0.35416666666666663,0.4761751345948129,0.4375
r1bq1rk1/p3ppbp/2p3p1/3n4/8/2N1B3/PPPQBPPP/R3K2R w KQ -,2200-2399,2300,12,0,0.0,11,0.9166666666666666,1,0.08333333333333333,c3d5,0.06521739130434782,3,12.0,0.375,0.3333333333333333,0.5773502691896258,0.5,0.9347826086956522,0.35416666666666663,0.4761751345948129,0.4375
r2q1rk1/ppp1bpp1/3pbn1p/8/2BQP2B/2N5/PPP2PPP/R4RK1 w - -,1400-1599,1500,72,20,0.2777777777777778,12,0.16666666666666666,60,0.8333333333333334,a1d1,0.21739130434782608,10,6.0,0.0,0.1,0.31622776601683794,0.2890648263178879,0.782608695652174,0.05,0.15811388300841897,0.14453241315894394
r2q1rk1/ppp1bpp1/3pbn1p/8/2BQP2B/2N5/PPP2PPP/R4RK1 w - -,1600-1799,1700,169,51,0.30177514792899407,40,0.23668639053254437,129,0.7633136094674556,a1d1,0.21739130434782608,10,6.0,0.0,0.1,0.31622776601683794,0.2890648263178879,0.782608695652174,0.05,0.15811388300841897,0.14453241315894394
r2q1rk1/ppp1bpp1/3pbn1p/8/2BQP2B/2N5/PPP2PPP/R4RK1 w - -,1800-1999,1900,86,33,0.38372093023255816,15,0.1744186046511628,71,0.8255813953488372,a1d1,0.21739130434782608,10,6.0,0.0,0.1,0.31622776601683794,0.2890648263178879,0.782608695652174,0.05,0.15811388300841897,0.14453241315894394
r2q1rk1/ppp1bpp1/3pbn1p/8/2BQP2B/2N5/PPP2PPP/R4RK1 w - -,2000-2199,2100,23,4,0.17391304347826086,6,0.2608695652173913,17,0.7391304347826086,a1d1,0.21739130434782608,10,6.0,0.0,0.1,0.31622776601683794,0.2890648263178879,0.782608695652174,0.05,0.15811388300841897,0.14453241315894394
r1bq1rk1/p1p2ppp/5n2/3p4/8/2PB4/P1P2PPP/R1BQ1RK1 w - -,1400-1599,1500,60,1,0.016666666666666666,5,0.08333333333333333,55,0.9166666666666666,d1f3,0.5454545454545454,18,16.0,0.625,0.05555555555555555,0.23570226039551587,0.23540891336663824,0.4545454545454546,0.3402777777777778,0.43035113019775795,0.43020445668331914
r1bq1rk1/p1p2ppp/5n2/3p4/8/2PB4/P1P2PPP/R1BQ1RK1 w - -,1600-1799,1700,96,1,0.010416666666666666,3,0.03125,93,0.96875,d1f3,0.5454545454545454,18,16.0,0.625,0.05555555555555555,0.23570226039551587,0.23540891336663824,0.4545454545454546,0.3402777777777778,0.43035113019775795,0.43020445668331914
r1bq1rk1/p1p2ppp/5n2/3p4/8/2PB4/P1P2PPP/R1BQ1RK1 w - -,1800-1999,1900,110,0,0.0,8,0.07272727272727272,102,0.9272727272727272,d1f3,0.5454545454545454,18,16.0,0.625,0.05555555555555555,0.23570226039551587,0.23540891336663824,0.4545454545454546,0.3402777777777778,0.43035113019775795,0.43020445668331914
r1bq1rk1/p1p2ppp/5n2/3p4/8/2PB4/P1P2PPP/R1BQ1RK1 w - -,2000-2199,2100,76,0,0.0,3,0.039473684210526314,73,0.9605263157894737,d1f3,0.5454545454545454,18,16.0,0.625,0.05555555555555555,0.23570226039551587,0.23540891336663824,0.4545454545454546,0.3402777777777778,0.43035113019775795,0.43020445668331914
r1bqr1k1/ppp2pbp/3p1np1/2n5/2PNP3/2N3PP/PP3PB1/R1BQ1RK1 w - -,1600-1799,1700,16,1,0.0625,14,0.875,2,0.125,f1e1,0.046511627906976744,2,6.0,0.0,0.5,0.7071067811865475,0.6309297535714575,0.9534883720930233,0.25,0.35355339059327373,0.31546487678572877
r1bqr1k1/ppp2pbp/3p1np1/2n5/2PNP3/2N3PP/PP3PB1/R1BQ1RK1 w - -,1800-1999,1900,94,22,0.23404255319148937,69,0.7340425531914894,25,0.26595744680851063,f1e1,0.046511627906976744,2,6.0,0.0,0.5,0.7071067811865475,0.6309297535714575,0.9534883720930233,0.25,0.35355339059327373,0.31546487678572877
r1bqr1k1/ppp2pbp/3p1np1/2n5/2PNP3/2N3PP/PP3PB1/R1BQ1RK1 w - -,2000-2199,2100,131,13,0.09923664122137404,111,0.8473282442748091,20,0.15267175572519084,f1e1,0.046511627906976744,2,6.0,0.0,0.5,0.7071067811865475,0.6309297535714575,0.9534883720930233,0.25,0.35355339059327373,0.31546487678572877
r1bqr1k1/ppp2pbp/3p1np1/2n5/2PNP3/2N3PP/PP3PB1/R1BQ1RK1 w - -,2200-2399,2300,114,9,0.07894736842105263,103,0.9035087719298246,11,0.09649122807017543,f1e1,0.046511627906976744,2,6.0,0.0,0.5,0.7071067811865475,0.6309297535714575,0.9534883720930233,0.25,0.35355339059327373,0.31546487678572877
r2q1rk1/pb1nbppp/1p2pn2/3p2B1/3P4/2NBPN2/PP3PPP/2RQ1RK1 w - -,1400-1599,1500,38,0,0.0,1,0.02631578947368421,37,0.9736842105263158,d1e2,0.7045454545454546,31,22.0,1.0,0.03225806451612903,0.1796053020267749,0.2,0.2954545454545454,0.5161290322580645,0.5898026510133875,0.6
r2q1rk1/pb1nbppp/1p2pn2/3p2B1/3P4/2NBPN2/PP3PPP/2RQ1RK1 w - -,1600-1799,1700,123,0,0.0,6,0.04878048780487805,117,0.9512195121951219,d1e2,0.7045454545454546,31,22.0,1.0,0.03225806451612903,0.1796053020267749,0.2,0.2954545454545454,0.5161290322580645,0.5898026510133875,0.6
r2q1rk1/pb1nbppp/1p2pn2/3p2B1/3P4/2NBPN2/PP3PPP/2RQ1RK1 w - -,1800-1999,1900,156,1,0.00641025641025641,11,0.07051282051282051,145,0.9294871794871795,d1e2,0.7045454545454546,31,22.0,1.0,0.03225806451612903,0.1796053020267749,0.2,0.2954545454545454,0.5161290322580645,0.5898026510133875,0.6
r2q1rk1/pb1nbppp/1p2pn2/3p2B1/3P4/2NBPN2/PP3PPP/2RQ1RK1 w - -,2000-2199,2100,54,0,0.0,12,0.2222222222222222,42,0.7777777777777778,d1e2,0.7045454545454546,31,22.0,1.0,0.03225806451612903,0.1796053020267749,0.2,0.2954545454545454,0.5161290322580645,0.5898026510133875,0.6
r1r3k1/ppq1ppbp/3pbnp1/8/3BP1P1/2N2P2/PPPQ3P/1K1R1B1R w - -,1600-1799,1700,36,0,0.0,1,0.027777777777777776,35,0.9722222222222222,c3b5,0.20930232558139536,9,22.0,1.0,0.1111111111111111,0.3333333333333333,0.3010299956639812,0.7906976744186046,0.5555555555555556,0.6666666666666666,0.6505149978319906
r1r3k1/ppq1ppbp/3pbnp1/8/3BP1P1/2N2P2/PPPQ3P/1K1R1B1R w - -,1800-1999,1900,150,0,0.0,0,0.0,150,1.0,c3b5,0.20930232558139536,9,22.0,1.0,0.1111111111111111,0.3333333333333333,0.3010299956639812,0.7906976744186046,0.5555555555555556,0.6666666666666666,0.6505149978319906
r1r3k1/ppq1ppbp/3pbnp1/8/3BP1P1/2N2P2/PPPQ3P/1K1R1B1R w - -,2000-2199,2100,148,0,0.0,0,0.0,148,1.0,c3b5,0.20930232558139536,9,22.0,1.0,0.1111111111111111,0.3333333333333333,0.3010299956639812,0.7906976744186046,0.5555555555555556,0.6666666666666666,0.6505149978319906
r1r3k1/ppq1ppbp/3pbnp1/8/3BP1P1/2N2P2/PPPQ3P/1K1R1B1R w - -,2200-2399,2300,41,0,0.0,0,0.0,41,1.0,c3b5,0.20930232558139536,9,22.0,1.0,0.1111111111111111,0.3333333333333333,0.3010299956639812,0.7906976744186046,0.5555555555555556,0.6666666666666666,0.6505149978319906
r2q1rk1/pp1nbpp1/2p2n1p/3p4/3P2bB/2NBPN2/PP3PPP/R2Q1RK1 w - -,1400-1599,1500,37,6,0.16216216216216217,24,0.6486486486486487,13,0.35135135135135137,h2h3,0.35714285714285715,15,20.0,0.875,0.06666666666666667,0.2581988897471611,0.25,0.6428571428571428,0.4708333333333333,0.5665994448735805,0.5625
r2q1rk1/pp1nbpp1/2p2n1p/3p4/3P2bB/2NBPN2/PP3PPP/R2Q1RK1 w - -,1600-1799,1700,137,30,0.21897810218978103,76,0.5547445255474452,61,0.44525547445255476,h2h3,0.35714285714285715,15,20.0,0.875,0.06666666666666667,0.2581988897471611,0.25,0.6428571428571428,0.4708333333333333,0.5665994448735805,0.5625
r2q1rk1/pp1nbpp1/2p2n1p/3p4/3P2bB/2NBPN2/PP3PPP/R2Q1RK1 w - -,1800-1999,1900,153,29,0.1895424836601307,84,0.5490196078431373,69,0.45098039215686275,h2h3,0.35714285714285715,15,20.0,0.875,0.06666666666666667,0.2581988897471611,0.25,0.6428571428571428,0.4708333333333333,0.5665994448735805,0.5625
r2q1rk1/pp1nbpp1/2p2n1p/3p4/3P2bB/2NBPN2/PP3PPP/R2Q1RK1 w - -,2000-2199,2100,42,5,0.11904761904761904,20,0.47619047619047616,22,0.5238095238095238,h2h3,0.35714285714285715,15,20.0,0.875,0.06666666666666667,0.2581988897471611,0.25,0.6428571428571428,0.4708333333333333,0.5665994448735805,0.5625
r1bqr1k1/pp1nbpp1/2p2n1p/3p4/3P3B/2NBP3/PP2NPPP/R2Q1RK1 w - -,1400-1599,1500,14,1,0.07142857142857142,0,0.0,14,1.0,a2a4,0.5609756097560976,23,8.0,0.125,0.043478260869565216,0.20851441405707477,0.21810429198553155,0.4390243902439024,0.08423913043478261,0.16675720702853739,0.17155214599276578
r1bqr1k1/pp1nbpp1/2p2n1p/3p4/3P3B/2NBP3/PP2NPPP/R2Q1RK1 w - -,1600-1799,1700,76,0,0.0,0,0.0,76,1.0,a2a4,0.5609756097560976,23,8.0,0.125,0.043478260869565216,0.20851441405707477,0.21810429198553155,0.4390243902439024,0.08423913043478261,0.16675720702853739,0.17155214599276578
r1bqr1k1/pp1nbpp1/2p2n1p/3p4/3P3B/2NBP3/PP2NPPP/R2Q1RK1 w - -,1800-1999,1900,157,1,0.006369426751592357,1,0.006369426751592357,156,0.9936305732484076,a2a4,0.5609756097560976,23,8.0,0.125,0.043478260869565216,0.20851441405707477,0.21810429198553155,0.4390243902439024,0.08423913043478261,0.16675720702853739,0.17155214599276578
r1bqr1k1/pp1nbpp1/2p2n1p/3p4/3P3B/2NBP3/PP2NPPP/R2Q1RK1 w - -,2000-2199,2100,105,0,0.0,0,0.0,105,1.0,a2a4,0.5609756097560976,23,8.0,0.125,0.043478260869565216,0.20851441405707477,0.21810429198553155,0.4390243902439024,0.08423913043478261,0.16675720702853739,0.17155214599276578
r1bqr1k1/pp1nbpp1/2p2n1p/3p4/3P3B/2NBP3/PP2NPPP/R2Q1RK1 w - -,2200-2399,2300,24,0,0.0,0,0.0,24,1.0,a2a4,0.5609756097560976,23,8.0,0.125,0.043478260869565216,0.20851441405707477,0.21810429198553155,0.4390243902439024,0.08423913043478261,0.16675720702853739,0.17155214599276578
r2q1rk1/pp2ppbp/3p1np1/2p5/3nPP2/2NP1QPP/PPP3B1/R1B2RK1 w - -,1600-1799,1700,45,1,0.022222222222222223,25,0.5555555555555556,20,0.4444444444444444,f3f2,0.06666666666666667,2,6.0,0.0,0.5,0.7071067811865475,0.6309297535714575,0.9333333333333333,0.25,0.35355339059327373,0.31546487678572877
r2q1rk1/pp2ppbp/3p1np1/2p5/3nPP2/2NP1QPP/PPP3B1/R1B2RK1 w - -,1800-1999,1900,127,0,0.0,86,0.6771653543307087,41,0.3228346456692913,f3f2,0.06666666666666667,2,6.0,0.0,0.5,0.7071067811865475,0.6309297535714575,0.9333333333333333,0.25,0.35355339059327373,0.31546487678572877
r2q1rk1/pp2ppbp/3p1np1/2p5/3nPP2/2NP1QPP/PPP3B1/R1B2RK1 w - -,2000-2199,2100,157,0,0.0,125,0.7961783439490446,32,0.20382165605095542,f3f2,0.06666666666666667,2,6.0,0.0,0.5,0.7071067811865475,0.6309297535714575,0.9333333333333333,0.25,0.35355339059327373,0.31546487678572877
r2q1rk1/pp2ppbp/3p1np1/2p5/3nPP2/2NP1QPP/PPP3B1/R1B2RK1 w - -,2200-2399,2300,40,0,0.0,38,0.95,2,0.05,f3f2,0.06666666666666667,2,6.0,0.0,0.5,0.7071067811865475,0.6309297535714575,0.9333333333333333,0.25,0.35355339059327373,0.31546487678572877
rnb1k2r/pp3p1p/2p2p2/3p4/3P4/2q1P3/P2N1PPP/R2QKB1R w KQkq -,1400-1599,1500,11,0,0.0,0,0.0,11,1.0,a1b1,0.2222222222222222,6,6.0,0.0,0.16666666666666666,0.4082482904638631,0.3562071871080222,0.7777777777777778,0.08333333333333333,0.20412414523193154,0.1781035935540111
rnb1k2r/pp3p1p/2p2p2/3p4/3P4/2q1P3/P2N1PPP/R2QKB1R w KQkq -,1600-1799,1700,62,3,0.04838709677419355,0,0.0,62,1.0,a1b1,0.2222222222222222,6,6.0,0.0,0.16666666666666666,0.4082482904638631,0.3562071871080222,0.7777777777777778,0.08333333333333333,0.20412414523193154,0.1781035935540111
rnb1k2r/pp3p1p/2p2p2/3p4/3P4/2q1P3/P2N1PPP/R2QKB1R w KQkq -,1800-1999,1900,165,8,0.048484848484848485,5,0.030303030303030304,160,0.9696969696969697,a1b1,0.2222222222222222,6,6.0,0.0,0.16666666666666666,0.4082482904638631,0.3562071871080222,0.7777777777777778,0.08333333333333333,0.20412414523193154,0.1781035935540111
rnb1k2r/pp3p1p/2p2p2/3p4/3P4/2q1P3/P2N1PPP/R2QKB1R w KQkq -,2000-2199,2100,118,2,0.01694915254237288,1,0.00847457627118644,117,0.9915254237288136,a1b1,0.2222222222222222,6,6.0,0.0,0.16666666666666666,0.4082482904638631,0.3562071871080222,0.7777777777777778,0.08333333333333333,0.20412414523193154,0.1781035935540111
rnb1k2r/pp3p1p/2p2p2/3p4/3P4/2q1P3/P2N1PPP/R2QKB1R w KQkq -,2200-2399,2300,21,0,0.0,3,0.14285714285714285,18,0.8571428571428571,a1b1,0.2222222222222222,6,6.0,0.0,0.16666666666666666,0.4082482904638631,0.3562071871080222,0.7777777777777778,0.08333333333333333,0.20412414523193154,0.1781035935540111
2bq1rk1/rpp2pp1/p1np1n1p/4p3/2B1P3/P1NP1N1P/1PP2PP1/R2Q1RK1 w - -,1400-1599,1500,83,28,0.3373493975903614,3,0.03614457831325301,80,0.963855421686747,f1e1,0.42105263157894735,16,22.0,1.0,0.0625,0.25,0.24465054211822604,0.5789473684210527,0.53125,0.625,0.6223252710591131
2bq1rk1/rpp2pp1/p1np1n1p/4p3/2B1P3/P1NP1N1P/1PP2PP1/R2Q1RK1 w - -,1600-1799,1700,157,38,0.24203821656050956,6,0.03821656050955414,151,0.9617834394904459,f1e1,0.42105263157894735,16,22.0,1.0,0.0625,0.25,0.24465054211822604,0.5789473684210527,0.53125,0.625,0.6223252710591131
2bq1rk1/rpp2pp1/p1np1n1p/4p3/2B1P3/P1NP1N1P/1PP2PP1/R2Q1RK1 w - -,1800-1999,1900,106,33,0.3113207547169811,1,0.009433962264150943,105,0.9905660377358491,f1e1,0.42105263157894735,16,22.0,1.0,0.0625,0.25,0.24465054211822604,0.5789473684210527,0.53125,0.625,0.6223252710591131
2bq1rk1/rpp2pp1/p1np1n1p/4p3/2B1P3/P1NP1N1P/1PP2PP1/R2Q1RK1 w - -,2000-2199,2100,24,4,0.16666666666666666,0,0.0,24,1.0,f1e1,0.42105263157894735,16,22.0,1.0,0.0625,0.25,0.24465054211822604,0.5789473684210527,0.53125,0.625,0.6223252710591131
r2q1rk1/pp2ppbp/3pbnp1/8/3BP3/2N2P2/PPPQB1PP/R3K2R w KQ -,1400-1599,1500,22,15,0.6818181818181818,3,0.13636363636363635,19,0.8636363636363636,h2h4,0.06521739130434782,3,22.0,1.0,0.3333333333333333,0.5773502691896258,0.5,0.9347826086956522,0.6666666666666666,0.7886751345948129,0.75
r2q1rk1/pp2ppbp/3pbnp1/8/3BP3/2N2P2/PPPQB1PP/R3K2R w KQ -,1600-1799,1700,80,50,0.625,7,0.0875,73,0.9125,h2h4,0.06521739130434782,3,22.0,1.0,0.3333333333333333,0.5773502691896258,0.5,0.9347826086956522,0.6666666666666666,0.7886751345948129,0.75
r2q1rk1/pp2ppbp/3pbnp1/8/3BP3/2N2P2/PPPQB1PP/R3K2R w KQ -,1800-1999,1900,202,115,0.5693069306930693,21,0.10396039603960396,181,0.8960396039603961,h2h4,0.06521739130434782,3,22.0,1.0,0.3333333333333333,0.5773502691896258,0.5,0.9347826086956522,0.6666666666666666,0.7886751345948129,0.75
r2q1rk1/pp2ppbp/3pbnp1/8/3BP3/2N2P2/PPPQB1PP/R3K2R w KQ -,2000-2199,2100,63,41,0.6507936507936508,5,0.07936507936507936,58,0.9206349206349206,h2h4,0.06521739130434782,3,22.0,1.0,0.3333333333333333,0.5773502691896258,0.5,0.9347826086956522,0.6666666666666666,0.7886751345948129,0.75
r1b2rk1/pp1nq1pp/2p1p3/3pNp2/2PPn3/2NBP3/PP3PPP/R2Q1RK1 w - -,1400-1599,1500,15,9,0.6,0,0.0,15,1.0,c3e2,0.3023255813953488,13,14.0,0.5,0.07692307692307693,0.2773500981126146,0.26264953503719357,0.6976744186046512,0.28846153846153844,0.3886750490563073,0.3813247675185968
r1b2rk1/pp1nq1pp/2p1p3/3pNp2/2PPn3/2NBP3/PP3PPP/R2Q1RK1 w - -,1600-1799,1700,71,18,0.2535211267605634,0,0.0,71,1.0,c3e2,0.3023255813953488,13,14.0,0.5,0.07692307692307693,0.2773500981126146,0.26264953503719357,0.6976744186046512,0.28846153846153844,0.3886750490563073,0.3813247675185968
r1b2rk1/pp1nq1pp/2p1p3/3pNp2/2PPn3/2NBP3/PP3PPP/R2Q1RK1 w - -,1800-1999,1900,175,37,0.21142857142857144,0,0.0,175,1.0,c3e2,0.3023255813953488,13,14.0,0.5,0.07692307692307693,0.2773500981126146,0.26264953503719357,0.6976744186046512,0.28846153846153844,0.3886750490563073,0.3813247675185968
r1b2rk1/pp1nq1pp/2p1p3/3pNp2/2PPn3/2NBP3/PP3PPP/R2Q1RK1 w - -,2000-2199,2100,104,24,0.23076923076923078,1,0.009615384615384616,103,0.9903846153846154,c3e2,0.3023255813953488,13,14.0,0.5,0.07692307692307693,0.2773500981126146,0.26264953503719357,0.6976744186046512,0.28846153846153844,0.3886750490563073,0.3813247675185968
r1b2rk1/pp1nq1pp/2p1p3/3pNp2/2PPn3/2NBP3/PP3PPP/R2Q1RK1 w - -,2200-2399,2300,10,1,0.1,0,0.0,10,1.0,c3e2,0.3023255813953488,13,14.0,0.5,0.07692307692307693,0.2773500981126146,0.26264953503719357,0.6976744186046512,0.28846153846153844,0.3886750490563073,0.3813247675185968
r3kb1r/ppqn1ppp/2p5/4nb2/P1N2B2/2N3P1/1P2PP1P/R2QKB1R w KQkq -,1800-1999,1900,34,4,0.11764705882352941,28,0.8235294117647058,6,0.17647058823529413,f1g2,0.13333333333333333,6,22.0,1.0,0.16666666666666666,0.4082482904638631,0.3562071871080222,0.8666666666666667,0.5833333333333334,0.7041241452319316,0.6781035935540111
r3kb1r/ppqn1ppp/2p5/4nb2/P1N2B2/2N3P1/1P2PP1P/R2QKB1R w KQkq -,2000-2199,2100,160,14,0.0875,135,0.84375,25,0.15625,f1g2,0.13333333333333333,6,22.0,1.0,0.16666666666666666,0.4082482904638631,0.3562071871080222,0.8666666666666667,0.5833333333333334,0.7041241452319316,0.6781035935540111
r3kb1r/ppqn1ppp/2p5/4nb2/P1N2B2/2N3P1/1P2PP1P/R2QKB1R w KQkq -,2200-2399,2300,138,5,0.036231884057971016,122,0.8840579710144928,16,0.11594202898550725,f1g2,0.13333333333333333,6,22.0,1.0,0.16666666666666666,0.4082482904638631,0.3562071871080222,0.8666666666666667,0.5833333333333334,0.7041241452319316,0.6781035935540111
r2q1rk1/pp1nbppp/2p2n2/3p2Bb/3P4/2N1PN1P/PP2BPP1/R2Q1RK1 w - -,1400-1599,1500,43,5,0.11627906976744186,2,0.046511627906976744,41,0.9534883720930233,d1b3,0.4358974358974359,17,14.0,0.5,0.058823529411764705,0.24253562503633297,0.23981246656813146,0.5641025641025641,0.27941176470588236,0.3712678125181665,0.36990623328406574
r2q1rk1/pp1nbppp/2p2n2/3p2Bb/3P4/2N1PN1P/PP2BPP1/R2Q1RK1 w - -,1600-1799,1700,153,9,0.058823529411764705,7,0.0457516339869281,146,0.954248366013072,d1b3,0.4358974358974359,17,14.0,0.5,0.058823529411764705,0.24253562503633297,0.23981246656813146,0.5641025641025641,0.27941176470588236,0.3712678125181665,0.36990623328406574
r2q1rk1/pp1nbppp/2p2n2/3p2Bb/3P4/2N1PN1P/PP2BPP1/R2Q1RK1 w - -,1800-1999,1900,145,11,0.07586206896551724,12,0.08275862068965517,133,0.9172413793103448,d1b3,0.4358974358974359,17,14.0,0.5,0.058823529411764705,0.24253562503633297,0.23981246656813146,0.5641025641025641,0.27941176470588236,0.3712678125181665,0.36990623328406574
r2q1rk1/pp1nbppp/2p2n2/3p2Bb/3P4/2N1PN1P/PP2BPP1/R2Q1RK1 w - -,2000-2199,2100,29,2,0.06896551724137931,1,0.034482758620689655,28,0.9655172413793104,d1b3,0.4358974358974359,17,14.0,0.5,0.058823529411764705,0.24253562503633297,0.23981246656813146,0.5641025641025641,0.27941176470588236,0.3712678125181665,0.36990623328406574
rnbq1rk1/p4pbp/3p2p1/1BpP4/4n3/2N2N1P/PP3PP1/R1BQK2R w KQ -,1800-1999,1900,71,15,0.2112676056338028,56,0.7887323943661971,15,0.2112676056338028,c3e4,0.021739130434782608,1,6.0,0.0,1.0,1.0,1.0,0.9782608695652174,0.5,0.5,0.5
rnbq1rk1/p4pbp/3p2p1/1BpP4/4n3/2N2N1P/PP3PP1/R1BQK2R w KQ -,2000-2199,2100,167,15,0.08982035928143713,152,0.9101796407185628,15,0.08982035928143713,c3e4,0.021739130434782608,1,6.0,0.0,1.0,1.0,1.0,0.9782608695652174,0.5,0.5,0.5
rnbq1rk1/p4pbp/3p2p1/1BpP4/4n3/2N2N1P/PP3PP1/R1BQK2R w KQ -,2200-2399,2300,111,12,0.10810810810810811,99,0.8918918918918919,12,0.10810810810810811,c3e4,0.021739130434782608,1,6.0,0.0,1.0,1.0,1.0,0.9782608695652174,0.5,0.5,0.5
r1bq1rk1/p4pbp/2p1pnp1/3p4/3P4/2N3P1/PP2PPBP/R1BQ1RK1 w - -,1600-1799,1700,13,4,0.3076923076923077,1,0.07692307692307693,12,0.9230769230769231,c3a4,0.4,14,22.0,1.0,0.07142857142857142,0.2672612419124244,0.2559580248098155,0.6,0.5357142857142857,0.6336306209562121,0.6279790124049077
r1bq1rk1/p4pbp/2p1pnp1/3p4/3P4/2N3P1/PP2PPBP/R1BQ1RK1 w - -,1800-1999,1900,86,7,0.08139534883720931,24,0.27906976744186046,62,0.7209302325581395,c3a4,0.4,14,22.0,1.0,0.07142857142857142,0.2672612419124244,0.2559580248098155,0.6,0.5357142857142857,0.6336306209562121,0.6279790124049077
r1bq1rk1/p4pbp/2p1pnp1/3p4/3P4/2N3P1/PP2PPBP/R1BQ1RK1 w - -,2000-2199,2100,182,8,0.04395604395604396,86,0.4725274725274725,96,0.5274725274725275,c3a4,0.4,14,22.0,1.0,0.07142857142857142,0.2672612419124244,0.2559580248098155,0.6,0.5357142857142857,0.6336306209562121,0.6279790124049077
r1bq1rk1/p4pbp/2p1pnp1/3p4/3P4/2N3P1/PP2PPBP/R1BQ1RK1 w - -,2200-2399,2300,74,1,0.013513513513513514,25,0.33783783783783783,49,0.6621621621621622,c3a4,0.4,14,22.0,1.0,0.07142857142857142,0.2672612419124244,0.2559580248098155,0.6,0.5357142857142857,0.6336306209562121,0.6279790124049077
r3kbnr/pp3ppp/2n1p3/3pP3/3P4/4BB2/Pq1N1PPP/R2Q1RK1 b kq -,1400-1599,1500,37,11,0.2972972972972973,0,0.0,37,1.0,g8e7,0.15555555555555556,7,10.0,0.25,0.14285714285714285,0.3779644730092272,0.3333333333333333,0.8444444444444444,0.19642857142857142,0.3139822365046136,0.29166666666666663
r3kbnr/pp3ppp/2n1p3/3pP3/3P4/4BB2/Pq1N1PPP/R2Q1RK1 b kq -,1600-1799,1700,97,35,0.36082474226804123,4,0.041237113402061855,93,0.9587628865979382,g8e7,0.15555555555555556,7,10.0,0.25,0.14285714285714285,0.3779644730092272,0.3333333333333333,0.8444444444444444,0.19642857142857142,0.3139822365046136,0.29166666666666663
r3kbnr/pp3ppp/2n1p3/3pP3/3P4/4BB2/Pq1N1PPP/R2Q1RK1 b kq -,1800-1999,1900,167,32,0.19161676646706588,4,0.023952095808383235,163,0.9760479041916168,g8e7,0.15555555555555556,7,10.0,0.25,0.14285714285714285,0.3779644730092272,0.3333333333333333,0.8444444444444444,0.19642857142857142,0.3139822365046136,0.29166666666666663
r3kbnr/pp3ppp/2n1p3/3pP3/3P4/4BB2/Pq1N1PPP/R2Q1RK1 b kq -,2000-2199,2100,58,8,0.13793103448275862,0,0.0,58,1.0,g8e7,0.15555555555555556,7,10.0,0.25,0.14285714285714285,0.3779644730092272,0.3333333333333333,0.8444444444444444,0.19642857142857142,0.3139822365046136,0.29166666666666663
r1bq1rk1/ppp2ppp/2n5/3p4/2BPn3/2PQ1N2/P4PPP/R1B2RK1 w - d6,1400-1599,1500,99,4,0.04040404040404041,14,0.1414141414141414,85,0.8585858585858586,c4b5,0.12121212121212122,4,18.0,0.75,0.25,0.5,0.43067655807339306,0.8787878787878788,0.5,0.625,0.5903382790366966
r1bq1rk1/ppp2ppp/2n5/3p4/2BPn3/2PQ1N2/P4PPP/R1B2RK1 w - d6,1600-1799,1700,168,3,0.017857142857142856,23,0.13690476190476192,145,0.8630952380952381,c4b5,0.12121212121212122,4,18.0,0.75,0.25,0.5,0.43067655807339306,0.8787878787878788,0.5,0.625,0.5903382790366966
r1bq1rk1/ppp2ppp/2n5/3p4/2BPn3/2PQ1N2/P4PPP/R1B2RK1 w - d6,1800-1999,1900,78,2,0.02564102564102564,5,0.0641025641025641,73,0.9358974358974359,c4b5,0.12121212121212122,4,18.0,0.75,0.25,0.5,0.43067655807339306,0.8787878787878788,0.5,0.625,0.5903382790366966
r2qkb1r/5ppp/p1p1pn2/3p4/3P4/2N2Q1P/PPP2PP1/R1B2RK1 w kq -,1400-1599,1500,91,1,0.01098901098901099,4,0.04395604395604396,87,0.9560439560439561,c3a4,0.4722222222222222,17,18.0,0.75,0.058823529411764705,0.24253562503633297,0.23981246656813146,0.5277777777777778,0.40441176470588236,0.4962678125181665,0.49490623328406574
r2qkb1r/5ppp/p1p1pn2/3p4/3P4/2N2Q1P/PPP2PP1/R1B2RK1 w kq -,1600-1799,1700,91,1,0.01098901098901099,4,0.04395604395604396,87,0.9560439560439561,c3a4,0.4722222222222222,17,18.0,0.75,0.058823529411764705,0.24253562503633297,0.23981246656813146,0.5277777777777778,0.40441176470588236,0.4962678125181665,0.49490623328406574
r2qkb1r/5ppp/p1p1pn2/3p4/3P4/2N2Q1P/PPP2PP1/R1B2RK1 w kq -,1800-1999,1900,70,1,0.014285714285714285,1,0.014285714285714285,69,0.9857142857142858,c3a4,0.4722222222222222,17,18.0,0.75,0.058823529411764705,0.24253562503633297,0.23981246656813146,0.5277777777777778,0.40441176470588236,0.4962678125181665,0.49490623328406574
r2qkb1r/5ppp/p1p1pn2/3p4/3P4/2N2Q1P/PPP2PP1/R1B2RK1 w kq -,2000-2199,2100,24,0,0.0,0,0.0,24,1.0,c3a4,0.4722222222222222,17,18.0,0.75,0.058823529411764705,0.24253562503633297,0.23981246656813146,0.5277777777777778,0.40441176470588236,0.4962678125181665,0.49490623328406574
r3k2r/p1ppqpbp/b1p3p1/3nP3/2P5/1P6/PB2QPPP/RN2KB1R w KQkq -,1600-1799,1700,40,11,0.275,14,0.35,26,0.65,g2g3,0.06451612903225806,2,6.0,0.0,0.5,0.7071067811865475,0.6309297535714575,0.935483870967742,0.25,0.35355339059327373,0.31546487678572877
r3k2r/p1ppqpbp/b1p3p1/3nP3/2P5/1P6/PB2QPPP/RN2KB1R w KQkq -,1800-1999,1900,150,36,0.24,63,0.42,87,0.58,g2g3,0.06451612903225806,2,6.0,0.0,0.5,0.7071067811865475,0.6309297535714575,0.935483870967742,0.25,0.35355339059327373,0.31546487678572877
r3k2r/p1ppqpbp/b1p3p1/3nP3/2P5/1P6/PB2QPPP/RN2KB1R w KQkq -,2000-2199,2100,118,18,0.15254237288135594,54,0.4576271186440678,64,0.5423728813559322,g2g3,0.06451612903225806,2,6.0,0.0,0.5,0.7071067811865475,0.6309297535714575,0.935483870967742,0.25,0.35355339059327373,0.31546487678572877
r3k2r/p1ppqpbp/b1p3p1/3nP3/2P5/1P6/PB2QPPP/RN2KB1R w KQkq -,2200-2399,2300,46,8,0.17391304347826086,16,0.34782608695652173,30,0.6521739130434783,g2g3,0.06451612903225806,2,6.0,0.0,0.5,0.7071067811865475,0.6309297535714575,0.935483870967742,0.25,0.35355339059327373,0.31546487678572877
2kr1b1r/1pp2ppp/p1p2n2/8/6b1/5N2/PPPP1PPP/RNB1RK2 w - -,1400-1599,1500,96,7,0.07291666666666667,51,0.53125,45,0.46875,f3e5,0.17857142857142858,5,6.0,0.0,0.2,0.4472135954999579,0.38685280723454163,0.8214285714285714,0.1,0.22360679774997896,0.19342640361727081
2kr1b1r/1pp2ppp/p1p2n2/8/6b1/5N2/PPPP1PPP/RNB1RK2 w - -,1600-1799,1700,42,1,0.023809523809523808,24,0.5714285714285714,18,0.42857142857142855,f3e5,0.17857142857142858,5,6.0,0.0,0.2,0.4472135954999579,0.38685280723454163,0.8214285714285714,0.1,0.22360679774997896,0.19342640361727081
r1b2rk1/1pq1bppp/p1nppn2/8/3NPP2/P1N1B3/1PP1B1PP/R2Q1RK1 w - -,1400-1599,1500,19,7,0.3684210526315789,3,0.15789473684210525,16,0.8421052631578947,d1e1,0.23255813953488372,10,8.0,0.125,0.1,0.31622776601683794,0.2890648263178879,0.7674418604651163,0.1125,0.22061388300841897,0.20703241315894394
r1b2rk1/1pq1bppp/p1nppn2/8/3NPP2/P1N1B3/1PP1B1PP/R2Q1RK1 w - -,1600-1799,1700,81,19,0.2345679012345679,7,0.08641975308641975,74,0.9135802469135802,d1e1,0.23255813953488372,10,8.0,0.125,0.1,0.31622776601683794,0.2890648263178879,0.7674418604651163,0.1125,0.22061388300841897,0.20703241315894394
r1b2rk1/1pq1bppp/p1nppn2/8/3NPP2/P1N1B3/1PP1B1PP/R2Q1RK1 w - -,1800-1999,1900,135,26,0.1925925925925926,16,0.11851851851851852,119,0.8814814814814815,d1e1,0.23255813953488372,10,8.0,0.125,0.1,0.31622776601683794,0.2890648263178879,0.7674418604651163,0.1125,0.22061388300841897,0.20703241315894394
r1b2rk1/1pq1bppp/p1nppn2/8/3NPP2/P1N1B3/1PP1B1PP/R2Q1RK1 w - -,2000-2199,2100,113,12,0.10619469026548672,26,0.23008849557522124,87,0.7699115044247787,d1e1,0.23255813953488372,10,8.0,0.125,0.1,0.31622776601683794,0.2890648263178879,0.7674418604651163,0.1125,0.22061388300841897,0.20703241315894394
r1b2rk1/1pq1bppp/p1nppn2/8/3NPP2/P1N1B3/1PP1B1PP/R2Q1RK1 w - -,2200-2399,2300,18,2,0.1111111111111111,5,0.2777777777777778,13,0.7222222222222222,d1e1,0.23255813953488372,10,8.0,0.125,0.1,0.31622776601683794,0.2890648263178879,0.7674418604651163,0.1125,0.22061388300841897,0.20703241315894394
r1bqr1k1/pp1nppbp/2p3p1/8/3PR3/2P2NP1/PP3PBP/R1BQ2K1 b - -,1400-1599,1500,25,3,0.12,0,0.0,25,1.0,d7f8,0.7419354838709677,23,22.0,1.0,0.043478260869565216,0.20851441405707477,0.21810429198553155,0.25806451612903225,0.5217391304347826,0.6042572070285374,0.6090521459927658
r1bqr1k1/pp1nppbp/2p3p1/8/3PR3/2P2NP1/PP3PBP/R1BQ2K1 b - -,1600-1799,1700,99,1,0.010101010101010102,1,0.010101010101010102,98,0.98989898989899,d7f8,0.7419354838709677,23,22.0,1.0,0.043478260869565216,0.20851441405707477,0.21810429198553155,0.25806451612903225,0.5217391304347826,0.6042572070285374,0.6090521459927658
r1bqr1k1/pp1nppbp/2p3p1/8/3PR3/2P2NP1/PP3PBP/R1BQ2K1 b - -,1800-1999,1900,190,5,0.02631578947368421,1,0.005263157894736842,189,0.9947368421052631,d7f8,0.7419354838709677,23,22.0,1.0,0.043478260869565216,0.20851441405707477,0.21810429198553155,0.25806451612903225,0.5217391304347826,0.6042572070285374,0.6090521459927658
r1bqr1k1/pp1nppbp/2p3p1/8/3PR3/2P2NP1/PP3PBP/R1BQ2K1 b - -,2000-2199,2100,48,0,0.0,0,0.0,48,1.0,d7f8,0.7419354838709677,23,22.0,1.0,0.043478260869565216,0.20851441405707477,0.21810429198553155,0.25806451612903225,0.5217391304347826,0.6042572070285374,0.6090521459927658
rn1q1rk1/pp3pp1/2p2b1p/3p4/3P2b1/2NBPN2/PP3PPP/R2Q1RK1 w - -,1400-1599,1500,73,11,0.1506849315068493,0,0.0,73,1.0,d1b3,0.4146341463414634,17,18.0,0.75,0.058823529411764705,0.24253562503633297,0.23981246656813146,0.5853658536585367,0.40441176470588236,0.4962678125181665,0.49490623328406574
rn1q1rk1/pp3pp1/2p2b1p/3p4/3P2b1/2NBPN2/PP3PPP/R2Q1RK1 w - -,1600-1799,1700,142,16,0.11267605633802817,0,0.0,142,1.0,d1b3,0.4146341463414634,17,18.0,0.75,0.058823529411764705,0.24253562503633297,0.23981246656813146,0.5853658536585367,0.40441176470588236,0.4962678125181665,0.49490623328406574
rn1q1rk1/pp3pp1/2p2b1p/3p4/3P2b1/2NBPN2/PP3PPP/R2Q1RK1 w - -,1800-1999,1900,105,12,0.11428571428571428,2,0.01904761904761905,103,0.9809523809523809,d1b3,0.4146341463414634,17,18.0,0.75,0.058823529411764705,0.24253562503633297,0.23981246656813146,0.5853658536585367,0.40441176470588236,0.4962678125181665,0.49490623328406574
rn1q1rk1/pp3pp1/2p2b1p/3p4/3P2b1/2NBPN2/PP3PPP/R2Q1RK1 w - -,2000-2199,2100,29,0,0.0,0,0.0,29,1.0,d1b3,0.4146341463414634,17,18.0,0.75,0.058823529411764705,0.24253562503633297,0.23981246656813146,0.5853658536585367,0.40441176470588236,0.4962678125181665,0.49490623328406574
r1bq1rk1/pp2bpp1/2n1pn1p/8/2BP3B/2N2N2/PP3PPP/R2Q1RK1 b - -,1400-1599,1500,34,5,0.14705882352941177,5,0.14705882352941177,29,0.8529411764705882,b7b6,0.21621621621621623,8,20.0,0.875,0.125,0.35355339059327373,0.31546487678572877,0.7837837837837838,0.5,0.6142766952966369,0.5952324383928644
r1bq1rk1/pp2bpp1/2n1pn1p/8/2BP3B/2N2N2/PP3PPP/R2Q1RK1 b - -,1600-1799,1700,125,17,0.136,14,0.112,111,0.888,b7b6,0.21621621621621623,8,20.0,0.875,0.125,0.35355339059327373,0.31546487678572877,0.7837837837837838,0.5,0.6142766952966369,0.5952324383928644
r1bq1rk1/pp2bpp1/2n1pn1p/8/2BP3B/2N2N2/PP3PPP/R2Q1RK1 b - -,1800-1999,1900,147,26,0.17687074829931973,19,0.1292517006802721,128,0.8707482993197279,b7b6,0.21621621621621623,8,20.0,0.875,0.125,0.35355339059327373,0.31546487678572877,0.7837837837837838,0.5,0.6142766952966369,0.5952324383928644
r1bq1rk1/pp2bpp1/2n1pn1p/8/2BP3B/2N2N2/PP3PPP/R2Q1RK1 b - -,2000-2199,2100,50,4,0.08,7,0.14,43,0.86,b7b6,0.21621621621621623,8,20.0,0.875,0.125,0.35355339059327373,0.31546487678572877,0.7837837837837838,0.5,0.6142766952966369,0.5952324383928644
r1bqk2r/ppp2ppp/8/8/1QpPn3/5N2/PP3PPP/RN2K2R w KQkq -,1400-1599,1500,77,0,0.0,12,0.15584415584415584,65,0.8441558441558441,e1g1,0.1111111111111111,4,8.0,0.125,0.25,0.5,0.43067655807339306,0.8888888888888888,0.1875,0.3125,0.27783827903669656
r1bqk2r/ppp2ppp/8/8/1QpPn3/5N2/PP3PPP/RN2K2R w KQkq -,1600-1799,1700,175,2,0.011428571428571429,36,0.2057142857142857,139,0.7942857142857143,e1g1,0.1111111111111111,4,8.0,0.125,0.25,0.5,0.43067655807339306,0.8888888888888888,0.1875,0.3125,0.27783827903669656
r1bqk2r/ppp2ppp/8/8/1QpPn3/5N2/PP3PPP/RN2K2R w KQkq -,1800-1999,1900,83,0,0.0,33,0.39759036144578314,50,0.6024096385542169,e1g1,0.1111111111111111,4,8.0,0.125,0.25,0.5,0.43067655807339306,0.8888888888888888,0.1875,0.3125,0.27783827903669656
r1bqk2r/ppp2ppp/8/8/1QpPn3/5N2/PP3PPP/RN2K2R w KQkq -,2000-2199,2100,23,1,0.043478260869565216,12,0.5217391304347826,11,0.4782608695652174,e1g1,0.1111111111111111,4,8.0,0.125,0.25,0.5,0.43067655807339306,0.8888888888888888,0.1875,0.3125,0.27783827903669656
rn1q1rk1/1p3pbp/p2p1np1/2pP4/P3P1b1/2N2N2/1P2BPPP/R1BQ1RK1 w - -,1600-1799,1700,23,0,0.0,0,0.0,23,1.0,c1f4,0.5277777777777778,19,10.0,0.25,0.05263157894736842,0.22941573387056174,0.23137821315975915,0.4722222222222222,0.1513157894736842,0.23970786693528087,0.24068910657987957
rn1q1rk1/1p3pbp/p2p1np1/2pP4/P3P1b1/2N2N2/1P2BPPP/R1BQ1RK1 w - -,1800-1999,1900,96,0,0.0,7,0.07291666666666667,89,0.9270833333333334,c1f4,0.5277777777777778,19,10.0,0.25,0.05263157894736842,0.22941573387056174,0.23137821315975915,0.4722222222222222,0.1513157894736842,0.23970786693528087,0.24068910657987957
rn1q1rk1/1p3pbp/p2p1np1/2pP4/P3P1b1/2N2N2/1P2BPPP/R1BQ1RK1 w - -,2000-2199,2100,186,0,0.0,36,0.1935483870967742,150,0.8064516129032258,c1f4,0.5277777777777778,19,10.0,0.25,0.05263157894736842,0.22941573387056174,0.23137821315975915,0.4722222222222222,0.1513157894736842,0.23970786693528087,0.24068910657987957
rn1q1rk1/1p3pbp/p2p1np1/2pP4/P3P1b1/2N2N2/1P2BPPP/R1BQ1RK1 w - -,2200-2399,2300,58,0,0.0,13,0.22413793103448276,45,0.7758620689655172,c1f4,0.5277777777777778,19,10.0,0.25,0.05263157894736842,0.22941573387056174,0.23137821315975915,0.4722222222222222,0.1513157894736842,0.23970786693528087,0.24068910657987957
r1bq1rk1/1p2bppp/p1n1pn2/6B1/2BP4/2N2N2/PP3PPP/R2QR1K1 w - -,1400-1599,1500,45,12,0.26666666666666666,4,0.08888888888888889,41,0.9111111111111111,a1c1,0.2549019607843137,13,12.0,0.375,0.07692307692307693,0.2773500981126146,0.26264953503719357,0.7450980392156863,0.22596153846153846,0.3261750490563073,0.3188247675185968
r1bq1rk1/1p2bppp/p1n1pn2/6B1/2BP4/2N2N2/PP3PPP/R2QR1K1 w - -,1600-1799,1700,99,24,0.24242424242424243,17,0.1717171717171717,82,0.8282828282828283,a1c1,0.2549019607843137,13,12.0,0.375,0.07692307692307693,0.2773500981126146,0.26264953503719357,0.7450980392156863,0.22596153846153846,0.3261750490563073,0.3188247675185968
r1bq1rk1/1p2bppp/p1n1pn2/6B1/2BP4/2N2N2/PP3PPP/R2QR1K1 w - -,1800-1999,1900,134,12,0.08955223880597014,29,0.21641791044776118,105,0.7835820895522388,a1c1,0.2549019607843137,13,12.0,0.375,0.07692307692307693,0.2773500981126146,0.26264953503719357,0.7450980392156863,0.22596153846153846,0.3261750490563073,0.3188247675185968
r1bq1rk1/1p2bppp/p1n1pn2/6B1/2BP4/2N2N2/PP3PPP/R2QR1K1 w - -,2000-2199,2100,67,4,0.05970149253731343,13,0.19402985074626866,54,0.8059701492537313,a1c1,0.2549019607843137,13,12.0,0.375,0.07692307692307693,0.2773500981126146,0.26264953503719357,0.7450980392156863,0.22596153846153846,0.3261750490563073,0.3188247675185968
r1bq1rk1/1p2bppp/p1n1pn2/6B1/2BP4/2N2N2/PP3PPP/R2QR1K1 w - -,2200-2399,2300,14,1,0.07142857142857142,5,0.35714285714285715,9,0.6428571428571429,a1c1,0.2549019607843137,13,12.0,0.375,0.07692307692307693,0.2773500981126146,0.26264953503719357,0.7450980392156863,0.22596153846153846,0.3261750490563073,0.3188247675185968
r1bq1rk1/pp2pp1p/2n3p1/2pP4/4P3/5N2/P2QBPPP/1R2K2R b K -,1600-1799,1700,15,8,0.5333333333333333,3,0.2,12,0.8,c6d4,0.06060606060606061,2,6.0,0.0,0.5,0.7071067811865475,0.6309297535714575,0.9393939393939394,0.25,0.35355339059327373,0.31546487678572877
r1bq1rk1/pp2pp1p/2n3p1/2pP4/4P3/5N2/P2QBPPP/1R2K2R b K -,1800-1999,1900,121,65,0.5371900826446281,28,0.23140495867768596,93,0.768595041322314,c6d4,0.06060606060606061,2,6.0,0.0,0.5,0.7071067811865475,0.6309297535714575,0.9393939393939394,0.25,0.35355339059327373,0.31546487678572877
r1bq1rk1/pp2pp1p/2n3p1/2pP4/4P3/5N2/P2QBPPP/1R2K2R b K -,2000-2199,2100,189,67,0.3544973544973545,57,0.30158730158730157,132,0.6984126984126984,c6d4,0.06060606060606061,2,6.0,0.0,0.5,0.7071067811865475,0.6309297535714575,0.9393939393939394,0.25,0.35355339059327373,0.31546487678572877
r1bq1rk1/pp2pp1p/2n3p1/2pP4/4P3/5N2/P2QBPPP/1R2K2R b K -,2200-2399,2300,34,9,0.2647058823529412,13,0.38235294117647056,21,0.6176470588235294,c6d4,0.06060606060606061,2,6.0,0.0,0.5,0.7071067811865475,0.6309297535714575,0.9393939393939394,0.25,0.35355339059327373,0.31546487678572877
r1bq1rk1/3nbppp/p3pn2/1p1p2B1/3P4/2NBPN2/PP3PPP/2RQ1RK1 w - b6,1400-1599,1500,32,5,0.15625,1,0.03125,31,0.96875,c3e2,0.4883720930232558,21,18.0,0.75,0.047619047619047616,0.2182178902359924,0.22424382421757544,0.5116279069767442,0.39880952380952384,0.4841089451179962,0.48712191210878775
r1bq1rk1/3nbppp/p3pn2/1p1p2B1/3P4/2NBPN2/PP3PPP/2RQ1RK1 w - b6,1600-1799,1700,114,0,0.0,3,0.02631578947368421,111,0.9736842105263158,c3e2,0.4883720930232558,21,18.0,0.75,0.047619047619047616,0.2182178902359924,0.22424382421757544,0.5116279069767442,0.39880952380952384,0.4841089451179962,0.48712191210878775
r1bq1rk1/3nbppp/p3pn2/1p1p2B1/3P4/2NBPN2/PP3PPP/2RQ1RK1 w - b6,1800-1999,1900,151,7,0.046357615894039736,2,0.013245033112582781,149,0.9867549668874173,c3e2,0.4883720930232558,21,18.0,0.75,0.047619047619047616,0.2182178902359924,0.22424382421757544,0.5116279069767442,0.39880952380952384,0.4841089451179962,0.48712191210878775
r1bq1rk1/3nbppp/p3pn2/1p1p2B1/3P4/2NBPN2/PP3PPP/2RQ1RK1 w - b6,2000-2199,2100,54,1,0.018518518518518517,3,0.05555555555555555,51,0.9444444444444444,c3e2,0.4883720930232558,21,18.0,0.75,0.047619047619047616,0.2182178902359924,0.22424382421757544,0.5116279069767442,0.39880952380952384,0.4841089451179962,0.48712191210878775
r1bq1rk1/3nbppp/p3pn2/1p1p2B1/3P4/2NBPN2/PP3PPP/2RQ1RK1 w - b6,2200-2399,2300,11,0,0.0,1,0.09090909090909091,10,0.9090909090909091,c3e2,0.4883720930232558,21,18.0,0.75,0.047619047619047616,0.2182178902359924,0.22424382421757544,0.5116279069767442,0.39880952380952384,0.4841089451179962,0.48712191210878775
r1b1kbnr/pp1p1ppp/3P1qn1/8/5P2/2N5/PPP3PP/R1BQKB1R w KQkq -,1400-1599,1500,86,75,0.872093023255814,11,0.12790697674418605,75,0.872093023255814,d1e2,0.02857142857142857,1,12.0,0.375,1.0,1.0,1.0,0.9714285714285714,0.6875,0.6875,0.6875
r1b1kbnr/pp1p1ppp/3P1qn1/8/5P2/2N5/PPP3PP/R1BQKB1R w KQkq -,1600-1799,1700,118,111,0.940677966101695,7,0.059322033898305086,111,0.940677966101695,d1e2,0.02857142857142857,1,12.0,0.375,1.0,1.0,1.0,0.9714285714285714,0.6875,0.6875,0.6875
r1b1kbnr/pp1p1ppp/3P1qn1/8/5P2/2N5/PPP3PP/R1BQKB1R w KQkq -,1800-1999,1900,52,49,0.9423076923076923,3,0.057692307692307696,49,0.9423076923076923,d1e2,0.02857142857142857,1,12.0,0.375,1.0,1.0,1.0,0.9714285714285714,0.6875,0.6875,0.6875
r1b1kbnr/pp1p1ppp/3P1qn1/8/5P2/2N5/PPP3PP/R1BQKB1R w KQkq -,2000-2199,2100,15,13,0.8666666666666667,2,0.13333333333333333,13,0.8666666666666667,d1e2,0.02857142857142857,1,12.0,0.375,1.0,1.0,1.0,0.9714285714285714,0.6875,0.6875,0.6875
r1bqr1k1/pp1n1pp1/2pb1n1p/3p4/3P3B/2NBP3/PPQ1NPPP/R3K2R w KQ -,1600-1799,1700,25,5,0.2,1,0.04,24,0.96,h2h3,0.5,23,22.0,1.0,0.043478260869565216,0.20851441405707477,0.21810429198553155,0.5,0.5217391304347826,0.6042572070285374,0.6090521459927658
r1bqr1k1/pp1n1pp1/2pb1n1p/3p4/3P3B/2NBP3/PPQ1NPPP/R3K2R w KQ -,1800-1999,1900,110,10,0.09090909090909091,9,0.08181818181818182,101,0.9181818181818182,h2h3,0.5,23,22.0,1.0,0.043478260869565216,0.20851441405707477,0.21810429198553155,0.5,0.5217391304347826,0.6042572070285374,0.6090521459927658
r1bqr1k1/pp1n1pp1/2pb1n1p/3p4/3P3B/2NBP3/PPQ1NPPP/R3K2R w KQ -,2000-2199,2100,176,30,0.17045454545454544,29,0.16477272727272727,147,0.8352272727272727,h2h3,0.5,23,22.0,1.0,0.043478260869565216,0.20851441405707477,0.21810429198553155,0.5,0.5217391304347826,0.6042572070285374,0.6090521459927658
r1bqr1k1/pp1n1pp1/2pb1n1p/3p4/3P3B/2NBP3/PPQ1NPPP/R3K2R w KQ -,2200-2399,2300,49,18,0.3673469387755102,7,0.14285714285714285,42,0.8571428571428571,h2h3,0.5,23,22.0,1.0,0.043478260869565216,0.20851441405707477,0.21810429198553155,0.5,0.5217391304347826,0.6042572070285374,0.6090521459927658
r2q1rk1/1p2bppp/p1npbn2/4p3/P3P3/1NN1B3/1PP1BPPP/R2Q1RK1 w - -,1400-1599,1500,30,14,0.4666666666666667,1,0.03333333333333333,29,0.9666666666666667,a4a5,0.2826086956521739,13,6.0,0.0,0.07692307692307693,0.2773500981126146,0.26264953503719357,0.7173913043478262,0.038461538461538464,0.1386750490563073,0.13132476751859679
r2q1rk1/1p2bppp/p1npbn2/4p3/P3P3/1NN1B3/1PP1BPPP/R2Q1RK1 w - -,1600-1799,1700,103,45,0.4368932038834951,14,0.13592233009708737,89,0.8640776699029126,a4a5,0.2826086956521739,13,6.0,0.0,0.07692307692307693,0.2773500981126146,0.26264953503719357,0.7173913043478262,0.038461538461538464,0.1386750490563073,0.13132476751859679
r2q1rk1/1p2bppp/p1npbn2/4p3/P3P3/1NN1B3/1PP1BPPP/R2Q1RK1 w - -,1800-1999,1900,135,54,0.4,19,0.14074074074074075,116,0.8592592592592593,a4a5,0.2826086956521739,13,6.0,0.0,0.07692307692307693,0.2773500981126146,0.26264953503719357,0.7173913043478262,0.038461538461538464,0.1386750490563073,0.13132476751859679
r2q1rk1/1p2bppp/p1npbn2/4p3/P3P3/1NN1B3/1PP1BPPP/R2Q1RK1 w - -,2000-2199,2100,79,20,0.25316455696202533,14,0.17721518987341772,65,0.8227848101265823,a4a5,0.2826086956521739,13,6.0,0.0,0.07692307692307693,0.2773500981126146,0.26264953503719357,0.7173913043478262,0.038461538461538464,0.1386750490563073,0.13132476751859679
r2q1rk1/1p2bppp/p1npbn2/4p3/P3P3/1NN1B3/1PP1BPPP/R2Q1RK1 w - -,2200-2399,2300,16,6,0.375,2,0.125,14,0.875,a4a5,0.2826086956521739,13,6.0,0.0,0.07692307692307693,0.2773500981126146,0.26264953503719357,0.7173913043478262,0.038461538461538464,0.1386750490563073,0.13132476751859679
r2q1rk1/ppp2ppp/1nnp1b2/8/2PP2b1/1PN1BN2/P3BPPP/R2Q1RK1 b - -,1600-1799,1700,69,3,0.043478260869565216,11,0.15942028985507245,58,0.8405797101449275,d6d5,0.41025641025641024,16,6.0,0.0,0.0625,0.25,0.24465054211822604,0.5897435897435898,0.03125,0.125,0.12232527105911302
r2q1rk1/ppp2ppp/1nnp1b2/8/2PP2b1/1PN1BN2/P3BPPP/R2Q1RK1 b - -,1800-1999,1900,167,8,0.04790419161676647,30,0.17964071856287425,137,0.8203592814371258,d6d5,0.41025641025641024,16,6.0,0.0,0.0625,0.25,0.24465054211822604,0.5897435897435898,0.03125,0.125,0.12232527105911302
r2q1rk1/ppp2ppp/1nnp1b2/8/2PP2b1/1PN1BN2/P3BPPP/R2Q1RK1 b - -,2000-2199,2100,90,3,0.03333333333333333,16,0.17777777777777778,74,0.8222222222222222,d6d5,0.41025641025641024,16,6.0,0.0,0.0625,0.25,0.24465054211822604,0.5897435897435898,0.03125,0.125,0.12232527105911302
r2q1rk1/ppp2ppp/1nnp1b2/8/2PP2b1/1PN1BN2/P3BPPP/R2Q1RK1 b - -,2200-2399,2300,31,0,0.0,17,0.5483870967741935,14,0.45161290322580644,d6d5,0.41025641025641024,16,6.0,0.0,0.0625,0.25,0.24465054211822604,0.5897435897435898,0.03125,0.125,0.12232527105911302
r3k2r/1bqnbppp/pp1ppn2/8/2PNP3/2N1BP2/PP2B1PP/2RQ1RK1 w kq -,1600-1799,1700,23,0,0.0,1,0.043478260869565216,22,0.9565217391304348,d1e1,0.7,28,6.0,0.0,0.03571428571428571,0.1889822365046136,0.20584683246043448,0.30000000000000004,0.017857142857142856,0.0944911182523068,0.10292341623021724
r3k2r/1bqnbppp/pp1ppn2/8/2PNP3/2N1BP2/PP2B1PP/2RQ1RK1 w kq -,1800-1999,1900,135,2,0.014814814814814815,8,0.05925925925925926,127,0.9407407407407408,d1e1,0.7,28,6.0,0.0,0.03571428571428571,0.1889822365046136,0.20584683246043448,0.30000000000000004,0.017857142857142856,0.0944911182523068,0.10292341623021724
r3k2r/1bqnbppp/pp1ppn2/8/2PNP3/2N1BP2/PP2B1PP/2RQ1RK1 w kq -,2000-2199,2100,154,2,0.012987012987012988,15,0.09740259740259741,139,0.9025974025974026,d1e1,0.7,28,6.0,0.0,0.03571428571428571,0.1889822365046136,0.20584683246043448,0.30000000000000004,0.017857142857142856,0.0944911182523068,0.10292341623021724
r3k2r/1bqnbppp/pp1ppn2/8/2PNP3/2N1BP2/PP2B1PP/2RQ1RK1 w kq -,2200-2399,2300,47,1,0.02127659574468085,5,0.10638297872340426,42,0.8936170212765957,d1e1,0.7,28,6.0,0.0,0.03571428571428571,0.1889822365046136,0.20584683246043448,0.30000000000000004,0.017857142857142856,0.0944911182523068,0.10292341623021724
r3kb1r/ppqb1ppp/2n1p3/3pPn2/N2P4/5N2/PP2BPPP/R1BQ1RK1 w kq -,1400-1599,1500,57,19,0.3333333333333333,0,0.0,57,1.0,h2h3,0.3870967741935484,12,22.0,1.0,0.08333333333333333,0.2886751345948129,0.27023815442731974,0.6129032258064516,0.5416666666666666,0.6443375672974064,0.6351190772136599
r3kb1r/ppqb1ppp/2n1p3/3pPn2/N2P4/5N2/PP2BPPP/R1BQ1RK1 w kq -,1600-1799,1700,141,40,0.28368794326241137,0,0.0,141,1.0,h2h3,0.3870967741935484,12,22.0,1.0,0.08333333333333333,0.2886751345948129,0.27023815442731974,0.6129032258064516,0.5416666666666666,0.6443375672974064,0.6351190772136599
r3kb1r/ppqb1ppp/2n1p3/3pPn2/N2P4/5N2/PP2BPPP/R1BQ1RK1 w kq -,1800-1999,1900,115,12,0.10434782608695652,1,0.008695652173913044,114,0.991304347826087,h2h3,0.3870967741935484,12,22.0,1.0,0.08333333333333333,0.2886751345948129,0.27023815442731974,0.6129032258064516,0.5416666666666666,0.6443375672974064,0.6351190772136599
r3kb1r/ppqb1ppp/2n1p3/3pPn2/N2P4/5N2/PP2BPPP/R1BQ1RK1 w kq -,2000-2199,2100,37,0,0.0,0,0.0,37,1.0,h2h3,0.3870967741935484,12,22.0,1.0,0.08333333333333333,0.2886751345948129,0.27023815442731974,0.6129032258064516,0.5416666666666666,0.6443375672974064,0.6351190772136599
2rq1rk1/pb1nbppp/1pp1pn2/3p4/2PP4/1P3NP1/PBQNPPBP/R4RK1 w - -,1600-1799,1700,29,1,0.034482758620689655,12,0.41379310344827586,17,0.5862068965517241,e2e4,0.48717948717948717,19,10.0,0.25,0.05263157894736842,0.22941573387056174,0.23137821315975915,0.5128205128205128,0.1513157894736842,0.23970786693528087,0.24068910657987957
2rq1rk1/pb1nbppp/1pp1pn2/3p4/2PP4/1P3NP1/PBQNPPBP/R4RK1 w - -,1800-1999,1900,119,0,0.0,52,0.4369747899159664,67,0.5630252100840336,e2e4,0.48717948717948717,19,10.0,0.25,0.05263157894736842,0.22941573387056174,0.23137821315975915,0.5128205128205128,0.1513157894736842,0.23970786693528087,0.24068910657987957
2rq1rk1/pb1nbppp/1pp1pn2/3p4/2PP4/1P3NP1/PBQNPPBP/R4RK1 w - -,2000-2199,2100,161,1,0.006211180124223602,86,0.5341614906832298,75,0.4658385093167702,e2e4,0.48717948717948717,19,10.0,0.25,0.05263157894736842,0.22941573387056174,0.23137821315975915,0.5128205128205128,0.1513157894736842,0.23970786693528087,0.24068910657987957
2rq1rk1/pb1nbppp/1pp1pn2/3p4/2PP4/1P3NP1/PBQNPPBP/R4RK1 w - -,2200-2399,2300,48,0,0.0,38,0.7916666666666666,10,0.20833333333333334,e2e4,0.48717948717948717,19,10.0,0.25,0.05263157894736842,0.22941573387056174,0.23137821315975915,0.5128205128205128,0.1513157894736842,0.23970786693528087,0.24068910657987957
r1bq1rk1/ppp2ppp/2n5/1B1p4/3Pn3/2P2N2/P4PPP/R1BQ1RK1 w - -,1400-1599,1500,37,6,0.16216216216216217,14,0.3783783783783784,23,0.6216216216216216,b5c6,0.22857142857142856,8,12.0,0.375,0.125,0.35355339059327373,0.31546487678572877,0.7714285714285715,0.25,0.36427669529663687,0.3452324383928644
r1bq1rk1/ppp2ppp/2n5/1B1p4/3Pn3/2P2N2/P4PPP/R1BQ1RK1 w - -,1600-1799,1700,142,37,0.2605633802816901,63,0.44366197183098594,79,0.5563380281690141,b5c6,0.22857142857142856,8,12.0,0.375,0.125,0.35355339059327373,0.31546487678572877,0.7714285714285715,0.25,0.36427669529663687,0.3452324383928644
r1bq1rk1/ppp2ppp/2n5/1B1p4/3Pn3/2P2N2/P4PPP/R1BQ1RK1 w - -,1800-1999,1900,146,27,0.18493150684931506,50,0.3424657534246575,96,0.6575342465753424,b5c6,0.22857142857142856,8,12.0,0.375,0.125,0.35355339059327373,0.31546487678572877,0.7714285714285715,0.25,0.36427669529663687,0.3452324383928644
r1bq1rk1/ppp2ppp/2n5/1B1p4/3Pn3/2P2N2/P4PPP/R1BQ1RK1 w - -,2000-2199,2100,28,4,0.14285714285714285,17,0.6071428571428571,11,0.39285714285714285,b5c6,0.22857142857142856,8,12.0,0.375,0.125,0.35355339059327373,0.31546487678572877,0.7714285714285715,0.25,0.36427669529663687,0.3452324383928644
rnbqk2r/1p2ppb1/p2p3p/4n1p1/3NP3/2N3BP/PPP2PP1/R2QKB1R w KQkq -,1600-1799,1700,41,7,0.17073170731707318,8,0.1951219512195122,33,0.8048780487804879,d4f5,0.14285714285714285,6,16.0,0.625,0.16666666666666666,0.4082482904638631,0.3562071871080222,0.8571428571428572,0.3958333333333333,0.5166241452319316,0.49060359355401106
rnbqk2r/1p2ppb1/p2p3p/4n1p1/3NP3/2N3BP/PPP2PP1/R2QKB1R w KQkq -,1800-1999,1900,142,16,0.11267605633802817,19,0.13380281690140844,123,0.8661971830985915,d4f5,0.14285714285714285,6,16.0,0.625,0.16666666666666666,0.4082482904638631,0.3562071871080222,0.8571428571428572,0.3958333333333333,0.5166241452319316,0.49060359355401106
rnbqk2r/1p2ppb1/p2p3p/4n1p1/3NP3/2N3BP/PPP2PP1/R2QKB1R w KQkq -,2000-2199,2100,129,7,0.05426356589147287,14,0.10852713178294573,115,0.8914728682170543,d4f5,0.14285714285714285,6,16.0,0.625,0.16666666666666666,0.4082482904638631,0.3562071871080222,0.8571428571428572,0.3958333333333333,0.5166241452319316,0.49060359355401106
rnbqk2r/1p2ppb1/p2p3p/4n1p1/3NP3/2N3BP/PPP2PP1/R2QKB1R w KQkq -,2200-2399,2300,41,1,0.024390243902439025,13,0.3170731707317073,28,0.6829268292682927,d4f5,0.14285714285714285,6,16.0,0.625,0.16666666666666666,0.4082482904638631,0.3562071871080222,0.8571428571428572,0.3958333333333333,0.5166241452319316,0.49060359355401106
r2q1rk1/pp2ppbp/1nnp2p1/8/2PP2b1/1PN1BN2/P4PPP/2RQKB1R w K -,1600-1799,1700,33,30,0.9090909090909091,3,0.09090909090909091,30,0.9090909090909091,d4d5,0.02857142857142857,1,6.0,0.0,1.0,1.0,1.0,0.9714285714285714,0.5,0.5,0.5
r2q1rk1/pp2ppbp/1nnp2p1/8/2PP2b1/1PN1BN2/P4PPP/2RQKB1R w K -,1800-1999,1900,150,141,0.94,9,0.06,141,0.94,d4d5,0.02857142857142857,1,6.0,0.0,1.0,1.0,1.0,0.9714285714285714,0.5,0.5,0.5
r2q1rk1/pp2ppbp/1nnp2p1/8/2PP2b1/1PN1BN2/P4PPP/2RQKB1R w K -,2000-2199,2100,137,126,0.9197080291970803,11,0.08029197080291971,126,0.9197080291970803,d4d5,0.02857142857142857,1,6.0,0.0,1.0,1.0,1.0,0.9714285714285714,0.5,0.5,0.5
r2q1rk1/pp2ppbp/1nnp2p1/8/2PP2b1/1PN1BN2/P4PPP/2RQKB1R w K -,2200-2399,2300,32,30,0.9375,2,0.0625,30,0.9375,d4d5,0.02857142857142857,1,6.0,0.0,1.0,1.0,1.0,0.9714285714285714,0.5,0.5,0.5
r2qk2r/pp2npbp/2n1p1p1/3pP3/3P4/2N2B1P/PP3PP1/R1BQ1RK1 b kq -,1400-1599,1500,16,1,0.0625,8,0.5,8,0.5,e7f5,0.14285714285714285,5,10.0,0.25,0.2,0.4472135954999579,0.38685280723454163,0.8571428571428572,0.225,0.34860679774997894,0.3184264036172708
r2qk2r/pp2npbp/2n1p1p1/3pP3/3P4/2N2B1P/PP3PP1/R1BQ1RK1 b kq -,1600-1799,1700,77,11,0.14285714285714285,28,0.36363636363636365,49,0.6363636363636364,e7f5,0.14285714285714285,5,10.0,0.25,0.2,0.4472135954999579,0.38685280723454163,0.8571428571428572,0.225,0.34860679774997894,0.3184264036172708
r2qk2r/pp2npbp/2n1p1p1/3pP3/3P4/2N2B1P/PP3PP1/R1BQ1RK1 b kq -,1800-1999,1900,181,14,0.07734806629834254,61,0.3370165745856354,120,0.6629834254143646,e7f5,0.14285714285714285,5,10.0,0.25,0.2,0.4472135954999579,0.38685280723454163,0.8571428571428572,0.225,0.34860679774997894,0.3184264036172708
r2qk2r/pp2npbp/2n1p1p1/3pP3/3P4/2N2B1P/PP3PP1/R1BQ1RK1 b kq -,2000-2199,2100,82,4,0.04878048780487805,40,0.4878048780487805,42,0.5121951219512195,e7f5,0.14285714285714285,5,10.0,0.25,0.2,0.4472135954999579,0.38685280723454163,0.8571428571428572,0.225,0.34860679774997894,0.3184264036172708
r4rk1/pp3ppp/2nqpn2/3p4/3P2b1/2P2N2/PP1NBPPP/R2Q1RK1 w - -,1400-1599,1500,24,0,0.0,3,0.125,21,0.875,f3e5,0.7666666666666667,23,22.0,1.0,0.043478260869565216,0.20851441405707477,0.21810429198553155,0.23333333333333328,0.5217391304347826,0.6042572070285374,0.6090521459927658
r4rk1/pp3ppp/2nqpn2/3p4/3P2b1/2P2N2/PP1NBPPP/R2Q1RK1 w - -,1600-1799,1700,127,4,0.031496062992125984,4,0.031496062992125984,123,0.968503937007874,f3e5,0.7666666666666667,23,22.0,1.0,0.043478260869565216,0.20851441405707477,0.21810429198553155,0.23333333333333328,0.5217391304347826,0.6042572070285374,0.6090521459927658
r4rk1/pp3ppp/2nqpn2/3p4/3P2b1/2P2N2/PP1NBPPP/R2Q1RK1 w - -,1800-1999,1900,136,0,0.0,5,0.03676470588235294,131,0.9632352941176471,f3e5,0.7666666666666667,23,22.0,1.0,0.043478260869565216,0.20851441405707477,0.21810429198553155,0.23333333333333328,0.5217391304347826,0.6042572070285374,0.6090521459927658
r4rk1/pp3ppp/2nqpn2/3p4/3P2b1/2P2N2/PP1NBPPP/R2Q1RK1 w - -,2000-2199,2100,54,0,0.0,5,0.09259259259259259,49,0.9074074074074074,f3e5,0.7666666666666667,23,22.0,1.0,0.043478260869565216,0.20851441405707477,0.21810429198553155,0.23333333333333328,0.5217391304347826,0.6042572070285374,0.6090521459927658
r4rk1/pp3ppp/2nqpn2/3p4/3P2b1/2P2N2/PP1NBPPP/R2Q1RK1 w - -,2200-2399,2300,14,0,0.0,0,0.0,14,1.0,f3e5,0.7666666666666667,23,22.0,1.0,0.043478260869565216,0.20851441405707477,0.21810429198553155,0.23333333333333328,0.5217391304347826,0.6042572070285374,0.6090521459927658
