fen,rating_bucket,eligible_moves,eligible_observations,empirical_raw_best_moves,empirical_raw_best_score,posterior_best_move,posterior_best_confidence,high_confidence_case,maia_choice,stockfish_choice,maia_and_stockfish_same_choice,maia_raw_top1_correct,stockfish_raw_top1_correct,maia_posterior_top1_correct,stockfish_posterior_top1_correct,maia_choice_probability_best,stockfish_choice_probability_best,maia_posterior_expected_regret,stockfish_posterior_expected_regret,maia_raw_empirical_regret,stockfish_raw_empirical_regret
1rbq1rk1/p3ppbp/2Bp1np1/8/2P5/2N3P1/PP2PP1P/R1BQ1RK1 w - -,1400-1599,2,46,c6g2,0.5535714285714286,c6g2,0.71075,False,c6g2,c6g2,True,True,True,True,True,0.71075,0.71075,0.0250089703076758,0.0250089703076758,0.0,0.0
2bq1rk1/rpp2pp1/p1np1n1p/4p3/2B1P3/P1NP1N1P/1PP2PP1/R2Q1RK1 w - -,1400-1599,2,44,c3d5|f3h2,0.5,c3d5,0.5012,False,f3h2,f3h2,True,True,True,False,False,0.4988,0.4988,0.05510305406630311,0.05510305406630311,0.0,0.0
2kr1b1r/1pp2ppp/p1p2n2/8/6b1/5N2/PPPP1PPP/RNB1RK2 w - -,1400-1599,3,78,f3g5,0.5,f3g5,0.70575,False,f3e5,f3e5,True,False,False,False,False,0.1902,0.1902,0.1322668215654479,0.1322668215654479,0.10784313725490197,0.10784313725490197
2kr1bnr/1pp2ppp/p1p5/8/8/5K1P/PPPP1PP1/RNB4R w - -,1400-1599,5,270,f3g3,0.5666666666666667,f3g3,0.4618,False,h1e1,d2d3,False,False,False,False,False,0.09885,0.0672,0.11558821508897309,0.12666265630010903,0.061347517730496404,0.07166666666666666
2rq1rk1/pp1bppbp/2np1np1/8/2BNP3/2N1BP2/PPPQ2PP/2KR3R w - -,1400-1599,3,138,c4b3,0.6434782608695652,c4b3,0.7731,False,c4b3,c4b3,True,True,True,True,True,0.7731,0.7731,0.016188675555258596,0.016188675555258596,0.0,0.0
r1b1k1nr/pppp2pp/5p2/8/8/2B5/PPP1BPPP/R3K2R w KQkq -,1400-1599,3,252,e2h5,0.5740740740740741,e2h5,0.4736,False,e1c1,e1c1,True,False,False,False,False,0.4098,0.4098,0.042498208877408454,0.042498208877408454,0.004221132897603508,0.004221132897603508
r1b1k2r/4qppp/p1np1n2/1p2p1B1/4P3/N7/PPP2PPP/R2QKB1R w KQkq -,1400-1599,5,127,f1d3,0.603448275862069,f1d3,0.4777,False,c2c4,c2c3,False,False,False,False,False,0.3242,0.01865,0.07367764140955138,0.2062497268721145,0.02769070010449315,0.16594827586206895
r1b1k2r/p2pqppp/4p3/3pP3/8/8/PPP2PPP/R2QKB1R w KQkq -,1400-1599,4,118,d1d4,0.55,d1d4,0.7186,False,d1g4,d1d4,False,False,True,False,True,0.07015,0.7186,0.24150577037707016,0.02563875997562563,0.24230769230769234,0.0
r1b1k2r/pp1n1ppp/1qn1p3/3pP3/3P4/3B1N2/PP1QNPPP/R3K2R b KQkq -,1400-1599,2,26,b6b4,0.6666666666666666,b6b4,0.9793,True,b6b4,e8g8,False,True,False,True,False,0.9793,0.0207,0.001366189731316336,0.3428172523551854,0.0,0.38095238095238093
r1b1k2r/pp2bppp/1qn1p3/3pP3/1P1P4/P3PN2/6PP/RN1QKB1R w KQkq -,1400-1599,3,63,b1c3,0.782608695652174,b1c3,0.9169,True,f1d3,b1c3,False,False,True,False,True,0.08035,0.9169,0.1765722403868472,0.005105554986621283,0.18260869565217397,0.0
r1b1k2r/pp2bppp/1qn1p3/3pPn2/3P4/P1N2N2/1P2BPPP/R1BQ1RK1 w kq -,1400-1599,4,102,e2b5,0.5689655172413793,e2b5,0.3893,False,c1e3,c3a4,False,False,False,False,False,0.2562,0.3431,0.10160885064281465,0.06685354896912866,0.042649727767695156,0.007989907485281722
r1b1k2r/ppp1bppp/5n2/4p1B1/8/2N5/PPP2PPP/2KR1B1R w - -,1400-1599,4,124,f1c4,0.6333333333333333,f1c4,0.6021,False,c3b5,f1c4,False,False,True,False,True,0.3015,0.6021,0.08687388036336895,0.03189345453127909,0.05438596491228065,0.0
r1b1k2r/ppp2ppp/1bn5/4P3/2B1n3/5N2/PP3PPP/RNBR2K1 w kq -,1400-1599,2,47,c1e3,0.43243243243243246,c1e3,0.7731,False,c1e3,c1e3,True,True,True,True,True,0.7731,0.7731,0.02122521141081007,0.02122521141081007,0.0,0.0
r1b1k2r/pppp1ppp/5n2/8/8/2B5/PPP1BPPP/R3K2R w KQkq -,1400-1599,3,216,e1c1,0.572289156626506,e1c1,0.6499,False,e1c1,e1c1,True,True,True,True,True,0.6499,0.6499,0.016656764860599062,0.016656764860599062,0.0,0.0
r1b1kb1r/p4pp1/2p2n1p/n3N3/3qp3/8/PPPPBPPP/RNBQK2R w KQkq -,1400-1599,3,119,f2f4,0.5666666666666667,f2f4,0.8248,True,f2f4,f2f4,True,True,True,True,True,0.8248,0.8248,0.008896827114318587,0.008896827114318587,0.0,0.0
r1b1kb1r/pp3ppp/1q2p3/3pP3/3n4/2N5/PP2BPPP/R1BQ1RK1 w kq -,1400-1599,2,77,c1e3,0.532258064516129,c1e3,0.98565,True,c1e3,c1e3,True,True,True,True,True,0.98565,0.98565,0.0006410952313346581,0.0006410952313346581,0.0,0.0
r1b1kbnr/pp1p1ppp/3P1qn1/8/5P2/2N5/PPP3PP/R1BQKB1R w KQkq -,1400-1599,2,76,d1e2,0.5909090909090909,d1e2,0.6111,False,c3b5,d1e2,False,False,True,False,True,0.3889,0.6111,0.07624634973693988,0.03920980182775762,0.04475524475524484,0.0
r1b2rk1/pp2bppp/1qn1p3/3pPn2/1P1P4/P4N2/1B2BPPP/RN1Q1RK1 b - -,1400-1599,3,44,f7f6,0.6923076923076923,f7f6,0.64085,False,f7f6,c8d7,False,True,False,True,False,0.64085,0.0683,0.04119552900053369,0.2146634269520403,0.0,0.1923076923076923
r1b2rk1/pp2ppbp/2n3p1/3q4/3N4/4B3/PPP1BPPP/R2Q1RK1 w - -,1400-1599,3,51,d4c6,0.6388888888888888,d4c6,0.47725,False,d4c6,e2f3,False,True,False,True,False,0.47725,0.40945,0.061138990437869335,0.07915021639878232,0.0,0.01388888888888884
r1b2rk1/pp2ppbp/2n3p1/3q4/3N4/4BP2/PPPQ2PP/R3KB1R w KQ -,1400-1599,3,55,d4c6,0.6,d4c6,0.871,True,d4c6,d4c6,True,True,True,True,True,0.871,0.871,0.008423656252635187,0.008423656252635187,0.0,0.0
r1b2rk1/pp3ppp/5n2/3pq3/8/2PB4/PP1N1PPP/R2Q1RK1 w - -,1400-1599,2,34,d2f3,0.7307692307692307,d2f3,0.8336,True,d2f3,f1e1,False,True,False,True,False,0.8336,0.1664,0.013409183153964216,0.15340147803336684,0.0,0.15934065934065933
r1b2rk1/ppp1bppp/2np1n2/6B1/8/2NP1N2/PPP1BPPP/R4RK1 w - -,1400-1599,7,152,c3b5,0.7272727272727273,c3b5,0.4663,False,c3b5,c3b5,True,True,True,True,True,0.4663,0.4663,0.06936252648534773,0.06936252648534773,0.0,0.0
r1b2rk1/ppp1qppp/3p4/4n3/1bP2B2/4P3/PP1NBPPP/R2Q1RK1 w - -,1400-1599,2,27,d2f3,0.85,d2f3,0.99675,True,d2f3,a2a3,False,True,False,True,False,0.99675,0.00325,0.0001792033750524025,0.43953834098730005,0.0,0.4970588235294117
r1b2rk1/ppp2ppp/2n2q2/2p5/2B1P3/2P5/PP3PPP/RN1Q1RK1 w - -,1400-1599,2,35,f2f4,0.55,f2f4,0.76785,False,f2f4,f2f4,True,True,True,True,True,0.76785,0.76785,0.02148035494828225,0.02148035494828225,0.0,0.0
r1b2rk1/ppp2ppp/2n2q2/2p5/4P3/2P5/PP2BPPP/RN1Q1RK1 w - -,1400-1599,2,28,b1d2,0.4166666666666667,b1d2,0.53215,False,b1d2,f2f4,False,True,False,True,False,0.53215,0.46785,0.063642664228387,0.07490219054949945,0.0,0.016666666666666663
r1b2rk1/ppp2ppp/2n2q2/4p3/3P4/2PB1N2/PP3PPP/R2QK2R w KQ -,1400-1599,3,77,e1g1,0.625,e1g1,0.7669,False,e1g1,d4e5,False,True,False,True,False,0.7669,0.20755,0.015846382673297132,0.1053328181717299,0.0,0.09558823529411764
r1bq1b1r/pp4pp/n1p1k3/3np3/8/PBN2Q2/1PPP1PPP/R1B1K2R w KQ -,1400-1599,3,178,e1g1,0.5564516129032258,e1g1,0.53305,False,d2d4,c3d5,False,False,False,False,False,0.2982,0.16875,0.069640933493893,0.1054197039091968,0.039210233592880894,0.07645161290322577
r1bq1b1r/ppp3pp/4k3/3np3/2B5/P1N2Q2/1P1P1PPP/n1BK3R w - -,1400-1599,2,238,c4d5,0.44642857142857145,c4d5,0.70015,False,c4d5,c3d5,False,True,False,True,False,0.70015,0.29985,0.011956428935251437,0.044990717773691846,0.0,0.03373015873015878
r1bq1r2/p3ppkp/2pp1np1/8/4P3/2N5/PPPQ1PPP/R3KB1R w KQ -,1400-1599,5,288,f1d3,0.5819672131147541,f1d3,0.51745,False,f1c4,f1c4,True,False,False,False,False,0.0875,0.0875,0.15271847961472892,0.15271847961472892,0.1295862607338017,0.1295862607338017
r1bq1rk1/1p2bpp1/p1n1pn1p/3p4/3P3B/2NBPN2/PP3PPP/R2Q1RK1 w - -,1400-1599,2,31,a2a3,0.7894736842105263,a2a3,0.61245,False,a1c1,a1c1,True,False,False,False,False,0.38755,0.38755,0.08096811561945821,0.08096811561945821,0.03947368421052633,0.03947368421052633
r1bq1rk1/1p2bppp/p1n1pn2/8/2BP4/P1N2N2/1P3PPP/R1BQ1RK1 w - -,1400-1599,3,37,c1e3,0.55,c1e3,0.64075,False,b2b4,f1e1,False,False,False,False,False,0.1632,0.19605,0.1708379430643366,0.16537316565465168,0.14375000000000004,0.14090909090909093
r1bq1rk1/1p3ppp/p1np1b2/3Np3/4P3/N7/PPP2PPP/R2QKB1R w KQ -,1400-1599,6,135,c2c3,0.6276595744680851,c2c3,0.39425,False,c2c3,a3c4,False,True,False,True,False,0.39425,0.01365,0.06271321711688825,0.2309296594925414,0.0,0.17453457446808507
r1bq1rk1/1pp1bpp1/p2p1n1p/4p3/4P3/1PNPBN1P/1PP2PP1/R2Q1RK1 w - -,1400-1599,3,48,d3d4,0.4583333333333333,d3d4,0.49555,False,d3d4,d3d4,True,True,True,True,True,0.49555,0.49555,0.060065409479773575,0.060065409479773575,0.0,0.0
r1bq1rk1/1pp1npp1/1b1p1n1p/pP2p3/P1B1P3/2PP1N1P/5PP1/RNBQ1RK1 w - -,1400-1599,5,69,c1e3,0.7380952380952381,c1e3,0.6523,False,b1d2,b1d2,True,False,False,False,False,0.0066,0.0066,0.34223064468352077,0.34223064468352077,0.3380952380952381,0.3380952380952381
r1bq1rk1/2p1bppp/p1n5/1p1n4/3p4/1BP2N2/PP3PPP/RNBQR1K1 w - -,1400-1599,2,126,c3d4,0.6481481481481481,c3d4,0.9251,True,c3d4,c3d4,True,True,True,True,True,0.9251,0.9251,0.0034278080557072917,0.0034278080557072917,0.0,0.0
r1bq1rk1/2p1bppp/p7/1p1nR3/8/1BP5/PP1P1PPP/RNBQ2K1 b - -,1400-1599,3,430,c7c6,0.6490963855421686,c7c6,0.51485,False,c8b7,c8b7,True,False,False,False,False,0.0018,0.0018,0.30819700090265206,0.30819700090265206,0.29909638554216866,0.29909638554216866
r1bq1rk1/2p2pp1/p1np1n1p/1p2p3/2B1P3/P1NPPN1P/1PP3P1/R2Q1RK1 w - b6,1400-1599,3,222,c4b3,0.6060606060606061,c4b3,0.56035,False,c4a2,c4a2,True,False,False,False,False,0.1828,0.1828,0.07604796465852931,0.07604796465852931,0.04668560606060612,0.04668560606060612
r1bq1rk1/2p2pp1/p1np1n1p/1pb5/3PP3/1B3N1P/PP3PP1/RNBQR1K1 b - -,1400-1599,3,139,c5a7,0.546875,c5a7,0.7222,False,c5b6,c5b6,True,False,False,False,False,0.18105,0.18105,0.09818245688098307,0.09818245688098307,0.08391203703703703,0.08391203703703703
r1bq1rk1/2p2ppp/p1np1n2/1p6/1b1PP3/1B3N2/PP3PPP/RNBQR1K1 w - -,1400-1599,2,115,b1c3,0.5846153846153846,b1c3,0.87545,True,c1d2,c1d2,True,False,False,False,False,0.12455,0.12455,0.10779291675430969,0.10779291675430969,0.10461538461538467,0.10461538461538467
r1bq1rk1/2p2ppp/pbnp1n2/1p6/3PP3/1B3N2/PP3PPP/RNBQR1K1 w - -,1400-1599,5,177,h2h3,0.532258064516129,h2h3,0.30535,False,h2h3,h2h3,True,True,True,True,True,0.30535,0.30535,0.07576054797869697,0.07576054797869697,0.0,0.0
r1bq1rk1/4bppp/p2p1n2/npp1p3/4P3/2P2N1P/PPBP1PP1/RNBQR1K1 w - c6,1400-1599,3,251,d2d4,0.5598086124401914,d2d4,0.45965,False,d2d4,d2d4,True,True,True,True,True,0.45965,0.45965,0.04742888889574407,0.04742888889574407,0.0,0.0
r1bq1rk1/bpp2pp1/p1np1n1p/P3p3/1PB1P3/2PP1N1P/5PP1/RNBQ1RK1 w - -,1400-1599,5,99,c1e3,0.6,c1e3,0.68635,False,b1d2,f1e1,False,False,False,False,False,0.0095,0.03405,0.30850413376948566,0.24059547460568464,0.30588235294117644,0.23333333333333334
r1bq1rk1/p2nbpp1/2p1pn1p/1p6/2BP3B/2N1PN2/PP3PPP/R2Q1RK1 w - b6,1400-1599,2,58,c4d3,0.6125,c4d3,0.7419,False,c4d3,c4d3,True,True,True,True,True,0.7419,0.7419,0.019403793906448707,0.019403793906448707,0.0,0.0
r1bq1rk1/p3bppp/4pn2/3p2B1/8/2NB4/PPP2PPP/R2Q1RK1 w - -,1400-1599,3,59,f1e1,0.6176470588235294,f1e1,0.77545,False,d1f3,f1e1,False,False,True,False,True,0.04955,0.77545,0.22649298106476096,0.01798794569311672,0.22634271099744246,0.0
r1bq1rk1/p3ppbp/2p3p1/3p4/2B1N3/4B3/PPP2PPP/R2Q1RK1 w - -,1400-1599,2,31,c4b3,0.22727272727272727,c4b3,0.6188,False,c4b3,c4b3,True,True,True,True,True,0.6188,0.6188,0.032184640990801955,0.032184640990801955,0.0,0.0
r1bq1rk1/p4ppp/2p2n2/3p4/1b6/2NB4/PPPB1PPP/R2Q1RK1 w - -,1400-1599,2,35,a2a3,0.54,a2a3,0.58865,False,f1e1,f1e1,True,False,False,False,False,0.41135,0.41135,0.08690388951419205,0.08690388951419205,0.040000000000000036,0.040000000000000036
r1bq1rk1/p4ppp/2pp1b2/4p3/2B1P3/2N5/PPP2PPP/R2Q1RK1 w - -,1400-1599,4,73,c3e2,0.5,c3e2,0.43955,False,d1d3,d1d3,True,False,False,False,False,0.2812,0.2812,0.10842081656018265,0.10842081656018265,0.04999999999999999,0.04999999999999999
r1bq1rk1/p4ppp/4pn2/3p4/1b6/2NB4/PPPB1PPP/R2Q1RK1 w - -,1400-1599,3,77,a2a3,0.5204081632653061,a2a3,0.66135,False,c3e2,d2g5,False,False,False,False,False,0.18995,0.1487,0.13045437314255195,0.16888514185875098,0.10864345738295322,0.1567717996289425
r1bq1rk1/pp2bppp/2p1pn2/8/2PPB3/5N2/PP3PPP/R1BQ1RK1 w - -,1400-1599,2,27,e4d3,0.6,e4d3,0.90075,True,e4c2,e4c2,True,False,False,False,False,0.09925,0.09925,0.22764173125218282,0.22764173125218282,0.24705882352941172,0.24705882352941172
r1bq1rk1/pp2npbp/2n3p1/1B1p4/3P4/5N2/PP3PPP/RNBQR1K1 w - -,1400-1599,2,62,c1g5,0.65625,c1g5,0.9951,True,c1g5,c1g5,True,True,True,True,True,0.9951,0.9951,0.00016584205428785533,0.00016584205428785533,0.0,0.0
r1bq1rk1/pp2ppbp/2n3p1/3n4/3N4/2N1BP2/PPPQ2PP/2KR1B1R w - -,1400-1599,2,31,c3d5,0.3333333333333333,c3d5,0.5467,False,d4c6,d4c6,True,False,False,False,False,0.4533,0.4533,0.06733711933147983,0.06733711933147983,0.025641025641025605,0.025641025641025605
r1bq1rk1/ppp1bpp1/5n1p/4Q3/2B5/2N5/PPP2PPP/R1B2RK1 w - -,1400-1599,7,228,c1e3,0.55,c1e3,0.3669,False,c1h6,c1f4,False,False,False,False,False,0.2775,0.0868,0.12233536100897355,0.1440006851040735,0.050000000000000044,0.07173913043478264
r1bq1rk1/ppp2ppp/1b3n2/3Pp3/2B1P3/2N5/PP3PPP/R1BQ1RK1 w - -,1400-1599,3,67,g1h1,0.5454545454545454,g1h1,0.5919,False,g1h1,c1g5,False,True,False,True,False,0.5919,0.36365,0.04174918370708606,0.08116498746110516,0.0,0.045454545454545414
r1bq1rk1/ppp2ppp/2n5/3n4/2BP4/2P2N2/P4PPP/R1BQ1RK1 w - -,1400-1599,2,28,c1g5,0.625,c1g5,0.6909,False,c1g5,c1g5,True,True,True,True,True,0.6909,0.6909,0.03248346649353361,0.03248346649353361,0.0,0.0
r1bq1rk1/ppp2ppp/2n5/3n4/2BP4/5N2/PP1N1PPP/R2Q1RK1 w - -,1400-1599,9,481,a1c1,0.6470588235294118,a1c1,0.44445,False,d2b3,a1c1,False,False,True,False,True,0.2844,0.44445,0.08123105517975711,0.05991882601558028,0.02941176470588236,0.0
r1bq1rk1/ppp2ppp/2n5/3p4/2BPn3/2P2N2/P4PPP/R1BQR1K1 w - -,1400-1599,2,42,c4d3,0.421875,c4d3,0.54,False,c4d3,c4d3,True,True,True,True,True,0.54,0.54,0.05784688033620209,0.05784688033620209,0.0,0.0
r1bq1rk1/ppp2ppp/2n5/3p4/2BPn3/2PQ1N2/P4PPP/R1B2RK1 w - d6,1400-1599,2,93,c4b5,0.42857142857142855,c4b5,0.5261,False,c4b3,c4b3,True,False,False,False,False,0.4739,0.4739,0.05515019619828707,0.05515019619828707,0.004520795660036159,0.004520795660036159
r1bq1rk1/ppp2ppp/3b1n2/4Q1B1/8/2N5/PPP2PPP/2KR1B1R w - -,1400-1599,2,87,g5f6,0.5373134328358209,g5f6,0.69395,False,g5f6,e5d4,False,True,False,True,False,0.69395,0.30605,0.02327952601853799,0.08314661193347088,0.0,0.062313432835820914
r1bq1rk1/ppp2ppp/3b1n2/4Q3/2B5/2N5/PPP2PPP/R1B2RK1 w - -,1400-1599,6,182,e5e2,0.6,e5e2,0.5315,False,e5g5,e5g5,True,False,False,False,False,0.04485,0.04485,0.15781560438469325,0.15781560438469325,0.12027027027027026,0.12027027027027026
r1bq1rk1/ppppbppp/2n5/8/2BP4/2P2N2/P4PPP/R1BQR1K1 w - -,1400-1599,4,70,d4d5,0.6071428571428571,d4d5,0.59865,False,c4d3,d4d5,False,False,True,False,True,0.1247,0.59865,0.17105790747145758,0.03587994362448323,0.1428571428571428,0.0
r1bq3r/ppp2kpp/8/3p4/1n1Pn3/1Q3N2/PP3PPP/RN2K2R w KQ d6,1400-1599,2,252,f3e5,0.6646341463414634,f3e5,0.95965,True,b3b4,f3e5,False,False,True,False,True,0.04035,0.95965,0.11052568528288519,0.0010974251360004168,0.11169296987087518,0.0
r1bqk1nr/ppp3pp/2np4/8/4P3/2Q2N2/P4PPP/RNB2RK1 b - -,1400-1599,3,173,d8f6,0.46296296296296297,d8f6,0.85075,True,g8f6,g8f6,True,False,False,False,False,0.0372,0.0372,0.16305718464474156,0.16305718464474156,0.15527065527065526,0.15527065527065526
r1bqk2r/5ppp/p1np1b2/1p1Np3/4P3/N7/PPP2PPP/R2QKB1R w KQkq -,1400-1599,5,200,d1d2,0.75,d1d2,0.77705,False,c2c3,c2c3,True,False,False,False,False,0.0203,0.0203,0.21243571545740692,0.21243571545740692,0.22395833333333337,0.22395833333333337
r1bqk2r/p3bpp1/2p2n1p/n7/B3p3/5N2/PPPPQPPP/RNB1K2R w KQkq -,1400-1599,4,376,f3e5,0.48364485981308414,f3e5,0.7058,False,f3h4,f3e5,False,False,True,False,True,0.04255,0.7058,0.16700078814046948,0.014116239108606723,0.16221628838451269,0.0
r1bqk2r/p4pp1/2p2n1p/n1b1N3/4p3/8/PPPPBPPP/RNBQK2R w KQkq -,1400-1599,3,73,c2c3,0.35714285714285715,c2c3,0.63675,False,c2c3,e1g1,False,True,False,True,False,0.63675,0.06085,0.03584509176192186,0.16873273513617215,0.0,0.1365546218487395
r1bqk2r/p4pp1/2p2n1p/n1b5/4p3/8/PPPPBPPP/RNBQK1NR w KQkq -,1400-1599,4,149,d2d3,0.45454545454545453,d2d3,0.57365,False,c2c3,c2c3,True,False,False,False,False,0.11355,0.11355,0.14775599967784842,0.14775599967784842,0.13101604278074863,0.13101604278074863
r1bqk2r/p4pp1/2pb1n1p/n3N3/4p3/8/PPPPBPPP/RNBQK2R w KQkq -,1400-1599,3,311,f2f4,0.6025641025641025,f2f4,0.6898,False,d2d4,d2d4,True,False,False,False,False,0.242,0.242,0.06497682848470493,0.06497682848470493,0.05228477295516398,0.05228477295516398
r1bqk2r/ppp2ppp/8/8/1QpPn3/5N2/PP3PPP/RN2K2R w KQkq -,1400-1599,2,77,b4c4,0.6,b4c4,0.74835,False,e1g1,e1g1,True,False,False,False,False,0.25165,0.25165,0.11743184086192186,0.11743184086192186,0.09999999999999998,0.09999999999999998
r1bqk2r/ppp2ppp/8/n2n4/2BP4/1Q3N2/PP1N1PPP/R3K2R w KQkq -,1400-1599,2,41,b3a4,0.5217391304347826,b3a4,0.92175,True,b3b5,b3a4,False,False,True,False,True,0.07825,0.92175,0.20460671515205173,0.005224736477435237,0.21618357487922701,0.0
r1bqr1k1/pp1nbpp1/2p2n1p/3p4/3P3B/2NBPN2/PP3PPP/R2Q1RK1 w - -,1400-1599,3,56,a1c1,0.6666666666666666,a1c1,0.5383,False,a1c1,d1c2,False,True,False,True,False,0.5383,0.1516,0.05040973365009228,0.151301626405608,0.0,0.11403508771929816
r2k3r/pppbbppp/5n2/4p1B1/8/2N5/PPP2PPP/2KR1B1R w - -,1400-1599,4,194,f1b5,0.5566037735849056,f1b5,0.48945,False,f1c4,f1c4,True,False,False,False,False,0.3908,0.3908,0.049298438145428725,0.049298438145428725,0.01215932914046125,0.01215932914046125
r2q1r2/pbpnnpkp/1p1pp1p1/8/3PP3/2NB1N2/PPPQ1PPP/R4RK1 w - -,1400-1599,5,90,h2h4,0.65,h2h4,0.58755,False,h2h4,f1e1,False,True,False,True,False,0.58755,0.16835,0.03854147582706576,0.13520484905404836,0.0,0.10454545454545461
r2q1rk1/1b2bppp/p1nppn2/1pp3B1/4P3/P1NP1N1P/BPP2PP1/R2Q1RK1 w - -,1400-1599,5,193,d1d2,0.71875,d1d2,0.7744,False,f1e1,c3e2,False,False,False,False,False,0.0007,0.00885,0.28170433798481265,0.23582072693913106,0.28015350877192985,0.2330357142857143
r2q1rk1/1b2bppp/p1nppn2/1pp5/4P3/P1NP3P/BPP2PPN/R1BQ1RK1 w - -,1400-1599,3,154,f2f4,0.5798319327731093,f2f4,0.6298,False,f2f4,f2f4,True,True,True,True,True,0.6298,0.6298,0.027039844331857944,0.027039844331857944,0.0,0.0
r2q1rk1/1b2bppp/p1nppn2/1pp5/4P3/P1NPBN1P/BPP2PP1/R2Q1RK1 w - -,1400-1599,7,174,f1e1,0.575,f1e1,0.52905,False,f1e1,f1e1,True,True,True,True,True,0.52905,0.52905,0.04390744177713842,0.04390744177713842,0.0,0.0
r2q1rk1/1bp1bpp1/p1np1n1p/1p2p3/3PP3/1BP2N1P/PP3PP1/RNBQR1K1 w - -,1400-1599,2,25,d4d5,0.6,d4d5,0.5565,False,b1d2,b1d2,True,False,False,False,False,0.4435,0.4435,0.08332104886875026,0.08332104886875026,0.033333333333333326,0.033333333333333326
r2q1rk1/1bp1bppp/p1np1n2/1p6/3PP3/1B3N1P/PP3PP1/RNBQR1K1 b - -,1400-1599,3,124,c6a5,0.34444444444444444,c6a5,0.41145,False,c6a5,f8e8,False,True,False,True,False,0.41145,0.22115,0.0575629343905215,0.10560928948786256,0.0,0.058730158730158744
r2q1rk1/1bp1bppp/p1np1n2/1p6/3PP3/1B3N2/PP3PPP/RNBQR1K1 w - -,1400-1599,5,162,b1d2,0.5689655172413793,b1d2,0.38855,False,b1c3,b1c3,True,False,False,False,False,0.17435,0.17435,0.09038237447891308,0.09038237447891308,0.035067212156633554,0.035067212156633554
r2q1rk1/1p1bppbp/p1np1np1/8/2PNP3/2N1BP2/PP2B1PP/R2Q1RK1 w - -,1400-1599,2,30,d1d2,0.8,d1d2,0.90445,True,d1d2,d1d2,True,True,True,True,True,0.90445,0.90445,0.006421367848496419,0.006421367848496419,0.0,0.0
r2q1rk1/1p1nbppp/p2pbn2/4p3/4P3/1NN1BP2/PPPQ2PP/2KR1B1R w - -,1400-1599,2,60,c1b1,0.6428571428571429,c1b1,0.5734,False,g2g4,g2g4,True,False,False,False,False,0.4266,0.4266,0.06667622716463298,0.06667622716463298,0.03416149068322982,0.03416149068322982
r2q1rk1/1p2bppp/p1npbn2/4p3/4P3/1NN1BP2/PPPQB1PP/R3K2R w KQ -,1400-1599,3,60,e1c1,0.6964285714285714,e1c1,0.8087,True,e1c1,e1c1,True,True,True,True,True,0.8087,0.8087,0.013254504589142993,0.013254504589142993,0.0,0.0
r2q1rk1/1pp2pp1/1pnpbn1p/4p3/2B1P3/P1NP1N1P/1PP2PP1/R2Q1RK1 w - -,1400-1599,3,72,c3d5,0.5869565217391305,c3d5,0.5417,False,c3d5,c4a2,False,True,False,True,False,0.5417,0.42065,0.048145470097301246,0.06961952421137284,0.0,0.020289855072463836
r2q1rk1/1pp2pp1/1pnpbn1p/4p3/2B1P3/P2P1N1P/1PP2PP1/R1BQ1RK1 w - -,1400-1599,2,89,c4e6,0.5901639344262295,c4e6,0.8153,True,c4e6,c4e6,True,True,True,True,True,0.8153,0.8153,0.010008955085584154,0.010008955085584154,0.0,0.0
r2q1rk1/1pp2pp1/p1npbn1p/4p3/2B1P3/P1NPPN1P/1PP3P1/R2Q1RK1 w - -,1400-1599,3,101,c4e6,0.7142857142857143,c4e6,0.74875,False,c3d5,c4e6,False,False,True,False,True,0.0867,0.74875,0.14150812544234226,0.01807023186300189,0.13428571428571434,0.0
r2q1rk1/2p1bpp1/p1np1n1p/1p2p3/4P1b1/1BPP1N2/PP1N1PPP/R1BQR1K1 w - -,1400-1599,2,66,h2h3,0.71875,h2h3,0.93715,True,h2h3,h2h3,True,True,True,True,True,0.93715,0.93715,0.0034936291978963432,0.0034936291978963432,0.0,0.0
r2q1rk1/2p1bppp/p1np1n2/1p2p2b/3PP3/1BP2N1P/PP3PP1/RNBQR1K1 w - -,1400-1599,6,135,b1d2,0.6428571428571429,b1d2,0.6384,False,g2g4,g2g4,True,False,False,False,False,0.04375,0.04375,0.20947465839838322,0.20947465839838322,0.18831168831168837,0.18831168831168837
r2q1rk1/2p1bppp/p1np1n2/1p2p2b/4P3/1BPP1N1P/PP3PP1/RNBQR1K1 w - -,1400-1599,2,79,c1e3,0.5454545454545454,c1e3,0.55875,False,b1d2,b1d2,True,False,False,False,False,0.44125,0.44125,0.06851148728588138,0.06851148728588138,0.023395721925133617,0.023395721925133617
r2q1rk1/2p1bppp/p1np1n2/1p2p2b/B3P3/2PP1N1P/PP1N1PP1/R1BQR1K1 w - b6,1400-1599,2,94,a4b3,0.5888888888888889,a4b3,0.7187,False,a4c2,a4c2,True,False,False,False,False,0.2813,0.2813,0.07287023012938025,0.07287023012938025,0.05827664399092969,0.05827664399092969
r2q1rk1/2p1bppp/p1np1n2/1p2p3/3PP3/1BP2b1P/PP3PP1/RNBQR1K1 w - -,1400-1599,2,63,d1f3,0.46078431372549017,d1f3,0.71,False,g2f3,g2f3,True,False,False,False,False,0.29,0.29,0.10030130903309961,0.10030130903309961,0.08578431372549017,0.08578431372549017
r2q1rk1/2p1bppp/p1np1n2/1p6/3PP1b1/1B3N2/PP3PPP/RNBQR1K1 w - -,1400-1599,8,261,b1d2,0.6875,b1d2,0.68935,False,c1e3,h2h3,False,False,False,False,False,0.02995,0.0,0.222432531845861,0.3500029917795527,0.21130952380952384,0.3408333333333333
r2q1rk1/p1p1b1pp/2pppn2/6B1/4P3/2N5/PPP2PPP/R2Q1RK1 w - -,1400-1599,5,123,d1f3,0.7272727272727273,d1f3,0.7732,False,d1e2,d1e2,True,False,False,False,False,0.01465,0.01465,0.3186535953587226,0.3186535953587226,0.33441558441558444,0.33441558441558444
r2q1rk1/p1p1bppp/2pp1n2/6B1/4P3/2N5/PPP2PPP/R2Q1RK1 w - -,1400-1599,8,679,d1d2,0.625,d1d2,0.57155,False,d1f3,d1e2,False,False,False,False,False,0.0404,0.08995,0.11881503512518002,0.15045210214894214,0.09226190476190477,0.125
r2q1rk1/p1p1bppp/2pp1n2/6B1/4P3/8/PPP2PPP/RN1QR1K1 w - -,1400-1599,5,180,b1d2,0.5588235294117647,b1d2,0.5342,False,b1c3,b1c3,True,False,False,False,False,0.0542,0.0542,0.14978028030335458,0.14978028030335458,0.10599334073251943,0.10599334073251943
r2q1rk1/p1p1bppp/2pp1n2/8/4P3/2N5/PPP2PPP/R1BQR1K1 w - -,1400-1599,7,701,b2b3,0.7375,b2b3,0.8048,True,c1f4,f2f4,False,False,False,False,False,0.001,0.01065,0.21184568724852124,0.24051347102890214,0.20830291970802928,0.23750000000000004
r2q1rk1/p1p1bppp/2pp1n2/8/4PB2/2N5/PPP2PPP/R2Q1RK1 w - -,1400-1599,3,112,f1e1,0.6395348837209303,f1e1,0.7149,False,d1f3,f1e1,False,False,True,False,True,0.09615,0.7149,0.15061540096687093,0.016463594244790002,0.13953488372093026,0.0
r2q1rk1/p1p1bppp/2pp1n2/8/4PP2/2N5/PPP3PP/R1BQ1RK1 w - -,1400-1599,3,120,c1e3,0.703125,c1e3,0.9759,True,d1f3,d1f3,True,False,False,False,False,0.02255,0.02255,0.22306300449870373,0.22306300449870373,0.23169642857142858,0.23169642857142858
r2q1rk1/pb1p1ppp/2p2b2/4p3/2B1P3/2N5/PPP2PPP/R2Q1RK1 w - -,1400-1599,8,123,d1d6,0.6363636363636364,d1d6,0.48525,False,d1f3,d1f3,True,False,False,False,False,0.1529,0.1529,0.1595357792312754,0.1595357792312754,0.106951871657754,0.106951871657754
r2q1rk1/pp1n1ppp/2pb1n2/3p2B1/3P4/2NB1Q1P/PPP2PP1/R4RK1 w - -,1400-1599,4,70,c3e2|f1e1,0.5,c3e2,0.3899,False,d3f5,c3e2,False,False,True,False,True,0.157,0.3899,0.15617228133723507,0.08396794596193147,0.08333333333333331,0.0
r2q1rk1/pp1n1ppp/2pb1n2/3p2Bb/3P4/2N2N1P/PPP1BPP1/R2Q1RK1 w - -,1400-1599,7,186,f3h2,0.5208333333333334,f3h2,0.6199,False,f3d2,f3h4,False,False,False,False,False,0.23585,0.0043,0.13063570768245247,0.3465164132689029,0.10416666666666669,0.34226190476190477
r2q1rk1/pp1n1ppp/2pb1n2/3p2Bb/3P4/2NB1N1P/PPP2PP1/R2QR1K1 w - -,1400-1599,6,172,d1d2,0.5833333333333334,d1d2,0.66475,False,d1d2,g2g4,False,True,False,True,False,0.66475,0.0744,0.034138447095744595,0.17863502766788653,0.0,0.15625000000000006
r2q1rk1/pp1n1ppp/2pb1n2/3p2Bb/3P4/2PB1N1P/PP1N1PP1/R2Q1RK1 w - -,1400-1599,2,82,d1c2,0.44696969696969696,d1c2,0.84645,True,d1c2,d1c2,True,True,True,True,True,0.84645,0.84645,0.009866552742013382,0.009866552742013382,0.0,0.0
r2q1rk1/pp1nbppp/2p2n2/3p2B1/3P4/2NQPN2/PP3PPP/R4RK1 w - -,1400-1599,3,33,a1c1,0.45454545454545453,a1c1,0.5552,False,a1c1,a2a3,False,True,False,True,False,0.5552,0.07905,0.06097464470270145,0.24193573576793914,0.0,0.20454545454545453
r2q1rk1/pp1nbppp/2p2n2/3p2Bb/3P4/2NB1N1P/PPP2PP1/R2QR1K1 w - -,1400-1599,3,50,g2g4,0.5227272727272727,g2g4,0.5413,False,d1e2,g2g4,False,False,True,False,True,0.025,0.5413,0.29597090196526155,0.05212890311026351,0.2727272727272727,0.0
r2q1rk1/pp1nbppp/2p2n2/3p2Bb/3P4/2NBPN1P/PP3PP1/R2Q1RK1 w - -,1400-1599,2,39,d3e2,0.6,d3e2,0.93715,True,g2g4,d3e2,False,False,True,False,True,0.06285,0.93715,0.21793139159535976,0.0039522370443231284,0.23157894736842105,0.0
r2q1rk1/pp2bppp/2n1pn2/1B1p2B1/3P4/2N2Q1P/PPP2PP1/R4RK1 w - -,1400-1599,8,171,f3g3,0.6538461538461539,f3g3,0.5192,False,c3e2,b5c6,False,False,False,False,False,0.4444,0.01725,0.0757283203290577,0.24673506350976326,0.0174825174825175,0.20512820512820512
r2q1rk1/pp2bppp/2n1pn2/3p2Bb/3P4/2P2N1P/PP1NBPP1/R2Q1RK1 w - -,1400-1599,2,26,f1e1,0.5384615384615384,f1e1,0.8021,True,f3e5,f1e1,False,False,True,False,True,0.1979,0.8021,0.15643053841785387,0.018428221942648572,0.1538461538461538,0.0
r2q1rk1/pp2ppbp/3p1np1/2pPn3/2P1P3/2NB1Q1P/PP3PP1/R1B2RK1 w - -,1400-1599,3,95,f3e3,0.5909090909090909,f3e3,0.591,False,f3e2,f3d1,False,False,False,False,False,0.2457,0.1633,0.10059148722697031,0.14409620938564732,0.06671554252199419,0.11363636363636365
r2q1rk1/pp3ppp/2n2n2/1Bbp3b/8/2N1PN1P/PP3PP1/R1BQ1RK1 w - -,1400-1599,2,46,g2g4,0.6666666666666666,g2g4,0.87835,True,b5e2,b5e2,True,False,False,False,False,0.12165,0.12165,0.1851130323597396,0.1851130323597396,0.196078431372549,0.196078431372549
r2q1rk1/pp3ppp/2nbpn2/3p3b/3P4/2PB1N1P/PP1N1PP1/R1BQR1K1 w - -,1400-1599,2,29,d2f1,0.47368421052631576,d2f1,0.73985,False,d1c2,d2f1,False,False,True,False,True,0.26015,0.73985,0.13451549840752242,0.027431224124696438,0.12368421052631579,0.0
r2q1rk1/ppp1b1pp/3ppn2/6B1/3QP3/2N5/PPP2PPP/2KR3R w - -,1400-1599,6,248,f2f3,0.7037037037037037,f2f3,0.79365,False,e4e5,e4e5,True,False,False,False,False,0.11935,0.11935,0.10970231890354394,0.10970231890354394,0.10711279461279466,0.10711279461279466
r2q1rk1/ppp1b1pp/3ppn2/6B1/3QP3/2N5/PPP2PPP/R4RK1 w - -,1400-1599,7,275,d4e3,0.5833333333333334,d4e3,0.54895,False,d4c4,e4e5,False,False,False,False,False,0.07,0.0702,0.18302084869249247,0.14690511571995057,0.1485507246376812,0.10833333333333339
r2q1rk1/ppp1bpp1/3pbn1p/8/2BQP2B/2N5/PPP2PPP/R4RK1 w - -,1400-1599,2,34,a1d1,0.75,a1d1,0.9825,True,a1d1,a1d1,True,True,True,True,True,0.9825,0.9825,0.0010019134667099492,0.0010019134667099492,0.0,0.0
r2q1rk1/ppp1bppp/2b2n2/4Q1B1/8/2N2N2/PPP2PPP/2KR3R b - -,1400-1599,2,77,e7d6,0.4857142857142857,e7d6,0.9705,True,d8e8,e7d6,False,False,True,False,True,0.0295,0.9705,0.1941965284746126,0.0012334083506603368,0.2,0.0
r2q1rk1/ppp1bppp/3p1n2/6B1/2Q1P3/2N5/PPP2PPP/R4RK1 w - -,1400-1599,5,149,a1d1,0.5897435897435898,a1d1,0.5859,False,a1d1,a1d1,True,True,True,True,True,0.5859,0.5859,0.027262034776174733,0.027262034776174733,0.0,0.0
r2q1rk1/ppp2pp1/2np1n1p/8/2BPP1b1/2N2N2/PPP3PP/R2Q1RK1 w - -,1400-1599,6,193,d1d2,0.7058823529411765,d1d2,0.705,False,d1d2,h2h3,False,True,False,True,False,0.705,0.0174,0.02715610164606689,0.21714346550525643,0.0,0.20588235294117652
r2q1rk1/ppp2ppp/2np1n2/8/2BPP1b1/5N2/PP1N1PPP/R2QR1K1 w - -,1400-1599,5,223,d1c2,0.6607142857142857,d1c2,0.55595,False,d1c2,h2h3,False,True,False,True,False,0.55595,0.1542,0.035294471942233646,0.08813647791419489,0.0,0.05894437420986087
r2q1rk1/ppp3p1/1bnppn1p/4p3/1P2P3/P1NP1N1P/2P2PP1/R1BQ1RK1 w - -,1400-1599,6,149,c1b2,0.5483870967741935,c1b2,0.5913,False,c1b2,c3a4,False,True,False,True,False,0.5913,0.22215,0.030950037173068164,0.0884703986702887,0.0,0.05880376344086019
r2q3r/ppp2k1p/2npb1p1/8/2QpP3/8/PPP2PPP/RNB1K2R w KQ -,1400-1599,2,113,c4d3,0.5172413793103449,c4d3,0.71995,False,c4e2,c4e2,True,False,False,False,False,0.28005,0.28005,0.06802967811272817,0.06802967811272817,0.05360501567398124,0.05360501567398124
r2qk1nr/p2b1pbp/4p1p1/1B1p4/8/2N5/PPP2PPP/R1BQ1RK1 w kq -,1400-1599,4,135,d1e2,0.4473684210526316,d1e2,0.45985,False,f1e1,f1e1,True,False,False,False,False,0.01735,0.01735,0.2546513842212941,0.2546513842212941,0.21207430340557276,0.21207430340557276
r2qk2r/1p3ppp/p1npbb2/3Np3/4P3/N7/PPP2PPP/R2QKB1R w KQkq -,1400-1599,2,24,c2c3|c2c4,0.4583333333333333,c2c3,0.50065,False,c2c3,c2c3,True,True,True,True,True,0.50065,0.50065,0.06995695719080788,0.06995695719080788,0.0,0.0
r2qk2r/p1p1bpp1/2pp1n1p/6B1/4P3/2N5/PPP2PPP/R2Q1RK1 w kq -,1400-1599,3,168,g5h4,0.5299145299145299,g5h4,0.58415,False,g5h4,g5e3,False,True,False,True,False,0.58415,0.4097,0.03999473321389786,0.07162019596479881,0.0,0.02991452991452992
r2qk2r/p2bbppp/2Q2n2/4p1N1/8/8/PPPP1PPP/RNB1K2R w KQkq -,1400-1599,3,225,c6f3,0.4669811320754717,c6f3,0.8713,True,c6f3,c6f3,True,True,True,True,True,0.8713,0.8713,0.005964799127017503,0.005964799127017503,0.0,0.0
r2qk2r/p2bbppp/4pn2/1B1p2B1/8/2N5/PPP2PPP/R2Q1RK1 w kq -,1400-1599,3,84,a2a4,0.5,a2a4,0.63995,False,b5d7,a2a4,False,False,True,False,True,0.2009,0.63995,0.1260606183610204,0.03736181449132753,0.09183673469387754,0.0
r2qk2r/p3bppp/2pp1n2/4p1B1/4P3/2N5/PPP2PPP/R2Q1RK1 w kq -,1400-1599,6,158,d1f3,0.5454545454545454,d1f3,0.3737,False,d1d2,g5f6,False,False,False,False,False,0.3126,0.0964,0.07965382051361165,0.14030874395540163,0.008417508417508324,0.07177033492822965
r2qk2r/p3bppp/2pppn2/6B1/4P3/2N5/PPP2PPP/R2Q1RK1 w kq -,1400-1599,6,121,g5f6,0.5217391304347826,g5f6,0.47365,False,f1e1,d1f3,False,False,False,False,False,0.00695,0.2013,0.2563144209035682,0.12297988115369583,0.20745341614906831,0.07173913043478258
r2qk2r/p3ppbp/2pp1np1/6B1/4P3/2N5/PPP2PPP/R2Q1RK1 w kq -,1400-1599,5,143,d1d2,0.5204081632653061,d1d2,0.49425,False,d1f3,d1d2,False,False,True,False,True,0.1379,0.49425,0.13386065131690505,0.047010157810202076,0.0918367346938776,0.0
r2qk2r/p3ppbp/2pp1np1/8/4P3/2N1B3/PPP2PPP/R2Q1RK1 w kq -,1400-1599,7,117,f2f3,0.7083333333333334,f2f3,0.64335,False,e4e5,d1d2,False,False,False,False,False,0.00055,0.10645,0.4801469769513142,0.15864037633467565,0.5,0.14381720430107525
r2qk2r/pp1nbppp/2p1pn2/6B1/3P4/3Q1NN1/PPP2PPP/R4RK1 w kq -,1400-1599,4,72,c2c3,0.85,c2c3,0.947,True,a1d1,c2c4,False,False,False,False,False,0.0248,0.02685,0.28268379218283507,0.30892637201558143,0.3236842105263158,0.35
r2qkb1r/5ppp/p1p1pn2/3p4/3P4/2N2Q1P/PPP2PP1/R1B2RK1 w kq -,1400-1599,2,66,c1g5|f1e1,0.4090909090909091,f1e1,0.5183,False,c1g5,f1e1,False,True,True,False,True,0.4817,0.5183,0.05537753790883157,0.04742064076432906,0.0,0.0
r2qkb1r/pp1nppp1/2p2n1p/7P/3P4/3Q1NN1/PPP2PP1/R1B1K2R w KQkq -,1400-1599,6,256,c2c3,0.75,c2c3,0.655,False,e1g1,c1f4,False,False,False,False,False,0.0271,0.04165,0.2578039639701913,0.18234085136919417,0.25,0.17268041237113407
r2qkbnr/pp1n1pp1/2p1p2p/7P/3P4/3Q1NN1/PPP2PP1/R1B1K2R w KQkq -,1400-1599,4,201,e1g1,0.6052631578947368,e1g1,0.6744,False,c1f4,c1d2,False,False,False,False,False,0.0355,0.1261,0.16044916446081164,0.12322060725850265,0.14249720044792835,0.10526315789473684
r3k1nr/pp1b1ppp/4p3/3pP3/1b1q4/2NB4/PP3PPP/R1BQ1RK1 w kq -,1400-1599,2,43,c3b5,0.7391304347826086,c3b5,0.9642,True,c3b5,c3b5,True,True,True,True,True,0.9642,0.9642,0.0018707005924453444,0.0018707005924453444,0.0,0.0
r3k2r/1pp1bppp/p1p1bn2/8/8/5N2/PPPP1PPP/RNB1RK2 w kq -,1400-1599,5,153,f3d4,0.5909090909090909,f3d4,0.55395,False,f3d4,d2d3,False,True,False,True,False,0.55395,0.03375,0.04809488844215147,0.19070077081317172,0.0,0.15669856459330145
r3k2r/1pp2ppp/p1p1bn2/2b5/8/5N2/PPPP1PPP/RNB1RK2 w kq -,1400-1599,3,134,f3g5,0.625,f3g5,0.6544,False,b1c3,f3g5,False,False,True,False,True,0.30715,0.6544,0.08163048408511647,0.024629618337251157,0.05681818181818177,0.0
r3k2r/1pp2ppp/p1pbbn2/8/8/5N2/PPPP1PPP/RNB1RK2 w kq -,1400-1599,7,246,d2d3,0.6111111111111112,d2d3,0.4405,False,f3d4,f3d4,True,False,False,False,False,0.32065,0.32065,0.07474325286057461,0.07474325286057461,0.02182539682539686,0.02182539682539686
r3k2r/pp1bbppp/1qn1p3/3pPn2/3P4/5N2/PPN1BPPP/R1BQ1RK1 w kq -,1400-1599,2,25,a2a3,0.7083333333333334,a2a3,0.7621,False,a2a3,b2b3,False,True,False,True,False,0.7621,0.2379,0.02354020493037214,0.13984035568754058,0.0,0.1314102564102565
r3k2r/pppqbpp1/3p1n1p/6B1/3QP3/2N5/PPP2PPP/R4RK1 w kq -,1400-1599,2,114,g5h4,0.5483870967741935,g5h4,0.8177,True,g5h4,g5h4,True,True,True,True,True,0.8177,0.8177,0.010288256383612285,0.010288256383612285,0.0,0.0
r3k2r/pppqbppp/5n2/4Q3/8/8/PPP2PPP/RNB2RK1 w kq -,1400-1599,3,94,c1g5,0.5384615384615384,c1g5,0.66585,False,f1e1,c1g5,False,False,True,False,True,0.22575,0.66585,0.09214048382218726,0.025086931082848363,0.06846153846153846,0.0
r3k2r/pppqbppp/5n2/4p3/3Q4/8/PPP2PPP/RNB1R1K1 w kq -,1400-1599,2,128,d4e5,0.5955882352941176,d4e5,1.0,True,d4e5,d4e5,True,True,True,True,True,1.0,1.0,0.0,0.0,0.0,0.0
r3kb1r/1bp2ppp/p1Np1n2/3P4/8/8/PPP1KPPP/RNB4R w kq -,1400-1599,3,157,c2c4,0.6894736842105263,c2c4,0.9901,True,b1c3,c2c4,False,False,True,False,True,0.00045,0.9901,0.28362136613794253,0.00034567308009433433,0.2894736842105263,0.0
r3kb1r/p2q1ppp/4pn2/3p4/8/2N5/PPP2PPP/R1BQ1RK1 w kq -,1400-1599,5,258,h2h3,0.4642857142857143,h2h3,0.53335,False,f1e1,f1e1,True,False,False,False,False,0.09415,0.09415,0.15700217736675512,0.15700217736675512,0.10154061624649863,0.10154061624649863
r3kb1r/p2q1ppp/4pn2/3p4/8/2N5/PPP2PPP/R1BQK2R w KQkq -,1400-1599,2,166,e1g1,0.4166666666666667,e1g1,0.87255,True,e1g1,e1g1,True,True,True,True,True,0.87255,0.87255,0.004945269082697784,0.004945269082697784,0.0,0.0
r3kb1r/p2q1ppp/4pn2/3p4/8/8/PPP2PPP/RNBQ1RK1 w kq -,1400-1599,3,204,b1c3,0.4652777777777778,b1c3,0.6043,False,b1c3,c1g5,False,True,False,True,False,0.6043,0.25385,0.022395352645018848,0.058644258952681466,0.0,0.03670634920634924
r3kb1r/p2q1ppp/5n2/3pp3/8/8/PPP2PPP/RNBQ1RK1 w kq -,1400-1599,3,100,f1e1,0.5769230769230769,f1e1,0.70415,False,f1e1,f1e1,True,True,True,True,True,0.70415,0.70415,0.0199498126237284,0.0199498126237284,0.0,0.0
r3kb1r/pp1b1ppp/1qn5/3pPp2/3P4/5N2/PP3PPP/RNBQ1RK1 w kq -,1400-1599,4,101,a2a3,0.6538461538461539,a2a3,0.48805,False,b1c3,b1c3,True,False,False,False,False,0.1664,0.1664,0.11853721925652674,0.11853721925652674,0.07051282051282048,0.07051282051282048
r3kb1r/pp1b1ppp/1qn5/3pPp2/3P4/P4N2/1P3PPP/RNBQK2R w KQkq -,1400-1599,3,50,b2b4,0.5666666666666667,b2b4,0.65915,False,b1c3,e1g1,False,False,False,False,False,0.17105,0.1698,0.14497421474233546,0.14697001350257038,0.12222222222222223,0.12549019607843137
r3kb1r/pp1bnppp/4p3/3pP3/3q4/2NB4/PP3PPP/R1BQ1RK1 w kq -,1400-1599,3,34,c3b5,0.7,c3b5,0.69685,False,c3b5,c3b5,True,True,True,True,True,0.69685,0.69685,0.03378097342259648,0.03378097342259648,0.0,0.0
r3kb1r/pp3ppp/1qn1b3/3pPp2/3P4/2N2N2/PP3PPP/R1BQ1RK1 w kq -,1400-1599,2,24,f3g5,0.6818181818181818,f3g5,0.6349,False,a2a3,a2a3,True,False,False,False,False,0.3651,0.3651,0.10072093698914246,0.10072093698914246,0.06643356643356635,0.06643356643356635
r3kb1r/ppqb1ppp/2n1p3/3pPn2/N2P4/5N2/PP2BPPP/R1BQ1RK1 w kq -,1400-1599,3,45,b2b3,0.5909090909090909,b2b3,0.84385,True,b2b3,c1e3,False,True,False,True,False,0.84385,0.03845,0.012337846058119755,0.2564383501972936,0.0,0.26590909090909093
r3kbnr/1p1b1ppp/p3p3/3pP3/3q4/2NB4/PP3PPP/R1BQ1RK1 w kq -,1400-1599,2,43,c1e3,0.3611111111111111,c1e3,0.7274,False,c1e3,f1e1,False,True,False,True,False,0.7274,0.2726,0.02108935739140258,0.10075647007318471,0.0,0.08111111111111108
r3kbnr/1pp2ppp/p1p3b1/8/6P1/5N1P/PPPPKP2/RNB4R w kq -,1400-1599,3,117,d2d3,0.4340659340659341,d2d3,0.77335,False,d2d3,d2d3,True,True,True,True,True,0.77335,0.77335,0.016087633306238216,0.016087633306238216,0.0,0.0
r3kbnr/pp1b1ppp/4p3/3pq3/8/2NB4/PP3PPP/R1BQ1RK1 w kq -,1400-1599,4,261,f1e1,0.6118721461187214,f1e1,0.5003,False,f1e1,f1e1,True,True,True,True,True,0.5003,0.5003,0.04024993664989863,0.04024993664989863,0.0,0.0
r3kbnr/pp3ppp/2n1p3/3pP3/3P4/4BB2/Pq1N1PPP/R2Q1RK1 b kq -,1400-1599,2,30,c6d4,0.6,c6d4,0.74425,False,c6d4,b2b6,False,True,False,True,False,0.74425,0.25575,0.026640810320140453,0.13999316974270493,0.0,0.125
r4b1r/p1p2k1p/2p1bp2/4p3/8/8/PPPP1PPP/RNB1K2R w KQ -,1400-1599,3,224,d2d3,0.6764705882352942,d2d3,0.92565,True,d2d3,d2d3,True,True,True,True,True,0.92565,0.92565,0.002905189871662179,0.002905189871662179,0.0,0.0
r4b1r/ppp4p/2n1kp2/4p3/8/8/PPPP1PPP/RNB1K2R w KQ -,1400-1599,3,405,c2c3,0.6136363636363636,c2c3,0.9644,True,c2c3,b1c3,False,True,False,True,False,0.9644,0.0156,0.0010613039378742821,0.1623712470013108,0.0,0.16605571847507333
r4bnr/pp1k1ppp/4p3/3pP3/3q4/8/PP1N1PPP/R1BQK2R w KQ -,1400-1599,3,185,e1g1,0.5204081632653061,e1g1,0.5407,False,d1e2,e1g1,False,False,True,False,True,0.3183,0.5407,0.08188604089978006,0.035194256034626184,0.049819927971188505,0.0
r4rk1/pp3ppp/2nqpn2/3p4/3P2b1/2PB1N2/PP1N1PPP/R2Q1RK1 w - -,1400-1599,3,53,d1c2,0.6190476190476191,d1c2,0.75615,False,d1c2,f1e1,False,True,False,True,False,0.75615,0.2043,0.019236881969783078,0.1289067353104492,0.0,0.11904761904761907
r4rk1/pppqbppp/3p1n2/6B1/3QP3/2N5/PPP2PPP/R4RK1 w - -,1400-1599,7,478,e4e5,0.7183908045977011,e4e5,0.9711,True,e4e5,e4e5,True,True,True,True,True,0.9711,0.9711,0.0009850098171537923,0.0009850098171537923,0.0,0.0
r4rk1/pppqbppp/3p1n2/8/3QP3/2N4P/PPP2PP1/R1B2RK1 w - -,1400-1599,6,115,c1f4,0.6666666666666666,c1f4,0.5206,False,c1f4,c1e3,False,True,False,True,False,0.5206,0.3604,0.052611954246375034,0.0822049590661598,0.0,0.03508771929824561
r4rk1/pppqbppp/3p1n2/8/3QP3/2N5/PPP2PPP/R1B1R1K1 w - -,1400-1599,7,450,h2h3,0.6578947368421053,h2h3,0.4539,False,c1g5,c1g5,True,False,False,False,False,0.0146,0.0146,0.16746339226858836,0.16746339226858836,0.12030075187969924,0.12030075187969924
r4rk1/pppqbppp/3p1n2/8/3QPB2/2N5/PPP2PPP/R4RK1 w - -,1400-1599,3,81,a1d1,0.5609756097560976,a1d1,0.9049,True,a1d1,a1d1,True,True,True,True,True,0.9049,0.9049,0.005701418959020832,0.005701418959020832,0.0,0.0
r4rk1/ppqn1ppp/2pb1n2/3p2B1/3P2b1/2PB1N2/PP1N1PPP/R2QR1K1 w - -,1400-1599,2,39,h2h3,0.375,h2h3,0.72765,False,d1c2,h2h3,False,False,True,False,True,0.27235,0.72765,0.11092842208038575,0.02307751262197388,0.09239130434782611,0.0
r4rk1/ppqn1ppp/2pb1n2/3p2B1/3P2b1/2PB1N2/PPQN1PPP/R4RK1 w - -,1400-1599,2,64,h2h3,0.5125,h2h3,0.8992,True,f1e1,h2h3,False,False,True,False,True,0.1008,0.8992,0.15527904320348276,0.0057046675462381,0.15833333333333327,0.0
rn1q1rk1/1b2bppp/p2ppn2/1p6/3NP3/1BN1BP2/PPPQ2PP/R3K2R w KQ -,1400-1599,2,69,g2g4,0.6153846153846154,g2g4,0.94665,True,g2g4,e1c1,False,True,False,True,False,0.94665,0.05335,0.0032242269920701567,0.2298608288058138,0.0,0.24038461538461542
rn1q1rk1/pp2n1pp/2pb1p2/3p4/3P3B/2NQ1N2/PPP2PPP/R3R1K1 b - -,1400-1599,2,43,b8d7,0.38461538461538464,b8d7,0.6364,False,b8d7,b8d7,True,True,True,True,True,0.6364,0.6364,0.034823502022078026,0.034823502022078026,0.0,0.0
rn1q1rk1/pp3pp1/2p2b1p/3p4/3P2b1/2NBPN2/PP3PPP/R2Q1RK1 w - -,1400-1599,2,42,d3e2,0.55,d3e2,0.67795,False,h2h3,h2h3,True,False,False,False,False,0.32205,0.32205,0.10485237926178177,0.10485237926178177,0.08125000000000004,0.08125000000000004
rn1q1rk1/pp3ppp/2pb1nb1/3p2B1/3P2P1/2NB1N1P/PPP2P2/R2Q1RK1 w - -,1400-1599,3,159,f3e5,0.6285714285714286,f3e5,0.94775,True,f3e5,f3e5,True,True,True,True,True,0.94775,0.94775,0.002913067862980501,0.002913067862980501,0.0,0.0
rn1qkb1r/pp3pp1/2p1pn1p/7P/3P4/3Q1NN1/PPP2PP1/R1B1K2R w KQkq -,1400-1599,6,482,c2c3,0.631578947368421,c2c3,0.4886,False,c1e3,c1d2,False,False,False,False,False,0.1889,0.16725,0.08374949219628376,0.07708051655335464,0.04564144736842102,0.04036273115220479
rn1qkb1r/pp3ppn/2p1p2p/7P/3P4/5NN1/PPP2PP1/R1BQK2R w KQkq -,1400-1599,3,41,c1f4,0.6388888888888888,c1f4,0.66725,False,d1d3,c1f4,False,False,True,False,True,0.04005,0.66725,0.27451574170534343,0.0348704142266853,0.26388888888888884,0.0
rn2kb1r/ppq2ppp/2p1pn2/4N3/3P4/2N4P/PPPBQPP1/R4RK1 b kq -,1400-1599,2,91,b8d7,0.5294117647058824,b8d7,0.70625,False,f8d6,b8d7,False,False,True,False,True,0.29375,0.70625,0.0720590637853785,0.018386985346021487,0.05441176470588238,0.0
rnb1r3/ppp2kpp/5n2/8/4P3/8/PB1N1PPP/R3K1NR w KQ -,1400-1599,4,67,e4e5,0.6666666666666666,e4e5,0.89615,True,g1f3,f2f3,False,False,False,False,False,0.0465,0.0107,0.28705877520596107,0.3074521361267618,0.31666666666666665,0.32380952380952377
rnb2rk1/ppp1q1p1/4p2p/5p2/2PPp3/4P3/PP1N1PPP/R2QKB1R w KQ f6,1400-1599,2,44,c4c5,0.5909090909090909,c4c5,0.7396,False,c4c5,f1e2,False,True,False,True,False,0.7396,0.2604,0.024434077736301355,0.11999259902381343,0.0,0.10606060606060608
rnb2rk1/ppp1qpp1/7p/3p4/3P4/2P1PN2/P4PPP/R2QKB1R w KQ -,1400-1599,3,61,f1e2,0.6666666666666666,f1e2,0.70935,False,f1e2,f1d3,False,True,False,True,False,0.70935,0.20795,0.025962929966974475,0.12024116128398803,0.0,0.11111111111111105
rnbq1rk1/pp3ppp/4p3/8/3PP3/5N2/P2Q1PPP/R3KB1R w KQ -,1400-1599,3,70,f1c4,0.6666666666666666,f1c4,0.9035,True,f1e2,f1d3,False,False,False,False,False,0.0158,0.0807,0.3219513411787912,0.18574162921798856,0.3452380952380952,0.19298245614035087
1rbq1rk1/p3ppbp/2Bp1np1/8/2P5/2N3P1/PP2PP1P/R1BQ1RK1 w - -,1600-1799,6,189,c6g2,0.645,c6g2,0.48415,False,a1b1,c6g2,False,False,True,False,True,0.0831,0.48415,0.17845554424699445,0.03410147794156492,0.14500000000000002,0.0
1rbqk2r/p2pppbp/6p1/3QP3/8/4B3/PPP2PPP/R3KB1R w KQk -,1600-1799,3,43,e1c1,0.8,e1c1,0.74965,False,e1c1,e1c1,True,True,True,True,True,0.74965,0.74965,0.024295462356181092,0.024295462356181092,0.0,0.0
1rbqkb1r/p2n1ppp/2Q5/4p1N1/8/8/PPPP1PPP/RNB1K2R w KQk -,1600-1799,3,95,d2d4,0.7727272727272727,d2d4,0.9761,True,d2d3,d2d3,True,False,False,False,False,0.0231,0.0231,0.2690648434756519,0.2690648434756519,0.3025780189959294,0.3025780189959294
2bq1rk1/rpp2pp1/p1np1n1p/4p3/2B1P3/P1NP1N1P/1PP2PP1/R2Q1RK1 w - -,1600-1799,4,119,f3h2,0.546875,f3h2,0.66185,False,d3d4,d3d4,True,False,False,False,False,0.2381,0.2381,0.1088009706155554,0.1088009706155554,0.08854166666666669,0.08854166666666669
2kr1bnr/1pp2ppp/p1p5/8/8/5K1P/PPPP1PP1/RNB4R w - -,1600-1799,3,183,h1e1,0.5431034482758621,h1e1,0.773,False,h1e1,d2d3,False,True,False,True,False,0.773,0.14665,0.010526888892750892,0.08229445773899119,0.0,0.07310344827586213
2kr3r/pppqn1pp/2nb1p2/3p4/3P2bB/2PB1N2/PP1N1PPP/R2Q1RK1 w - -,1600-1799,4,98,b2b4,0.5263157894736842,b2b4,0.5171,False,d1c2,h4g3,False,False,False,False,False,0.0055,0.2858,0.265486131117208,0.10785408296597329,0.2263157894736842,0.06477732793522262
2kr3r/pppqn1pp/2nb1p2/3p4/3P2bB/2PB1N2/PP3PPP/RN1QR1K1 w - -,1600-1799,3,97,b1d2,0.53125,b1d2,0.44595,False,b1d2,h4g3,False,True,False,True,False,0.44595,0.23935,0.052993213362577236,0.12479330807809343,0.0,0.08124999999999999
2r1kb1r/pp1b1ppp/1qn1p3/3pPn2/1P1P4/P4N2/1B2BPPP/RN1Q1RK1 b k -,1600-1799,4,167,c6a5,0.5526315789473685,c6a5,0.534,False,a7a6,f8e7,False,False,False,False,False,0.37235,0.072,0.0772910291437292,0.14056439519223707,0.03089244851258588,0.09707602339181293
2r1kbnr/pp1b1ppp/1q2p3/3pP3/3P4/5N2/PPQ2PPP/RNB2RK1 w k -,1600-1799,2,81,b1c3,0.49038461538461536,b1c3,0.9684,True,b1c3,b1c3,True,True,True,True,True,0.9684,0.9684,0.001215954518269586,0.001215954518269586,0.0,0.0
2rq1rk1/pp1bppbp/2np1np1/8/2BNP3/2N1BP2/PPPQ2PP/2KR3R w - -,1600-1799,3,676,c4b3,0.531986531986532,c4b3,0.8575,True,c4b3,c4b3,True,True,True,True,True,0.8575,0.8575,0.005755259242924211,0.005755259242924211,0.0,0.0
2rq1rk1/pp1bppbp/2np1np1/8/2PNP3/2N1B3/PP2BPPP/2RQ1RK1 w - -,1600-1799,3,52,a2a3,0.75,a2a3,0.70275,False,f2f3,b2b3,False,False,False,False,False,0.2926,0.00465,0.11662444454617221,0.32472303213073406,0.09615384615384615,0.32407407407407407
2rq1rk1/pp1bppbp/2np1np1/8/2PNP3/2N1BP2/PP1QB1PP/R3K2R w KQ -,1600-1799,2,44,a1c1,0.45454545454545453,a1c1,0.74685,False,e1g1,e1g1,True,False,False,False,False,0.25315,0.25315,0.12680563237972864,0.12680563237972864,0.10606060606060602,0.10606060606060602
2rq1rk1/pp1bppbp/2np1np1/8/2PNP3/2N1BP2/PP2B1PP/R2Q1RK1 w - -,1600-1799,3,129,d1d2,0.5508474576271186,d1d2,0.50255,False,d1d2,d1d2,True,True,True,True,True,0.50255,0.50255,0.04328773525582486,0.04328773525582486,0.0,0.0
2rq1rk1/pp1bppbp/2np1np1/8/3NP3/1BN1BP2/PPPQ2PP/R3K2R w KQ -,1600-1799,4,243,g2g4,0.6041666666666666,g2g4,0.5774,False,g2g4,e1c1,False,True,False,True,False,0.5774,0.11735,0.0366662702289664,0.10267746033900362,0.0,0.07064711359404097
r1b1k1nr/pp1p1ppp/8/q3p3/N2QP3/2P5/PP3PPP/R3KB1R w KQkq -,1600-1799,3,76,d4b4,0.6447368421052632,d4b4,0.8801,True,d4c4,d4d1,False,False,False,False,False,0.10585,0.01405,0.18546086009292673,0.2508447680686481,0.19019138755980863,0.25584795321637427
r1b1k1nr/pppp2pp/5p2/8/8/2B5/PPP1BPPP/R3K2R w KQkq -,1600-1799,3,141,e2h5,0.5882352941176471,e2h5,0.5432,False,e1c1,e1c1,True,False,False,False,False,0.17955,0.17955,0.09513698727541559,0.09513698727541559,0.05949966193373901,0.05949966193373901
r1b1k2r/1pq1bppp/p1nppn2/8/2B1PB2/2N2N2/PP2QPPP/R2R2K1 w kq -,1600-1799,2,232,a1c1,0.5572289156626506,a1c1,0.68415,False,a1c1,a1c1,True,True,True,True,True,0.68415,0.68415,0.014047055896047784,0.014047055896047784,0.0,0.0
r1b1k2r/1pqnbpp1/p2ppn1p/6B1/3NPPP1/2N2Q2/PPP4P/2KR1B1R w kq -,1600-1799,2,32,g5f6,0.7,g5f6,0.9479,True,g5f6,g5f6,True,True,True,True,True,0.9479,0.9479,0.0034404081219346423,0.0034404081219346423,0.0,0.0
r1b1k2r/1pqnbpp1/p2ppn1p/8/3NPP1B/2N2Q2/PPP3PP/2KR1B1R w kq -,1600-1799,2,37,f1d3,0.7333333333333333,f1d3,0.99605,True,f1d3,g2g4,False,True,False,True,False,0.99605,0.00395,0.00016880308354366,0.40380358806915034,0.0,0.4378787878787878
r1b1k2r/2q1bppp/p2p1n2/npp1p3/3PP3/2P2N2/PPB2PPP/RNBQR1K1 w kq -,1600-1799,5,105,h2h3,0.6071428571428571,h2h3,0.5124,False,d4d5,d4d5,True,False,False,False,False,0.13675,0.13675,0.14697285882853295,0.14697285882853295,0.1071428571428571,0.1071428571428571
r1b1k2r/2qnbppp/p2ppn2/1p4B1/3NPP2/2NB1Q2/PPP3PP/2KR3R w kq b6,1600-1799,3,61,h1e1,0.6212121212121212,h1e1,0.7419,False,h1e1,h1e1,True,True,True,True,True,0.7419,0.7419,0.020199086918326246,0.020199086918326246,0.0,0.0
r1b1k2r/2qnbppp/p2ppn2/1p4B1/3NPPP1/2N2Q2/PPP4P/2KR1B1R w kq b6,1600-1799,4,149,f1d3,0.6666666666666666,f1d3,0.6536,False,a2a3,g5f6,False,False,False,False,False,0.0456,0.2163,0.24460344607850992,0.10587938748134536,0.23333333333333328,0.08868501529051986
r1b1k2r/4qppp/p1np1n2/1p2p1B1/4P3/N7/PPP2PPP/R2QKB1R w KQkq -,1600-1799,7,562,f1d3,0.54,f1d3,0.3885,False,c2c4,c2c3,False,False,False,False,False,0.0845,0.13735,0.08235781548091128,0.0693967057612603,0.04333333333333339,0.030566037735849094
r1b1k2r/p2pqppp/4p3/3pP3/8/8/PPP2PPP/R2QKB1R w KQkq -,1600-1799,3,113,f1d3,0.46511627906976744,f1d3,0.5195,False,c2c3,c2c3,True,False,False,False,False,0.22705,0.22705,0.11922714000897745,0.11922714000897745,0.09011627906976744,0.09011627906976744
r1b1k2r/pp1n1ppp/1qn1p3/3pP3/3P4/3B1N2/PP1QNPPP/R3K2R b KQkq -,1600-1799,5,285,f7f6,0.625,f7f6,0.79865,False,b6b4,f7f6,False,False,True,False,True,0.07545,0.79865,0.1680012125770649,0.015386819073940447,0.16554054054054052,0.0
r1b1k2r/pp1p1ppp/4pn2/q7/N2QP3/2P5/PP3PPP/R3KB1R w KQkq -,1600-1799,6,125,f1e2,0.6296296296296297,f1e2,0.35925,False,e4e5,a4c5,False,False,False,False,False,0.14295,0.01555,0.15890626408941758,0.2543187924966243,0.09116809116809121,0.1948470209339775
r1b1k2r/pp2bppp/1qn1p3/3pP3/1P1P4/P3PN2/6PP/RN1QKB1R w KQkq -,1600-1799,3,211,f1e2,0.5897435897435898,f1e2,0.56405,False,f1d3,b1c3,False,False,False,False,False,0.15825,0.2777,0.07980176737527343,0.06610430331242638,0.05402930402930406,0.03974358974358971
r1b1k2r/pp2bppp/1qn1p3/3pPn2/3P4/P1N2N2/1P2BPPP/R1BQ1RK1 w kq -,1600-1799,3,159,c3a4,0.5367647058823529,c3a4,0.7188,False,c1e3,c3a4,False,False,True,False,True,0.05785,0.7188,0.15859541362641466,0.014417140603639017,0.14966793168880455,0.0
r1b1k2r/ppp1bppp/5n2/4p1B1/8/2N5/PPP2PPP/2KR1B1R w - -,1600-1799,3,71,c3b5,0.5769230769230769,c3b5,0.70325,False,c3b5,f1c4,False,True,False,True,False,0.70325,0.2581,0.0304437391950247,0.1307575715610351,0.0,0.11263736263736257
r1b1k2r/ppp1q1pp/2np1n2/8/2P2B2/2PQ1N2/P3PPPP/R3KB1R w KQkq -,1600-1799,2,127,g2g3,0.7195121951219512,g2g3,0.98365,True,g2g3,g2g3,True,True,True,True,True,0.98365,0.98365,0.0005500558292383804,0.0005500558292383804,0.0,0.0
r1b1k2r/ppp1qppp/3p4/4n3/2P2B2/4P3/PP1QBPPP/R4RK1 b kq -,1600-1799,2,60,c8e6,0.5526315789473685,c8e6,0.5823,False,e8g8,e8g8,True,False,False,False,False,0.4177,0.4177,0.06158346290912865,0.06158346290912865,0.028241335044929428,0.028241335044929428
r1b1k2r/ppp1qppp/3p4/4n3/2P2B2/P3P3/1P1Q1PPP/R3KB1R w KQkq -,1600-1799,2,206,f1e2,0.6326530612244898,f1e2,0.8147,True,f1e2,f1e2,True,True,True,True,True,0.8147,0.8147,0.013454725589182192,0.013454725589182192,0.0,0.0
r1b1k2r/ppp2ppp/1bn5/4P3/2B1n3/5N2/PP3PPP/RNBR2K1 w kq -,1600-1799,3,131,d1f1,0.4642857142857143,d1f1,0.53745,False,c1e3,c1e3,True,False,False,False,False,0.4595,0.4595,0.04422789992819662,0.04422789992819662,0.010262725779967174,0.010262725779967174
r1b1k2r/pppp1ppp/5n2/8/8/2B5/PPP1BPPP/R3K2R w KQkq -,1600-1799,3,111,e1c1,0.5897435897435898,e1c1,0.92305,True,e1c1,e1c1,True,True,True,True,True,0.92305,0.92305,0.0034440292158784613,0.0034440292158784613,0.0,0.0
r1b1k2r/pppp1ppp/8/4q3/2P5/P7/1P1QPPPP/R3KB1R w KQkq -,1600-1799,3,279,e2e3,0.5510204081632653,e2e3,0.45045,False,g2g3,g2g3,True,False,False,False,False,0.1082,0.1082,0.14225483250630433,0.14225483250630433,0.09647495361781072,0.09647495361781072
r1b1k2r/ppq1bppp/2np1n2/4p3/2B1PB2/2N2N2/PP2QPPP/R2R2K1 w kq -,1600-1799,4,113,c3b5,0.5833333333333334,c3b5,0.45165,False,c3b5,c3b5,True,True,True,True,True,0.45165,0.45165,0.06798170147626709,0.06798170147626709,0.0,0.0
r1b1kb1r/p4pp1/2p2n1p/n3N3/3qp3/8/PPPPBPPP/RNBQK2R w KQkq -,1600-1799,2,377,e5g4,0.5939849624060151,e5g4,0.98595,True,f2f4,f2f4,True,False,False,False,False,0.01405,0.01405,0.11298746564556282,0.11298746564556282,0.11447676568470361,0.11447676568470361
r1b1kb1r/pp3ppp/1q2p3/3pP3/3n4/2N5/PP2BPPP/R1BQ1RK1 w kq -,1600-1799,4,183,c1e3,0.4807692307692308,c1e3,0.60035,False,c1e3,c1e3,True,True,True,True,True,0.60035,0.60035,0.028616228600644392,0.028616228600644392,0.0,0.0
r1b1kb1r/pp3ppp/2n1p3/3pP3/3q4/2N5/PP2BPPP/R1BQ1RK1 w kq -,1600-1799,6,171,d1b3,0.5476190476190477,d1b3,0.5547,False,d1c2,c3b5,False,False,False,False,False,0.1646,0.1862,0.16057049448100588,0.12318567871757014,0.130952380952381,0.08608058608058611
r1b2rk1/1p3ppp/p1nqpn2/3p4/3P4/2NBPN2/PP3PPP/R2Q1RK1 w - -,1600-1799,2,97,a2a3,0.44642857142857145,a2a3,0.5813,False,a1c1,a2a3,False,False,True,False,True,0.4187,0.5813,0.04791745129086813,0.029442095218128895,0.019599303135888535,0.0
r1b2rk1/1pq1bppp/p1nppn2/8/2PNP3/2N1BP2/PP2B1PP/R2Q1RK1 w - -,1600-1799,4,105,b2b3,0.875,b2b3,0.6883,False,d1d2,a1c1,False,False,False,False,False,0.26895,0.0,0.07910638213746911,0.3851926479357268,0.07499999999999996,0.39540816326530615
r1b2rk1/1pq1bppp/p1nppn2/8/3NP3/1BN1BP2/PPPQ2PP/R3K2R w KQ -,1600-1799,2,139,e1c1,0.6386554621848739,e1c1,0.6502,False,g2g4,g2g4,True,False,False,False,False,0.3498,0.3498,0.06766144897081358,0.06766144897081358,0.03865546218487392,0.03865546218487392
r1b2rk1/1pq1bppp/p1nppn2/8/3NP3/2N1BP2/PPPQ2PP/1K1R1B1R w - -,1600-1799,2,102,h2h4,0.65625,h2h4,0.6911,False,g2g4,h2h4,False,False,True,False,True,0.3089,0.6911,0.07606964015207732,0.023232062655653658,0.06322674418604646,0.0
r1b2rk1/1pq1bppp/p1nppn2/8/3NPP2/1BN1B3/PPP3PP/R2Q1RK1 w - -,1600-1799,5,120,f4f5,0.6228070175438597,f4f5,0.48445,False,f4f5,f4f5,True,True,True,True,True,0.48445,0.48445,0.04167895316677258,0.04167895316677258,0.0,0.0
r1b2rk1/1pq1bppp/p1nppn2/8/3NPP2/2N1B3/PPP1B1PP/R2Q1R1K w - -,1600-1799,7,158,d4c6,0.7,d4c6,0.5777,False,e2f3,d1e1,False,False,False,False,False,0.0007,0.13895,0.36982066697329286,0.14105539710141946,0.35151515151515145,0.11304347826086947
r1b2rk1/1pq1bppp/p1nppn2/8/3NPP2/2N1BB2/PPP3PP/R2Q1RK1 w - -,1600-1799,6,95,d1d2,0.7894736842105263,d1d2,0.564,False,g1h1,d4c6,False,False,False,False,False,0.16415,0.2145,0.14743109038302915,0.11347068394406706,0.10765550239234456,0.07518796992481203
r1b2rk1/1pq1bppp/p1nppn2/8/3NPP2/P1N1B3/1PP1B1PP/R2Q1RK1 w - -,1600-1799,3,33,f4f5,0.6363636363636364,f4f5,0.65745,False,f4f5,g1h1,False,True,False,True,False,0.65745,0.20945,0.040031063521289045,0.1611294470705783,0.0,0.13636363636363635
r1b2rk1/1pq1bppp/p1nppn2/8/P2NPP2/2N1B3/1PP1B1PP/R2Q1RK1 w - -,1600-1799,2,22,d4c6,0.75,d4c6,0.8075,True,d4c6,g1h1,False,True,False,True,False,0.8075,0.1925,0.01865663703534187,0.16243132007929395,0.0,0.16666666666666663
r1b2rk1/2p1bppp/p1n2n2/1p2p3/4P3/2P2N2/PP3PPP/RNBBR1K1 b - -,1600-1799,3,85,c8g4,0.6,c8g4,0.573,False,c8b7,c8g4,False,False,True,False,True,0.2993,0.573,0.07772843620641516,0.03279267431781088,0.046428571428571375,0.0
r1b2rk1/pp1n1ppp/1qn1p3/3pP3/1b1P4/3B1N2/PP1BNPPP/R2QK2R w KQ -,1600-1799,2,256,e1g1,0.5776255707762558,e1g1,0.82915,True,e1g1,e1g1,True,True,True,True,True,0.82915,0.82915,0.007212943620697456,0.007212943620697456,0.0,0.0
r1b2rk1/pp1nq1pp/2p1p3/3pNp2/2PPn3/2NBP3/PP3PPP/R2Q1RK1 w - -,1600-1799,4,62,c4d5,0.6,c4d5,0.43695,False,f2f3,e5d7,False,False,False,False,False,0.00515,0.30865,0.37296862183005275,0.0973069470195006,0.33076923076923076,0.02857142857142858
r1b2rk1/pp1nqppp/2p1p3/3n4/2BP4/2N1PN2/PP3PPP/2RQK2R w K -,1600-1799,3,83,c3d5,0.6363636363636364,c3d5,0.6011,False,e1g1,e1g1,True,False,False,False,False,0.33035,0.33035,0.08058607959202907,0.08058607959202907,0.055718475073313734,0.055718475073313734
r1b2rk1/pp1nqppp/2p1p3/3n4/2BP4/2N1PN2/PP3PPP/R2Q1RK1 w - -,1600-1799,9,309,a1c1,0.6328125,a1c1,0.35145,False,c3e4,c3e4,True,False,False,False,False,0.0626,0.0626,0.23020282751495766,0.23020282751495766,0.17826704545454547,0.17826704545454547
r1b2rk1/pp2bppp/1qn1p3/3pPn2/1P1P4/P4N2/1B2BPPP/RN1Q1RK1 b - -,1600-1799,4,139,f7f6,0.5925925925925926,f7f6,0.65005,False,f7f6,c8d7,False,True,False,True,False,0.65005,0.1902,0.022534121286819895,0.08766829824754305,0.0,0.0671688637790332
r1b2rk1/pp2ppbp/2N2np1/8/4p3/2N1BP2/PPPq2PP/2KR1B1R w - -,1600-1799,2,109,d1d2,0.42391304347826086,d1d2,0.7873,False,d1d2,e3d2,False,True,False,True,False,0.7873,0.2127,0.014996738480198847,0.10273678327060302,0.0,0.10038363171355497
r1b2rk1/pp2ppbp/2n3p1/2q5/8/4PN2/PP2BPPP/R1BQ1RK1 w - -,1600-1799,3,82,d1b3,0.5,d1b3,0.9243,True,d1b3,d1b3,True,True,True,True,True,0.9243,0.9243,0.004143927211397569,0.004143927211397569,0.0,0.0
r1b2rk1/pp2ppbp/2n3p1/3q4/3N4/4B3/PPP1BPPP/R2Q1RK1 w - -,1600-1799,3,263,d4c6,0.5720338983050848,d4c6,0.6166,False,e2f3,e2f3,True,False,False,False,False,0.16765,0.16765,0.07238518623272834,0.07238518623272834,0.05616088243206885,0.05616088243206885
r1b2rk1/pp2ppbp/2n3p1/3q4/3N4/4B3/PPPQBPPP/R3K2R w KQ -,1600-1799,4,111,e1c1,0.59375,e1c1,0.8298,True,e2f3,e2f3,True,False,False,False,False,0.10255,0.10255,0.16359853822174786,0.16359853822174786,0.16319444444444442,0.16319444444444442
r1b2rk1/pp2ppbp/2n3p1/3q4/3N4/4BP2/PPPQ2PP/R3KB1R w KQ -,1600-1799,3,363,d4c6,0.3844086021505376,d4c6,0.54195,False,d4c6,d4c6,True,True,True,True,True,0.54195,0.54195,0.020179620272910218,0.020179620272910218,0.0,0.0
r1b2rk1/pp2ppbp/2n3p1/q1p5/2BPP3/2P1B3/P3NPPP/R2Q1RK1 w - -,1600-1799,5,69,a1b1,0.53125,a1b1,0.51335,False,a1b1,a1b1,True,True,True,True,True,0.51335,0.51335,0.05798261259269261,0.05798261259269261,0.0,0.0
r1b2rk1/pp3ppp/2n1pn2/3q4/3P4/2P2N2/P3BPPP/R1BQ1RK1 w - -,1600-1799,4,77,a2a4,0.5909090909090909,a2a4,0.423,False,f1e1,c3c4,False,False,False,False,False,0.10995,0.0916,0.20297608295701547,0.15910158474251385,0.14090909090909093,0.09090909090909094
r1b2rk1/pp3ppp/5n2/3pq3/8/2PB4/PP1N1PPP/R2Q1RK1 w - -,1600-1799,2,108,d2f3,0.5865384615384616,d2f3,0.96755,True,d2f3,f1e1,False,True,False,True,False,0.96755,0.03245,0.0011361252975112877,0.16348734427618178,0.0,0.1668956043956044
r1b2rk1/ppp1bppp/2np1n2/6B1/8/2NP1N2/PPP1BPPP/R4RK1 w - -,1600-1799,5,94,c3e4,0.7727272727272727,c3e4,0.8843,True,c3e4,f1e1,False,True,False,True,False,0.8843,0.0137,0.008801177345083974,0.2718072715445988,0.0,0.29598308668076106
r1b2rk1/ppp1qppp/3p4/4n3/1bP2B2/4P3/PP1NBPPP/R2Q1RK1 w - -,1600-1799,3,168,d2b3,0.6328125,d2b3,0.62615,False,d2f3,a2a3,False,False,False,False,False,0.29465,0.0792,0.07717840327945309,0.10961859908900101,0.05281250000000004,0.08850870253164556
r1b2rk1/ppp2ppp/2n2q2/2p5/2B1P3/2P5/PP3PPP/RN1Q1RK1 w - -,1600-1799,5,149,d1d5,0.7142857142857143,d1d5,0.63155,False,d1e2,f2f4,False,False,False,False,False,0.00045,0.04055,0.47542480382452285,0.2168081160203687,0.4835164835164835,0.19704433497536944
r1b2rk1/ppp2ppp/2n2q2/2p5/4P3/2P5/PP2BPPP/RN1Q1RK1 w - -,1600-1799,6,170,b1a3,0.6363636363636364,b1a3,0.43585,False,b1a3,f2f4,False,True,False,True,False,0.43585,0.05495,0.07040518050957252,0.176511898491016,0.0,0.12285012285012287
r1b2rk1/ppp2ppp/2n2q2/4p3/3P4/2PB1N2/PP3PPP/R2QK2R w KQ -,1600-1799,4,152,d1c2,0.5833333333333334,d1c2,0.7022,False,e1g1,d4e5,False,False,False,False,False,0.1968,0.0384,0.12984030908415556,0.18778063234546596,0.11274509803921573,0.17156862745098045
r1b4r/ppp2kpp/2n2n2/8/4P3/8/PB1N1PPP/R3K1NR w KQ -,1600-1799,3,133,b2f6,0.5,b2f6,0.5926,False,g1f3,g1e2,False,False,False,False,False,0.15915,0.24825,0.11540197339112516,0.11522261577058414,0.07547169811320753,0.08333333333333331
r1bq1b1r/pp4pp/n1p1k3/3np3/8/PBN2Q2/1PPP1PPP/R1B1K2R w KQ -,1600-1799,2,132,d2d4,0.5689655172413793,d2d4,0.5031,False,d2d4,d2d4,True,True,True,True,True,0.5031,0.5031,0.03951885446272846,0.03951885446272846,0.0,0.0
r1bq1b1r/ppp3pp/4k3/3np3/2B5/P1N2Q2/1P1P1PPP/n1BK3R w - -,1600-1799,2,206,c3d5,0.3875,c3d5,0.93825,True,c4d5,c3d5,False,False,True,False,True,0.06175,0.93825,0.10233899861474285,0.0017290670350682547,0.10261627906976745,0.0
r1bq1r2/p3ppkp/2pp1np1/8/4P3/2N5/PPPQ1PPP/R3KB1R w KQ -,1600-1799,6,351,f1c4,0.5789473684210527,f1c4,0.57375,False,f1c4,f1c4,True,True,True,True,True,0.57375,0.57375,0.036081403976933685,0.036081403976933685,0.0,0.0
r1bq1rk1/1p1nbpp1/p3pn1p/3p4/3P3B/2NBPN2/PP3PPP/R2Q1RK1 w - -,1600-1799,3,94,a2a3,0.5,a2a3,0.67035,False,a1c1,a1c1,True,False,False,False,False,0.19325,0.19325,0.10336372335183965,0.10336372335183965,0.07894736842105265,0.07894736842105265
r1bq1rk1/1p2bpp1/p1n1pn1p/3p4/3P3B/2NBPN2/PP3PPP/R2Q1RK1 w - -,1600-1799,3,95,a2a3,0.56,a1c1,0.3407,False,a1c1,a1c1,True,False,False,True,True,0.3407,0.3407,0.0719840106030893,0.0719840106030893,0.0011764705882353343,0.0011764705882353343
r1bq1rk1/1p2bppp/p1n1pn2/6B1/2BP4/2N2N2/PP3PPP/R2Q1RK1 w - -,1600-1799,4,106,a1c1,0.6666666666666666,a1c1,0.88395,True,a2a4,a2a4,True,False,False,False,False,0.04675,0.04675,0.21566162494576488,0.21566162494576488,0.22435897435897434,0.22435897435897434
r1bq1rk1/1p2bppp/p1n1pn2/6B1/2BP4/2N2N2/PP3PPP/R2QR1K1 w - -,1600-1799,3,51,a1c1,0.47058823529411764,a1c1,0.52605,False,a2a3,a1c1,False,False,True,False,True,0.37625,0.52605,0.08222989832268922,0.052769925915115916,0.03308823529411764,0.0
r1bq1rk1/1p2bppp/p1n1pn2/8/2BP4/P1N2N2/1P3PPP/R1BQ1RK1 w - -,1600-1799,7,128,d4d5,0.7,d4d5,0.54605,False,b2b4,f1e1,False,False,False,False,False,0.15835,0.00385,0.13787900536400619,0.326762287006372,0.10384615384615381,0.30416666666666664
r1bq1rk1/1p2ppbp/p2p1np1/8/2BBP3/2N2P2/PPPQ2PP/2KR3R b - -,1600-1799,2,304,c8e6,0.4166666666666667,c8e6,0.66255,False,b7b5,c8e6,False,False,True,False,True,0.33745,0.66255,0.08066763925893704,0.025366530350947998,0.04680365296803657,0.0
r1bq1rk1/1p3ppp/p1np1b2/3Np3/4P3/N7/PPP2PPP/R2QKB1R w KQ -,1600-1799,6,653,a3c4,0.5753968253968254,a3c4,0.4637,False,c2c3,a3c4,False,False,True,False,True,0.26145,0.4637,0.0371180779837692,0.02349536352910917,0.013599072587836547,0.0
r1bq1rk1/1pp1bpp1/p2p1n1p/4p3/4P3/1PNPBN1P/1PP2PP1/R2Q1RK1 w - -,1600-1799,7,188,f3h2,0.6081081081081081,f3h2,0.658,False,f1e1,d3d4,False,False,False,False,False,0.041,0.00145,0.2319018155950039,0.3090481299889321,0.22349272349272348,0.2977632805219012
r1bq1rk1/1pp1bppp/p1p1n3/4N3/3P4/2P5/PP3PPP/RNBQR1K1 w - -,1600-1799,2,89,b1d2,0.4066666666666667,b1d2,0.7225,False,b1d2,c1e3,False,True,False,True,False,0.7225,0.2775,0.022284786725612706,0.09242297358139731,0.0,0.08523809523809522
r1bq1rk1/1pp1npp1/1b1p1n1p/pP2p3/P1B1P3/2PP1N1P/5PP1/RNBQ1RK1 w - -,1600-1799,6,126,c4b3,0.6071428571428571,c4b3,0.51285,False,b1d2,b1d2,True,False,False,False,False,0.06805,0.06805,0.1982136314090915,0.1982136314090915,0.1547619047619047,0.1547619047619047
r1bq1rk1/1pp2pb1/3p1npp/p1nPp1B1/2P1P3/2N2N2/PPQ1BPPP/R4RK1 w - -,1600-1799,3,63,g5e3,0.5862068965517241,g5e3,0.89275,True,g5e3,g5e3,True,True,True,True,True,0.89275,0.89275,0.006697869373060175,0.006697869373060175,0.0,0.0
r1bq1rk1/2p1bppp/p1n5/1p1n4/3p4/1BP2N2/PP3PPP/RNBQR1K1 w - -,1600-1799,2,362,c3d4,0.6095890410958904,c3d4,0.9871,True,c3d4,c3d4,True,True,True,True,True,0.9871,0.9871,0.00030313367131807223,0.00030313367131807223,0.0,0.0
r1bq1rk1/2p1bppp/p7/1p1nR3/8/1B5P/PPPP1PP1/RNBQ2K1 b - -,1600-1799,2,78,c7c6,0.44,c7c6,0.8077,True,d5f6,d5f6,True,False,False,False,False,0.1923,0.1923,0.1061784891088405,0.1061784891088405,0.1007142857142857,0.1007142857142857
r1bq1rk1/2p1bppp/p7/1p1nR3/8/1BP5/PP1P1PPP/RNBQ2K1 b - -,1600-1799,2,2081,c7c6,0.6494876431585292,c7c6,0.71715,False,d5f6,c7c6,False,False,True,False,True,0.28285,0.71715,0.019160495997251503,0.004463416805707995,0.014416553111135877,0.0
r1bq1rk1/2p2pp1/p1np1n1p/1p2p3/2B1P3/P1NPPN1P/1PP3P1/R2Q1RK1 w - b6,1600-1799,2,151,c4b3,0.6428571428571429,c4b3,0.6381,False,c4a2,c4a2,True,False,False,False,False,0.3619,0.3619,0.05989392855177242,0.05989392855177242,0.04285714285714293,0.04285714285714293
r1bq1rk1/2p2pp1/p1np1n1p/1pb5/3PP3/1B3N1P/PP3PP1/RNBQR1K1 b - -,1600-1799,3,226,c5b4,0.525,c5b4,0.57325,False,c5b6,c5b6,True,False,False,False,False,0.39795,0.39795,0.03790610466342576,0.03790610466342576,0.015476190476190532,0.015476190476190532
r1bq1rk1/2p2pp1/pbnp1n1p/1p2p3/3PP3/1BP2N1P/PP3PP1/RNBQR1K1 w - -,1600-1799,4,63,a2a4,0.6363636363636364,a2a4,0.6781,False,c1e3,c1e3,True,False,False,False,False,0.0326,0.0326,0.29096683250415706,0.29096683250415706,0.2902097902097902,0.2902097902097902
r1bq1rk1/2p2ppp/p1np1n2/1p6/1b1PP3/1B3N2/PP3PPP/RNBQR1K1 w - -,1600-1799,3,139,c1d2,0.6375,c1d2,0.87015,True,c1d2,c1d2,True,True,True,True,True,0.87015,0.87015,0.007689351238569839,0.007689351238569839,0.0,0.0
r1bq1rk1/2p2ppp/pbnp1n2/1p6/3PP3/1B3N2/PP3PPP/RNBQR1K1 w - -,1600-1799,3,178,c1g5,0.5120481927710844,c1g5,0.52335,False,h2h3,h2h3,True,False,False,False,False,0.4183,0.4183,0.04107011858832975,0.04107011858832975,0.012048192771084376,0.012048192771084376
r1bq1rk1/2pnbppp/p2p1n2/1p2p3/3PP3/1BP2N1P/PP3PP1/RNBQR1K1 w - -,1600-1799,4,238,a2a4,0.5769230769230769,a2a4,0.5043,False,b1d2,b1d2,True,False,False,False,False,0.1566,0.1566,0.10429027354328553,0.10429027354328553,0.05633484162895919,0.05633484162895919
r1bq1rk1/3nbppp/p1p1pn2/1p4B1/3P4/2NBPN2/PP3PPP/R2Q1RK1 w - -,1600-1799,4,111,d1c2,0.5555555555555556,d1c2,0.51125,False,e3e4,d1c2,False,False,True,False,True,0.1296,0.51125,0.18863453897072496,0.05058773038191039,0.15555555555555556,0.0
r1bq1rk1/3nbppp/p3pn2/1p1p2B1/3P4/2NBPN2/PP3PPP/2RQ1RK1 w - b6,1600-1799,2,88,a2a3,0.5317460317460317,a2a3,0.8351,True,d3b1,d3b1,True,False,False,False,False,0.1649,0.1649,0.11532163271899167,0.11532163271899167,0.11174603174603176,0.11174603174603176
r1bq1rk1/4bppp/p2p1n2/npp1p3/4P3/2P2N1P/PPBP1PP1/RNBQR1K1 w - -,1600-1799,2,103,d2d4,0.554945054945055,d2d4,0.5472,False,d2d3,d2d4,False,False,True,False,True,0.4528,0.5472,0.06260405651210088,0.04568037268231072,0.013278388278388342,0.0
r1bq1rk1/4bppp/p2p1n2/npp1p3/4P3/2P2N1P/PPBP1PP1/RNBQR1K1 w - c6,1600-1799,3,1291,a2a4,0.5357142857142857,a2a4,0.50175,False,d2d4,d2d4,True,False,False,False,False,0.2728,0.2728,0.03868822071112734,0.03868822071112734,0.012458471760797285,0.012458471760797285
r1bq1rk1/4bppp/p2p1n2/npp1p3/4P3/2PP1N1P/PPB2PP1/RNBQ1RK1 w - c6,1600-1799,8,327,c1g5,0.6086956521739131,c1g5,0.42725,False,f1e1,b1d2,False,False,False,False,False,0.00615,0.1006,0.19449942810061013,0.11679181300360501,0.14573268921095012,0.06583850931677027
r1bq1rk1/4bppp/p2p1n2/npp1p3/4P3/2PP1N2/PPB2PPP/RNBQR1K1 w - c6,1600-1799,5,194,b1d2,0.5961538461538461,b1d2,0.4002,False,b1d2,h2h3,False,True,False,True,False,0.4002,0.3852,0.046006822818708985,0.05611214136588077,0.0,0.006868131868131844
r1bq1rk1/bpp2pp1/p1np1n1p/P3p3/1PB1P3/2PP1N1P/5PP1/RNBQ1RK1 w - -,1600-1799,5,126,d1b3,0.59375,d1b3,0.5669,False,f1e1,f1e1,True,False,False,False,False,0.0655,0.0655,0.21681356326102497,0.21681356326102497,0.1875,0.1875
r1bq1rk1/p2nbpp1/2p1pn1p/1p6/2BP3B/2N1PN2/PP3PPP/R2Q1RK1 w - b6,1600-1799,3,200,c4b3,0.48026315789473684,c4b3,0.47225,False,c4d3,c4e2,False,False,False,False,False,0.15745,0.3703,0.08342560500092545,0.061873244531494655,0.044619593538301194,0.02374141876430208
r1bq1rk1/p2nppbp/2p3p1/3pP3/8/2N1BP2/PPPQ2PP/R3KB1R w KQ -,1600-1799,2,209,f3f4,0.48195876288659795,f3f4,0.5402,False,f3f4,f3f4,True,True,True,True,True,0.5402,0.5402,0.04068681716152645,0.04068681716152645,0.0,0.0
r1bq1rk1/p3bppp/4pn2/3p2B1/8/2NB4/PPP2PPP/R2Q1RK1 w - -,1600-1799,8,192,h2h3,0.6,h2h3,0.59475,False,d1f3,f1e1,False,False,False,False,False,0.034,0.11635,0.20617375409750266,0.14671289544540073,0.17575757575757572,0.11470588235294116
r1bq1rk1/p3ppbp/2p2np1/3p4/4P3/2N1BP2/PPPQ2PP/2KR1B1R w - -,1600-1799,3,245,e3h6,0.5,e3h6,0.4646,False,e4d5,e3h6,False,False,True,False,True,0.16435,0.4646,0.07556739947766256,0.04337452731121837,0.03260869565217389,0.0
r1bq1rk1/p3ppbp/2p3p1/3n4/8/2N1B3/PPP1BPPP/R2Q1RK1 w - -,1600-1799,2,110,e3d4,0.5,e3d4,0.57795,False,e3d4,c3d5,False,True,False,True,False,0.57795,0.42205,0.02889266710245453,0.04883695521156555,0.0,0.019480519480519487
r1bq1rk1/p3ppbp/2p3p1/3n4/8/2N1B3/PPPQBPPP/R3K2R w KQ -,1600-1799,2,66,c3d5,0.4727272727272727,c3d5,0.94145,True,e1c1,c3d5,False,False,True,False,True,0.05855,0.94145,0.21544615051764385,0.003728216684912809,0.24545454545454545,0.0
r1bq1rk1/p3ppbp/2p3p1/3n4/8/2N1BP2/PPPQ2PP/R3KB1R w KQ -,1600-1799,3,302,c3d5,0.47477064220183485,c3d5,0.55585,False,e1c1,c3d5,False,False,True,False,True,0.0266,0.55585,0.16786317613317717,0.024376130366319103,0.15124123043712895,0.0
r1bq1rk1/p3ppbp/2p3p1/3p4/2B1N3/4B3/PPP2PPP/R2Q1RK1 w - -,1600-1799,4,111,e3d4,0.5769230769230769,e3d4,0.6051,False,c4d3,c4d3,True,False,False,False,False,0.22015,0.22015,0.10621776222085673,0.10621776222085673,0.07692307692307687,0.07692307692307687
r1bq1rk1/p3ppbp/5np1/3p4/8/2N1BP2/PPPQ2PP/R3KB1R w KQ -,1600-1799,3,130,e3h6,0.42105263157894735,e3h6,0.502,False,e1c1,e1c1,True,False,False,False,False,0.1942,0.1942,0.09726557702244415,0.09726557702244415,0.04327485380116958,0.04327485380116958
r1bq1rk1/p4ppp/2p2n2/3p2B1/1b6/2NB4/PPP2PPP/R2Q1RK1 w - -,1600-1799,4,202,d1f3,0.5454545454545454,d1f3,0.8028,True,d1f3,d1f3,True,True,True,True,True,0.8028,0.8028,0.009165096267631631,0.009165096267631631,0.0,0.0
r1bq1rk1/p4ppp/2p2n2/3p4/1b6/2NB4/PPPB1PPP/R2Q1RK1 w - -,1600-1799,5,174,d2g5,0.65625,d2g5,0.79295,False,c3e2,h2h3,False,False,False,False,False,0.0177,0.1145,0.2664676834152436,0.20254927399345385,0.26988636363636365,0.20625
r1bq1rk1/p4ppp/2pp1b2/4p3/2B1P3/2N5/PPP2PPP/R2Q1RK1 w - -,1600-1799,4,73,h2h3,0.5909090909090909,h2h3,0.5994,False,h2h3,d1f3,False,True,False,True,False,0.5994,0.3496,0.04529166991459133,0.09791042142090886,0.0,0.06149732620320858
r1bq1rk1/p4ppp/4pn2/3p4/1b6/2NB4/PPPB1PPP/R2Q1RK1 w - -,1600-1799,4,171,f1e1,0.5,f1e1,0.51555,False,f1e1,f1e1,True,True,True,True,True,0.51555,0.51555,0.057946618292079484,0.057946618292079484,0.0,0.0
r1bq1rk1/pp1nbpp1/2p1p2p/3n4/2BP3B/2N1PN2/PP3PPP/R2Q1RK1 w - -,1600-1799,2,212,h4g3,0.6326530612244898,h4g3,0.8244,True,h4g3,h4g3,True,True,True,True,True,0.8244,0.8244,0.007184633140962384,0.007184633140962384,0.0,0.0
r1bq1rk1/pp2bpp1/2n1pn1p/8/2BP3B/2N2N2/PP3PPP/R2Q1RK1 b - -,1600-1799,4,104,d8b6,0.8,d8b6,0.66765,False,b7b6,b7b6,True,False,False,False,False,0.0226,0.0226,0.29406762146017884,0.29406762146017884,0.30000000000000004,0.30000000000000004
r1bq1rk1/pp2bppp/2n1pn2/6B1/2BP4/2N2N2/PP3PPP/R2Q1RK1 w - -,1600-1799,5,87,c4b3,0.65,c4b3,0.68475,False,a2a3,a2a3,True,False,False,False,False,0.01855,0.01855,0.31369583268973283,0.31369583268973283,0.3166666666666667,0.3166666666666667
r1bq1rk1/pp2bppp/2np1n2/4p1B1/2B1P3/2N2N2/PP2QPPP/R2R2K1 w - -,1600-1799,2,42,a1c1,0.46875,a1c1,0.7655,False,g5f6,a1c1,False,False,True,False,True,0.2345,0.7655,0.11968900455014622,0.019984535096980165,0.11875000000000002,0.0
r1bq1rk1/pp2bppp/2np1n2/4p3/2B1P3/2N2N1P/PP2QPP1/R1BR2K1 w - -,1600-1799,2,54,c1e3,0.5571428571428572,c1e3,0.7887,False,c1e3,c1e3,True,True,True,True,True,0.7887,0.7887,0.015750114506187882,0.015750114506187882,0.0,0.0
r1bq1rk1/pp2bppp/2p1pn2/8/2PPB3/5N2/PP3PPP/R1BQ1RK1 w - -,1600-1799,2,93,e4c2,0.5903614457831325,e4c2,0.9923,True,e4c2,e4c2,True,True,True,True,True,0.9923,0.9923,0.000423206446746412,0.000423206446746412,0.0,0.0
r1bq1rk1/pp2npbp/2n3p1/1B1p4/3P4/5N2/PP3PPP/RNBQR1K1 w - -,1600-1799,4,220,c1g5,0.5185185185185185,c1g5,0.7332,False,c1g5,b5c6,False,True,False,True,False,0.7332,0.13635,0.014499728731296594,0.12683588049804187,0.0,0.11851851851851847
r1bq1rk1/pp2ppbp/2n3p1/3n4/3N4/2N1BP2/PPPQ2PP/2KR1B1R w - -,1600-1799,2,237,c3d5,0.4594594594594595,c3d5,0.6699,False,d4c6,d4c6,True,False,False,False,False,0.3301,0.3301,0.0398914354816282,0.0398914354816282,0.026919776919776928,0.026919776919776928
r1bq1rk1/pp2ppbp/2n3p1/8/2BPP3/4B3/P3NPPP/R2Q1RK1 b - -,1600-1799,5,132,e7e6,0.625,e7e6,0.49585,False,c8g4,c6a5,False,False,False,False,False,0.00035,0.33295,0.3115981638273408,0.07821420092882529,0.275,0.03240740740740744
r1bq1rk1/pp2ppbp/2n3p1/8/2BPP3/8/P3NPPP/R1BQ1RK1 w - -,1600-1799,2,101,c1b2,0.7333333333333333,c1b2,0.9287,True,c1e3,c1e3,True,False,False,False,False,0.0713,0.0713,0.1691112297824521,0.1691112297824521,0.18682170542635657,0.18682170542635657
r1bq1rk1/pp2ppbp/3p1np1/8/3NP3/1nN1BP2/PPPQ2PP/R3K2R w KQ -,1600-1799,3,97,a2b3,0.6458333333333334,a2b3,0.5547,False,a2b3,a2b3,True,True,True,True,True,0.5547,0.5547,0.03314231837995588,0.03314231837995588,0.0,0.0
r1bq1rk1/pp3pbp/2n1p1p1/3n4/3P4/2N2NP1/PP3PBP/R1BQ1RK1 w - -,1600-1799,3,92,c3d5,0.52,c3d5,0.7156,False,c3d5,f1e1,False,True,False,True,False,0.7156,0.0529,0.018631255436208652,0.20875916711571782,0.0,0.20750000000000002
r1bq1rk1/pp3ppp/2n1p3/2b5/4B3/2P2N2/PP3PPP/R1BQ1RK1 b - -,1600-1799,4,64,d8c7,0.5454545454545454,d8c7,0.41935,False,d8c7,d8d1,False,True,False,True,False,0.41935,0.04285,0.07871275611976285,0.21542759607599732,0.0,0.14890282131661436
r1bq1rk1/pp3ppp/2pbpn2/8/2PPB3/5N2/PP3PPP/R1BQ1RK1 w - -,1600-1799,3,106,c1g5,0.7692307692307693,c1g5,0.8078,True,e4c2,e4c2,True,False,False,False,False,0.04435,0.04435,0.1806049975212716,0.1806049975212716,0.1909175162187211,0.1909175162187211
r1bq1rk1/ppp1bpp1/5n1p/4Q3/2B5/2N5/PPP2PPP/R1B2RK1 w - -,1600-1799,5,136,c1f4,0.5833333333333334,c1f4,0.5172,False,c1f4,c1f4,True,True,True,True,True,0.5172,0.5172,0.04259116159593003,0.04259116159593003,0.0,0.0
r1bq1rk1/ppp2ppp/1b3n2/3Pp3/2B1P3/2N5/PP3PPP/R1BQ1RK1 w - -,1600-1799,4,148,c1g5,0.6012658227848101,c1g5,0.55975,False,h2h3,h2h3,True,False,False,False,False,0.07095,0.07095,0.19322663560830913,0.19322663560830913,0.16793248945147676,0.16793248945147676
r1bq1rk1/ppp2ppp/2n5/1B1p4/3Pn3/2P2N2/P4PPP/R1BQ1RK1 w - -,1600-1799,5,126,c1b2,0.45,c1b2,0.5353,False,b5c6,b5c6,True,False,False,False,False,0.0175,0.0175,0.2036436459337633,0.2036436459337633,0.15634920634920635,0.15634920634920635
r1bq1rk1/ppp2ppp/2n5/1B1pP3/1b1P4/5N2/PP1N1PPP/R2QK2R w KQ -,1600-1799,3,66,b5c6,0.5434782608695652,b5c6,0.62035,False,b5c6,a2a3,False,True,False,True,False,0.62035,0.09305,0.032942613523587704,0.18201219871606328,0.0,0.16112531969309463
r1bq1rk1/ppp2ppp/2n5/3n4/2BP4/2P2N2/P4PPP/R1BQ1RK1 w - -,1600-1799,8,175,c1d2,0.7916666666666666,c1d2,0.6314,False,d1d3,f1e1,False,False,False,False,False,0.0481,0.0793,0.19813189859409636,0.19346077112267093,0.19166666666666665,0.18452380952380953
r1bq1rk1/ppp2ppp/2n5/3n4/2BP4/5N2/PP1N1PPP/R2Q1RK1 w - -,1600-1799,8,937,a1c1,0.5,a1c1,0.35285,False,f3e5,a1c1,False,False,True,False,True,0.05675,0.35285,0.10912475928612198,0.05282247993518598,0.05844155844155846,0.0
r1bq1rk1/ppp2ppp/2n5/3p4/2BPn3/2P2N2/P4PPP/R1BQR1K1 w - -,1600-1799,4,196,d1c2,0.5454545454545454,d1c2,0.84735,True,d1c2,c4d3,False,True,False,True,False,0.84735,0.10875,0.008780113911930397,0.13384444360048642,0.0,0.12948815889992354
r1bq1rk1/ppp2ppp/2n5/3p4/2BPn3/2PQ1N2/P4PPP/R1B2RK1 w - d6,1600-1799,2,162,c4b3,0.4316546762589928,c4b3,0.94205,True,c4b3,c4b3,True,True,True,True,True,0.94205,0.94205,0.002698691280096476,0.002698691280096476,0.0,0.0
r1bq1rk1/ppp2ppp/2n5/3p4/3Pn3/2PB1N2/P4PPP/R1BQ1RK1 w - -,1600-1799,5,200,d1c2,0.4380952380952381,d1c2,0.44565,False,c3c4,d1c2,False,False,True,False,True,0.1117,0.44565,0.13205124885211827,0.03807112014802371,0.10476190476190478,0.0
r1bq1rk1/ppp2ppp/3b1n2/4Q1B1/8/2N5/PPP2PPP/2KR1B1R w - -,1600-1799,2,126,g5f6,0.5779816513761468,g5f6,0.67065,False,g5f6,e5d4,False,True,False,True,False,0.67065,0.32935,0.022860784474164886,0.07196558150360292,0.0,0.048569886670264406
r1bq1rk1/ppp2ppp/3b1n2/4Q3/2B5/2N5/PPP2PPP/R1B2RK1 w - -,1600-1799,4,247,e5g5,0.503125,e5e2,0.35665,False,e5g5,e5g5,True,True,True,False,False,0.3335,0.3335,0.05202886092992835,0.05202886092992835,0.0,0.0
r1bq1rk1/pppnn1bp/3p2p1/3Ppp2/2P1P3/2N1BP2/PP2B1PP/R2QNRK1 b - -,1600-1799,2,117,f5f4,0.5048076923076923,f5f4,0.95535,True,d7f6,f5f4,False,False,True,False,True,0.04465,0.95535,0.21314953555234215,0.0023429344735250448,0.23557692307692307,0.0
r1bq1rk1/pppnn1bp/3p2p1/3Ppp2/2P1P3/2N2P2/PP2B1PP/R1BQNRK1 w - f6,1600-1799,2,43,c1e3,0.56,c1e3,0.6545,False,c1e3,c1e3,True,True,True,True,True,0.6545,0.6545,0.03255438464004398,0.03255438464004398,0.0,0.0
r1bq1rk1/pppnn1bp/3p2p1/3Ppp2/2P1P3/2NN4/PP2BPPP/R1BQ1RK1 w - f6,1600-1799,2,59,f2f3,0.48863636363636365,f2f3,0.90065,True,f2f3,f2f3,True,True,True,True,True,0.90065,0.90065,0.006360464942062843,0.006360464942062843,0.0,0.0
r1bq1rk1/ppppbppp/2n5/8/2BP4/2P2N2/P4PPP/R1BQR1K1 w - -,1600-1799,9,179,f3e5,0.6333333333333333,f3e5,0.437,False,d4d5,d4d5,True,False,False,False,False,0.0086,0.0086,0.24282219870601093,0.24282219870601093,0.19147286821705423,0.19147286821705423
r1bq3r/ppp2kpp/8/3p4/1n1Pn3/1Q3N2/PP3PPP/RN2K2R w KQ d6,1600-1799,2,580,f3e5,0.6153846153846154,f3e5,0.8078,True,f3e5,f3e5,True,True,True,True,True,0.8078,0.8078,0.004470086839126769,0.004470086839126769,0.0,0.0
r1bqk1nr/ppp3pp/2np4/8/4P3/2Q2N2/P4PPP/RNB2RK1 b - -,1600-1799,3,141,d8f6,0.4875,d8f6,0.68645,False,g8f6,g8f6,True,False,False,False,False,0.0003,0.0003,0.28549841449028557,0.28549841449028557,0.2567307692307692,0.2567307692307692
r1bqk2r/1p3ppp/p1np4/3Np1b1/4P3/N7/PPP2PPP/R2QKB1R w KQkq -,1600-1799,5,161,c2c3,0.56,c2c3,0.25115,False,f1d3,a3c4,False,False,False,False,False,0.20735,0.1926,0.1355983331035619,0.10009990218412079,0.06000000000000005,0.022500000000000075
r1bqk2r/4np1p/p2p1p2/1p2p3/4P3/N7/PPP2PPP/R2QKB1R w KQkq -,1600-1799,6,124,f1d3,0.6578947368421053,f1d3,0.68495,False,d1f3,c2c4,False,False,False,False,False,0.2443,0.00115,0.11870565541191591,0.359383546251041,0.09907120743034059,0.35432330827067676
r1bqk2r/5pbp/p1np1p2/1p1Np3/4P3/N7/PPP2PPP/R2QKB1R w KQkq -,1600-1799,4,175,f1d3,0.58,f1d3,0.57495,False,c2c4,c2c3,False,False,False,False,False,0.0441,0.08575,0.16207102176039925,0.12560828594462084,0.12999999999999995,0.09265822784810124
r1bqk2r/5ppp/p1np1b2/1p1Np3/4P3/N7/PPP2PPP/R2QKB1R w KQkq -,1600-1799,4,1312,c2c4,0.5985130111524164,c2c4,0.74955,False,c2c3,c2c3,True,False,False,False,False,0.03565,0.03565,0.05777706284675512,0.05777706284675512,0.050731441186546045,0.050731441186546045
r1bqk2r/p3bpp1/2p2n1p/n7/B3p3/5N2/PPPPQPPP/RNB1K2R w KQkq -,1600-1799,4,654,f3e5,0.4735576923076923,f3e5,0.98705,True,f3e5,f3e5,True,True,True,True,True,0.98705,0.98705,0.0003446027705698753,0.0003446027705698753,0.0,0.0
r1bqk2r/p4pp1/2p2n1p/n1b1N3/4p3/8/PPPPBPPP/RNBQK2R w KQkq -,1600-1799,5,222,d2d3,0.55,d2d3,0.67755,False,c2c3,e1g1,False,False,False,False,False,0.0959,0.12675,0.15222515107972512,0.13690739400710145,0.13000000000000006,0.11382978723404258
r1bqk2r/p4pp1/2p2n1p/n1b5/4p3/8/PPPPBPPP/RNBQK1NR w KQkq -,1600-1799,4,227,b1c3,0.3888888888888889,b1c3,0.44245,False,d2d4,d2d4,True,False,False,False,False,0.30645,0.30645,0.08150539301766765,0.08150539301766765,0.03888888888888892,0.03888888888888892
r1bqk2r/p4pp1/2pb1n1p/n3N3/4p3/8/PPPPBPPP/RNBQK2R w KQkq -,1600-1799,3,713,f2f4,0.5142857142857142,f2f4,0.6008,False,d2d4,d2d4,True,False,False,False,False,0.38965,0.38965,0.02836066981740824,0.02836066981740824,0.014285714285714235,0.014285714285714235
r1bqk2r/pp1n1ppp/4p3/3pP3/3Q1P2/2N5/PPP3PP/R3KB1R b KQkq -,1600-1799,2,28,d8b6,0.4722222222222222,d8b6,0.65045,False,d8b6,d8b6,True,True,True,True,True,0.65045,0.65045,0.03840930945804966,0.03840930945804966,0.0,0.0
r1bqk2r/pp4pp/2nbpn2/3p4/3P4/3B1N2/PP1N1PPP/R1BQ1RK1 w kq -,1600-1799,2,48,d2b3,0.5,d2b3,0.6638,False,d2b3,f1e1,False,True,False,True,False,0.6638,0.3362,0.03304366353928324,0.09934071160618192,0.0,0.06944444444444442
r1bqk2r/ppp2ppp/8/8/1QpPn3/5N2/PP3PPP/RN2K2R w KQkq -,1600-1799,2,169,e1g1,0.5694444444444444,e1g1,0.89645,True,e1g1,e1g1,True,True,True,True,True,0.89645,0.89645,0.004437972135174061,0.004437972135174061,0.0,0.0
r1bqk2r/ppp2ppp/8/n2n4/2BP4/1Q3N2/PP1N1PPP/R3K2R w KQkq -,1600-1799,2,95,b3a4,0.5267857142857143,b3a4,0.9636,True,b3b5,b3a4,False,False,True,False,True,0.0364,0.9636,0.17419432413469643,0.0013995765620040859,0.18063186813186816,0.0
r1bqk2r/pppp1ppp/8/3P4/2n1n3/2P2N2/P4PPP/R1BQ1RK1 w kq -,1600-1799,2,179,f1e1,0.5,f1e1,0.7739,False,f1e1,d1d4,False,True,False,True,False,0.7739,0.2261,0.01706858651326209,0.11963638040618134,0.0,0.10416666666666669
r1bqk2r/ppppnppp/5b2/3P4/2B1R3/5N2/PP3PPP/R1BQ2K1 b kq -,1600-1799,2,62,e8g8,0.8,e8g8,0.9102,True,d7d6,d7d6,True,False,False,False,False,0.0898,0.0898,0.19298862208650247,0.19298862208650247,0.22307692307692317,0.22307692307692317
r1bqkb1r/4nppp/p2p4/1p1Pp3/8/N3B3/PPP2PPP/R2QKB1R w KQkq -,1600-1799,2,89,c2c4,0.5362318840579711,c2c4,0.86305,True,c2c4,c2c4,True,True,True,True,True,0.86305,0.86305,0.008274905588352161,0.008274905588352161,0.0,0.0
r1bqkb1r/5p1p/p1np4/1p1Npp2/4P3/N7/PPP2PPP/R2QKB1R w KQkq -,1600-1799,7,226,c2c3,0.6333333333333333,c2c3,0.33415,False,f1d3,f1b5,False,False,False,False,False,0.0125,0.08425,0.18393187994402582,0.20779156513727026,0.10769230769230764,0.1333333333333333
r1bqkb1r/p2n1p2/2p1pn2/1p2P1B1/2pP4/2N5/PP3PPP/R2QKB1R w KQkq -,1600-1799,3,84,g2g3,0.6666666666666666,g2g3,0.92115,True,d1f3,g2g3,False,False,True,False,True,0.02755,0.92115,0.31473621388247336,0.005339297134557363,0.3452380952380952,0.0
r1bqnrk1/pp2bppp/2npp3/4P3/2B5/2N2N2/PP2QPPP/R1BR2K1 w - -,1600-1799,2,151,e5d6,0.6777777777777778,e5d6,0.685,False,e5d6,e5d6,True,True,True,True,True,0.685,0.685,0.02243364975746504,0.02243364975746504,0.0,0.0
r1bqnrk1/ppp1n1bp/3p2p1/2PPpp2/1P2P3/2N2N2/P3BPPP/R1BQ1RK1 w - f6,1600-1799,2,34,f3g5,0.5333333333333333,f3g5,0.634,False,f3g5,f3d2,False,True,False,True,False,0.634,0.366,0.040031497093327276,0.09571725154594797,0.0,0.05964912280701756
r1bqnrk1/ppp1n1bp/3p2p1/3Ppp2/2P1P3/2N1BP2/PP2B1PP/R2QNRK1 b - -,1600-1799,2,153,f5f4,0.572992700729927,f5f4,0.9907,True,e8f6,f5f4,False,False,True,False,True,0.0093,0.9907,0.27265772789427734,0.00043325973760639666,0.29174270072992703,0.0
r1bqnrk1/ppp1n1bp/3p2p1/3Ppp2/2P1P3/2NN4/PP2BPPP/R1BQ1RK1 w - f6,1600-1799,2,52,c1d2,0.59375,c1d2,0.6744,False,f2f3,f2f3,True,False,False,False,False,0.3256,0.3256,0.08650484122809846,0.08650484122809846,0.06597222222222221,0.06597222222222221
r1bqr1k1/2p1bpp1/p1np1n1p/1p2p3/3PP3/1BP2N1P/PP3PP1/RNBQR1K1 w - -,1600-1799,2,50,d4d5,0.75,d4d5,0.92165,True,b1d2,b1d2,True,False,False,False,False,0.07835,0.07835,0.21144908075084687,0.21144908075084687,0.23750000000000004,0.23750000000000004
r1bqr1k1/pp1n1pp1/2pb1n1p/3p4/3P3B/2NBPN2/PPQ2PPP/R3K2R w KQ -,1600-1799,2,42,e1g1,0.5483870967741935,e1g1,0.6217,False,e1g1,e1g1,True,True,True,True,True,0.6217,0.6217,0.040709242263357565,0.040709242263357565,0.0,0.0
r1bqr1k1/pp1nbpp1/2p2n1p/3p2B1/3P4/2NBPN2/PPQ2PPP/R4RK1 w - -,1600-1799,2,54,g5h4,0.5238095238095238,g5h4,0.8279,True,g5h4,g5f4,False,True,False,True,False,0.8279,0.1721,0.013924673622177978,0.1476463424619043,0.0,0.14880952380952384
r1bqr1k1/pp1nbpp1/2p2n1p/3p4/3P3B/2NBP3/PP2NPPP/R2Q1RK1 w - -,1600-1799,2,38,f2f3,0.625,f2f3,0.7351,False,f2f3,d1c2,False,True,False,True,False,0.7351,0.2649,0.024113279847075175,0.11745887753803973,0.0,0.10227272727272729
r1bqr1k1/pp1nbpp1/2p2n1p/3p4/3P3B/2NBP3/PPQ1NPPP/R3K2R w KQ -,1600-1799,2,153,e1g1,0.528169014084507,e1g1,0.68435,False,f2f3,e1g1,False,False,True,False,True,0.31565,0.68435,0.09668188707388177,0.02869098085480893,0.07362355953905247,0.0
r1bqr1k1/pp1nbpp1/2p2n1p/3p4/3P3B/2NBPN2/PP3PPP/R2Q1RK1 w - -,1600-1799,8,300,a1b1,0.6666666666666666,a1b1,0.5781,False,h2h3,d1c2,False,False,False,False,False,0.0874,0.0133,0.1492369639876867,0.1931016643731209,0.12121212121212122,0.16666666666666663
r1bqr1k1/pp1nbpp1/2p2n1p/3p4/3P3B/2NBPN2/PPQ2PPP/R3K2R w KQ -,1600-1799,3,223,e1c1,0.5434782608695652,e1c1,0.401,False,h2h3,e1g1,False,False,False,False,False,0.2984,0.3006,0.10447682705480744,0.06832242389702896,0.04347826086956519,0.006244218316373673
r1bqrnk1/pp2bppp/2p2n2/3p2B1/3P4/2NBP3/PPQ1NPPP/R4RK1 w - -,1600-1799,4,71,a1d1,0.75,a1d1,0.72505,False,f2f3,f2f3,True,False,False,False,False,0.0003,0.0003,0.4043478522100039,0.4043478522100039,0.40625,0.40625
r1bqrnk1/pp2bppp/2p2n2/3p2B1/3P4/2NBPN2/PP3PPP/2RQ1RK1 w - -,1600-1799,4,71,d1c2,0.85,d1c2,0.9666,True,d1c2,f3e5,False,True,False,True,False,0.9666,0.00095,0.0021308337077092033,0.4682178858293888,0.0,0.526470588235294
r1bqrnk1/pp2bppp/2p2n2/3p2B1/3P4/2NBPN2/PPQ2PPP/R4RK1 w - -,1600-1799,6,157,g5f6,0.6470588235294118,g5f6,0.384,False,h2h3,h2h3,True,False,False,False,False,0.04955,0.04955,0.1907146694208292,0.1907146694208292,0.12782805429864252,0.12782805429864252
r1br2k1/ppp2pbp/5np1/4p1B1/2P5/2N3P1/PP2PPBP/R4RK1 b - -,1600-1799,2,66,h7h6,0.59375,h7h6,0.97965,True,h7h6,h7h6,True,True,True,True,True,0.97965,0.97965,0.0008866109872412159,0.0008866109872412159,0.0,0.0
r1br2k1/ppp2pbp/5np1/4p3/2P1P3/2N5/PP2BPPP/R1B2RK1 w - -,1600-1799,2,105,c1g5,0.5697674418604651,c1g5,0.8112,True,c3d5,c3d5,True,False,False,False,False,0.1888,0.1888,0.10418065251113291,0.10418065251113291,0.09608323133414937,0.09608323133414937
r1q2rk1/pp2bppp/2n1pn2/3p4/3P1Bb1/1QPB1N2/PP1N1PPP/R4RK1 w - -,1600-1799,4,46,f3e5,0.9166666666666666,f3e5,0.9032,True,f1e1,a1e1,False,False,False,False,False,0.0008,0.00075,0.4871865519652403,0.4879791962495596,0.5416666666666666,0.5416666666666666
r2k3r/pppbbppp/5n2/4p1B1/8/2N5/PPP2PPP/2KR1B1R w - -,1600-1799,3,78,f1c4,0.5666666666666667,f1c4,0.6097,False,f1c4,f1c4,True,True,True,True,True,0.6097,0.6097,0.030605247188386187,0.030605247188386187,0.0,0.0
r2q1r2/pbpnnpkp/1p1pp1p1/8/3PP3/2NB1N2/PPPQ1PPP/R4RK1 w - -,1600-1799,7,126,a1d1,0.6785714285714286,a1d1,0.58195,False,h2h4,a1d1,False,False,True,False,True,0.0953,0.58195,0.16621387224828937,0.04155557648676838,0.13857142857142857,0.0
r2q1rk1/1b2bppp/p1nppn2/1pp3B1/4P3/P1NP1N1P/BPP2PP1/R2Q1RK1 w - -,1600-1799,5,284,f3h2,0.5533980582524272,d3d4,0.3241,False,d1d2,c3e2,False,False,False,False,False,0.2322,0.1461,0.08811509546795546,0.09934636163039669,0.023095027949396885,0.03487953973390867
r2q1rk1/1b2bppp/p1nppn2/1pp5/4P3/P1NP3P/BPP2PPN/R1BQ1RK1 w - -,1600-1799,2,367,h2g4,0.5873015873015873,h2g4,0.79625,False,f2f4,f2f4,True,False,False,False,False,0.20375,0.20375,0.061324838462447955,0.061324838462447955,0.056051587301587324,0.056051587301587324
r2q1rk1/1b2bppp/p1nppn2/1pp5/4P3/P1NPBN1P/BPP2PP1/R2Q1RK1 w - -,1600-1799,5,151,d3d4,0.75,d3d4,0.8683,True,f1e1,f1e1,True,False,False,False,False,0.09955,0.09955,0.20460865504806133,0.20460865504806133,0.21666666666666667,0.21666666666666667
r2q1rk1/1bp1bpp1/p1np1n1p/1p2p3/3PP3/1BP2N1P/PP3PP1/RNBQR1K1 w - -,1600-1799,2,87,b1d2,0.5384615384615384,b1d2,0.6312,False,b1d2,b1d2,True,True,True,True,True,0.6312,0.6312,0.028614635541421983,0.028614635541421983,0.0,0.0
r2q1rk1/1bp1bppp/p1np1n2/1p6/3PP3/1B3N1P/PP3PP1/RNBQR1K1 b - -,1600-1799,4,295,c6a5,0.48853211009174313,c6a5,0.4982,False,c6a5,f8e8,False,True,False,True,False,0.4982,0.02185,0.03650076178677408,0.17668911450387148,0.0,0.1464268469338484
r2q1rk1/1bp1bppp/p1np1n2/1p6/3PP3/1B3N2/PP3PPP/RNBQR1K1 w - -,1600-1799,6,209,a2a3,0.6590909090909091,a2a3,0.42865,False,b1d2,b1c3,False,False,False,False,False,0.13,0.0767,0.1198639374053457,0.12017660826236276,0.06818181818181812,0.07159090909090904
r2q1rk1/1bpnbppp/p3pn2/1p4B1/3P4/1BN1PN2/PP3PPP/R2Q1RK1 w - -,1600-1799,4,102,a1c1,0.4142857142857143,f1e1,0.3874,False,f3e5,b3c2,False,False,False,False,False,0.0169,0.2316,0.28467578173039865,0.09377955907858321,0.26428571428571435,0.03193277310924375
r2q1rk1/1bpnbppp/p3pn2/1p4B1/3P4/2NBPN2/PP3PPP/2RQ1RK1 w - -,1600-1799,5,80,e3e4,0.6818181818181818,e3e4,0.516,False,d1c2,d1c2,True,False,False,False,False,0.1386,0.1386,0.15972142925814914,0.15972142925814914,0.11931818181818177,0.11931818181818177
r2q1rk1/1bpnbppp/p3pn2/1p4B1/3P4/2NBPN2/PP3PPP/R2Q1RK1 w - -,1600-1799,6,200,a2a3,0.52,d1e2,0.3311,False,a2a3,d1c2,False,True,False,False,False,0.2882,0.0072,0.0731241908214734,0.2780362802987667,0.0,0.22000000000000003
r2q1rk1/1p1bppbp/p1np1np1/8/2PNP3/2N1B2P/PP2BPP1/R2Q1RK1 w - -,1600-1799,3,66,d1d2,0.7241379310344828,d1d2,0.7538,False,d1d2,d1d2,True,True,True,True,True,0.7538,0.7538,0.016680666946197315,0.016680666946197315,0.0,0.0
r2q1rk1/1p1bppbp/p1np1np1/8/2PNP3/2N1B3/PP1QBPPP/R4RK1 w - -,1600-1799,4,67,f1d1,0.631578947368421,f1d1,0.60705,False,f2f3,f2f3,True,False,False,False,False,0.13715,0.13715,0.15653034091877926,0.15653034091877926,0.13157894736842102,0.13157894736842102
r2q1rk1/1p1bppbp/p1np1np1/8/2PNP3/2N1B3/PP2BPPP/2RQ1RK1 w - -,1600-1799,5,117,f2f4,0.6428571428571429,f2f4,0.3913,False,d1d2,a2a3,False,False,False,False,False,0.05575,0.31,0.19493485519942702,0.08851369080071443,0.1428571428571429,0.025210084033613467
r2q1rk1/1p1bppbp/p1np1np1/8/2PNP3/2N1BP2/PP1QB1PP/R3K2R w KQ -,1600-1799,3,116,e1g1,0.6588235294117647,e1g1,0.5602,False,e1g1,e1g1,True,True,True,True,True,0.5602,0.5602,0.032691028611087955,0.032691028611087955,0.0,0.0
r2q1rk1/1p1bppbp/p1np1np1/8/2PNP3/2N1BP2/PP2B1PP/R2Q1RK1 w - -,1600-1799,7,278,g1h1,0.5882352941176471,g1h1,0.3522,False,d1d2,d1d2,True,False,False,False,False,0.07135,0.07135,0.11525633952965034,0.11525633952965034,0.040616246498599407,0.040616246498599407
r2q1rk1/1p1nbppp/p2pbn2/4p3/4P3/1NN1BP2/PPP1B1PP/R2Q1RK1 w - -,1600-1799,5,105,c3d5,0.6833333333333333,c3d5,0.96625,True,d1e1,c3d5,False,False,True,False,True,0.00935,0.96625,0.3374920041865574,0.001572749442232557,0.3619047619047619,0.0
r2q1rk1/1p1nbppp/p2pbn2/4p3/4P3/1NN1BP2/PPPQ2PP/2KR1B1R w - -,1600-1799,3,350,c1b1,0.5616438356164384,c1b1,0.5254,False,c1b1,g2g4,False,True,False,True,False,0.5254,0.24785,0.02849840544553358,0.05157652850380989,0.0,0.024388933655654088
r2q1rk1/1p1nbppp/p2pbn2/4p3/4P3/1NN1BP2/PPPQB1PP/R3K2R w KQ -,1600-1799,3,115,e1c1,0.5661764705882353,e1c1,0.9456,True,e1c1,g2g4,False,True,False,True,False,0.9456,0.02955,0.0024515100079401395,0.1904877467047423,0.0,0.1952087286527514
r2q1rk1/1p1nbppp/p2pbn2/4p3/P3P3/1NN1B3/1PP1BPPP/R2Q1RK1 w - -,1600-1799,3,50,f2f3,0.5588235294117647,f2f3,0.61845,False,f2f3,a4a5,False,True,False,True,False,0.61845,0.1275,0.038796734516634436,0.1728478874931523,0.0,0.1470588235294118
r2q1rk1/1p2bppp/p1npbn2/4p3/4P3/1NN1BP2/PPP1B1PP/R2Q1RK1 w - -,1600-1799,4,122,g1h1,0.7307692307692307,g1h1,0.7922,False,c3d5,c3d5,True,False,False,False,False,0.03425,0.03425,0.20377682912108108,0.20377682912108108,0.20993589743589736,0.20993589743589736
r2q1rk1/1p2bppp/p1npbn2/4p3/4P3/1NN1BP2/PPPQB1PP/R3K2R w KQ -,1600-1799,3,160,e1c1,0.6455696202531646,e1c1,0.5061,False,e1c1,e1c1,True,True,True,True,True,0.5061,0.5061,0.03149072525166463,0.03149072525166463,0.0,0.0
r2q1rk1/1p2bppp/p1npbn2/4p3/P3P3/1NN1B3/1PP1BPPP/R2Q1RK1 w - -,1600-1799,4,73,f2f3,0.6129032258064516,f2f3,0.4824,False,f2f3,a4a5,False,True,False,True,False,0.4824,0.151,0.04952712899695744,0.15716309975285397,0.0,0.11290322580645162
r2q1rk1/1pp2pp1/1pnpbn1p/4p3/2B1P3/P1NP1N1P/1PP2PP1/R2Q1RK1 w - -,1600-1799,3,218,c3d5,0.5168539325842697,c3d5,0.48085,False,c3d5,c4a2,False,True,False,True,False,0.48085,0.1491,0.029922738154561097,0.08390901211057644,0.0,0.05458978164087347
r2q1rk1/1pp2pp1/1pnpbn1p/4p3/2B1P3/P2P1N1P/1PP2PP1/R1BQ1RK1 w - -,1600-1799,4,235,f3d2,0.5909090909090909,f3d2,0.73955,False,c4a2,c4e6,False,False,False,False,False,0.0664,0.13055,0.16254805082357213,0.1342957295457661,0.15340909090909094,0.12369597615499256
r2q1rk1/1pp2pp1/p1npbn1p/4p3/2B1P3/P1NPPN1P/1PP3P1/R2Q1RK1 w - -,1600-1799,4,234,c4d5,0.5666666666666667,c4d5,0.4975,False,c3d5,c4e6,False,False,False,False,False,0.3466,0.1414,0.059187773777972845,0.10812401524708544,0.016666666666666607,0.06666666666666665
r2q1rk1/2p1bpp1/p1np1n1p/1p2p3/4P1b1/1BPP1N2/PP1N1PPP/R1BQR1K1 w - -,1600-1799,2,135,h2h3,0.7317073170731707,h2h3,0.98435,True,h2h3,h2h3,True,True,True,True,True,0.98435,0.98435,0.0004652458210024384,0.0004652458210024384,0.0,0.0
r2q1rk1/2p1bppp/p1np1n2/1p2p2b/3PP3/1BP2N1P/PP3PP1/RNBQR1K1 w - -,1600-1799,7,193,c1e3,0.78125,c1e3,0.81975,True,c1e3,g2g4,False,True,False,True,False,0.81975,0.05745,0.012908458492625044,0.2024151051732495,0.0,0.2098214285714286
r2q1rk1/2p1bppp/p1np1n2/1p2p2b/4P3/1BPP1N1P/PP3PP1/RNBQR1K1 w - -,1600-1799,3,289,b1d2,0.6652719665271967,b1d2,0.88545,True,b1d2,b1d2,True,True,True,True,True,0.88545,0.88545,0.004361687809796185,0.004361687809796185,0.0,0.0
r2q1rk1/2p1bppp/p1np1n2/1p2p2b/B3P3/2PP1N1P/PP1N1PP1/R1BQR1K1 w - b6,1600-1799,2,240,a4c2,0.6018518518518519,a4c2,0.57315,False,a4c2,a4c2,True,True,True,True,True,0.57315,0.57315,0.019312107559192104,0.019312107559192104,0.0,0.0
r2q1rk1/2p1bppp/p1np1n2/1p2p3/3PP3/1BP2b1P/PP3PP1/RNBQR1K1 w - -,1600-1799,2,113,d1f3,0.4178082191780822,d1f3,0.8654,True,g2f3,g2f3,True,False,False,False,False,0.1346,0.1346,0.1067395115785178,0.1067395115785178,0.1053082191780822,0.1053082191780822
r2q1rk1/2p1bppp/p1np1n2/1p6/3PP1b1/1B3N2/PP3PPP/RNBQR1K1 w - -,1600-1799,8,354,d1d3,0.6458333333333334,d1d3,0.5572,False,c1e3,h2h3,False,False,False,False,False,0.1645,0.0012,0.10566842880074113,0.22913044478943215,0.07440476190476197,0.20138888888888895
r2q1rk1/3nppbp/b2p1np1/2pP4/8/2N2NP1/PP2PPBP/R1BQ1RK1 w - -,1600-1799,6,494,a1b1,0.5540540540540541,a1b1,0.4416,False,d1c2,a1b1,False,False,True,False,True,0.00585,0.4416,0.2290799693130672,0.05489167323719293,0.17905405405405406,0.0
r2q1rk1/4ppbp/n2p1np1/2pP4/4P3/2N2N2/PP3PPP/R1BQ1RK1 w - -,1600-1799,6,120,a2a4,0.5769230769230769,a2a4,0.6016,False,c1g5,a2a4,False,False,True,False,True,0.1951,0.6016,0.1377596088733495,0.040311864702648664,0.10633484162895923,0.0
r2q1rk1/p1p1b1pp/2pppn2/6B1/4P3/2N5/PPP2PPP/R2Q1RK1 w - -,1600-1799,7,159,e4e5,0.6333333333333333,e4e5,0.56905,False,d1e2,d1e2,True,False,False,False,False,0.12565,0.12565,0.1475843275226526,0.1475843275226526,0.11333333333333329,0.11333333333333329
r2q1rk1/p1p1bppp/2pp1n2/6B1/4P3/2N5/PPP2PPP/R2Q1RK1 w - -,1600-1799,9,756,d1d3,0.6666666666666666,d1d3,0.51085,False,d1d3,d1e2,False,True,False,True,False,0.51085,0.12125,0.04511551013957734,0.11343697659386817,0.0,0.08012820512820507
r2q1rk1/p1p1bppp/2pp1n2/6B1/4P3/8/PPP2PPP/RN1QR1K1 w - -,1600-1799,5,157,c2c4,0.65,c2c4,0.59455,False,b1c3,b1c3,True,False,False,False,False,0.01455,0.01455,0.20810236010287664,0.20810236010287664,0.18370786516853937,0.18370786516853937
r2q1rk1/p1p1bppp/2pp1n2/8/4P3/2N5/PPP2PPP/R1BQR1K1 w - -,1600-1799,7,619,h2h3,0.7105263157894737,h2h3,0.6865,False,c1f4,b2b3,False,False,False,False,False,0.2958,0.00015,0.06713094073158611,0.2742779147546138,0.06052631578947365,0.2711323763955343
r2q1rk1/p1p1bppp/2pp1n2/8/4PB2/2N5/PPP2PPP/R2Q1RK1 w - -,1600-1799,4,142,e4e5,0.6111111111111112,e4e5,0.4282,False,d1f3,d1e2,False,False,False,False,False,0.1834,0.0157,0.12477007010854986,0.2523446677506244,0.07986111111111116,0.216374269005848
r2q1rk1/p1p1bppp/2pp1n2/8/4PP2/2N5/PPP3PP/R1BQ1RK1 w - -,1600-1799,6,244,d1f3,0.6458333333333334,d1f3,0.50005,False,c1e3,d1f3,False,False,True,False,True,0.1356,0.50005,0.10556704618769788,0.037267716403285044,0.06974637681159424,0.0
r2q1rk1/p1pb1ppp/2p5/2bpP3/3Nn3/2P5/PP3PPP/RNBQ1RK1 w - -,1600-1799,3,103,b1d2,0.5166666666666667,b1d2,0.5132,False,f2f3,f2f3,True,False,False,False,False,0.1622,0.1622,0.10738548179153634,0.10738548179153634,0.06666666666666671,0.06666666666666671
r2q1rk1/p1pb1ppp/2p5/2bpP3/3Nn3/4B3/PPP2PPP/RN1Q1RK1 w - -,1600-1799,3,150,f2f3,0.48295454545454547,f2f3,0.45705,False,b1d2,f2f3,False,False,True,False,True,0.22725,0.45705,0.0820184378330187,0.043526677846254413,0.03851010101010105,0.0
r2q1rk1/pb1nbpp1/1pp1pn1p/3p4/2PP3B/2NBPN2/PP3PPP/2RQ1RK1 w - -,1600-1799,2,39,c4d5,0.6071428571428571,c4d5,0.9712,True,c4d5,c4d5,True,True,True,True,True,0.9712,0.9712,0.0017736911219637353,0.0017736911219637353,0.0,0.0
r2q1rk1/pb1nbppp/1p2pn2/3p2B1/3P4/2NBPN2/PP3PPP/2RQ1RK1 w - -,1600-1799,4,88,a2a3,0.5833333333333334,a2a3,0.4752,False,c3b5,h2h3,False,False,False,False,False,0.2394,0.14,0.09993892277081351,0.1620701505582651,0.04885057471264376,0.1166666666666667
r2q1rk1/pb1nbppp/1p3n2/2pp2B1/3P4/2NBPN2/PP3PPP/2RQ1RK1 w - c6,1600-1799,2,53,d3b1,0.48,d3b1,0.60565,False,d4c5,d4c5,True,False,False,False,False,0.39435,0.39435,0.06745719193181426,0.06745719193181426,0.03357142857142853,0.03357142857142853
r2q1rk1/pb1nbppp/1pn1p3/2ppP3/8/3P1NP1/PPP2PBP/R1BQRNK1 w - -,1600-1799,2,43,h2h4,0.5909090909090909,h2h4,0.87845,True,c1f4,h2h4,False,False,True,False,True,0.12155,0.87845,0.18492379636853185,0.009083610701557564,0.19090909090909092,0.0
r2q1rk1/pb1nbppp/2p1pn2/1p4B1/3P4/2NBPN2/PP3PPP/R2Q1RK1 w - -,1600-1799,6,169,d1c2,0.5555555555555556,d1c2,0.32235,False,d1e2,a1c1,False,False,False,False,False,0.0898,0.16805,0.2138677603629813,0.0948590735666033,0.15555555555555556,0.023809523809523836
r2q1rk1/pb1p1ppp/2p2b2/4p3/2B1P3/2N5/PPP2PPP/R2Q1RK1 w - -,1600-1799,6,89,d1d6,0.6136363636363636,a2a3,0.2758,False,f1e1,d1d3,False,False,False,False,False,0.1382,0.0419,0.17015271364276371,0.2509511394217166,0.06818181818181823,0.15909090909090912
r2q1rk1/pbp1bppp/1p2pn2/6B1/3P4/2PB1N2/PP3PPP/R2Q1RK1 w - -,1600-1799,4,101,f1e1,0.5681818181818182,f1e1,0.7201,False,f3e5,f1e1,False,False,True,False,True,0.01475,0.7201,0.22678826283738407,0.025827964248686247,0.2096912521440824,0.0
r2q1rk1/pbpnbpp1/1p2pn1p/8/2BP3B/2N1PN2/PP3PPP/R2Q1RK1 w - -,1600-1799,7,154,f1e1,0.5208333333333334,f1e1,0.2861,False,d1e2,d1e2,True,False,False,False,False,0.0749,0.0749,0.2004147657637459,0.2004147657637459,0.12083333333333335,0.12083333333333335
r2q1rk1/pbpnbpp1/1p3n1p/3p4/3P3B/2NBPN2/PP3PPP/R2Q1RK1 w - -,1600-1799,5,117,a2a3,0.5277777777777778,a2a3,0.3315,False,a1c1,d1c2,False,False,False,False,False,0.0819,0.1751,0.1465071646064988,0.14181922054495577,0.061676082862523574,0.05902777777777779
r2q1rk1/pbpnnppp/1p2p3/8/3P4/2NBPN2/PP3PPP/R2Q1RK1 w - -,1600-1799,4,89,d3e4,0.6923076923076923,d3e4,0.9143,True,d3e4,d3e4,True,True,True,True,True,0.9143,0.9143,0.005801354545176151,0.005801354545176151,0.0,0.0
r2q1rk1/pp1bppbp/3p1np1/4n3/3NP3/1BN1BP2/PPPQ2PP/R3K2R w KQ -,1600-1799,4,233,e3h6,0.7333333333333333,e3h6,0.8494,True,g2g4,e1c1,False,False,False,False,False,0.0248,0.12315,0.26206758187460366,0.10479017276509296,0.269047619047619,0.10833333333333328
r2q1rk1/pp1bppbp/3p1np1/8/3BP3/1BN2P2/PPPQ2PP/R3K2R b KQ -,1600-1799,2,34,b7b5,0.6086956521739131,b7b5,0.9879,True,b7b5,b7b5,True,True,True,True,True,0.9879,0.9879,0.0007448172964065771,0.0007448172964065771,0.0,0.0
r2q1rk1/pp1n1pp1/2pb1n1p/3p2B1/3P2b1/2PB1N2/PPQN1PPP/R4RK1 w - -,1600-1799,2,206,g5f6,0.5277777777777778,g5f6,0.5013,False,g5f6,g5h4,False,True,False,True,False,0.5013,0.4987,0.0426367255779001,0.04150991395324081,0.0,0.0011820330969267712
r2q1rk1/pp1n1pp1/2pb1n1p/3p4/3P2bB/2PB1N2/PP1N1PPP/R2Q1RK1 w - -,1600-1799,5,334,d1c2,0.5234042553191489,d1c2,0.37875,False,h2h3,h2h3,True,False,False,False,False,0.0178,0.0178,0.20040727813419645,0.20040727813419645,0.16133528980190753,0.16133528980190753
r2q1rk1/pp1n1ppp/2pb1n2/3p2B1/3P4/2NB1Q1P/PPP2PP1/R4RK1 w - -,1600-1799,4,156,d3f5,0.4722222222222222,d3f5,0.4851,False,c3e2,c3e2,True,False,False,False,False,0.1962,0.1962,0.1055763366212142,0.1055763366212142,0.055555555555555525,0.055555555555555525
r2q1rk1/pp1n1ppp/2pb1n2/3p2Bb/3P4/2N2N1P/PPP1BPP1/R2Q1RK1 w - -,1600-1799,8,574,f3h2,0.43859649122807015,f3h2,0.35165,False,f3d2,f3h4,False,False,False,False,False,0.044,0.28795,0.15509679113374172,0.06629431690313492,0.12041467304625197,0.02683178534571723
r2q1rk1/pp1n1ppp/2pb1n2/3p2Bb/3P4/2NB1N1P/PPP2PP1/R2QR1K1 w - -,1600-1799,7,559,d1d2,0.5606060606060606,d1d2,0.7593,False,d1d2,g2g4,False,True,False,True,False,0.7593,0.0003,0.017964169770977534,0.2463715861855977,0.0,0.23229280759401238
r2q1rk1/pp1n1ppp/2pb1n2/3p2Bb/3P4/2P2N1P/PP1NBPP1/R2Q1RK1 w - -,1600-1799,5,134,f3h4,0.5416666666666666,f3h4,0.73095,False,f3h4,f1e1,False,True,False,True,False,0.73095,0.19155,0.02353803898298613,0.12768636964016314,0.0,0.10897435897435892
r2q1rk1/pp1n1ppp/2pb1n2/3p2Bb/3P4/2PB1N1P/PP1N1PP1/R2Q1RK1 w - -,1600-1799,4,723,d1b3,0.5588235294117647,d1b3,0.6935,False,d1c2,d1c2,True,False,False,False,False,0.038,0.038,0.10611429604607032,0.10611429604607032,0.08818132757690234,0.08818132757690234
r2q1rk1/pp1n1ppp/2pb1n2/3p2Bb/3P4/3B1N1P/PPPN1PP1/R2QR1K1 w - -,1600-1799,4,193,g2g4,0.5,g2g4,0.5976,False,c2c4,c2c4,True,False,False,False,False,0.30035,0.30035,0.08844765240382826,0.08844765240382826,0.05555555555555558,0.05555555555555558
r2q1rk1/pp1nbpp1/2p1bn1p/3p4/3P3B/2NBP3/PPQ1NPPP/R3K2R w KQ -,1600-1799,2,57,e1g1,0.48863636363636365,e1g1,0.56625,False,e2f4,e2f4,True,False,False,False,False,0.43375,0.43375,0.06955895812345222,0.06955895812345222,0.027097902097902082,0.027097902097902082
r2q1rk1/pp1nbpp1/2p2n1p/3p4/3P2bB/2NBPN2/PP3PPP/R2Q1RK1 w - -,1600-1799,3,110,a1c1,0.5384615384615384,a1c1,0.5473,False,h2h3,h2h3,True,False,False,False,False,0.42915,0.42915,0.06025364869235725,0.06025364869235725,0.018724696356275272,0.018724696356275272
r2q1rk1/pp1nbppp/2p2n2/3p2B1/3P4/2NQPN2/PP3PPP/R4RK1 w - -,1600-1799,6,210,a1b1,0.5476190476190477,a1b1,0.407,False,a1b1,h2h3,False,True,False,True,False,0.407,0.25705,0.060935840027854224,0.08731549362687836,0.0,0.029761904761904767
r2q1rk1/pp1nbppp/2p2n2/3p2Bb/3P4/2N1PN1P/PP2BPP1/R2Q1RK1 w - -,1600-1799,5,97,d1c2,0.5909090909090909,d1c2,0.582,False,d1c2,a1c1,False,True,False,True,False,0.582,0.1435,0.04639937726932884,0.14630064048310581,0.0,0.11090909090909096
r2q1rk1/pp1nbppp/2p2n2/3p2Bb/3P4/2NB1N1P/PPP2PP1/R2QR1K1 w - -,1600-1799,6,198,e1e3,0.5555555555555556,e1e3,0.6253,False,d1d2,e1e3,False,False,True,False,True,0.1642,0.6253,0.16849556106087588,0.037358294372779856,0.14646464646464646,0.0
r2q1rk1/pp1nbppp/2p2n2/3p2Bb/3P4/2NBPN1P/PP3PP1/R2Q1RK1 w - -,1600-1799,7,260,d1c2,0.55,d1c2,0.53955,False,d1c2,a1b1,False,True,False,True,False,0.53955,0.31655,0.04737783859975476,0.09308080098876476,0.0,0.050000000000000044
r2q1rk1/pp1nbppp/2p2n2/3p2Bb/3P4/2PB1N1P/PP1N1PP1/R2Q1RK1 w - -,1600-1799,3,150,f1e1,0.5555555555555556,f1e1,0.46175,False,d1c2,d1c2,True,False,False,False,False,0.11495,0.11495,0.12756260418140808,0.12756260418140808,0.06805555555555559,0.06805555555555559
r2q1rk1/pp1nppbp/2p2np1/8/2BP4/2N1PQ1P/PP3PP1/R1B2RK1 w - -,1600-1799,4,66,e3e4,0.6590909090909091,e3e4,0.6899,False,f1d1,f1d1,True,False,False,False,False,0.213,0.213,0.1397880725654229,0.1397880725654229,0.12062937062937062,0.12062937062937062
r2q1rk1/pp2bpp1/2n1pn1p/3p2B1/3P2b1/2PB1N2/PPQN1PPP/R4RK1 w - -,1600-1799,3,168,g5f6,0.6153846153846154,g5f6,0.7498,False,g5h4,g5f6,False,False,True,False,True,0.0533,0.7498,0.13752118434874464,0.017128186894142534,0.12757973733583494,0.0
r2q1rk1/pp2bppp/2n1pn2/1B1p2B1/3P4/2N2Q1P/PPP2PP1/R4RK1 w - -,1600-1799,8,273,c3e2,0.5555555555555556,c3e2,0.4566,False,c3e2,b5c6,False,True,False,True,False,0.4566,0.01075,0.06419534002417472,0.2163804941131579,0.0,0.15674603174603174
r2q1rk1/pp2bppp/2n1pn2/3p2Bb/3P4/2P2N1P/PP1NBPP1/R2Q1RK1 w - -,1600-1799,6,184,d1c2,0.725,d1c2,0.7198,False,d1c2,f1e1,False,True,False,True,False,0.7198,0.16595,0.02074602868825671,0.11283001781409352,0.0,0.10304878048780486
r2q1rk1/pp2bppp/2n1pn2/3p2Bb/3P4/2PB1N1P/PP1N1PP1/R2Q1RK1 w - -,1600-1799,4,281,d1c2,0.517948717948718,d1c2,0.393,False,f1e1,f1e1,True,False,False,False,False,0.14695,0.14695,0.10296525261535314,0.10296525261535314,0.06340326340326347,0.06340326340326347
r2q1rk1/pp2bppp/2n1pn2/3p3b/3P1B2/2PB1N1P/PP1N1PP1/R2Q1RK1 w - -,1600-1799,3,92,f1e1,0.5,f1e1,0.6403,False,d1b3,f1e1,False,False,True,False,True,0.13855,0.6403,0.1603188023414388,0.03208890233020829,0.14285714285714285,0.0
r2q1rk1/pp2ppbp/1nnp2p1/8/2PP2b1/1PN1BN2/P3BPPP/R2QK2R w KQ -,1600-1799,3,90,e1g1,0.627906976744186,e1g1,0.5311,False,a1c1,h2h3,False,False,False,False,False,0.03315,0.43575,0.19782560587493095,0.059172730618639625,0.16124031007751938,0.010259917920656614
r2q1rk1/pp2ppbp/1nnp2p1/8/2PP2b1/2N1BN2/PP2BPPP/R2Q1RK1 w - -,1600-1799,6,315,b2b3,0.5163934426229508,b2b3,0.84165,True,b2b3,b2b3,True,True,True,True,True,0.84165,0.84165,0.008267571394290418,0.008267571394290418,0.0,0.0
r2q1rk1/pp2ppbp/1nnp2p1/8/2PP2b1/2NBBN2/PP3PPP/R2Q1RK1 w - -,1600-1799,3,108,h2h3,0.5263157894736842,h2h3,0.7942,False,h2h3,h2h3,True,True,True,True,True,0.7942,0.7942,0.01253564027092622,0.01253564027092622,0.0,0.0
r2q1rk1/pp2ppbp/2n3p1/2p5/2BPP1b1/2P1BN2/P4PPP/R2Q1RK1 w - -,1600-1799,4,109,d4d5,0.43902439024390244,c4e2,0.34055,False,d4d5,d4d5,True,True,True,False,False,0.3033,0.3033,0.07616867734057214,0.07616867734057214,0.0,0.0
r2q1rk1/pp2ppbp/2n3p1/2p5/2BPP1b1/2P1BP2/P3N1PP/R2Q1RK1 b - -,1600-1799,3,116,c5d4,0.5227272727272727,c5d4,0.63915,False,c6a5,c5d4,False,False,True,False,True,0.24795,0.63915,0.08357699429857451,0.02770474673335263,0.058441558441558406,0.0
r2q1rk1/pp2ppbp/3p1np1/2p5/3nPP2/2NP1QPP/PPP3B1/R1B2RK1 w - -,1600-1799,2,44,f3d1,0.5263157894736842,f3d1,0.6708,False,f3d1,f3f2,False,True,False,True,False,0.6708,0.3292,0.02934672402245757,0.09145832349268435,0.0,0.06631578947368416
r2q1rk1/pp2ppbp/3p1np1/2pPn3/2P1P3/2NB1Q1P/PP3PP1/R1B2RK1 w - -,1600-1799,2,188,f3e2,0.5181818181818182,f3e2,0.83065,True,f3e2,f3d1,False,True,False,True,False,0.83065,0.16935,0.00932433237649168,0.10903876378033378,0.0,0.10513833992094862
r2q1rk1/pp2ppbp/3pbnp1/8/2BBP3/2N2P2/PPPQ2PP/R3K2R w KQ -,1600-1799,3,66,c3d5,0.5909090909090909,c3d5,0.5263,False,c4b3,c4e6,False,False,False,False,False,0.4501,0.0236,0.07685527029563707,0.237415199130927,0.019480519480519543,0.188470066518847
r2q1rk1/pp2ppbp/3pbnp1/8/2PBP3/2N5/PP2BPPP/R2Q1RK1 w - -,1600-1799,5,78,a1c1,0.8125,a1c1,0.6508,False,d1d2,b2b3,False,False,False,False,False,0.0167,0.05705,0.2830453530085448,0.17377444684314147,0.27083333333333337,0.1546052631578947
r2q1rk1/pp2ppbp/3pbnp1/8/3BP1P1/2N2P2/PPPQ3P/R3KB1R w KQ -,1600-1799,2,64,e1c1,0.4230769230769231,e1c1,0.77805,False,h2h4,h2h4,True,False,False,False,False,0.22195,0.22195,0.1056383086525986,0.1056383086525986,0.09412955465587042,0.09412955465587042
r2q1rk1/pp2ppbp/3pbnp1/8/3BP3/2N2P2/PPPQB1PP/R3K2R w KQ -,1600-1799,2,56,e1c1,0.5,e1c1,0.56255,False,g2g4,g2g4,True,False,False,False,False,0.43745,0.43745,0.06076110085378359,0.06076110085378359,0.021739130434782594,0.021739130434782594
r2q1rk1/pp3ppp/2n1bn2/2bp2B1/8/2N2NP1/PP2PPBP/R2Q1RK1 w - -,1600-1799,3,58,e2e3,0.5384615384615384,e2e3,0.5288,False,e2e3,g5f6,False,True,False,True,False,0.5288,0.20655,0.05352036160706708,0.12308068482153074,0.0,0.07549857549857547
r2q1rk1/pp3ppp/2n2n2/1Bbp3b/8/2N1PN1P/PP3PP1/R1BQ1RK1 w - -,1600-1799,3,108,a2a3,0.5833333333333334,a2a3,0.6416,False,b5e2,b5e2,True,False,False,False,False,0.3306,0.3306,0.07731807840710199,0.07731807840710199,0.05434782608695654,0.05434782608695654
r2q1rk1/pp3ppp/2nbpn2/3p3b/3P4/2PB1N1P/PP1N1PP1/R1BQR1K1 w - -,1600-1799,2,96,d1c2,0.5645161290322581,d1c2,0.85125,True,d2f1,d2f1,True,False,False,False,False,0.14875,0.14875,0.11426462907926062,0.11426462907926062,0.11066997518610427,0.11066997518610427
r2q1rk1/ppp1b1pp/3ppn2/6B1/3QP3/2N5/PPP2PPP/2KR3R w - -,1600-1799,6,296,e4e5,0.6274509803921569,e4e5,0.49295,False,e4e5,e4e5,True,True,True,True,True,0.49295,0.49295,0.033641731900911395,0.033641731900911395,0.0,0.0
r2q1rk1/ppp1b1pp/3ppn2/6B1/3QP3/2N5/PPP2PPP/R4RK1 w - -,1600-1799,7,414,e4e5,0.5752688172043011,e4e5,0.5863,False,e4e5,e4e5,True,True,True,True,True,0.5863,0.5863,0.02215302580412627,0.02215302580412627,0.0,0.0
r2q1rk1/ppp1bpp1/3pbn1p/8/2BQP2B/2N5/PPP2PPP/R4RK1 w - -,1600-1799,4,136,a1d1,0.575,a1d1,0.40585,False,a1d1,a1d1,True,True,True,True,True,0.40585,0.40585,0.05468972728273187,0.05468972728273187,0.0,0.0
r2q1rk1/ppp1bppp/2b2n2/4Q1B1/8/2N2N2/PPP2PPP/2KR3R b - -,1600-1799,3,228,e7d6,0.3872549019607843,e7d6,0.6986,False,d8e8,e7d6,False,False,True,False,True,0.0721,0.6986,0.09942994675483356,0.02209572259162683,0.07855924978687129,0.0
r2q1rk1/ppp1bppp/3p1n2/6B1/2Q1P3/2N5/PPP2PPP/R4RK1 w - -,1600-1799,4,156,a1d1,0.67,a1d1,0.64795,False,a1d1,a1d1,True,True,True,True,True,0.64795,0.64795,0.022322166493834256,0.022322166493834256,0.0,0.0
r2q1rk1/ppp2pp1/2np1n1p/8/2BPP1b1/2N2N2/PPP3PP/R2Q1RK1 w - -,1600-1799,4,84,d1d2,0.7333333333333333,d1d2,0.86615,True,d1d2,h2h3,False,True,False,True,False,0.86615,0.0717,0.009545636498380819,0.20269428905479367,0.0,0.2148148148148148
r2q1rk1/ppp2ppp/1nnp1b2/8/2PP2b1/1P3N2/PB2BPPP/RN1Q1RK1 w - -,1600-1799,5,113,h2h3,0.5657894736842105,h2h3,0.4596,False,b1a3,b1a3,True,False,False,False,False,0.0723,0.0723,0.1759311798350555,0.1759311798350555,0.13397129186602869,0.13397129186602869
r2q1rk1/ppp2ppp/1nnp1b2/8/2PP2b1/1PN1BN2/P3BPPP/R2Q1RK1 b - -,1600-1799,2,52,f8e8,0.5975609756097561,f8e8,0.92085,True,d6d5,d6d5,True,False,False,False,False,0.07915,0.07915,0.22120762549304368,0.22120762549304368,0.23392461197339243,0.23392461197339243
r2q1rk1/ppp2ppp/2np1n2/8/2BPP1b1/5N2/PP1N1PPP/R2QR1K1 w - -,1600-1799,6,306,d1b3,0.5865384615384616,d1b3,0.43875,False,d1c2,h2h3,False,False,False,False,False,0.18785,0.0981,0.07855575205169849,0.08678322590252811,0.039663461538461564,0.04807692307692313
r2q1rk1/ppp3p1/1bnppn1p/4p3/1P2P3/P1NP1N1P/2P2PP1/R1BQ1RK1 w - -,1600-1799,4,74,c1b2,0.5277777777777778,c1b2,0.5065,False,c1b2,c3a4,False,True,False,True,False,0.5065,0.2219,0.05380254194559862,0.11419221869453283,0.0,0.06349206349206349
r2q3r/ppp2k1p/2npb1p1/8/2QpP3/8/PPP2PPP/RNB1K2R w KQ -,1600-1799,3,189,c4e2,0.512987012987013,c4e2,0.53785,False,c4b5,c4e2,False,False,True,False,True,0.3582,0.53785,0.06731965428136757,0.03442592039687774,0.034726143421795586,0.0
r2qk1nr/1p1bbppp/p1np4/4p3/2B1PB2/2N2N2/PP2QPPP/R2R2K1 w kq -,1600-1799,2,48,f4e3,0.5333333333333333,f4e3,0.8344,True,f4e3,f4e3,True,True,True,True,True,0.8344,0.8344,0.012352040368710343,0.012352040368710343,0.0,0.0
r2qk1nr/p2b1pbp/4p1p1/1B1p4/8/2N5/PPP2PPP/R1BQ1RK1 w kq -,1600-1799,6,221,c1f4,0.4642857142857143,c1f4,0.5196,False,c1f4,f1e1,False,True,False,True,False,0.5196,0.1057,0.0487133928953195,0.14690901041657062,0.0,0.10221674876847292
r2qk2r/1b1nbppp/p1p1pn2/1p4B1/3P4/2NBPN2/PP3PPP/R2Q1RK1 w kq -,1600-1799,7,152,d1e2,0.6,d1e2,0.4787,False,e3e4,a1c1,False,False,False,False,False,0.0065,0.03355,0.3234324783910792,0.1902023205723381,0.28421052631578947,0.13773584905660374
r2qk2r/1b1nbppp/p2ppn2/1p6/3NP3/P1N1BP2/1PP1B1PP/R2Q1RK1 w kq -,1600-1799,4,90,d1e1|d4b3,0.5,d4b3,0.4808,False,g1h1,g1h1,True,False,False,False,False,0.03635,0.03635,0.24367784790199257,0.24367784790199257,0.18181818181818182,0.18181818181818182
r2qk2r/1p3ppp/p1npbb2/3Np3/4P3/N7/PPP2PPP/R2QKB1R w KQkq -,1600-1799,5,291,d5f6,0.6964285714285714,d5f6,0.60595,False,f1c4,a3c4,False,False,False,False,False,0.0085,0.17205,0.25360225565863753,0.09689175756044524,0.23809523809523808,0.07447735191637628
r2qk2r/3nbppp/p2pbn2/1p2p3/4P3/1NN1BP2/PPPQ2PP/2KR1B1R w kq b6,1600-1799,3,125,c1b1|c3d5,0.5,c3d5,0.47275,False,c3d5,g2g4,False,True,False,True,False,0.47275,0.061,0.06469368416118139,0.15671138414825855,0.0,0.09523809523809523
r2qk2r/p1p1bpp1/2pp1n1p/6B1/4P3/2N5/PPP2PPP/R2Q1RK1 w kq -,1600-1799,2,108,g5f6,0.5,g5f6,0.53515,False,g5h4,g5h4,True,False,False,False,False,0.46485,0.46485,0.04857452171354542,0.04857452171354542,0.011494252873563204,0.011494252873563204
r2qk2r/p1p1bppp/2p2n2/4p3/8/8/PPP2PPP/RNBQR1K1 w kq -,1600-1799,2,109,d1d8,0.520618556701031,d1d8,0.5595,False,b1c3,d1d8,False,False,True,False,True,0.4405,0.5595,0.06195774815893594,0.04183262786206199,0.020618556701030966,0.0
r2qk2r/p1pb1ppp/1bp5/3pP3/3Nn3/4B3/PPP2PPP/RN1Q1RK1 w kq -,1600-1799,2,56,f2f3,0.45,f2f3,0.836,True,f2f3,b1d2,False,True,False,True,False,0.836,0.164,0.011716505418043798,0.13384900357707596,0.0,0.1375
r2qk2r/p1pb1ppp/2p5/2bpP1n1/3N4/5P2/PPP3PP/RNBQ1RK1 w kq -,1600-1799,2,212,c1e3,0.5882352941176471,c1e3,0.75345,False,f3f4,f3f4,True,False,False,False,False,0.24655,0.24655,0.05900490729822442,0.05900490729822442,0.05004084967320266,0.05004084967320266
r2qk2r/p1pbbppp/2p5/2npP3/3N4/5P2/PPP3PP/RNBQ1RK1 w kq -,1600-1799,3,51,f3f4,0.5357142857142857,f3f4,0.8955,True,c1e3,f3f4,False,False,True,False,True,0.00635,0.8955,0.3534339510067938,0.0082836304404599,0.38186813186813184,0.0
r2qk2r/p2bbppp/2Q2n2/4p1N1/8/8/PPPP1PPP/RNB1K2R w KQkq -,1600-1799,3,391,c6f3,0.43103448275862066,c6f3,0.8953,True,c6f3,c6f3,True,True,True,True,True,0.8953,0.8953,0.0028404911410303104,0.0028404911410303104,0.0,0.0
r2qk2r/p2bbppp/4pn2/1B1p2B1/8/2N5/PPP2PPP/R2Q1RK1 w kq -,1600-1799,4,98,b5d7,0.575,b5d7,0.77135,False,b5d7,d1e2,False,True,False,True,False,0.77135,0.1644,0.016598465532364638,0.14659278669254988,0.0,0.13749999999999996
r2qk2r/p3bppp/2pp1n2/4p1B1/4P3/2N5/PPP2PPP/R2Q1RK1 w kq -,1600-1799,6,119,d1e2,0.75,d1e2,0.3825,False,d1d2,g5f6,False,False,False,False,False,0.29965,0.00465,0.09475809375285844,0.3246810598501104,0.019230769230769273,0.27380952380952384
r2qk2r/p3bppp/2pppn2/6B1/4P3/2N5/PPP2PPP/R2Q1RK1 w kq -,1600-1799,6,126,e4e5,0.6666666666666666,e4e5,0.55745,False,f1e1,d1f3,False,False,False,False,False,0.02295,0.06035,0.22399097134179366,0.19569484248354596,0.196078431372549,0.16666666666666663
r2qk2r/p3ppbp/2pp1np1/6B1/4P3/2N5/PPP2PPP/R2Q1RK1 w kq -,1600-1799,5,123,d1f3,0.5192307692307693,d1f3,0.41635,False,d1f3,d1d2,False,True,False,True,False,0.41635,0.15935,0.05940791246069716,0.10920004164171371,0.0,0.0525641025641026
r2qk2r/p3ppbp/2pp1np1/8/4P3/2N1B3/PPP2PPP/R2Q1RK1 w kq -,1600-1799,5,103,e3d4,0.6153846153846154,e3d4,0.64245,False,e4e5,d1d2,False,False,False,False,False,0.1521,0.12275,0.18271794173807,0.1569260692033948,0.1653846153846154,0.13262599469496023
r2qk2r/pp1n1ppp/2pbpn2/8/3P4/2PQ1NN1/PP3PPP/R1B2RK1 w kq -,1600-1799,3,142,g3e4,0.5483870967741935,g3e4,0.6911,False,f1e1,f1e1,True,False,False,False,False,0.2313,0.2313,0.09340038048984456,0.09340038048984456,0.07695852534562209,0.07695852534562209
r2qk2r/pp1nbppp/2p1pn2/6B1/3P4/3Q1NN1/PPP2PPP/R4RK1 w kq -,1600-1799,6,237,c2c3,0.5394736842105263,c2c3,0.45575,False,f1e1,c2c4,False,False,False,False,False,0.1308,0.3101,0.09514300020542414,0.06696556722259495,0.05396643783371474,0.025187969924812093
r2qk2r/pp1nbppp/2p1pn2/8/3P4/3Q1NN1/PPP2PPP/R1B1R1K1 w kq -,1600-1799,5,112,c1g5,0.5555555555555556,c1g5,0.3415,False,c1g5,c1f4,False,True,False,True,False,0.3415,0.3189,0.07303893649398005,0.08025107777961495,0.0,0.007936507936507908
r2qk2r/pp2bppp/2n1b3/3pPp2/3P4/2N2N2/PP3PPP/R1BQ1RK1 w kq -,1600-1799,4,97,a2a3,0.6140350877192983,a2a3,0.53145,False,d1b3,d1b3,True,False,False,False,False,0.09165,0.09165,0.1924065768989741,0.1924065768989741,0.15948963317384374,0.15948963317384374
r2qk2r/pp2bppp/2n1p3/3n3b/3P4/2N2N1P/PP2BPP1/R1BQ1RK1 w kq -,1600-1799,4,75,c3d5,0.5789473684210527,c3d5,0.8194,True,a2a3,f3e5,False,False,False,False,False,0.14205,0.00035,0.17017956355492492,0.41389536342934125,0.16718266253869973,0.4267734553775744
r2qk2r/pp2bppp/2n1pn2/8/3P2b1/2N1BN2/PP2BPPP/R2Q1RK1 w kq -,1600-1799,2,40,d1b3,0.8636363636363636,d1b3,0.9648,True,h2h3,h2h3,True,False,False,False,False,0.0352,0.0352,0.24006568606955206,0.24006568606955206,0.27742946708463956,0.27742946708463956
r2qk2r/pp2bppp/2p1pn2/8/3P2b1/2PB1N2/PP3PPP/R1BQ1RK1 w kq -,1600-1799,4,106,c1f4,0.7058823529411765,c1f4,0.89745,True,f1e1,f1e1,True,False,False,False,False,0.0438,0.0438,0.25474089200285027,0.25474089200285027,0.2683823529411765,0.2683823529411765
r2qk2r/pp2npbp/2n1p1p1/3pP3/3P4/2N2B1P/PP3PP1/R1BQ1RK1 b kq -,1600-1799,3,72,e8g8,0.7352941176470589,e8g8,0.55065,False,e7f5,e7f5,True,False,False,False,False,0.09625,0.09625,0.14821902130439543,0.14821902130439543,0.11029411764705888,0.11029411764705888
r2qk2r/pp2ppbp/1nnp2p1/8/2PP4/2N1BQ1P/PP3PP1/R3KB1R w KQkq -,1600-1799,3,79,d4d5,0.625,d4d5,0.6028,False,e1c1,e1c1,True,False,False,False,False,0.0858,0.0858,0.16888479680770055,0.16888479680770055,0.1422413793103448,0.1422413793103448
r2qk2r/pp3ppp/2pbpn2/8/3P2b1/2PB1N2/PP3PPP/R1BQ1RK1 w kq -,1600-1799,2,91,h2h3,0.4180327868852459,h2h3,0.6824,False,c1g5,h2h3,False,False,True,False,True,0.3176,0.6824,0.06850185180456869,0.02149484970529651,0.05136612021857928,0.0
r2qkb1r/1b1n1ppp/p3pn2/1pp5/3P4/P1NBPN2/1P3PPP/R1BQ1RK1 w kq -,1600-1799,2,68,d4c5,0.42105263157894735,d4c5,0.6269,False,f1e1,d4c5,False,False,True,False,True,0.3731,0.6269,0.08206216246476791,0.03918746686568484,0.0574162679425837,0.0
r2qkb1r/1b1n1ppp/p3pn2/1pp5/3PP3/2NB1N2/PP3PPP/R1BQ1RK1 w kq -,1600-1799,2,43,d4d5,0.6153846153846154,d4d5,0.78815,False,d4d5,d4d5,True,True,True,True,True,0.78815,0.78815,0.01794140056572619,0.01794140056572619,0.0,0.0
r2qkb1r/1b3ppp/pn1ppn2/1p6/3NP1P1/2N1BP2/PPPQ3P/2KR1B1R w kq -,1600-1799,2,32,g4g5,0.7692307692307693,g4g5,0.86665,True,h2h4,g4g5,False,False,True,False,True,0.13335,0.86665,0.1800285652104786,0.010969361305630775,0.19028340080971662,0.0
r2qkb1r/5ppp/p1p1pn2/3p4/3P4/2N2Q1P/PPP2PP1/R1B2RK1 w kq -,1600-1799,2,73,f1e1,0.42857142857142855,f1e1,0.7045,False,f1e1,f1e1,True,True,True,True,True,0.7045,0.7045,0.0232843867200125,0.0232843867200125,0.0,0.0
r2qkb1r/pp1n1pp1/2p1pn1p/8/3P1B1P/3Q1NN1/PPP2PP1/R3K2R w KQkq -,1600-1799,3,139,e1c1,0.5093457943925234,e1c1,0.52835,False,e1g1,e1c1,False,False,True,False,True,0.45465,0.52835,0.04822491417077022,0.038419965582425115,0.009345794392523366,0.0
r2qkb1r/pp1nppp1/2p2n1p/7P/3P4/3Q1NN1/PPP2PP1/R1B1K2R w KQkq -,1600-1799,5,1322,c1d2,0.6145038167938931,c1d2,0.8345,True,e1g1,c1f4,False,False,False,False,False,0.0995,0.00225,0.06887541006701507,0.08320036195597202,0.06450381679389305,0.07971256430880369
r2qkb1r/pp3ppp/2p1pn2/7b/3P4/2PB1N1P/PP3PP1/R1BQK2R w KQkq -,1600-1799,4,125,c1f4,0.5625,c1f4,0.5522,False,c1g5,e1g1,False,False,False,False,False,0.2091,0.1037,0.10068348118066921,0.1388547687454834,0.0625,0.10304054054054052
r2qkbnr/pp1n1pp1/2p1p2p/7P/3P4/3Q1NN1/PPP2PP1/R1B1K2R w KQkq -,1600-1799,5,1129,c1e3,0.5714285714285714,c1e3,0.6384,False,e1g1,c1d2,False,False,False,False,False,0.0216,0.29395,0.13243926732613137,0.0406627086965726,0.1200396825396825,0.026925953627524257
r2qr1k1/1bp1bppp/p1np1n2/1p2p3/3PP3/1BP2N1P/PP3PP1/RNBQR1K1 w - -,1600-1799,4,91,f3g5,0.8333333333333334,f3g5,0.94185,True,b1d2,f3g5,False,False,True,False,True,0.00045,0.94185,0.42638645864712654,0.004157886008237908,0.46376811594202905,0.0
r2qr1k1/pp1nbppp/2p2n2/3p2B1/3P2b1/2PB1N2/PP1N1PPP/R2QR1K1 w - -,1600-1799,3,164,h2h3,0.625,h2h3,0.5579,False,d1c2,d1c2,True,False,False,False,False,0.39105,0.39105,0.055643616067833634,0.055643616067833634,0.0257633587786259,0.0257633587786259
r3k1nr/pp1b1ppp/4p3/3pP3/1b1q4/2NB4/PP3PPP/R1BQ1RK1 w kq -,1600-1799,3,133,f1e1,0.6818181818181818,f1e1,0.5761,False,c3b5,c3b5,True,False,False,False,False,0.3953,0.3953,0.06406095851908442,0.06406095851908442,0.04119318181818177,0.04119318181818177
r3k2r/1pp1bppp/p1p1bn2/8/8/5N2/PPPP1PPP/RNB1RK2 w kq -,1600-1799,4,67,f3d4,0.75,f3d4,0.56665,False,f3d4,d2d3,False,True,False,True,False,0.56665,0.00365,0.0514626154052386,0.36626102460017906,0.0,0.35526315789473684
r3k2r/1pp2ppp/p1p1bn2/2b5/8/5N2/PPPP1PPP/RNB1RK2 w kq -,1600-1799,2,45,f3g5,0.6136363636363636,f3g5,0.95165,True,d2d4,f3g5,False,False,True,False,True,0.04835,0.95165,0.22915134107448848,0.0026725762816570877,0.24407114624505932,0.0
r3k2r/1pp2ppp/p1pbbn2/8/8/5N2/PPPP1PPP/RNB1RK2 w kq -,1600-1799,5,84,f3d4,0.5294117647058824,f3d4,0.571,False,f3d4,f3d4,True,True,True,True,True,0.571,0.571,0.04099379939776216,0.04099379939776216,0.0,0.0
r3k2r/1pqnbppp/p2pbn2/4p3/4P3/1NN1BP2/PPPQ2PP/2KR1B1R w kq -,1600-1799,2,101,c1b1,0.6547619047619048,c1b1,0.84325,True,c1b1,g2g4,False,True,False,True,False,0.84325,0.15675,0.007701179553717084,0.10032360438652682,0.0,0.09543987086359973
r3k2r/p1ppqpbp/b1p3p1/3nP3/2P5/1P6/PB2QPPP/RN2KB1R w KQkq -,1600-1799,2,29,b1d2,0.5,b1d2,0.58045,False,g2g3,g2g3,True,False,False,False,False,0.41955,0.41955,0.08367577799391814,0.08367577799391814,0.0357142857142857,0.0357142857142857
r3k2r/pp1bbppp/1qn1p3/3pPn2/1P1P4/P4N2/1B2BPPP/RN1QK2R w KQkq -,1600-1799,2,218,e1g1,0.5073891625615764,e1g1,0.79195,False,g2g4,e1g1,False,False,True,False,True,0.20805,0.79195,0.11415683496000907,0.01441260251704852,0.10738916256157638,0.0
r3k2r/pp1bbppp/1qn1p3/3pPn2/3P4/5N2/PPN1BPPP/R1BQ1RK1 w kq -,1600-1799,4,122,a2a3,0.5727272727272728,a2a3,0.52,False,a2a3,g2g4,False,True,False,True,False,0.52,0.3829,0.04605450736068781,0.07965779672963107,0.0,0.031060606060606122
r3k2r/pp3ppp/2nqpn2/3p3b/3P4/2PB1N1P/PP1N1PP1/R2QK2R w KQkq -,1600-1799,4,209,e1g1,0.5473684210526316,e1g1,0.5043,False,e1g1,e1g1,True,True,True,True,True,0.5043,0.5043,0.034088844049843386,0.034088844049843386,0.0,0.0
r3k2r/pp3ppp/2nqpn2/3p3b/3P4/2PB1N1P/PP3PP1/RN1Q1RK1 w kq -,1600-1799,2,152,f1e1,0.6666666666666666,f1e1,0.78465,False,b1d2,b1d2,True,False,False,False,False,0.21535,0.21535,0.1214426351172343,0.1214426351172343,0.12380952380952381,0.12380952380952381
r3k2r/ppp2ppp/2n1bP2/2b2qN1/2pp4/2N5/PPP2PPP/R1BQR1K1 w kq -,1600-1799,3,108,f6g7,0.5,f6g7,0.52615,False,f6g7,c3e4,False,True,False,True,False,0.52615,0.15845,0.05614108040577903,0.12466860479684642,0.0,0.07017543859649122
r3k2r/pppqbppp/5n2/4Q3/8/8/PPP2PPP/RNB2RK1 w kq -,1600-1799,3,148,f1e1,0.6864406779661016,f1e1,0.53125,False,f1e1,c1g5,False,True,False,True,False,0.53125,0.4338,0.03805678234700509,0.060617477875503825,0.0,0.007869249394673039
r3k2r/pppqbppp/5n2/4p3/3Q4/8/PPP2PPP/RNB1R1K1 w kq -,1600-1799,2,154,d4e5,0.5707964601769911,d4e5,0.98345,True,d4e5,d4e5,True,True,True,True,True,0.98345,0.98345,0.00047322873226378456,0.00047322873226378456,0.0,0.0
r3kb1r/1bp2ppp/p1Np1n2/3P4/8/8/PPP1KPPP/RNB4R w kq -,1600-1799,2,49,b1c3,0.75,b1c3,0.5666,False,b1c3,c2c4,False,True,False,True,False,0.5666,0.4334,0.04174854466208911,0.057539793059750266,0.0,0.03378378378378377
r3kb1r/p2q1ppp/4pn2/3p4/8/2N5/PPP2PPP/R1BQ1RK1 w kq -,1600-1799,3,266,c1f4,0.6666666666666666,c1f4,0.955,True,f1e1,f1e1,True,False,False,False,False,0.04165,0.04165,0.21357203577516284,0.21357203577516284,0.22727272727272724,0.22727272727272724
r3kb1r/p2q1ppp/4pn2/3p4/8/2N5/PPP2PPP/R1BQK2R w KQkq -,1600-1799,2,120,e1g1,0.41875,e1g1,0.67675,False,e1g1,e1g1,True,True,True,True,True,0.67675,0.67675,0.018896023772062443,0.018896023772062443,0.0,0.0
r3kb1r/p2q1ppp/4pn2/3p4/8/8/PPP2PPP/RNBQ1RK1 w kq -,1600-1799,5,215,c2c3,0.5,c2c3,0.3994,False,b2b3,c1g5,False,False,False,False,False,0.28685,0.0091,0.10847450406948189,0.1914307012574301,0.041666666666666685,0.12149532710280375
r3kb1r/p2q1ppp/5n2/3pp3/8/8/PPP2PPP/RNBQ1RK1 w kq -,1600-1799,3,134,c1g5,0.6388888888888888,c1g5,0.4882,False,f1e1,f1e1,True,False,False,False,False,0.4513,0.4513,0.039531581551772034,0.039531581551772034,0.004273504273504258,0.004273504273504258
r3kb1r/pp1b1ppp/1qn5/3pPp2/3P4/5N2/PP3PPP/RNBQ1RK1 w kq -,1600-1799,4,267,a2a3,0.6585365853658537,a2a3,0.7988,False,b1c3,b1c3,True,False,False,False,False,0.07395,0.07395,0.10591004591057643,0.10591004591057643,0.10115953618552587,0.10115953618552587
r3kb1r/pp1b1ppp/1qn5/3pPp2/3P4/P4N2/1P3PPP/RNBQK2R w KQkq -,1600-1799,3,191,b1c3,0.6149425287356322,b1c3,0.6346,False,b1c3,e1g1,False,True,False,True,False,0.6346,0.0102,0.025225988376942836,0.1670121134305924,0.0,0.14470443349753692
r3kb1r/pp1bnppp/1q2p3/3pP3/8/3B1N2/PP3PPP/R1BQ1RK1 w kq -,1600-1799,3,105,f3g5,0.5689655172413793,f3g5,0.7176,False,c1e3,c1e3,True,False,False,False,False,0.23675,0.23675,0.08528909300764626,0.08528909300764626,0.06896551724137934,0.06896551724137934
r3kb1r/pp1bnppp/4p3/3pP3/3q4/2NB4/PP3PPP/R1BQ1RK1 w kq -,1600-1799,4,131,c3b5,0.6031746031746031,c3b5,0.5236,False,c3b5,c3b5,True,True,True,True,True,0.5236,0.5236,0.03858022719329264,0.03858022719329264,0.0,0.0
r3kb1r/pp3ppp/1qn1b3/3pPp2/3P4/2N2N2/PP3PPP/R1BQ1RK1 w kq -,1600-1799,5,113,f3g5,0.6785714285714286,f3g5,0.5607,False,c3a4,a1b1,False,False,False,False,False,0.0107,0.0109,0.27540754746017443,0.2791182791817346,0.2535714285714286,0.25751879699248126
r3kb1r/ppqb1ppp/2n1p3/3pPn2/N2P4/5N2/PP2BPPP/R1BQ1RK1 w kq -,1600-1799,6,123,c1f4,0.7,c1f4,0.50405,False,b2b3,a2a3,False,False,False,False,False,0.08985,0.03505,0.17706834218254044,0.26197370968576966,0.14444444444444438,0.2384615384615384
r3kbnr/1p1b1ppp/p3p3/3pP3/3q4/2NB4/PP3PPP/R1BQ1RK1 w kq -,1600-1799,6,371,g1h1,0.7,g1h1,0.9273,True,c1e3,f1e1,False,False,False,False,False,0.0,0.00775,0.35719955305256396,0.20643285186833085,0.36666666666666664,0.21190476190476187
r3kbnr/1pp2ppp/p1p3b1/8/6P1/5N1P/PPPPKP2/RNB4R w kq -,1600-1799,2,134,h1e1,0.45454545454545453,h1e1,0.7818,False,d2d3,d2d3,True,False,False,False,False,0.2182,0.2182,0.12858842914614207,0.12858842914614207,0.10901699926090169,0.10901699926090169
r3kbnr/pp1b1ppp/1q2p3/3pP3/8/2NB4/PP3PPP/R1BQ1RK1 w kq -,1600-1799,7,144,d1g4,0.7,d1g4,0.556,False,c3a4,a2a3,False,False,False,False,False,0.19025,0.04695,0.11370380035200332,0.22432152986919074,0.08095238095238089,0.19999999999999996
r3kbnr/pp3ppp/2n1p3/3pP3/3P4/4BB2/Pq1N1PPP/R2Q1RK1 b kq -,1600-1799,3,81,f8b4,0.6363636363636364,f8b4,0.4868,False,f8b4,b2b6,False,True,False,True,False,0.4868,0.38845,0.05754039699852076,0.06570270786623247,0.0,0.02008456659619451
r3kbnr/pp3ppp/2n1p3/3pP3/3q4/2N2B2/PP3PPP/R1BQ1RK1 w kq -,1600-1799,3,90,d1b3,0.4838709677419355,d1b3,0.84325,True,c3b5,d1d4,False,False,False,False,False,0.14495,0.0118,0.15855998298014737,0.23246014011528246,0.16244239631336405,0.22831541218637996
r3kbnr/ppqnppp1/2p4p/7P/3P4/3Q1NN1/PPP2PP1/R1B1K2R w KQkq -,1600-1799,3,130,c1e3,0.5285714285714286,c1e3,0.4936,False,c1d2,c1d2,True,False,False,False,False,0.2387,0.2387,0.0768719573975507,0.0768719573975507,0.03490054249547919,0.03490054249547919
r4b1r/p1p2k1p/2p1bp2/4p3/8/8/PPPP1PPP/RNB1K2R w KQ -,1600-1799,3,175,e1g1,0.5933333333333334,e1g1,0.49055,False,d2d3,d2d3,True,False,False,False,False,0.25,0.25,0.07114393394735552,0.07114393394735552,0.03927927927927932,0.03927927927927932
r4b1r/ppp4p/2n1kp2/4p3/8/8/PPPP1PPP/RNB1K2R w KQ -,1600-1799,4,189,c2c3,0.47297297297297297,c2c3,0.6617,False,c2c3,d2d3,False,True,False,True,False,0.6617,0.1589,0.021741460592925133,0.11609300571037225,0.0,0.10260260260260262
r4bnr/pp1k1ppp/4p3/3pP3/3q4/8/PP1N1PPP/R1BQK2R w KQ -,1600-1799,3,136,e1g1,0.57,e1g1,0.8413,True,e1g1,e1g1,True,True,True,True,True,0.8413,0.8413,0.008634633527863774,0.008634633527863774,0.0,0.0
r4rk1/pp1bppbp/2np1np1/q7/2BNP3/2N1BP2/PPPQ2PP/2KR3R w - -,1600-1799,4,110,h2h4,0.5,h2h4,0.4222,False,h2h4,c4b3,False,True,False,True,False,0.4222,0.107,0.061421558937887366,0.14596844015397495,0.0,0.0892857142857143
r4rk1/pp1qppbp/2np1np1/8/3PP3/2N2N2/PP3PPP/R1BQR1K1 w - -,1600-1799,2,35,c1g5,0.6904761904761905,c1g5,0.9865,True,h2h3,h2h3,True,False,False,False,False,0.0135,0.0135,0.3379284559775478,0.3379284559775478,0.369047619047619,0.369047619047619
r4rk1/pp3ppp/2nqpn2/3p4/3P2b1/2P2N2/PP1NBPPP/R2Q1RK1 w - -,1600-1799,4,96,d1b3,0.5833333333333334,d1b3,0.6935,False,f1e1,f1e1,True,False,False,False,False,0.13295,0.13295,0.1607055425950657,0.1607055425950657,0.14102564102564108,0.14102564102564108
r4rk1/pp3ppp/2nqpn2/3p4/3P2b1/2PB1N2/PP1N1PPP/R2Q1RK1 w - -,1600-1799,5,368,d1e1,0.7631578947368421,d1e1,0.95035,True,d1e1,f1e1,False,True,False,True,False,0.95035,0.03215,0.002438704953116073,0.19677314436961396,0.0,0.21187584345479082
r4rk1/ppp2ppp/2n2n2/3q4/3P2b1/2P2N2/P3BPPP/R1BQ1RK1 w - -,1600-1799,2,39,c3c4,0.5277777777777778,c3c4,0.56995,False,h2h3,h2h3,True,False,False,False,False,0.43005,0.43005,0.07280760002031327,0.07280760002031327,0.02777777777777779,0.02777777777777779
r4rk1/pppqbppp/3p1n2/6B1/3QP3/2N5/PPP2PPP/R4RK1 w - -,1600-1799,5,612,e4e5,0.614406779661017,e4e5,0.47695,False,e4e5,e4e5,True,True,True,True,True,0.47695,0.47695,0.026701029426854626,0.026701029426854626,0.0,0.0
r4rk1/pppqbppp/3p1n2/8/3QP3/2N4P/PPP2PP1/R1B2RK1 w - -,1600-1799,6,145,c1e3,0.7222222222222222,c1e3,0.80625,True,c1f4,c1e3,False,False,True,False,True,0.02255,0.80625,0.22346935998814232,0.012164907095294535,0.2222222222222222,0.0
r4rk1/pppqbppp/3p1n2/8/3QP3/2N5/PPP2PPP/R1B1R1K1 w - -,1600-1799,6,389,c1f4,0.625,c1f4,0.5574,False,c1g5,c1g5,True,False,False,False,False,0.05415,0.05415,0.11448554027320713,0.11448554027320713,0.08683206106870234,0.08683206106870234
r4rk1/pppqbppp/3p1n2/8/3QPB2/2N5/PPP2PPP/R4RK1 w - -,1600-1799,3,128,f1e1,0.6538461538461539,f1e1,0.7214,False,a1d1,a1d1,True,False,False,False,False,0.18775,0.18775,0.09611341592556427,0.09611341592556427,0.09134615384615385,0.09134615384615385
r4rk1/ppqn1ppp/2pb1n2/3p2B1/3P2b1/2PB1N2/PP1N1PPP/R2QR1K1 w - -,1600-1799,3,311,h2h3,0.4504950495049505,h2h3,0.599,False,d1c2,h2h3,False,False,True,False,True,0.29575,0.599,0.04250361098107191,0.018536638351259786,0.023793478824322256,0.0
r4rk1/ppqn1ppp/2pb1n2/3p2B1/3P2b1/2PB1N2/PPQN1PPP/R4RK1 w - -,1600-1799,5,702,f1e1,0.5433673469387755,f1e1,0.3475,False,g5f6,h2h3,False,False,False,False,False,0.18185,0.03215,0.10368829595656502,0.08113183952143606,0.06836734693877555,0.044808269128977285
rn1q1rk1/1b2bppp/p2ppn2/1p6/3NP3/1BN1BP2/PPPQ2PP/R3K2R w KQ -,1600-1799,4,236,h2h4,0.6071428571428571,h2h4,0.60555,False,g2g4,e1c1,False,False,False,False,False,0.1413,0.19475,0.12145090230962656,0.09282251229113453,0.09577922077922074,0.06677018633540366
rn1q1rk1/1p2bppp/3pbn2/p3p3/4P3/1NN1BP2/PPPQ2PP/2KR1B1R w - -,1600-1799,2,31,a2a4,0.6,a2a4,0.83005,True,a2a4,a2a4,True,True,True,True,True,0.83005,0.83005,0.014919446861728912,0.014919446861728912,0.0,0.0
rn1q1rk1/1p2bppp/p2pbn2/8/4Pp2/1NN1B3/PPP1B1PP/R2Q1RK1 w - -,1600-1799,2,99,e3f4,0.5352941176470588,e3f4,0.77715,False,f1f4,e3f4,False,False,True,False,True,0.22285,0.77715,0.1176705862511378,0.017073424469489045,0.10672268907563026,0.0
rn1q1rk1/4bppp/p2pbn2/1p2p3/4P3/1NN1BP2/PPPQ2PP/2KR1B1R w - b6,1600-1799,3,164,c3d5,0.6333333333333333,c3d5,0.6321,False,c3d5,c3d5,True,True,True,True,True,0.6321,0.6321,0.03229475171177304,0.03229475171177304,0.0,0.0
rn1q1rk1/4ppbp/3p1np1/2pP4/4P3/2N2NP1/PP3PKP/R1BQ3R b - -,1600-1799,4,148,d8a5,0.5357142857142857,d8a5,0.4829,False,b8d7,d8b6,False,False,False,False,False,0.36865,0.00975,0.066529951276765,0.32761261667533353,0.013392857142857095,0.3084415584415584
rn1q1rk1/4ppbp/3p1np1/2pP4/4P3/2N3P1/PP3PKP/R1BQ2NR w - -,1600-1799,2,114,g1f3,0.47126436781609193,g1f3,0.98565,True,g1f3,g1f3,True,True,True,True,True,0.98565,0.98565,0.0005392959230271558,0.0005392959230271558,0.0,0.0
rn1q1rk1/pp2bppp/2p2nb1/3p2B1/3P2P1/2NBPN1P/PP3P2/R2QK2R w KQ -,1600-1799,3,117,f3e5,0.40384615384615385,f3e5,0.4265,False,f3e5,d3g6,False,True,False,True,False,0.4265,0.2394,0.056470325490653714,0.08340075329329029,0.0,0.025274725274725296
rn1q1rk1/pp2n1pp/2pb1p2/3p4/3P3B/2NQ1N2/PPP2PPP/R3R1K1 b - -,1600-1799,5,177,b8a6,0.7380952380952381,b8a6,0.7906,False,b8d7,b8a6,False,False,True,False,True,0.08235,0.7906,0.16066123760339832,0.013682554568754125,0.15809523809523818,0.0
rn1q1rk1/pp3pp1/2p2b1p/3p4/3P2b1/2NBPN2/PP3PPP/R2Q1RK1 w - -,1600-1799,4,123,d3e2,0.5,d3e2,0.64895,False,d3c2,h2h3,False,False,False,False,False,0.17615,0.1365,0.16494212703804764,0.13197580403327133,0.15000000000000002,0.09999999999999998
rn1q1rk1/pp3ppp/2pb1nb1/3p2B1/3P2P1/2NB1N1P/PPP2P2/R2Q1RK1 w - -,1600-1799,5,538,c3e2,0.5476190476190477,c3e2,0.67585,False,f3e5,f3e5,True,False,False,False,False,0.087,0.087,0.1178028168786509,0.1178028168786509,0.09712399811409717,0.09712399811409717
rn1qk1nr/pp3pp1/2pbp2p/7P/3P4/3Q1NN1/PPP2PP1/R1B1K2R w KQkq -,1600-1799,4,151,c1e3,0.725,c1e3,0.4992,False,c1e3,c1d2,False,True,False,True,False,0.4992,0.0051,0.046593552309718324,0.2544669784015229,0.0,0.22499999999999998
rn1qkb1r/pp3pp1/2p1pn1p/7P/3P4/3Q1NN1/PPP2PP1/R1B1K2R w KQkq -,1600-1799,6,1584,c1f4,0.5954063604240283,c1f4,0.41745,False,c1e3,c1d2,False,False,False,False,False,0.142,0.0685,0.05187323562419342,0.044819079646022796,0.03290636042402828,0.026559544589260686
rn1qkb1r/pp3ppn/2p1p2p/7P/3P4/5NN1/PPP2PP1/R1BQK2R w KQkq -,1600-1799,8,228,f3e5,0.8235294117647058,f3e5,0.50075,False,e1g1,c1d2,False,False,False,False,False,0.23365,0.01955,0.08824599752173318,0.22717235523744317,0.050802139037433136,0.19852941176470584
rn1qr1k1/pp3pbp/3p1np1/2pP4/4PPb1/2NB1N2/PP4PP/R1BQ1RK1 w - -,1600-1799,3,102,h2h3,0.6319444444444444,h2h3,0.9151,True,h2h3,h2h3,True,True,True,True,True,0.9151,0.9151,0.005489701345973135,0.005489701345973135,0.0,0.0
rn2kb1r/ppq2ppp/2p1pn2/4N3/3P4/2N4P/PPPBQPP1/R4RK1 b kq -,1600-1799,3,221,f8e7,0.5666666666666667,f8e7,0.74485,False,f8e7,b8d7,False,True,False,True,False,0.74485,0.2083,0.014208368117919545,0.08314300960780259,0.0,0.07198581560283684
rn3rk1/1pq1bppp/p2pbn2/4p3/4P3/1NN1BP2/PPPQ2PP/2KR1B1R w - -,1600-1799,2,91,c1b1,0.7692307692307693,c1b1,0.9943,True,g2g4,g2g4,True,False,False,False,False,0.0057,0.0057,0.26208812692950995,0.26208812692950995,0.27692307692307694,0.27692307692307694
rnb1k2r/pp3p1p/2p2p2/3p4/3P4/2q1P3/P2N1PPP/R2QKB1R w KQkq -,1600-1799,2,59,f1e2,0.6081081081081081,f1e2,0.8919,True,f1e2,f1e2,True,True,True,True,True,0.8919,0.8919,0.0061422350284490715,0.0061422350284490715,0.0,0.0
rnb1r3/ppp2kpp/5n2/8/4P3/8/PB1N1PPP/R3K1NR w KQ -,1600-1799,4,270,f2f3,0.5526315789473685,f2f3,0.4957,False,g1f3,f2f3,False,False,True,False,True,0.23125,0.4957,0.06933935858373096,0.02729908650981174,0.042631578947368465,0.0
rnb2rk1/p1p1qpp1/1p5p/3p4/3P4/4PN2/PP3PPP/R2QKB1R w KQ -,1600-1799,3,62,f1e2,0.7083333333333334,f1e2,0.5567,False,f1e2,f1e2,True,True,True,True,True,0.5567,0.5567,0.05120474621971168,0.05120474621971168,0.0,0.0
rnb2rk1/pp2q1pp/2p5/3p1p2/3Pn3/2NBPN2/PP3PPP/R2Q1RK1 w - -,1600-1799,6,178,d1b3,0.7,d1b3,0.52565,False,a1c1,f3e5,False,False,False,False,False,0.11035,5e-05,0.1922369424791361,0.3585425090408799,0.15833333333333333,0.33043478260869563
rnb2rk1/pp3ppp/5q2/3Q4/1b6/2N1PN2/PP3PPP/R3KB1R w KQ -,1600-1799,4,146,d5d4,0.6774193548387096,d5d4,0.65415,False,a1c1,d5d4,False,False,True,False,True,0.12125,0.65415,0.1460859767849349,0.026033659429376462,0.12478777589134116,0.0
rnb2rk1/ppp1q1p1/4p2p/5p2/2PPp3/4P3/PP1N1PPP/R2QKB1R w KQ f6,1600-1799,4,128,d1b3,0.7,d1b3,0.5852,False,c4c5,d1b3,False,False,True,False,True,0.07685,0.5852,0.187552589213924,0.04564573186259276,0.15652173913043477,0.0
rnb2rk1/ppp1qpp1/7p/3p4/3P4/2P1PN2/P4PPP/R2QKB1R w KQ -,1600-1799,3,148,f1e2,0.6041666666666666,f1e2,0.6504,False,c3c4,f1d3,False,False,False,False,False,0.23835,0.11125,0.10502863527637218,0.11578766641381924,0.08242753623188404,0.09426567656765672
rnbq1rk1/pp3ppp/4p3/8/3PP3/5N2/P2Q1PPP/R3KB1R w KQ -,1600-1799,3,200,f1e2,0.5277777777777778,f1e2,0.393,False,f1e2,f1d3,False,True,False,True,False,0.393,0.31435,0.04077648166729083,0.04949248128461316,0.0,0.008547008547008517
rnbqk2r/1p2ppb1/p2p3p/4n1p1/3NP3/2N3BP/PPP2PP1/R2QKB1R w KQkq -,1600-1799,2,24,d1d2,0.7272727272727273,d1d2,0.90325,True,d1d2,d1d2,True,True,True,True,True,0.90325,0.90325,0.008434079482818891,0.008434079482818891,0.0,0.0
rnbqr1k1/1p3pbp/p2p1np1/2pP4/4P3/2NB1N1P/PP3PP1/R1BQ1RK1 w - -,1600-1799,3,95,c1g5,0.6363636363636364,c1g5,0.65715,False,a2a4,a2a4,True,False,False,False,False,0.3083,0.3083,0.09450744156250503,0.09450744156250503,0.0757575757575758,0.0757575757575758
rnbqr1k1/1p3pbp/p2p1np1/2pP4/4PP2/2NB1N2/PP4PP/R1BQ1RK1 w - -,1600-1799,2,62,f1e1,0.5833333333333334,f1e1,0.9002,True,a2a4,a2a4,True,False,False,False,False,0.0998,0.0998,0.17107088256367556,0.17107088256367556,0.17424242424242425,0.17424242424242425
rqb1k2r/pp2bppp/2nppn2/1N6/2B1P3/5N2/PP2QPPP/R1BR2K1 w kq -,1600-1799,3,113,e4e5,0.6470588235294118,e4e5,0.50705,False,c1f4,c1f4,True,False,False,False,False,0.48375,0.48375,0.04556953891218573,0.04556953891218573,0.008504606661941971,0.008504606661941971
1rbq1rk1/p3ppbp/2Bp1np1/8/2P5/2N3P1/PP2PP1P/R1BQ1RK1 w - -,1800-1999,6,348,d1c2,0.6333333333333333,d1c2,0.30405,False,c6g2,c6g2,True,False,False,False,False,0.05275,0.05275,0.1205728035513206,0.1205728035513206,0.04726775956284146,0.04726775956284146
1rbqk2r/p2pppbp/6p1/3QP3/8/4B3/PPP2PPP/R3KB1R w KQk -,1800-1999,4,243,e1c1,0.5459770114942529,e1c1,0.48115,False,f1c4,e1c1,False,False,True,False,True,0.0708,0.48115,0.10663652865044213,0.03757763817912508,0.07024885615444709,0.0
1rbqkb1r/p2n1ppp/2Q5/4p1N1/8/8/PPPP1PPP/RNB1K2R w KQk -,1800-1999,5,221,d2d3,0.4566929133858268,d2d3,0.68515,False,d2d4,d2d3,False,False,True,False,True,0.0806,0.68515,0.12847581678069026,0.017582959013396415,0.11798323596647198,0.0
2bq1rk1/rpp2pp1/p1np1n1p/4p3/2B1P3/P1NP1N1P/1PP2PP1/R2Q1RK1 w - -,1800-1999,4,92,d3d4,0.8529411764705882,d3d4,0.9927,True,d3d4,d3d4,True,True,True,True,True,0.9927,0.9927,0.00028005549706126967,0.00028005549706126967,0.0,0.0
2kr1bnr/1pp2ppp/p1p5/8/8/5K1P/PPPP1PP1/RNB4R w - -,1800-1999,2,79,h1e1,0.64,h1e1,0.6604,False,h1e1,d2d3,False,True,False,True,False,0.6604,0.3396,0.024337573200128033,0.06618636024177808,0.0,0.047407407407407454
2kr3r/pppqn1pp/2nb1p2/3p4/3P2bB/2PB1N2/PP1N1PPP/R2Q1RK1 w - -,1800-1999,6,332,d1c2,0.46923076923076923,d1c2,0.5025,False,b2b4,h4g3,False,False,False,False,False,0.1184,0.2429,0.082271572003288,0.07931288890320383,0.04836745987825125,0.04735576923076923
2kr3r/pppqn1pp/2nb1p2/3p4/3P2bB/2PB1N2/PP3PPP/RN1QR1K1 w - -,1800-1999,3,228,h4g3,0.527027027027027,h4g3,0.88945,True,b1d2,h4g3,False,False,True,False,True,0.0163,0.88945,0.17026662980405358,0.005478072852166243,0.16754990284402044,0.0
2r1kb1r/pp1b1ppp/1qn1p3/3pPn2/1P1P4/P4N2/1B2BPPP/RN1Q1RK1 b k -,1800-1999,5,179,h7h5,0.5384615384615384,h7h5,0.6368,False,a7a6,f8e7,False,False,False,False,False,0.10265,0.1334,0.19046445827652114,0.12811439393492868,0.1717948717948718,0.09846153846153843
2r1kbnr/pp1b1ppp/1q2p3/3pP3/3P4/2N2N2/PPQ2PPP/R1B1K2R w KQk -,1800-1999,5,245,c2d1,0.5,c2d1,0.559,False,e1g1,e1g1,True,False,False,False,False,0.188,0.188,0.10314565722094551,0.10314565722094551,0.0561797752808989,0.0561797752808989
2r1kbnr/pp1b1ppp/1q2p3/3pP3/3P4/5N2/PPQ2PPP/RNB2RK1 w k -,1800-1999,3,242,b1c3,0.45857988165680474,c2d2,0.46065,False,b1c3,b1c3,True,True,True,False,False,0.37715,0.37715,0.06259444861794741,0.06259444861794741,0.0,0.0
2rq1rk1/pb1nbppp/1pp1pn2/3p4/2PP4/1P3NP1/PBQNPPBP/R4RK1 w - -,1800-1999,2,88,a1c1,0.5694444444444444,a1c1,0.71725,False,a1c1,e2e4,False,True,False,True,False,0.71725,0.28275,0.017532811125403235,0.07519666421089455,0.0,0.05982905982905984
2rq1rk1/pp1bppbp/2np1np1/8/2PNP3/2N1B3/PP2BPPP/2RQ1RK1 w - -,1800-1999,5,208,d1d2,0.8055555555555556,d1d2,0.7645,False,b2b3,b2b3,True,False,False,False,False,0.0005,0.0005,0.3055141610339133,0.3055141610339133,0.3113695090439277,0.3113695090439277
2rq1rk1/pp1bppbp/2np1np1/8/2PNP3/2N1BP2/PP1QB1PP/R3K2R w KQ -,1800-1999,4,177,a1c1,0.671875,a1c1,0.5703,False,e1c1,e1c1,True,False,False,False,False,0.01135,0.01135,0.2800336850800311,0.2800336850800311,0.265625,0.265625
2rq1rk1/pp1bppbp/2np1np1/8/2PNP3/2N1BP2/PP2B1PP/R2Q1RK1 w - -,1800-1999,4,283,d1d2,0.6275862068965518,d1d2,0.80875,True,d1d2,d1d2,True,True,True,True,True,0.80875,0.80875,0.010760729801213509,0.010760729801213509,0.0,0.0
2rq1rk1/pp1bppbp/2np1np1/8/3NP3/1BN1BP2/PPPQ2PP/R3K2R w KQ -,1800-1999,3,808,e1c1,0.533175355450237,e1c1,0.65865,False,g2g4,e1c1,False,False,True,False,True,0.0324,0.65865,0.11950789913916192,0.011052765745716689,0.1100984323733139,0.0
r1b1k1nr/pp1p1ppp/8/q3p3/N2QP3/2P5/PP3PPP/R3KB1R w KQkq -,1800-1999,3,196,d4b4,0.4942528735632184,d4b4,0.47295,False,d4c4,d4d1,False,False,False,False,False,0.1318,0.39525,0.09808792792569458,0.04175676103045496,0.06872095866960137,0.0103819058212829
r1b1k1nr/pp3ppp/8/3qP3/4p3/2B5/PP3PPP/R2QKB1R b KQkq -,1800-1999,3,74,g8e7,0.4444444444444444,g8e7,0.65115,False,g8e7,g8e7,True,True,True,True,True,0.65115,0.65115,0.03197110083945545,0.03197110083945545,0.0,0.0
r1b1k1r1/ppq1np1Q/2n1p3/3pP3/3p4/P1P5/2P1NPPP/R1B1KB1R w KQq -,1800-1999,3,282,f2f4,0.49183673469387756,f2f4,0.80645,True,f2f4,f2f4,True,True,True,True,True,0.80645,0.80645,0.012705093356181406,0.012705093356181406,0.0,0.0
r1b1k2r/1p2qppp/p1n1p3/2npP3/5P2/2N2N2/PPPQ2PP/R3KB1R w KQkq -,1800-1999,2,179,f1d3,0.7181818181818181,f1d3,0.9845,True,f1d3,f1d3,True,True,True,True,True,0.9845,0.9845,0.00045083723480564936,0.00045083723480564936,0.0,0.0
r1b1k2r/1p2qppp/p1n1p3/2npP3/5P2/2NB1N2/PPP3PP/R2QK2R w KQkq -,1800-1999,3,166,d1d2,0.6063829787234043,d1d2,0.5169,False,e1g1,d1d2,False,False,True,False,True,0.10655,0.5169,0.1098365144799633,0.04343825583927162,0.06864712966680053,0.0
r1b1k2r/1pq1bppp/p1nppn2/8/2B1P3/2N2N1P/PP2QPP1/R1BR2K1 w kq -,1800-1999,3,154,c1f4,0.5833333333333334,c1f4,0.6518,False,c1f4,c1e3,False,True,False,True,False,0.6518,0.0012,0.028467406187699898,0.2904037823657135,0.0,0.27083333333333337
r1b1k2r/1pq1bppp/p1nppn2/8/2B1PB2/2N2N2/PP2QPPP/R2R2K1 w kq -,1800-1999,2,532,e4e5,0.5586206896551724,e4e5,0.57335,False,a1c1,a1c1,True,False,False,False,False,0.42665,0.42665,0.023559738114433005,0.023559738114433005,0.00952508242003025,0.00952508242003025
r1b1k2r/1pqnbpp1/p2ppn1p/6B1/3NPP2/2NB1Q2/PPP3PP/2KR3R w kq -,1800-1999,2,123,g5h4,0.5297029702970297,g5h4,0.6847,False,g5h4,g5h4,True,True,True,True,True,0.6847,0.6847,0.021124328038410856,0.021124328038410856,0.0,0.0
r1b1k2r/1pqnbpp1/p2ppn1p/6B1/3NPPP1/2N2Q2/PPP4P/2KR1B1R w kq -,1800-1999,2,247,g5f6,0.5440251572327044,g5f6,0.8707,True,g5f6,g5f6,True,True,True,True,True,0.8707,0.8707,0.0041898898177183215,0.0041898898177183215,0.0,0.0
r1b1k2r/1pqnbpp1/p2ppn1p/8/3NPP1B/2N2Q2/PPP3PP/2KR1B1R w kq -,1800-1999,5,230,c1b1,0.6153846153846154,c1b1,0.4898,False,f1d3,f1e2,False,False,False,False,False,0.2708,0.173,0.08307095960250625,0.13621505831814743,0.033295063145809434,0.08760683760683763
r1b1k2r/2q1bppp/p2p1n2/npp1p3/3PP3/2P2N2/PPB2PPP/RNBQR1K1 w kq -,1800-1999,6,245,a2a4,0.7368421052631579,a2a4,0.88,True,a2a4,d4d5,False,True,False,True,False,0.88,0.00015,0.007301877987503762,0.35792524491217004,0.0,0.37243532560214093
r1b1k2r/2qnbppp/p2ppn2/1p4B1/3NPP2/2NB1Q2/PPP3PP/2KR3R w kq b6,1800-1999,5,331,h1e1,0.6550218340611353,h1e1,0.66405,False,h1e1,h1e1,True,True,True,True,True,0.66405,0.66405,0.017790052522659958,0.017790052522659958,0.0,0.0
r1b1k2r/2qnbppp/p2ppn2/1p4B1/3NPPP1/2N2Q2/PPP4P/2KR1B1R w kq b6,1800-1999,6,710,c1b1,0.6666666666666666,c1b1,0.5682,False,h2h4,g5f6,False,False,False,False,False,0.00065,0.04,0.35112155384432797,0.12776098876333825,0.3333333333333333,0.09986902423051736
r1b1k2r/4qppp/p1np1n2/1p2p1B1/4P3/N7/PPP2PPP/R2QKB1R w KQkq -,1800-1999,7,607,c2c3,0.5244565217391305,d1d2,0.3118,False,c2c4,c2c3,False,False,True,False,False,0.10515,0.2908,0.0682021614552242,0.04146614149659435,0.027234299516908256,0.0
r1b1k2r/pp1n1ppp/1qn1p3/3pP3/3P4/3B1N2/PP1QNPPP/R3K2R b KQkq -,1800-1999,5,507,f7f6,0.47058823529411764,f7f6,0.55305,False,f7f6,f7f6,True,True,True,True,True,0.55305,0.55305,0.025168573063686632,0.025168573063686632,0.0,0.0
r1b1k2r/pp1p1ppp/4pn2/q7/N2QP3/2P5/PP3PPP/R3KB1R w KQkq -,1800-1999,7,202,e4e5,0.68,e4e5,0.4873,False,e4e5,a4c5,False,True,False,True,False,0.4873,0.0119,0.05338610155752371,0.2236679760941492,0.0,0.18000000000000005
r1b1k2r/pp2bppp/1qn1p3/3pP3/1P1P4/P3PN2/6PP/RN1QKB1R w KQkq -,1800-1999,3,176,b1c3,0.6617647058823529,b1c3,0.45215,False,f1d3,b1c3,False,False,True,False,True,0.3021,0.45215,0.05618106892795611,0.043960307700072906,0.016603415559772294,0.0
r1b1k2r/pp2bppp/1qn1p3/3pPn2/3P4/P1N2N2/1P2BPPP/R1BQ1RK1 w kq -,1800-1999,2,54,e2b5,0.5882352941176471,e2b5,0.66225,False,c3a4,c3a4,True,False,False,False,False,0.33775,0.33775,0.08633969523214839,0.08633969523214839,0.061208267090620105,0.061208267090620105
r1b1k2r/ppp1q1pp/2np1n2/8/2P2B2/2PQ1N2/P3PPPP/R3KB1R w KQkq -,1800-1999,4,311,f3d4,0.7647058823529411,f3d4,0.96795,True,g2g3,g2g3,True,False,False,False,False,0.01155,0.01155,0.24463020766419405,0.24463020766419405,0.2647058823529411,0.2647058823529411
r1b1k2r/ppp1qppp/3p4/4n3/2P2B2/4P3/PP1QBPPP/R4RK1 b kq -,1800-1999,4,209,e5g6,0.5,e5g6,0.6105,False,b7b6,e8g8,False,False,False,False,False,0.0954,0.2535,0.14666722011716657,0.08207979212332789,0.12068965517241381,0.051181102362204745
r1b1k2r/ppp1qppp/3p4/4n3/2P2B2/P3P3/1P1Q1PPP/R3KB1R w KQkq -,1800-1999,3,526,c4c5,0.625,c4c5,0.57795,False,f1e2,f1e2,True,False,False,False,False,0.1388,0.1388,0.09160746586715916,0.09160746586715916,0.06470893970893976,0.06470893970893976
r1b1k2r/ppp2ppp/1bn5/4P3/2B1n3/5N2/PP3PPP/RNBR2K1 w kq -,1800-1999,3,121,c1e3,0.55,c1e3,0.55305,False,d1f1,c1e3,False,False,True,False,True,0.4226,0.55305,0.050420709611771884,0.03317126067319521,0.01666666666666672,0.0
r1b1k2r/pppp1ppp/8/4q3/2P5/P7/1P1QPPPP/R3KB1R w KQkq -,1800-1999,3,267,e1c1,0.625,e1c1,0.51405,False,e2e3,g2g3,False,False,False,False,False,0.0786,0.40735,0.11679042489694773,0.06230441005265585,0.0759345794392523,0.016891891891891886
r1b1k2r/ppq1bppp/2np1n2/4p3/2B1PB2/2N2N2/PP2QPPP/R2R2K1 w kq -,1800-1999,4,186,f4g3,0.6304347826086957,f4g3,0.4086,False,c3b5,c3b5,True,False,False,False,False,0.26035,0.26035,0.09108615871370278,0.09108615871370278,0.035196687370600444,0.035196687370600444
r1b1kb1r/1p3ppp/p2qpn2/8/2BN4/8/PPP2PPP/R1BQ1RK1 w kq -,1800-1999,2,43,c2c3,0.5526315789473685,c2c3,0.694,False,f1e1,f1e1,True,False,False,False,False,0.306,0.306,0.09741271582733986,0.09741271582733986,0.07346491228070179,0.07346491228070179
r1b1kb1r/p4pp1/2p2n1p/n3N3/3qp3/8/PPPPBPPP/RNBQK2R w KQkq -,1800-1999,2,463,f2f4,0.5455974842767296,f2f4,0.95015,True,f2f4,f2f4,True,True,True,True,True,0.95015,0.95015,0.0010392684635499281,0.0010392684635499281,0.0,0.0
r1b1kb1r/pp3ppp/1q2p3/3pP3/3n4/2N5/PP2BPPP/R1BQ1RK1 w kq -,1800-1999,3,115,c1e3,0.40131578947368424,c1e3,0.48965,False,c1e3,c1e3,True,True,True,True,True,0.48965,0.48965,0.04431620206377353,0.04431620206377353,0.0,0.0
r1b1kb1r/pp3ppp/2n1p3/3pP3/3q4/2N5/PP2BPPP/R1BQ1RK1 w kq -,1800-1999,6,191,d1c2|e2b5,0.4166666666666667,d1c2,0.30895,False,d1c2,c3b5,False,True,False,True,False,0.30895,0.16015,0.09022806290298363,0.13161027313174462,0.0,0.041666666666666685
r1b1r1k1/ppqn1pbp/2pp1np1/4p3/2PPP3/2N1BNPP/PP3PB1/R2Q1RK1 w - -,1800-1999,4,119,f1e1,0.6521739130434783,f1e1,0.5054,False,d1c2,d1c2,True,False,False,False,False,0.3119,0.3119,0.07156909812858855,0.07156909812858855,0.03375286041189929,0.03375286041189929
r1b2rk1/1p3ppp/p1nqpn2/3p4/3P4/2NBPN2/PP3PPP/R2Q1RK1 w - -,1800-1999,2,196,a1c1,0.5283018867924528,a1c1,0.63405,False,a2a3,a2a3,True,False,False,False,False,0.36595,0.36595,0.039736203537207825,0.039736203537207825,0.022746331236897288,0.022746331236897288
r1b2rk1/1pq1bppp/p1nppn2/8/2PNP3/2N1BP2/PP2B1PP/R2Q1RK1 w - -,1800-1999,4,161,g1h1,0.6363636363636364,g1h1,0.4386,False,b2b3,a1c1,False,False,False,False,False,0.41565,0.0874,0.07537044555457999,0.14202566123275673,0.00303030303030305,0.08080808080808077
r1b2rk1/1pq1bppp/p1nppn2/8/3NP3/1BN1BP2/PPPQ2PP/R3K2R w KQ -,1800-1999,3,241,h2h4,0.6,h2h4,0.6394,False,g2g4,g2g4,True,False,False,False,False,0.1903,0.1903,0.11095616395783141,0.11095616395783141,0.08809523809523812,0.08809523809523812
r1b2rk1/1pq1bppp/p1nppn2/8/3NP3/2N1BP2/PPPQ2PP/1K1R1B1R w - -,1800-1999,2,191,g2g4,0.6445783132530121,g2g4,0.8951,True,g2g4,h2h4,False,True,False,True,False,0.8951,0.1049,0.004679979026223333,0.1286155251620511,0.0,0.12457831325301205
r1b2rk1/1pq1bppp/p1nppn2/8/3NPP2/1BN1B3/PPP3PP/R2Q1RK1 w - -,1800-1999,5,223,g2g4,0.7692307692307693,g2g4,0.82475,True,f4f5,f4f5,True,False,False,False,False,0.04475,0.04475,0.16829279920064213,0.16829279920064213,0.18337218337218342,0.18337218337218342
r1b2rk1/1pq1bppp/p1nppn2/8/3NPP2/2N1B3/PPP1B1PP/R2Q1R1K w - -,1800-1999,9,329,a2a3,0.6052631578947368,a2a4,0.3437,False,e2f3,d1e1,False,False,False,False,False,0.004,0.13115,0.20404426567358072,0.10327278348686061,0.13575096277278564,0.03383458646616544
r1b2rk1/1pq1bppp/p1nppn2/8/3NPP2/2N1BB2/PPP3PP/R2Q1RK1 w - -,1800-1999,9,275,d4b3,0.6,d4b3,0.31145,False,a2a3,d4c6,False,False,False,False,False,0.0603,0.0439,0.2081805004843985,0.1778570869803644,0.1333333333333333,0.09999999999999998
r1b2rk1/1pq1bppp/p1nppn2/8/3NPP2/P1N1B3/1PP1B1PP/R2Q1RK1 w - -,1800-1999,6,105,d1d2,0.5833333333333334,d1d2,0.3699,False,f4f5,d1e1,False,False,False,False,False,0.1368,0.0168,0.16327110905179007,0.2761710461105272,0.08333333333333337,0.20833333333333337
r1b2rk1/1pq1bppp/p1nppn2/8/P2NPP2/2N1B3/1PP1B1PP/R2Q1RK1 w - -,1800-1999,8,179,d1d2,0.7916666666666666,d1d2,0.67155,False,d4b3,d1d2,False,False,True,False,True,0.00365,0.67155,0.3371532500174502,0.031221111354664162,0.33928571428571425,0.0
r1b2rk1/1pq1ppbp/p1np1np1/8/2PN4/1PN3P1/PB2PPBP/R2Q1RK1 w - -,1800-1999,5,169,d4c2,0.6875,d4c2,0.5376,False,a1c1,a1c1,True,False,False,False,False,0.34195,0.34195,0.06274012767674393,0.06274012767674393,0.030523255813953543,0.030523255813953543
r1b2rk1/2p1bppp/p1n2n2/1p2p3/4P3/2P2N2/PP3PPP/RNBBR1K1 b - -,1800-1999,3,148,c8g4,0.5176470588235295,c8g4,0.53275,False,c8b7,f8d8,False,False,False,False,False,0.25975,0.2075,0.0686367962975563,0.11510294759347699,0.038055222088835605,0.08907563025210091
r1b2rk1/3nppbp/pq1p1np1/2pP4/4P3/2N2N2/PP2BPPP/R1BQ1RK1 w - -,1800-1999,5,135,a2a4|d1c2,0.6666666666666666,a2a4,0.46125,False,f3d2,f3d2,True,False,False,False,False,0.00075,0.00075,0.28032643443242017,0.28032643443242017,0.23939393939393938,0.23939393939393938
r1b2rk1/p1p1qppp/4pn2/8/2pP4/6P1/PP2PP1P/RNBQ1RK1 w - -,1800-1999,2,47,b1a3,0.4642857142857143,b1a3,0.73785,False,b1a3,d1a4,False,True,False,True,False,0.73785,0.26215,0.019950229586688115,0.10184887817257009,0.0,0.08549783549783552
r1b2rk1/p1qnbppp/2n1p3/1pppP3/8/3P1NP1/PPPNQPBP/R1B1R1K1 w - b6,1800-1999,3,132,c2c3,0.5652173913043478,c2c3,0.5585,False,d2f1,h2h4,False,False,False,False,False,0.2587,0.1828,0.07848330664125064,0.11375407442465368,0.04598662207357851,0.08134642356241228
r1b2rk1/pp1n1ppp/1qn1p3/3pP3/1b1P4/3B1N2/PP1BNPPP/R2QK2R w KQ -,1800-1999,2,431,e1g1,0.5922077922077922,e1g1,0.6483,False,e1g1,e1g1,True,True,True,True,True,0.6483,0.6483,0.016755159870350388,0.016755159870350388,0.0,0.0
r1b2rk1/pp1nq1pp/2p1p3/3pNp2/2PPn3/2NBP3/PP3PPP/R2Q1RK1 w - -,1800-1999,3,159,f2f3,0.6029411764705882,f2f3,0.61435,False,f2f4,e5d7,False,False,False,False,False,0.32015,0.0655,0.05812410974617104,0.1334934075905651,0.037151702786377694,0.11314525810324128
r1b2rk1/pp1nqppp/2p1p3/3n4/2BP4/2N1PN2/PP3PPP/2RQK2R w K -,1800-1999,2,173,e1g1,0.5451612903225806,e1g1,0.85815,True,e1g1,e1g1,True,True,True,True,True,0.85815,0.85815,0.008178586444475762,0.008178586444475762,0.0,0.0
r1b2rk1/pp1nqppp/2p1p3/3n4/2BP4/2N1PN2/PP3PPP/R2Q1RK1 w - -,1800-1999,9,452,c3e4,0.6842105263157895,c3e4,0.46945,False,c3e4,c3e4,True,True,True,True,True,0.46945,0.46945,0.053130994180258816,0.053130994180258816,0.0,0.0
r1b2rk1/pp2bppp/1qn1p3/3pPn2/1P1P4/P4N2/1B2BPPP/RN1Q1RK1 b - -,1800-1999,4,129,c8d7,0.5531914893617021,c8d7,0.7594,False,f7f6,c8d7,False,False,True,False,True,0.0509,0.7594,0.15404874372237806,0.014711843886479628,0.14319148936170217,0.0
r1b2rk1/pp2ppbp/2N2np1/8/4p3/2N1BP2/PPPq2PP/2KR1B1R w - -,1800-1999,2,256,d1d2,0.45792079207920794,d1d2,0.80235,True,d1d2,e3d2,False,True,False,True,False,0.80235,0.19765,0.007556699887183554,0.06463660092944512,0.0,0.0597726439310598
r1b2rk1/pp2ppbp/2n3p1/2q5/8/4PN2/PP2BPPP/R1BQ1RK1 w - -,1800-1999,5,158,a2a3,0.44,a2a3,0.5918,False,c1d2,c1d2,True,False,False,False,False,0.0186,0.0186,0.28614743285934696,0.28614743285934696,0.29000000000000004,0.29000000000000004
r1b2rk1/pp2ppbp/2n3p1/3q4/3N4/4B3/PPP1BPPP/R2Q1RK1 w - -,1800-1999,3,519,e2f3,0.5528846153846154,e2f3,0.891,True,e2f3,e2f3,True,True,True,True,True,0.891,0.891,0.002536463396397745,0.002536463396397745,0.0,0.0
r1b2rk1/pp2ppbp/2n3p1/3q4/3N4/4B3/PPPQBPPP/R3K2R w KQ -,1800-1999,4,266,e2f3,0.5,e2f3,0.8623,True,e2f3,e2f3,True,True,True,True,True,0.8623,0.8623,0.005765259208179059,0.005765259208179059,0.0,0.0
r1b2rk1/pp2ppbp/2n3p1/3q4/3N4/4BP2/PPPQ2PP/R3KB1R w KQ -,1800-1999,4,888,c2c4,0.42592592592592593,c2c4,0.699,False,c2c4,d4c6,False,True,False,True,False,0.699,0.04825,0.011003267419970156,0.07314807557845238,0.0,0.06098339719029372
r1b2rk1/pp2ppbp/2n3p1/q1p5/2BPP3/2P1B3/P3NPPP/R2Q1RK1 w - -,1800-1999,11,334,d4c5,0.6785714285714286,d4c5,0.37915,False,a1b1,a1b1,True,False,False,False,False,0.0509,0.0509,0.13913634442609882,0.13913634442609882,0.07600732600732607,0.07600732600732607
r1b2rk1/pp3ppp/2n1pn2/3q4/3P4/2P2N2/P3BPPP/R1BQ1RK1 w - -,1800-1999,8,190,e2d3,0.6666666666666666,e2d3,0.60735,False,f1e1,c3c4,False,False,False,False,False,0.01345,0.0137,0.30992312495672186,0.2052410386994936,0.303030303030303,0.18279569892473113
r1b2rk1/pp3ppp/5n2/3pq3/8/2PB4/PP1N1PPP/R2Q1RK1 w - -,1800-1999,2,175,d2f3,0.6009615384615384,d2f3,0.9335,True,d2f3,f1e1,False,True,False,True,False,0.9335,0.0665,0.002060196573414298,0.1080212114643841,0.0,0.10800379198266519
r1b2rk1/ppp1qppp/3p4/4n3/1bP2B2/4P3/PP1NBPPP/R2Q1RK1 w - -,1800-1999,3,281,a2a3,0.6223404255319149,d2f3,0.3595,False,d2f3,a2a3,False,False,True,True,False,0.3595,0.3455,0.052847547484657524,0.042238871134667885,0.008054711246200608,0.0
r1b2rk1/ppp2ppp/2n2q2/2p5/2B1P3/2P5/PP3PPP/RN1Q1RK1 w - -,1800-1999,3,158,f2f4,0.5714285714285714,f2f4,0.65545,False,d1e2,f2f4,False,False,True,False,True,0.18745,0.65545,0.11376744122626677,0.023616691562804812,0.0941558441558441,0.0
r1b2rk1/ppp2ppp/2n2q2/2p5/4P3/2P5/PP2BPPP/RN1Q1RK1 w - -,1800-1999,4,128,b1d2,0.5491803278688525,b1d2,0.6707,False,d1c2,f2f4,False,False,False,False,False,0.0036,0.32245,0.29130105129069594,0.07070690833175204,0.2872755659640906,0.049180327868852514
r1b2rk1/ppp2ppp/2n2q2/4p3/3P4/2PB1N2/PP3PPP/R2QK2R w KQ -,1800-1999,3,113,d4e5,0.4596774193548387,d4e5,0.43225,False,d4e5,d4e5,True,True,True,True,True,0.43225,0.43225,0.04619015012481799,0.04619015012481799,0.0,0.0
r1b2rk1/ppppqppp/8/4n3/2P2B2/P3P3/1P1Q1PPP/R3KB1R w KQ -,1800-1999,3,180,c4c5,0.75,c4c5,0.6484,False,c4c5,c4c5,True,True,True,True,True,0.6484,0.6484,0.03335633811480566,0.03335633811480566,0.0,0.0
r1b2rk1/ppq1ppbp/2n3p1/2p5/2BPP3/2P1B3/P3NPPP/R2Q1RK1 w - -,1800-1999,7,334,a1c1|f2f3,0.5416666666666666,f2f3,0.38405,False,c4b3,a1c1,False,False,True,False,False,0.00555,0.2361,0.285739419562101,0.07395311176908752,0.22587719298245612,0.0
r1b4r/ppp2kpp/2n2n2/8/4P3/8/PB1N1PPP/R3K1NR w KQ -,1800-1999,3,189,g1e2,0.6904761904761905,g1e2,0.87105,True,g1f3,g1e2,False,False,True,False,True,0.02065,0.87105,0.1976933002151539,0.008761910391398184,0.20021645021645018,0.0
r1bq1b1r/pp1nk1pp/4pp2/3pP2Q/3n1N2/3B4/PP1N1PPP/R1B1K2R w KQ -,1800-1999,2,149,e5f6,0.5390625,e5f6,0.71265,False,e5f6,e5f6,True,True,True,True,True,0.71265,0.71265,0.014297857660789491,0.014297857660789491,0.0,0.0
r1bq1b1r/pp4pp/n1p1k3/3np3/8/PBN2Q2/1PPP1PPP/R1B1K2R w KQ -,1800-1999,2,39,e1g1,0.6521739130434783,e1g1,0.8791,True,e1g1,d2d4,False,True,False,True,False,0.8791,0.1209,0.008733028429637385,0.18163767843186546,0.0,0.18342391304347827
r1bq1b1r/ppp3pp/4k3/3np3/2B5/P1N2Q2/1P1P1PPP/n1BK3R w - -,1800-1999,2,72,c3d5,0.5813953488372093,c3d5,0.97845,True,c4d5,c3d5,False,False,True,False,True,0.02155,0.97845,0.22866169324770513,0.0009179841959501543,0.23656776263031276,0.0
r1bq1r2/p3ppkp/2pp1np1/8/4P3/2N5/PPPQ1PPP/R3KB1R w KQ -,1800-1999,5,176,h2h4,0.5370370370370371,h2h4,0.5919,False,f2f3,f1e2,False,False,False,False,False,0.00175,0.1068,0.2984712971521588,0.1452161885891403,0.2870370370370371,0.12399355877616752
r1bq1rk1/1p1n1pbp/p2p1np1/2pP4/P7/2N2NP1/1P2PPBP/R1BQ1RK1 w - -,1800-1999,5,107,h2h3,0.7045454545454546,h2h3,0.4414,False,f3d2,c1f4,False,False,False,False,False,0.2729,0.0115,0.0890268263821196,0.2318415346820033,0.037878787878787956,0.18892045454545459
r1bq1rk1/1p1nbpp1/p3pn1p/3p4/3P3B/2NBPN2/PP3PPP/R2Q1RK1 w - -,1800-1999,3,113,a1c1,0.5641025641025641,a1c1,0.76775,False,a1c1,a1c1,True,True,True,True,True,0.76775,0.76775,0.016848052545538946,0.016848052545538946,0.0,0.0
r1bq1rk1/1p2bpp1/p1n1pn1p/3p4/3P3B/2NBPN2/PP3PPP/R2Q1RK1 w - -,1800-1999,2,162,a1c1,0.5164835164835165,a1c1,0.5528,False,a1c1,a1c1,True,True,True,True,True,0.5528,0.5528,0.024926904164471096,0.024926904164471096,0.0,0.0
r1bq1rk1/1p2bppp/p1n1pn2/6B1/2BP4/2N2N2/PP3PPP/R2Q1RK1 w - -,1800-1999,4,160,a2a3,0.5104166666666666,a2a3,0.4607,False,a2a4,a2a4,True,False,False,False,False,0.22535,0.22535,0.07616102899183409,0.07616102899183409,0.03584039548022594,0.03584039548022594
r1bq1rk1/1p2bppp/p1n1pn2/6B1/2BP4/2N2N2/PP3PPP/R2QR1K1 w - -,1800-1999,4,100,a2a4,0.76,a2a4,0.9758,True,a2a3,a1c1,False,False,False,False,False,0.01565,0.00835,0.2338174350371161,0.2643017932466016,0.24611111111111117,0.2772413793103448
r1bq1rk1/1p2bppp/p1n1pn2/8/2BP4/P1N2N2/1P3PPP/R1BQ1RK1 w - -,1800-1999,7,163,c1f4,0.7037037037037037,c1f4,0.89495,True,b2b4,c1f4,False,False,True,False,True,0.0266,0.89495,0.21317486502246155,0.005724514282564958,0.2184095860566449,0.0
r1bq1rk1/1p2ppbp/p2p1np1/8/2BBP3/2N2P2/PPPQ2PP/2KR3R b - -,1800-1999,2,373,c8e6,0.3870967741935484,c8e6,0.6188,False,b7b5,c8e6,False,False,True,False,True,0.3812,0.6188,0.04820910122819049,0.020576089619391585,0.02306168647425011,0.0
r1bq1rk1/1p3ppp/p1np1b2/3Np3/4P3/N7/PPP2PPP/R2QKB1R w KQ -,1800-1999,6,911,c2c4,0.6071428571428571,c2c4,0.55095,False,a3c4,a3c4,True,False,False,False,False,0.22185,0.22185,0.04791780541589446,0.04791780541589446,0.029108175061932196,0.029108175061932196
r1bq1rk1/1pp1bpp1/p2p1n1p/4p3/4P3/1PNPBN1P/1PP2PP1/R2Q1RK1 w - -,1800-1999,4,119,d3d4,0.6206896551724138,d3d4,0.4771,False,c3e2,d3d4,False,False,True,False,True,0.15945,0.4771,0.11919496281228562,0.04536396360849025,0.07721139430284862,0.0
r1bq1rk1/1pp1bppp/p1p1n3/4N3/3P4/2P5/PP3PPP/RNBQR1K1 w - -,1800-1999,2,146,c1e3,0.56,c1e3,0.62865,False,b1d2,c1e3,False,False,True,False,True,0.37135,0.62865,0.05683665862865073,0.025665172817169696,0.03520661157024796,0.0
r1bq1rk1/1pp1npbp/3p1np1/3Pp3/1BP1P3/2N2N2/P3BPPP/R2Q1RK1 b - -,1800-1999,3,158,f6e8,0.6388888888888888,f6e8,0.9644,True,f6d7,b7b6,False,False,False,False,False,0.02925,0.00635,0.2292583178248314,0.26881943041051354,0.24058380414312613,0.28086419753086417
r1bq1rk1/1pp1npp1/1b1p1n1p/pP2p3/P1B1P3/2PP1N1P/5PP1/RNBQ1RK1 w - -,1800-1999,4,113,f1e1,0.5882352941176471,f1e1,0.65715,False,b1d2,b1d2,True,False,False,False,False,0.02345,0.02345,0.26522534692998617,0.26522534692998617,0.24613003095975233,0.24613003095975233
r1bq1rk1/1pp2pb1/3p1npp/p1nPp1B1/2P1P3/2N2N2/PPQ1BPPP/R4RK1 w - -,1800-1999,2,129,g5e3,0.6025641025641025,g5e3,0.9809,True,g5e3,g5e3,True,True,True,True,True,0.9809,0.9809,0.0006134094423874014,0.0006134094423874014,0.0,0.0
r1bq1rk1/2p1bppp/p1P2n2/1p6/8/1BP2p2/PP1P1PPP/RNBQR1K1 w - -,1800-1999,2,265,d2d4,0.5178571428571429,d2d4,0.99135,True,d2d4,d2d4,True,True,True,True,True,0.99135,0.99135,0.00023381174076339404,0.00023381174076339404,0.0,0.0
r1bq1rk1/2p1bppp/p1n5/1p1n4/3p4/1BP2N2/PP3PPP/RNBQR1K1 w - -,1800-1999,2,625,c3d4,0.5260869565217391,c3d4,0.7417,False,c3d4,c3d4,True,True,True,True,True,0.7417,0.7417,0.007618422405954652,0.007618422405954652,0.0,0.0
r1bq1rk1/2p1bppp/p7/1p1nR3/8/1B5P/PPPP1PP1/RNBQ2K1 b - -,1800-1999,2,220,c7c6,0.5233333333333333,c7c6,0.5521,False,d5f6,d5f6,True,False,False,False,False,0.4479,0.4479,0.0322939031116607,0.0322939031116607,0.009047619047619082,0.009047619047619082
r1bq1rk1/2p1bppp/p7/1p1nR3/8/1BP5/PP1P1PPP/RNBQ2K1 b - -,1800-1999,2,3870,d5f6,0.653288740245262,d5f6,1.0,True,d5f6,c7c6,False,True,False,True,False,1.0,0.0,0.0,0.07638003405128248,0.0,0.07676670862736756
r1bq1rk1/2p2pp1/p1np1n1p/1pb5/3PP3/1B3N1P/PP3PP1/RNBQR1K1 b - -,1800-1999,3,100,c5a7,0.6470588235294118,c5a7,0.959,True,c5a7,c5b6,False,True,False,True,False,0.959,0.03855,0.002157335012799151,0.22823736689168628,0.0,0.2413984461709212
r1bq1rk1/2p2pp1/pbnp1n1p/1p2p3/3PP3/1BP2N1P/PP3PP1/RNBQR1K1 w - -,1800-1999,6,135,d4e5,0.5454545454545454,d4e5,0.4735,False,a2a4,c1e3,False,False,False,False,False,0.22765,0.154,0.10300096421099035,0.13456638645046684,0.045454545454545414,0.07878787878787874
r1bq1rk1/2p2ppp/p1np1n2/1p6/1b1PP3/1B3N2/PP3PPP/RNBQR1K1 w - -,1800-1999,2,50,c1d2,0.6470588235294118,c1d2,0.9212,True,b1c3,c1d2,False,False,True,False,True,0.0788,0.9212,0.18449808699540027,0.0046029625117170545,0.19251336898395727,0.0
r1bq1rk1/2p2ppp/pbnp1n2/1p6/3PP3/1B3N2/PP3PPP/RNBQR1K1 w - -,1800-1999,3,86,h2h3,0.6515151515151515,h2h3,0.98365,True,b1c3,h2h3,False,False,True,False,True,0.00085,0.98365,0.4008938032919503,0.0006363033086912939,0.4265151515151515,0.0
r1bq1rk1/2pnbppp/p2p1n2/1p2p3/3PP3/1BP2N1P/PP3PP1/RNBQR1K1 w - -,1800-1999,4,791,c1g5,0.5465116279069767,d4e5,0.4018,False,b1d2,b1d2,True,False,False,False,False,0.0898,0.0898,0.07436827925184814,0.07436827925184814,0.03194852111086022,0.03194852111086022
r1bq1rk1/3nbppp/2n1p3/ppppP3/8/3P1NP1/PPP2PBP/R1BQRNK1 w - a6,1800-1999,2,78,c1f4,0.7142857142857143,c1f4,0.9282,True,h2h4,h2h4,True,False,False,False,False,0.0718,0.0718,0.1827754286223721,0.1827754286223721,0.1986607142857143,0.1986607142857143
r1bq1rk1/3nbppp/p1p1pn2/1p4B1/3P4/2NBPN2/PP3PPP/R2Q1RK1 w - -,1800-1999,7,251,c3e4,0.6666666666666666,c3e4,0.6937,False,e3e4,d1c2,False,False,False,False,False,0.02125,0.13645,0.24018748767582473,0.1759243977323053,0.23563218390804597,0.16666666666666663
r1bq1rk1/3nbppp/p3pn2/1p1p2B1/3P4/2NBPN2/PP3PPP/2RQ1RK1 w - b6,1800-1999,2,101,d3b1,0.6428571428571429,d3b1,0.68675,False,d3b1,d3b1,True,True,True,True,True,0.68675,0.68675,0.021620177582033488,0.021620177582033488,0.0,0.0
r1bq1rk1/4bppp/p2p1n2/npp1p3/4P3/2P2N1P/PPBP1PP1/RNBQR1K1 w - -,1800-1999,2,228,d2d4,0.5103092783505154,d2d4,0.60835,False,d2d4,d2d4,True,True,True,True,True,0.60835,0.60835,0.024373512239007803,0.024373512239007803,0.0,0.0
r1bq1rk1/4bppp/p2p1n2/npp1p3/4P3/2P2N1P/PPBP1PP1/RNBQR1K1 w - c6,1800-1999,2,2820,d2d3,0.5967302452316077,d2d3,0.97545,True,d2d4,d2d4,True,False,False,False,False,0.02455,0.02455,0.052296658024863885,0.052296658024863885,0.05229485998904759,0.05229485998904759
r1bq1rk1/4bppp/p2p1n2/npp1p3/4P3/2PP1N1P/PPB2PP1/RNBQ1RK1 w - c6,1800-1999,7,625,f1e1,0.6547619047619048,f1e1,0.93275,True,f1e1,b1d2,False,True,False,True,False,0.93275,0.0137,0.0016833059564213759,0.12306937975242913,0.0,0.12224157955865278
r1bq1rk1/4bppp/p2p1n2/npp1p3/4P3/2PP1N2/PPB2PPP/RNBQR1K1 w - c6,1800-1999,4,485,h2h3,0.5238095238095238,h2h3,0.60955,False,b1d2,a2a4,False,False,False,False,False,0.17165,0.20335,0.061956478973903426,0.09171638633367543,0.04128264208909371,0.07380952380952382
r1bq1rk1/bpp2pp1/p1np1n1p/P3p3/1PB1P3/2PP1N1P/5PP1/RNBQ1RK1 w - -,1800-1999,2,62,c1e3,0.48,c1e3,0.54645,False,b1d2,b1d2,True,False,False,False,False,0.45355,0.45355,0.06594605001194387,0.06594605001194387,0.021666666666666667,0.021666666666666667
r1bq1rk1/p2nbpp1/2p1pn1p/1p6/2BP3B/2N1PN2/PP3PPP/R2Q1RK1 w - b6,1800-1999,2,290,c4d3,0.5119047619047619,c4d3,0.8616,True,c4d3,c4d3,True,True,True,True,True,0.8616,0.8616,0.004238459997036735,0.004238459997036735,0.0,0.0
r1bq1rk1/p2nppbp/2p3p1/3pP3/5P2/2N1B3/PPP1B1PP/R2Q1RK1 b - f3,1800-1999,3,181,d7b6,0.7857142857142857,d7b6,0.79145,False,f7f6,e7e6,False,False,False,False,False,0.19705,0.0115,0.1468618918743142,0.2372874564325909,0.1428571428571428,0.24649859943977592
r1bq1rk1/p3bppp/4pn2/3p2B1/8/2NB4/PPP2PPP/R2Q1RK1 w - -,1800-1999,6,137,f1e1,0.4,f1e1,0.3955,False,d1f3,f1e1,False,False,True,False,True,0.106,0.3955,0.1397924729834823,0.05974919543028545,0.0851851851851852,0.0
r1bq1rk1/p3ppbp/1pn3p1/2p5/2BPP3/2P1B3/P3NPPP/R2Q1RK1 w - -,1800-1999,4,80,d4c5,0.6818181818181818,d4c5,0.69835,False,a1c1,a1c1,True,False,False,False,False,0.0125,0.0125,0.27008704701099695,0.27008704701099695,0.2680250783699059,0.2680250783699059
r1bq1rk1/p3ppbp/2p2np1/3p4/4P3/2N1BP2/PPPQ2PP/2KR1B1R w - -,1800-1999,3,933,e3h6,0.5916666666666667,e3h6,0.9563,True,e4d5,e3h6,False,False,True,False,True,0.00015,0.9563,0.1888591505109366,0.0012323556148988249,0.19057773744706596,0.0
r1bq1rk1/p3ppbp/2p3p1/3n4/8/2N1B3/PPP1BPPP/R2Q1RK1 w - -,1800-1999,2,280,e3d4,0.4375,e3d4,0.74635,False,e3d4,c3d5,False,True,False,True,False,0.74635,0.25365,0.009303182120118925,0.050483886030696624,0.0,0.04086538461538464
r1bq1rk1/p3ppbp/2p3p1/3n4/8/2N1B3/PPPQBPPP/R3K2R w KQ -,1800-1999,3,171,e3d4,0.48484848484848486,e3d4,0.6885,False,e1c1,c3d5,False,False,False,False,False,0.03295,0.27855,0.20240794126198958,0.06627090629025473,0.19913419913419916,0.04895104895104896
r1bq1rk1/p3ppbp/2p3p1/3n4/8/2N1BP2/PPPQ2PP/R3KB1R w KQ -,1800-1999,3,749,e1c1,0.4144736842105263,e1c1,0.6001,False,e3d4,c3d5,False,False,False,False,False,0.2112,0.1887,0.049665381077576044,0.045939392794262714,0.032120743034055765,0.027793763733389154
r1bq1rk1/p3ppbp/2p3p1/3p4/2B1N3/4B3/PPP2PPP/R2Q1RK1 w - -,1800-1999,4,167,c4d3,0.5548780487804879,c4d3,0.7881,False,c4d3,c4d3,True,True,True,True,True,0.7881,0.7881,0.012442128151088812,0.012442128151088812,0.0,0.0
r1bq1rk1/p3ppbp/5np1/3p4/8/2N1BP2/PPPQ2PP/R3KB1R w KQ -,1800-1999,4,314,e1c1,0.4623115577889447,e1c1,0.7109,False,e1c1,e1c1,True,True,True,True,True,0.7109,0.7109,0.013601852673015514,0.013601852673015514,0.0,0.0
r1bq1rk1/p4pbp/2p1pnp1/3p4/3P4/2N3P1/PP2PPBP/R1BQ1RK1 w - -,1800-1999,3,64,c1f4,0.8793103448275862,c1f4,0.91425,True,c3a4,c1f4,False,False,True,False,True,0.0628,0.91425,0.14810208300737704,0.0036641321574755006,0.15014367816091956,0.0
r1bq1rk1/p4ppp/2p2n2/3p2B1/1b6/2NB4/PPP2PPP/R2Q1RK1 w - -,1800-1999,5,957,c3a4,0.5232558139534884,c3a4,0.6701,False,d1f3,d1f3,True,False,False,False,False,0.12665,0.12665,0.06949075295849895,0.06949075295849895,0.05353263056248497,0.05353263056248497
r1bq1rk1/p4ppp/2p2n2/3p4/1b6/2NB3P/PPP2PP1/R1BQ1RK1 w - -,1800-1999,2,128,c1g5,0.5625,c1g5,0.7051,False,d1f3,d1f3,True,False,False,False,False,0.2949,0.2949,0.08364256531526038,0.08364256531526038,0.0669642857142857,0.0669642857142857
r1bq1rk1/p4ppp/2p2n2/3p4/1b6/2NB4/PPPB1PPP/R2Q1RK1 w - -,1800-1999,5,255,c3e2,0.6724137931034483,c3e2,0.8252,True,c3e2,h2h3,False,True,False,True,False,0.8252,0.00795,0.01152517027968879,0.29275594673757677,0.0,0.2974137931034483
r1bq1rk1/p4ppp/4pn2/3p4/1b6/2NB4/PPPB1PPP/R2Q1RK1 w - -,1800-1999,3,102,f1e1,0.6071428571428571,f1e1,0.6346,False,a2a3,f1e1,False,False,True,False,True,0.21255,0.6346,0.10544726733963253,0.03546824732032121,0.08047619047619048,0.0
r1bq1rk1/pp1nbpp1/2p1p2p/3n4/2BP3B/2N1PN2/PP3PPP/R2Q1RK1 w - -,1800-1999,2,248,h4g3,0.5333333333333333,h4g3,0.5754,False,h4g3,h4g3,True,True,True,True,True,0.5754,0.5754,0.02076598194678261,0.02076598194678261,0.0,0.0
r1bq1rk1/pp2bpp1/2n1pn1p/8/2BP3B/2N2N2/PP3PPP/R2Q1RK1 b - -,1800-1999,3,111,f6d5,0.5571428571428572,f6d5,0.7559,False,b7b6,b7b6,True,False,False,False,False,0.135,0.135,0.14403920156334613,0.14403920156334613,0.13609022556390982,0.13609022556390982
r1bq1rk1/pp2bpp1/2n2n1p/3p2B1/3N4/2N3P1/PP2PPBP/R2Q1RK1 w - -,1800-1999,3,135,g5e3,0.6097560975609756,g5e3,0.6896,False,g5e3,g5e3,True,True,True,True,True,0.6896,0.6896,0.018541529487019575,0.018541529487019575,0.0,0.0
r1bq1rk1/pp2bppp/2n1pn2/6B1/2BP4/2N2N2/PP3PPP/R2Q1RK1 w - -,1800-1999,4,163,a1c1,0.6477272727272727,a1c1,0.67855,False,a2a3,a2a3,True,False,False,False,False,0.2116,0.2116,0.08882045255057021,0.08882045255057021,0.07080419580419584,0.07080419580419584
r1bq1rk1/pp2bppp/2np1n2/4p1B1/2B1P3/2N2N2/PP2QPPP/R2R2K1 w - -,1800-1999,4,139,g5f6,0.3787878787878788,g5f6,0.36805,False,c3b5,a1c1,False,False,False,False,False,0.0018,0.32615,0.28178330701795173,0.06273922198125559,0.23878787878787877,0.0017386984600099575
r1bq1rk1/pp2bppp/2np1n2/4p3/2B1P3/2N2N1P/PP2QPP1/R1BR2K1 w - -,1800-1999,4,240,c1g5,0.5441176470588235,c1g5,0.38715,False,c4b5,c4b5,True,False,False,False,False,0.2893,0.2893,0.0894111206656282,0.0894111206656282,0.044117647058823484,0.044117647058823484
r1bq1rk1/pp2npbp/2n3p1/1B1p4/3P4/5N2/PP3PPP/RNBQR1K1 w - -,1800-1999,3,272,b5c6,0.5588235294117647,b5c6,0.69995,False,c1g5,b5c6,False,False,True,False,True,0.07375,0.69995,0.12169142280277151,0.02116606224315363,0.10487616099071206,0.0
r1bq1rk1/pp2pp1p/2n3p1/2pP4/4P3/5N2/P2QBPPP/1R2K2R b K -,1800-1999,4,121,c6a5,0.375,c6a5,0.35085,False,c6a5,c6d4,False,True,False,True,False,0.35085,0.0146,0.06611091240662773,0.21784534465550218,0.0,0.16071428571428573
r1bq1rk1/pp2ppbp/1n1p2p1/3Pn3/2P5/1PN1B3/P4PPP/2RQKBNR w K -,1800-1999,2,155,f1e2,0.7412587412587412,f1e2,0.89415,True,f1e2,f1e2,True,True,True,True,True,0.89415,0.89415,0.00570537409912364,0.00570537409912364,0.0,0.0
r1bq1rk1/pp2ppbp/2n3p1/3n4/3N4/2N1BP2/PPPQ2PP/2KR1B1R w - -,1800-1999,2,749,c3d5,0.4452887537993921,c3d5,0.59385,False,d4c6,d4c6,True,False,False,False,False,0.40615,0.40615,0.018539179293961688,0.018539179293961688,0.008383991894630183,0.008383991894630183
r1bq1rk1/pp2ppbp/2n3p1/8/2BPP3/4B3/P3NPPP/R2Q1RK1 b - -,1800-1999,6,475,e7e6,0.5333333333333333,e7e6,0.5831,False,c6a5,c6a5,True,False,False,False,False,0.06985,0.06985,0.10603839235490711,0.10603839235490711,0.08211382113821136,0.08211382113821136
r1bq1rk1/pp2ppbp/2n3p1/8/2BPP3/4B3/P3NPPP/R2QK2R w KQ -,1800-1999,2,374,a1c1,0.5588235294117647,a1c1,0.657,False,e1g1,e1g1,True,False,False,False,False,0.343,0.343,0.07025172484681778,0.07025172484681778,0.0490196078431373,0.0490196078431373
r1bq1rk1/pp2ppbp/2n3p1/8/2BPP3/8/P3NPPP/R1BQ1RK1 w - -,1800-1999,2,241,c1e3,0.5133333333333333,c1e3,0.873,True,c1e3,c1e3,True,True,True,True,True,0.873,0.873,0.007058367925084396,0.007058367925084396,0.0,0.0
r1bq1rk1/pp2ppbp/2n3p1/8/3PP3/4BN2/P3BPPP/R2Q1RK1 b - -,1800-1999,2,131,c8g4,0.42735042735042733,c8g4,0.97295,True,c8g4,c8g4,True,True,True,True,True,0.97295,0.97295,0.0013163306709162278,0.0013163306709162278,0.0,0.0
r1bq1rk1/pp2ppbp/3p1np1/8/3NP3/1nN1BP2/PPPQ2PP/R3K2R w KQ -,1800-1999,3,185,a2b3,0.66,a2b3,0.65265,False,a2b3,a2b3,True,True,True,True,True,0.65265,0.65265,0.020281989323335487,0.020281989323335487,0.0,0.0
r1bq1rk1/pp2ppbp/6p1/n1p5/2BPP3/2P1B3/P3NPPP/R2Q1RK1 w - -,1800-1999,3,295,c4b3,0.5285714285714286,c4b3,0.4661,False,c4d3,c4d3,True,False,False,False,False,0.1929,0.1929,0.0738586117864245,0.0738586117864245,0.03064611736810907,0.03064611736810907
r1bq1rk1/pp3pbp/2n1p1p1/3n4/3P4/2N2NP1/PP3PBP/R1BQ1RK1 w - -,1800-1999,4,140,c1e3,0.5769230769230769,c1e3,0.47365,False,c3d5,f1e1,False,False,False,False,False,0.1509,0.10545,0.11078380899993596,0.14234591453977832,0.06025641025641015,0.09358974358974353
r1bq1rk1/pp3ppp/2n1p3/2b5/4B3/2P2N2/PP3PPP/R1BQ1RK1 b - -,1800-1999,4,114,d8d1,0.5098039215686274,d8d1,0.4369,False,d8c7,d8d1,False,False,True,False,True,0.1255,0.4369,0.12758651520180217,0.056500080185640476,0.07432005060088548,0.0
r1bq1rk1/pp3ppp/2n2n2/2b3B1/3p4/2N2NP1/PP2PPBP/R2Q1RK1 w - -,1800-1999,2,105,g5f6,0.7037037037037037,g5f6,0.96595,True,g5f6,c3e4,False,True,False,True,False,0.96595,0.03405,0.0014474154723451316,0.18252337109979686,0.0,0.19088319088319095
r1bq1rk1/pp3ppp/2n2n2/3p4/8/P1NB4/1PP2PPP/R1BQ1RK1 b - -,1800-1999,2,53,c8g4,0.4583333333333333,c8g4,0.65235,False,d5d4,c8g4,False,False,True,False,True,0.34765,0.65235,0.08845268766286658,0.03240570599868083,0.05589430894308939,0.0
r1bq1rk1/pp3ppp/2pbpn2/8/2PPB3/5N2/PP3PPP/R1BQ1RK1 w - -,1800-1999,2,347,e4c2,0.5919003115264797,e4c2,0.79045,False,e4c2,e4c2,True,True,True,True,True,0.79045,0.79045,0.010518040781348987,0.010518040781348987,0.0,0.0
r1bq1rk1/ppp1bpp1/5n1p/4Q3/2B5/2N5/PPP2PPP/R1B2RK1 w - -,1800-1999,2,31,f1d1,0.6470588235294118,f1d1,0.9052,True,f1d1,f1d1,True,True,True,True,True,0.9052,0.9052,0.006891695948708112,0.006891695948708112,0.0,0.0
r1bq1rk1/ppp1n1bp/3p2p1/3Ppp1n/1PP1P3/2N2N2/P3BPPP/R1BQR1K1 w - f6,1800-1999,2,65,f3d2,0.6538461538461539,f3d2,0.96175,True,f3g5,f3g5,True,False,False,False,False,0.03825,0.03825,0.24381173109449739,0.24381173109449739,0.25961538461538464,0.25961538461538464
r1bq1rk1/ppp2ppp/1b3n2/3Pp3/2B1P3/2N5/PP3PPP/R1BQ1RK1 w - -,1800-1999,5,135,c1e3,0.6363636363636364,c1e3,0.60095,False,h2h3,d1d3,False,False,False,False,False,0.07625,0.0172,0.19111486124939384,0.31200248137402803,0.1657754010695187,0.30303030303030304
r1bq1rk1/ppp2ppp/2n5/1B1p4/3Pn3/2P2N2/P4PPP/R1BQ1RK1 w - -,1800-1999,5,128,d1d3,0.4444444444444444,d1d3,0.5275,False,d1c2,b5c6,False,False,False,False,False,0.1394,0.02445,0.13635174909980805,0.18973776705993142,0.09259259259259256,0.14444444444444443
r1bq1rk1/ppp2ppp/2n5/1B1pP3/1b1P4/5N2/PP1N1PPP/R2QK2R w KQ -,1800-1999,3,173,h2h3,0.7894736842105263,h2h3,0.96785,True,e1g1,e1g1,True,False,False,False,False,0.0005,0.0005,0.33910770387965306,0.33910770387965306,0.3586226203807391,0.3586226203807391
r1bq1rk1/ppp2ppp/2n5/3n4/2BP4/2P2N2/P4PPP/R1BQ1RK1 w - -,1800-1999,9,288,d1d3,0.7083333333333334,d1d3,0.5018,False,d1d3,f1e1,False,True,False,True,False,0.5018,0.07215,0.034784887080701855,0.15504558692464657,0.0,0.12137681159420288
r1bq1rk1/ppp2ppp/2n5/3n4/2BP4/5N2/PP1N1PPP/R2Q1RK1 w - -,1800-1999,8,893,a1c1,0.5294117647058824,a1c1,0.51355,False,f3e5,a1c1,False,False,True,False,True,0.00665,0.51355,0.16274749241471814,0.025673998410397747,0.13970588235294118,0.0
r1bq1rk1/ppp2ppp/2n5/3p4/2BPn3/2P2N2/P4PPP/R1BQR1K1 w - -,1800-1999,4,223,d1c2,0.4523809523809524,d1c2,0.4306,False,d1d3,c4d3,False,False,False,False,False,0.23495,0.0823,0.11580993926379397,0.11583982368883855,0.059523809523809534,0.05173992673992672
r1bq1rk1/ppp2ppp/2n5/3p4/3Pn3/2PB1N2/P4PPP/R1BQ1RK1 w - -,1800-1999,5,294,d1c2,0.5284090909090909,d1c2,0.3714,False,c3c4,d1c2,False,False,True,False,True,0.31175,0.3714,0.064748264373033,0.04830938523699132,0.016504329004329077,0.0
r1bq1rk1/ppp2ppp/3b1n2/4Q1B1/8/2N5/PPP2PPP/2KR1B1R w - -,1800-1999,2,82,e5d4,0.5384615384615384,e5d4,0.6078,False,g5f6,e5d4,False,False,True,False,True,0.3922,0.6078,0.07533886696550263,0.03878999324329405,0.038461538461538436,0.0
r1bq1rk1/ppp2ppp/3b1n2/4Q3/2B5/2N5/PPP2PPP/R1B2RK1 w - -,1800-1999,2,105,e5g5,0.5290697674418605,e5g5,0.7528,False,e5g5,e5g5,True,True,True,True,True,0.7528,0.7528,0.016967509489480198,0.016967509489480198,0.0,0.0
r1bq1rk1/pppnn1bp/3p2p1/3Ppp2/2P1P3/2N1BP2/PP2B1PP/R2QNRK1 b - -,1800-1999,2,686,f5f4,0.4441747572815534,f5f4,0.77,False,d7f6,f5f4,False,False,True,False,True,0.23,0.77,0.053410556964348155,0.008180365731310993,0.04711593375214168,0.0
r1bq1rk1/pppnn1bp/3p2p1/3Ppp2/2P1P3/2N2P2/PP2B1PP/R1BQNRK1 w - f6,1800-1999,3,185,g2g4,0.6363636363636364,g2g4,0.95315,True,c1e3,e1d3,False,False,False,False,False,0.027,0.01985,0.14730694723907542,0.2426473434143518,0.14963797264682221,0.2540106951871658
r1bq1rk1/pppnn1bp/3p2p1/3Ppp2/2P1P3/2NN4/PP2BPPP/R1BQ1RK1 w - f6,1800-1999,3,299,c1d2,0.5992647058823529,c1d2,0.5631,False,c1d2,f2f3,False,True,False,True,False,0.5631,0.15615,0.028113420644331342,0.06940601302015766,0.0,0.042217726016581136
r1bq1rk1/ppppbppp/2n5/8/2BP4/2P2N2/P4PPP/R1BQR1K1 w - -,1800-1999,3,53,d4d5,0.41379310344827586,d4d5,0.3938,False,d4d5,d4d5,True,True,True,True,True,0.3938,0.3938,0.07187065951332608,0.07187065951332608,0.0,0.0
r1bq3r/ppp2kpp/8/3p4/1n1Pn3/1Q3N2/PP3PPP/RN2K2R w KQ d6,1800-1999,2,514,f3e5,0.680379746835443,f3e5,0.95205,True,f3e5,f3e5,True,True,True,True,True,0.95205,0.95205,0.0009048775271804365,0.0009048775271804365,0.0,0.0
r1bqk1nr/ppp3pp/2np4/8/4P3/2Q2N2/P4PPP/RNB2RK1 b - -,1800-1999,2,55,g8f6,0.3333333333333333,g8f6,0.91255,True,g8f6,g8f6,True,True,True,True,True,0.91255,0.91255,0.005391972743719478,0.005391972743719478,0.0,0.0
r1bqk2r/1p3ppp/p1np4/3Np1b1/4P3/N7/PPP2PPP/R2QKB1R w KQkq -,1800-1999,6,350,h2h4,0.7,h2h4,0.539,False,h2h4,a3c4,False,True,False,True,False,0.539,0.26325,0.04053768339894944,0.07378512543933226,0.0,0.043283582089552186
r1bqk2r/4np1p/p2p1p2/1p2p3/4P3/N7/PPP2PPP/R2QKB1R w KQkq -,1800-1999,6,315,f1d3,0.5625,f1d3,0.65215,False,d1f3,c2c4,False,False,False,False,False,0.04005,0.0316,0.1853678814085444,0.14642271213442704,0.16856060606060608,0.12672018348623854
r1bqk2r/5pbp/p1np1p2/1p1Np3/4P3/N7/PPP2PPP/R2QKB1R w KQkq -,1800-1999,6,684,f1d3,0.5968992248062015,f1d3,0.68785,False,c2c4,c2c3,False,False,False,False,False,0.00025,0.00315,0.2188743878009907,0.13320925853592744,0.20309391507168822,0.11618705863409468
r1bqk2r/5ppp/p1np1b2/1p1Np3/4P3/N7/PPP2PPP/R2QKB1R w KQkq -,1800-1999,3,4054,c2c4,0.522466039707419,c2c4,0.55705,False,c2c4,c2c3,False,True,False,True,False,0.55705,0.2274,0.007935891236802292,0.016765149017434765,0.0,0.008864111332763325
r1bqk2r/p3bpp1/2p2n1p/n7/B3p3/5N2/PPPPQPPP/RNB1K2R w KQkq -,1800-1999,3,255,f3e5,0.4834905660377358,f3e5,0.6615,False,f3e5,f3e5,True,True,True,True,True,0.6615,0.6615,0.02279207352148813,0.02279207352148813,0.0,0.0
r1bqk2r/p3bpp1/2p4p/n2np3/4N3/3B4/PPPP1PPP/RNBQ1RK1 w kq -,1800-1999,5,148,f1e1,0.6363636363636364,f1e1,0.7471,False,d3e2,d3e2,True,False,False,False,False,0.1201,0.1201,0.1763661444596216,0.1763661444596216,0.16969696969696968,0.16969696969696968
r1bqk2r/p4pp1/2p2n1p/n1b1N3/4p3/8/PPPPBPPP/RNBQK2R w KQkq -,1800-1999,4,315,f2f4,0.4444444444444444,f2f4,0.4189,False,c2c3,e1g1,False,False,False,False,False,0.1551,0.212,0.07979561554694362,0.06960032420200875,0.020715630885122405,0.01085069444444442
r1bqk2r/p4pp1/2p2n1p/n1b5/4p3/8/PPPPBPPP/RNBQK1NR w KQkq -,1800-1999,4,147,c2c3,0.35,c2c3,0.52,False,d2d4,d2d4,True,False,False,False,False,0.3408,0.3408,0.07667599376135648,0.07667599376135648,0.04999999999999999,0.04999999999999999
r1bqk2r/p4pp1/2pb1n1p/n3N3/4p3/8/PPPPBPPP/RNBQK2R w KQkq -,1800-1999,3,972,d2d4,0.48519040902679833,d2d4,0.7055,False,d2d4,d2d4,True,True,True,True,True,0.7055,0.7055,0.00769205011268904,0.00769205011268904,0.0,0.0
r1bqk2r/pp1n1ppp/4p3/3pP3/3Q1P2/2N5/PPP3PP/R3KB1R b KQkq -,1800-1999,2,138,d8b6,0.44036697247706424,d8b6,0.6034,False,d8b6,d8b6,True,True,True,True,True,0.6034,0.6034,0.027442503817340577,0.027442503817340577,0.0,0.0
r1bqk2r/pp4pp/2nbpn2/3p4/3P4/3B1N2/PP1N1PPP/R1BQ1RK1 w kq -,1800-1999,4,193,d2b3,0.5476190476190477,b2b3,0.4037,False,d2b3,f1e1,False,True,False,False,False,0.36635,0.1844,0.06525745402431522,0.08780547555549824,0.0,0.023809523809523836
r1bqk2r/pp4pp/2nbpn2/3p4/3P4/3B1N2/PP2NPPP/R1BQK2R w KQkq -,1800-1999,3,444,e1g1,0.4928977272727273,e1g1,0.57225,False,c1g5,c1g5,True,False,False,False,False,0.0281,0.0281,0.1887004295306524,0.1887004295306524,0.1803977272727273,0.1803977272727273
r1bqk2r/pp4pp/2nbpn2/3p4/3P4/3B4/PP1NNPPP/R1BQ1RK1 w kq -,1800-1999,3,781,f2f4,0.5862068965517241,f2f4,0.69,False,d2f3,d2f3,True,False,False,False,False,0.1143,0.1143,0.07549416049210042,0.07549416049210042,0.06034482758620685,0.06034482758620685
r1bqk2r/ppp2ppp/8/8/1QpPn3/5N2/PP3PPP/RN2K2R w KQkq -,1800-1999,2,83,e1g1,0.4696969696969697,e1g1,0.7151,False,e1g1,e1g1,True,True,True,True,True,0.7151,0.7151,0.01811615529667368,0.01811615529667368,0.0,0.0
r1bqk2r/ppp2ppp/8/n2n4/2BP4/1Q3N2/PP1N1PPP/R3K2R w KQkq -,1800-1999,2,119,b3b5,0.6,b3b5,0.74685,False,b3a4,b3a4,True,False,False,False,False,0.25315,0.25315,0.09600251294847985,0.09600251294847985,0.0855769230769231,0.0855769230769231
r1bqk2r/ppppnppp/5b2/3P4/2B1R3/5N2/PP3PPP/R1BQ2K1 b kq -,1800-1999,2,283,e8g8,0.5714285714285714,e8g8,0.5574,False,d7d6,d7d6,True,False,False,False,False,0.4426,0.4426,0.044231159737893364,0.044231159737893364,0.016526610644257644,0.016526610644257644
r1bqkb1r/4nppp/p2p4/1p1Pp3/8/N3B3/PPP2PPP/R2QKB1R w KQkq -,1800-1999,3,194,c2c3,0.5833333333333334,c2c3,0.61805,False,c2c4,c2c4,True,False,False,False,False,0.05815,0.05815,0.16248312207605384,0.16248312207605384,0.13203463203463206,0.13203463203463206
r1bqkb1r/5p1p/p1np4/1p1Npp2/4P3/N7/PPP2PPP/R2QKB1R w KQkq -,1800-1999,6,1033,c2c3,0.5520833333333334,c2c3,0.37115,False,f1d3,f1b5,False,False,False,False,False,0.21985,0.3484,0.0379852911113171,0.034956786337459425,0.00459729981378032,0.0011574074074074403
r1bqkb1r/5ppp/p1np1n2/1p1Np3/4P3/N7/PPPB1PPP/R2QKB1R w KQkq -,1800-1999,3,148,d5f6,0.58,d5f6,0.74815,False,f1d3,f1d3,True,False,False,False,False,0.10685,0.10685,0.16231972344979545,0.16231972344979545,0.15499999999999997,0.15499999999999997
r1bqkb1r/p2n1p2/2p1pn2/1p2P1B1/2pP4/2N5/PP3PPP/R2QKB1R w KQkq -,1800-1999,4,351,g2g3,0.5130434782608696,g2g3,0.47345,False,d1f3,g2g3,False,False,True,False,True,0.3987,0.47345,0.0457706206975373,0.03189599669120354,0.013043478260869601,0.0
r1bqnrk1/pp2bppp/2npp3/4P3/2B5/2N2N2/PP2QPPP/R1BR2K1 w - -,1800-1999,2,204,e5d6,0.6022727272727273,e5d6,0.6333,False,e5d6,e5d6,True,True,True,True,True,0.6333,0.6333,0.023406556684448007,0.023406556684448007,0.0,0.0
r1bqnrk1/ppp1n1bp/3p2p1/2PPpp2/1P2P3/2N2N2/P3BPPP/R1BQ1RK1 w - f6,1800-1999,3,147,f3g5,0.6287878787878788,f3g5,0.7242,False,f3g5,f3d2,False,True,False,True,False,0.7242,0.2735,0.013570527963251542,0.061939530912623164,0.0,0.04907773386034253
r1bqnrk1/ppp1n1bp/3p2p1/3Ppp2/1PP1P3/2N5/P2NBPPP/R1BQ1RK1 w - f6,1800-1999,3,87,c4c5,0.6346153846153846,c4c5,0.6617,False,c4c5,c4c5,True,True,True,True,True,0.6617,0.6617,0.028350376173280137,0.028350376173280137,0.0,0.0
r1bqnrk1/ppp1n1bp/3p2p1/3Ppp2/2P1P3/2N1BP2/PP2B1PP/R2QNRK1 b - -,1800-1999,2,711,e8f6,0.46835443037974683,e8f6,0.5304,False,e8f6,f5f4,False,True,False,True,False,0.5304,0.4696,0.020289799380010777,0.025357136124005124,0.0,0.004746835443038
r1bqnrk1/ppp1n1bp/3p2p1/3Ppp2/2P1P3/2NN4/PP2BPPP/R1BQ1RK1 w - f6,1800-1999,3,234,f2f4,0.6071428571428571,f2f4,0.50135,False,f2f3,f2f3,True,False,False,False,False,0.1276,0.1276,0.09695893455984486,0.09695893455984486,0.058362369337979,0.058362369337979
r1bqr1k1/2p1bpp1/p1np1n1p/1p2p3/3PP3/1BP2N1P/PP3PP1/RNBQR1K1 w - -,1800-1999,3,106,b1d2,0.7105263157894737,b1d2,0.87965,True,c1e3,b1d2,False,False,True,False,True,0.05395,0.87965,0.2134486098504536,0.0064145464677353116,0.21052631578947367,0.0
r1bqr1k1/pp1n1pp1/2pb1n1p/3p4/3P3B/2NBP3/PPQ1NPPP/R3K2R w KQ -,1800-1999,2,86,e1g1,0.4722222222222222,e1g1,0.9653,True,h4g3,e1g1,False,False,True,False,True,0.0347,0.9653,0.23391622815956725,0.0020196876170091123,0.2579365079365079,0.0
r1bqr1k1/pp1n1pp1/2pb1n1p/3p4/3P3B/2NBPN2/PPQ2PPP/R3K2R w KQ -,1800-1999,2,142,e1c1,0.631578947368421,e1c1,0.82315,True,e1c1,e1g1,False,True,False,True,False,0.82315,0.17685,0.01152777434231106,0.11397415328792204,0.0,0.11125374411638844
r1bqr1k1/pp1nbpp1/2p2n1p/3p2B1/3P4/2NBPN2/PPQ2PPP/R4RK1 w - -,1800-1999,2,138,g5h4,0.6157407407407407,g5h4,0.80525,True,g5h4,g5f4,False,True,False,True,False,0.80525,0.19475,0.01023615475239771,0.09252491037394628,0.0,0.08240740740740737
r1bqr1k1/pp1nbpp1/2p2n1p/3p4/3P3B/2NBP3/PP2NPPP/R2Q1RK1 w - -,1800-1999,5,140,d1c2,0.67,d1c2,0.7387,False,f2f3,a2a3,False,False,False,False,False,0.1168,0.0002,0.11471406395262161,0.45609161294890543,0.10333333333333339,0.47769230769230775
r1bqr1k1/pp1nbpp1/2p2n1p/3p4/3P3B/2NBP3/PPQ1NPPP/R3K2R w KQ -,1800-1999,3,508,e1g1,0.5651105651105651,e1g1,0.51355,False,f2f3,e1g1,False,False,True,False,True,0.20205,0.51355,0.06583458460444391,0.024086933227027978,0.04167306511056512,0.0
r1bqr1k1/pp1nbpp1/2p2n1p/3p4/3P3B/2NBPN2/PP3PPP/R2Q1RK1 w - -,1800-1999,8,488,h4g3,0.6071428571428571,h4g3,0.32635,False,h2h3,d1c2,False,False,False,False,False,0.2718,0.0417,0.07621162749246572,0.11366754288855394,0.010368663594469973,0.05110837438423643
r1bqr1k1/pp1nbpp1/2p2n1p/3p4/3P3B/2NBPN2/PPQ2PPP/R3K2R w KQ -,1800-1999,2,686,e1g1,0.5623028391167192,e1g1,0.8519,True,e1g1,e1g1,True,True,True,True,True,0.8519,0.8519,0.005185050656214665,0.005185050656214665,0.0,0.0
r1bqr1k1/pp1nppbp/2p3p1/8/3PR3/2P2NP1/PP3PBP/R1BQ2K1 b - -,1800-1999,2,171,e7e5,0.625,e7e5,0.9938,True,e7e5,d7f6,False,True,False,True,False,0.9938,0.0062,0.00019364064091807986,0.2642064272622732,0.0,0.2740066225165563
r1bqr1k1/ppp2pbp/3p1np1/2n5/2PNP3/2N3PP/PP3PB1/R1BQ1RK1 w - -,1800-1999,2,86,f1e1,0.6376811594202898,f1e1,0.9962,True,f1e1,f1e1,True,True,True,True,True,0.9962,0.9962,0.00015894550937045154,0.00015894550937045154,0.0,0.0
r1bqrnk1/pp2bppp/2p2n2/3p2B1/3P4/2NBP3/PPQ1NPPP/R4RK1 w - -,1800-1999,7,303,a1e1,0.67,h2h3,0.3779,False,f2f3,f2f3,True,False,False,False,False,0.0011,0.0011,0.22071137615945977,0.22071137615945977,0.16137931034482766,0.16137931034482766
r1bqrnk1/pp2bppp/2p2n2/3p2B1/3P4/2NBPN2/PP3PPP/2RQ1RK1 w - -,1800-1999,6,203,d1c2,0.6944444444444444,d1c2,0.6885,False,h2h3,h2h3,True,False,False,False,False,0.00095,0.00095,0.3544605506215898,0.3544605506215898,0.3544444444444444,0.3544444444444444
r1bqrnk1/pp2bppp/2p2n2/3p2B1/3P4/2NBPN2/PPQ2PPP/R4RK1 w - -,1800-1999,6,534,h2h3,0.5425531914893617,h2h3,0.2527,False,h2h3,h2h3,True,True,True,True,True,0.2527,0.2527,0.05590213039077846,0.05590213039077846,0.0,0.0
r1br2k1/ppp2pbp/5np1/4p1B1/2P5/2N3P1/PP2PPBP/R4RK1 b - -,1800-1999,4,186,c8e6,0.45454545454545453,c8e6,0.49265,False,d8e8,h7h6,False,False,False,False,False,0.4487,0.01255,0.06724549968892785,0.2136914944012948,0.0029325513196480912,0.15265866209262435
r1br2k1/ppp2pbp/5np1/4p3/2P1P3/2N5/PP2BPPP/R1B2RK1 w - -,1800-1999,2,208,c1g5,0.48195876288659795,c1g5,0.83555,True,c3d5,c3d5,True,False,False,False,False,0.16445,0.16445,0.12165970594272899,0.12165970594272899,0.1248159057437408,0.1248159057437408
r1q2rk1/pp2bppp/2n1pn2/3p4/3P1Bb1/1QPB1N2/PP1N1PPP/R4RK1 w - -,1800-1999,4,247,a1e1,0.7040816326530612,a1e1,0.9417,True,f1e1,a1e1,False,False,True,False,True,0.01085,0.9417,0.17114698318261357,0.002042399348791258,0.17466986794717887,0.0
r1r3k1/ppq1ppbp/3pbnp1/8/3BP1P1/2N2P2/PPPQ3P/1K1R1B1R w - -,1800-1999,2,149,g4g5,0.37037037037037035,g4g5,0.5706,False,g4g5,h2h4,False,True,False,True,False,0.5706,0.4294,0.02882003852410801,0.04799636982307999,0.0,0.013812993321190015
r2q1rk1/1b1nppbp/pp1p1np1/2p5/P2P1B2/2P1PN1P/1P1NBPP1/R2Q1RK1 w - -,1800-1999,5,119,d1b3,0.6206896551724138,d1b3,0.4292,False,f1e1,f1e1,True,False,False,False,False,0.2185,0.2185,0.08864705282435809,0.08864705282435809,0.04174228675136116,0.04174228675136116
r2q1rk1/1b2bppp/p1nppn2/1pp3B1/4P3/P1NP1N1P/BPP2PP1/R2Q1RK1 w - -,1800-1999,4,118,f3h2,0.5319148936170213,f3h2,0.4935,False,d1d2,c3e2,False,False,False,False,False,0.07935,0.00845,0.18018987041029383,0.24873142109408594,0.1495619524405507,0.21710007880220644
r2q1rk1/1b2bppp/p1nppn2/1pp5/4P3/P1NP3P/BPP2PPN/R1BQ1RK1 w - -,1800-1999,2,105,f2f4,0.5585106382978723,f2f4,0.9437,True,f2f4,f2f4,True,True,True,True,True,0.9437,0.9437,0.0032554118832819894,0.0032554118832819894,0.0,0.0
r2q1rk1/1b2bppp/p1nppn2/1pp5/4P3/P1NPBN1P/BPP2PP1/R2Q1RK1 w - -,1800-1999,4,74,f3h2,0.5689655172413793,f3h2,0.531,False,f1e1,f1e1,True,False,False,False,False,0.09635,0.09635,0.19515497521767206,0.19515497521767206,0.16896551724137931,0.16896551724137931
r2q1rk1/1bp1bpp1/p1np1n1p/1p2p3/3PP3/1BP2N1P/PP3PP1/RNBQR1K1 w - -,1800-1999,2,109,b1d2,0.6444444444444445,b1d2,0.5593,False,b1d2,b1d2,True,True,True,True,True,0.5593,0.5593,0.03621581527015961,0.03621581527015961,0.0,0.0
r2q1rk1/1bp1bppp/p1np1n2/1p6/3PP3/1B3N1P/PP3PP1/RNBQR1K1 b - -,1800-1999,5,246,c6b8,0.5333333333333333,c6b8,0.4739,False,c6a5,f8e8,False,False,False,False,False,0.03685,0.4293,0.16701862683021051,0.07121083726334883,0.10677966101694913,0.00952380952380949
r2q1rk1/1bp1bppp/p1np1n2/1p6/3PP3/1B3N2/PP3PPP/RNBQR1K1 w - -,1800-1999,3,96,b1d2,0.7,b1d2,0.85475,True,b1d2,b1c3,False,True,False,True,False,0.85475,0.0964,0.008757575177511193,0.14225032346064165,0.0,0.1433962264150943
r2q1rk1/1bpnbppp/p3pn2/1p4B1/3P4/1BN1PN2/PP3PPP/R2Q1RK1 w - -,1800-1999,5,128,d1e2,0.6296296296296297,d1e2,0.66965,False,d1e2,a2a3,False,True,False,True,False,0.66965,0.2758,0.029844492504390904,0.11662784378751528,0.0,0.08796296296296302
r2q1rk1/1bpnbppp/p3pn2/1p4B1/3P4/2NBPN2/PP3PPP/2RQ1RK1 w - -,1800-1999,6,175,d1e2,0.6666666666666666,d1e2,0.6587,False,d1c2,d1c2,True,False,False,False,False,0.0442,0.0442,0.2073475684209041,0.2073475684209041,0.19444444444444442,0.19444444444444442
r2q1rk1/1bpnbppp/p3pn2/1p4B1/3P4/2NBPN2/PP3PPP/R2Q1RK1 w - -,1800-1999,7,329,f1e1,0.609375,f1e1,0.69725,False,e3e4,d1c2,False,False,False,False,False,0.00405,0.06875,0.27247313774675863,0.162978709841577,0.2645474137931034,0.15104166666666669
r2q1rk1/1p1bppbp/p1np1np1/8/2PNP3/2N1B2P/PP2BPP1/R2Q1RK1 w - -,1800-1999,4,133,d1d2,0.625,d1d2,0.37555,False,d1d2,a2a3,False,True,False,True,False,0.37555,0.2139,0.054037532754975234,0.13154935020425393,0.0,0.07499999999999996
r2q1rk1/1p1bppbp/p1np1np1/8/2PNP3/2N1B3/PP1QBPPP/R4RK1 w - -,1800-1999,5,147,f2f4,0.8571428571428571,f2f4,0.9013,True,f2f4,f2f3,False,True,False,True,False,0.9013,0.01985,0.00666899716818631,0.21754670341864088,0.0,0.24310776942355883
r2q1rk1/1p1bppbp/p1np1np1/8/2PNP3/2N1B3/PP2BPPP/2RQ1RK1 w - -,1800-1999,7,410,g1h1,0.725,g1h1,0.5221,False,f2f3,g1h1,False,False,True,False,True,0.00905,0.5221,0.1595545973170516,0.039205550816345726,0.13525641025641022,0.0
r2q1rk1/1p1bppbp/p1np1np1/8/2PNP3/2N1BP2/PP1QB1PP/R3K2R w KQ -,1800-1999,5,289,a1c1,0.6851851851851852,a1c1,0.3513,False,e1g1,e1g1,True,False,False,False,False,0.25515,0.25515,0.05825255512086697,0.05825255512086697,0.005278643129110416,0.005278643129110416
r2q1rk1/1p1bppbp/p1np1np1/8/2PNP3/2N1BP2/PP2B1PP/R2Q1RK1 w - -,1800-1999,7,617,a2a3,0.6333333333333333,a2a3,0.51655,False,d1d2,d1d2,True,False,False,False,False,0.37485,0.37485,0.043698843479712424,0.043698843479712424,0.015686274509803866,0.015686274509803866
r2q1rk1/1p1nbppp/p2pbn2/4p3/4P3/1NN1BP2/PPP1B1PP/R2Q1RK1 w - -,1800-1999,5,228,a2a4,0.6,a2a4,0.5933,False,a2a4,a2a4,True,True,True,True,True,0.5933,0.5933,0.04034181572970709,0.04034181572970709,0.0,0.0
r2q1rk1/1p1nbppp/p2pbn2/4p3/4P3/1NN1BP2/PPPQ2PP/2KR1B1R w - -,1800-1999,2,956,c1b1,0.5311111111111111,c1b1,0.8805,True,c1b1,g2g4,False,True,False,True,False,0.8805,0.1195,0.002187265195840101,0.04545397917253978,0.0,0.04342301261589904
r2q1rk1/1p1nbppp/p2pbn2/4p3/4P3/1NN1BP2/PPPQB1PP/R3K2R w KQ -,1800-1999,3,205,e1g1,0.45714285714285713,e1g1,0.62865,False,g2g4,g2g4,True,False,False,False,False,0.1754,0.1754,0.08672487607672456,0.08672487607672456,0.06547619047619047,0.06547619047619047
r2q1rk1/1p1nbppp/p2pbn2/4p3/P3P3/1NN1B3/1PP1BPPP/R2Q1RK1 w - -,1800-1999,5,142,d1d2,0.6153846153846154,d1d2,0.5587,False,f2f4,a4a5,False,False,False,False,False,0.1588,0.11245,0.12121727390561159,0.12941138263650742,0.08681318681318684,0.09615384615384615
r2q1rk1/1p2bppp/p1npbn2/4p3/4P3/1NN1BP2/PPP1B1PP/R2Q1RK1 w - -,1800-1999,4,123,d1d2,0.6428571428571429,d1d2,0.73725,False,d1d2,c3d5,False,True,False,True,False,0.73725,0.06815,0.018289067009763262,0.13841961216880985,0.0,0.12531328320802004
r2q1rk1/1p2bppp/p1npbn2/4p3/4P3/1NN1BP2/PPPQB1PP/R3K2R w KQ -,1800-1999,3,130,e1c1,0.6086956521739131,e1c1,0.62925,False,e1c1,e1c1,True,True,True,True,True,0.62925,0.62925,0.022256666594306473,0.022256666594306473,0.0,0.0
r2q1rk1/1p2bppp/p1npbn2/4p3/P3P3/1NN1B3/1PP1BPPP/R2Q1RK1 w - -,1800-1999,4,107,f2f4,0.546875,f2f4,0.45505,False,f2f4,a4a5,False,True,False,True,False,0.45505,0.0877,0.05807320332708226,0.17754163907219112,0.0,0.12582236842105265
r2q1rk1/1pp2pp1/1pnpbn1p/4p3/2B1P3/P1NP1N1P/1PP2PP1/R2Q1RK1 w - -,1800-1999,4,146,c4a2,0.581081081081081,c4a2,0.3312,False,c4e6,c4a2,False,False,True,False,True,0.27555,0.3312,0.0745647186895282,0.06792570692459793,0.006612995974697999,0.0
r2q1rk1/1pp2pp1/1pnpbn1p/4p3/2B1P3/P2P1N1P/1PP2PP1/R1BQ1RK1 w - -,1800-1999,4,215,f3d2,0.5714285714285714,f3d2,0.4566,False,c4e6,c4e6,True,False,False,False,False,0.39685,0.39685,0.054056810584093604,0.054056810584093604,0.003968253968253954,0.003968253968253954
r2q1rk1/1pp2pp1/p1npbn1p/4p3/2B1P3/P1NPPN1P/1PP3P1/R2Q1RK1 w - -,1800-1999,3,100,c4e6,0.6666666666666666,c4e6,0.96015,True,c3d5,c4e6,False,False,True,False,True,0.03255,0.96015,0.21328609031416104,0.0019751406643577656,0.22666666666666663,0.0
r2q1rk1/2p1bpp1/p1np1n1p/1p2p3/4P1b1/1BPP1N2/PP1N1PPP/R1BQR1K1 w - -,1800-1999,2,180,h2h3,0.6304347826086957,h2h3,0.81575,True,h2h3,h2h3,True,True,True,True,True,0.81575,0.81575,0.008269639840097702,0.008269639840097702,0.0,0.0
r2q1rk1/2p1bppp/p1np1n2/1p2p2b/3PP3/1BP2N1P/PP3PP1/RNBQR1K1 w - -,1800-1999,4,99,b1d2|c1g5|d4d5|g2g4,0.5,b1d2,0.2732,False,g2g4,g2g4,True,True,True,False,False,0.2522,0.2522,0.09962142698073484,0.09962142698073484,0.0,0.0
r2q1rk1/2p1bppp/p1np1n2/1p2p2b/4P3/1BPP1N1P/PP3PP1/RNBQR1K1 w - -,1800-1999,3,339,b1d2,0.5960144927536232,b1d2,0.63535,False,b1d2,b1d2,True,True,True,True,True,0.63535,0.63535,0.01885564695068454,0.01885564695068454,0.0,0.0
r2q1rk1/2p1bppp/p1np1n2/1p2p2b/B3P3/2PP1N1P/PP1N1PP1/R1BQR1K1 w - b6,1800-1999,2,219,a4c2,0.6,a4c2,0.53225,False,a4c2,a4c2,True,True,True,True,True,0.53225,0.53225,0.022731042584835354,0.022731042584835354,0.0,0.0
r2q1rk1/2p1bppp/p1np1n2/1p2p3/3PP3/1BP2b1P/PP3PP1/RNBQR1K1 w - -,1800-1999,2,190,g2f3,0.43258426966292135,g2f3,0.5636,False,g2f3,g2f3,True,True,True,True,True,0.5636,0.5636,0.022043336498236768,0.022043336498236768,0.0,0.0
r2q1rk1/2p1bppp/p1np1n2/1p6/3PP1b1/1B3N2/PP3PPP/RNBQR1K1 w - -,1800-1999,5,203,c1e3,0.5340909090909091,c1e3,0.37465,False,c1e3,h2h3,False,True,False,True,False,0.37465,0.1186,0.051027261585772594,0.10785557130242741,0.0,0.05734672304439742
r2q1rk1/2p2ppp/p1n1b3/1pbpP3/4n3/1BP2N2/PP1N1PPP/R1BQ1RK1 w - -,1800-1999,3,136,b3c2,0.5785714285714286,b3c2,0.7567,False,d1e2,b3c2,False,False,True,False,True,0.03535,0.7567,0.22406055234346756,0.012651065043835088,0.22563025210084037,0.0
r2q1rk1/3nppbp/b2p1np1/2pP4/8/2N2NP1/PP2PPBP/1RBQK2R w K -,1800-1999,2,123,e1g1,0.6359223300970874,e1g1,0.5515,False,b2b3,e1g1,False,False,True,False,True,0.4485,0.5515,0.05203754347758582,0.03536182603555618,0.01092233009708743,0.0
r2q1rk1/3nppbp/b2p1np1/2pP4/8/2N2NP1/PP2PPBP/R1BQ1RK1 w - -,1800-1999,4,1249,a1b1,0.5752032520325203,a1b1,0.6112,False,d1c2,a1b1,False,False,True,False,True,0.34405,0.6112,0.028540189236071534,0.012459848797095791,0.0163797226207556,0.0
r2q1rk1/4ppbp/n2p1np1/2pP4/4P3/2N2N2/PP3PPP/R1BQ1RK1 w - -,1800-1999,10,344,c1f4,0.6764705882352942,c1f4,0.43005,False,c1g5,c1d2,False,False,False,False,False,0.0012,0.02075,0.27384404921197963,0.29818700683787286,0.22749099639855946,0.25980392156862747
r2q1rk1/p1p1bppp/2pp1n2/6B1/4P3/2N5/PPP2PPP/R2Q1RK1 w - -,1800-1999,6,184,d1f3,0.5263157894736842,d1f3,0.34245,False,d1d3,d1e2,False,False,False,False,False,0.2045,0.1945,0.11953256106619847,0.11540274908349625,0.05756578947368418,0.05263157894736842
r2q1rk1/p1p1bppp/2pp1n2/8/4P3/2N5/PPP2PPP/R1BQR1K1 w - -,1800-1999,8,236,b2b3,0.75,b2b3,0.5624,False,c1f4,f2f4,False,False,False,False,False,0.02645,0.00665,0.1789174409487403,0.3493317205315055,0.15697674418604646,0.3409090909090909
r2q1rk1/p1p1bppp/2pp1n2/8/4PB2/2N5/PPP2PPP/R2Q1RK1 w - -,1800-1999,3,54,d1f3,0.5909090909090909,d1f3,0.5004,False,d1f3,f1e1,False,True,False,True,False,0.5004,0.03185,0.06082276360311046,0.2864849930697257,0.0,0.2575757575757576
r2q1rk1/p1p1bppp/2pp1n2/8/4PP2/2N5/PPP3PP/R1BQ1RK1 w - -,1800-1999,5,131,d1f3,0.5227272727272727,h2h3,0.29005,False,c1e3,d1f3,False,False,True,False,False,0.24025,0.2282,0.09596585849906396,0.09051160853117046,0.004870129870129802,0.0
r2q1rk1/p1pb1ppp/2p5/2bpP3/3Nn3/2P5/PP3PPP/RNBQ1RK1 w - -,1800-1999,4,309,d1h5,0.5,d1h5,0.5028,False,f2f3,f2f3,True,False,False,False,False,0.07755,0.07755,0.10818424755563542,0.10818424755563542,0.0625,0.0625
r2q1rk1/p1pb1ppp/2p5/2bpP3/3Nn3/4B3/PPP2PPP/RN1Q1RK1 w - -,1800-1999,2,487,f2f3,0.5831099195710456,f2f3,0.9154,True,b1d2,f2f3,False,False,True,False,True,0.0846,0.9154,0.07112892712777509,0.0018329110278056788,0.06995202483420349,0.0
r2q1rk1/pb1nbpp1/1pp1pn1p/3p4/2PP3B/2NBPN2/PP3PPP/2RQ1RK1 w - -,1800-1999,5,164,f3e5,0.8,f3e5,0.8713,True,d1e2,c4d5,False,False,False,False,False,0.04585,0.0156,0.23059455363457054,0.2543991189864886,0.25714285714285723,0.28214285714285714
r2q1rk1/pb1nbppp/1p2pn2/3p2B1/3P4/2NBPN2/PP3PPP/2RQ1RK1 w - -,1800-1999,5,127,a2a3,0.7115384615384616,a2a3,0.44385,False,c3b5,h2h3,False,False,False,False,False,0.1092,0.32225,0.1419864675882984,0.08166558451521722,0.09615384615384615,0.027327935222672073
r2q1rk1/pb1nbppp/1p3n2/2pp2B1/3P4/2NBPN2/PP3PPP/2RQ1RK1 w - c6,1800-1999,5,134,d3b1,0.6585365853658537,d3b1,0.61225,False,d4c5,f1e1,False,False,False,False,False,0.00265,0.1406,0.25401973766115654,0.15261079421464468,0.22996515679442514,0.12520325203252036
r2q1rk1/pb1nbppp/1pn1p3/2ppP3/8/3P1NP1/PPP2PBP/R1BQRNK1 w - -,1800-1999,2,141,h2h4,0.6548672566371682,h2h4,0.5723,False,h2h4,h2h4,True,True,True,True,True,0.5723,0.5723,0.029241556401737142,0.029241556401737142,0.0,0.0
r2q1rk1/pb1nbppp/1pp1pn2/8/2PPN3/5NP1/PPQ2PBP/R1B2RK1 w - -,1800-1999,4,128,c1f4,0.6785714285714286,c1f4,0.64865,False,f1d1,e4f6,False,False,False,False,False,0.2829,0.03325,0.08436220445580879,0.21143446102866692,0.06818181818181823,0.19780219780219782
r2q1rk1/pb1nbppp/2p1pn2/1p4B1/3P4/2NBPN2/PP3PPP/R2Q1RK1 w - -,1800-1999,7,284,a2a3,0.6515151515151515,a2a3,0.54535,False,d1e2,a1c1,False,False,False,False,False,0.3586,0.0,0.058429028659007114,0.27133412305868704,0.02651515151515149,0.24497309544038515
r2q1rk1/pbp1bppp/1p2pn2/6B1/3P4/2PB1N2/PP3PPP/R2Q1RK1 w - -,1800-1999,6,261,d1e2,0.5,d1e2,0.26915,False,f3e5,f1e1,False,False,False,False,False,0.0965,0.0801,0.10380030594678738,0.1204413848688298,0.018867924528301883,0.03676470588235292
r2q1rk1/pbpnbpp1/1p2pn1p/8/2BP3B/2N1PN2/PP3PPP/R2Q1RK1 w - -,1800-1999,5,184,d1e2,0.4411764705882353,d1e2,0.3178,False,d1e2,d1e2,True,True,True,True,True,0.3178,0.3178,0.0713509887287806,0.0713509887287806,0.0,0.0
r2q1rk1/pbpnbpp1/1p3n1p/3p4/3P3B/2NBPN2/PP3PPP/R2Q1RK1 w - -,1800-1999,6,236,d1e2,0.6785714285714286,d1e2,0.4043,False,a1c1,d1c2,False,False,False,False,False,0.00075,0.1361,0.23596676463070934,0.13891506858054137,0.18192713326941518,0.07857142857142863
r2q1rk1/pbpnnppp/1p2p3/8/3P4/2NBPN2/PP3PPP/R2Q1RK1 w - -,1800-1999,5,141,d1e2,0.65,d1e2,0.6523,False,d1c2,a1c1,False,False,False,False,False,0.13725,0.03875,0.1709114388059062,0.17725127525099516,0.15000000000000002,0.15704225352112677
r2q1rk1/pp1bppbp/3p1np1/4n3/3NP3/1BN1BP2/PPPQ2PP/R3K2R w KQ -,1800-1999,3,382,e1c1,0.5933098591549296,e1c1,0.8199,True,e1c1,e1c1,True,True,True,True,True,0.8199,0.8199,0.006151090045880313,0.006151090045880313,0.0,0.0
r2q1rk1/pp1bppbp/3p1np1/8/2PBP3/2N2P2/PP1QB1PP/R3K2R b KQ -,1800-1999,3,161,d7c6,0.4728682170542636,d7c6,0.4518,False,a7a6,a7a6,True,False,False,False,False,0.3104,0.3104,0.08872216207529005,0.08872216207529005,0.0497912939773405,0.0497912939773405
r2q1rk1/pp1bppbp/3p1np1/8/2PBP3/2N2P2/PP2B1PP/R2Q1RK1 b - -,1800-1999,3,226,a7a5,0.5892857142857143,a7a5,0.5967,False,a7a5,a7a5,True,True,True,True,True,0.5967,0.5967,0.04326394478638659,0.04326394478638659,0.0,0.0
r2q1rk1/pp1bppbp/3p1np1/8/2PBP3/2N5/PP2BPPP/R2Q1RK1 w - -,1800-1999,4,133,d1d2,0.675,d1d2,0.59245,False,d1d2,f2f3,False,True,False,True,False,0.59245,0.01375,0.03385379851562834,0.20815077015032893,0.0,0.1863636363636364
r2q1rk1/pp1bppbp/3p1np1/8/3BP3/1BN2P2/PPPQ2PP/R3K2R b KQ -,1800-1999,2,87,d7c6,0.4,d7c6,0.5588,False,b7b5,b7b5,True,False,False,False,False,0.4412,0.4412,0.07362498012067246,0.07362498012067246,0.01688311688311689,0.01688311688311689
r2q1rk1/pp1n1pp1/2pb1n1p/3p2B1/3P2b1/2PB1N2/PPQN1PPP/R4RK1 w - -,1800-1999,2,271,g5f6,0.5666666666666667,g5f6,0.56705,False,g5f6,g5h4,False,True,False,True,False,0.56705,0.43295,0.03838601302627185,0.0571020300117313,0.0,0.023697916666666652
r2q1rk1/pp1n1pp1/2pb1n1p/3p4/3P2bB/2PB1N2/PP1N1PPP/R2Q1RK1 w - -,1800-1999,4,494,d1c2,0.5357142857142857,f1e1,0.4947,False,f1e1,d1c2,False,False,True,True,False,0.4947,0.4908,0.03081275706335745,0.02914346965114056,0.0016233766233766378,0.0
r2q1rk1/pp1n1ppp/2pb1n2/3p2B1/3P4/2NB1Q1P/PPP2PP1/R4RK1 w - -,1800-1999,3,92,c3e2,0.5,c3e2,0.50115,False,c3e2,c3e2,True,True,True,True,True,0.50115,0.50115,0.049783103660919995,0.049783103660919995,0.0,0.0
r2q1rk1/pp1n1ppp/2pb1n2/3p2Bb/3P4/2N2N1P/PPP1BPP1/R2Q1RK1 w - -,1800-1999,7,436,a2a3,0.4074074074074074,a2a3,0.5418,False,f3h4,f3h4,True,False,False,False,False,0.06585,0.06585,0.1523330795731993,0.1523330795731993,0.12407407407407406,0.12407407407407406
r2q1rk1/pp1n1ppp/2pb1n2/3p2Bb/3P4/2NB1N1P/PPP2PP1/R2QR1K1 w - -,1800-1999,7,517,d3f5,0.4,c3b1,0.34345,False,d3f5,g2g4,False,True,False,False,False,0.2435,0.1581,0.06960078098024504,0.07465112774850008,0.0,0.003960396039603964
r2q1rk1/pp1n1ppp/2pb1n2/3p2Bb/3P4/2P2N1P/PP1NBPP1/R2Q1RK1 w - -,1800-1999,4,123,d1b3,0.65625,d1b3,0.9121,True,d1c2,f1e1,False,False,False,False,False,0.0302,0.04405,0.24043941764745733,0.2054190327168878,0.2530241935483871,0.21507352941176472
r2q1rk1/pp1n1ppp/2pb1n2/3p2Bb/3P4/2PB1N1P/PP1N1PP1/R2Q1RK1 w - -,1800-1999,3,1147,f1e1,0.48466257668711654,f1e1,0.5679,False,d1c2,d1c2,True,False,False,False,False,0.04715,0.04715,0.0643278510286247,0.0643278510286247,0.045302047469917006,0.045302047469917006
r2q1rk1/pp1n1ppp/2pb1n2/3p2Bb/3P4/3B1N1P/PPPN1PP1/R2QR1K1 w - -,1800-1999,4,289,c2c4,0.45,c2c4,0.50245,False,c2c4,c2c4,True,True,True,True,True,0.50245,0.50245,0.030764088194062168,0.030764088194062168,0.0,0.0
r2q1rk1/pp1n1ppp/2pb1p2/7b/3P4/2PB1N1P/PP3PP1/R1BQ1RK1 w - -,1800-1999,5,175,d1c2,0.5217391304347826,d1c2,0.6204,False,g2g4,f1e1,False,False,False,False,False,0.0032,0.2873,0.3029624506415197,0.07430900719476709,0.29257246376811596,0.04760119940029983
r2q1rk1/pp1nbpp1/2p1bn1p/3p4/3P3B/2NBP3/PPQ1NPPP/R3K2R w KQ -,1800-1999,3,274,e1g1,0.5906862745098039,e1g1,0.62495,False,e1g1,e2f4,False,True,False,True,False,0.62495,0.1646,0.019722558380265612,0.08739230970199154,0.0,0.06795900178253123
r2q1rk1/pp1nbpp1/2p1bn1p/3p4/3P3B/2NBPN2/PPQ2PPP/R3K2R w KQ -,1800-1999,2,177,h2h3,0.7,h2h3,0.84205,True,e1g1,e1g1,True,False,False,False,False,0.15795,0.15795,0.15278856050265707,0.15278856050265707,0.16706586826347303,0.16706586826347303
r2q1rk1/pp1nbpp1/2p2n1p/3p4/3P2bB/2NBPN2/PP3PPP/R2Q1RK1 w - -,1800-1999,4,122,a2a3,0.6,a2a3,0.7572,False,h2h3,h2h3,True,False,False,False,False,0.13275,0.13275,0.1427628063454036,0.1427628063454036,0.13571428571428568,0.13571428571428568
r2q1rk1/pp1nbppp/2p2n2/3p2B1/3P4/2NQPN2/PP3PPP/R4RK1 w - -,1800-1999,6,277,a1c1,0.6063829787234043,a1c1,0.52305,False,a1b1,h2h3,False,False,False,False,False,0.44605,0.01395,0.04194311434129305,0.2111364446721479,0.008556891766882568,0.1845079787234043
r2q1rk1/pp1nbppp/2p2n2/3p2Bb/3P4/2N1PN1P/PP2BPP1/R2Q1RK1 w - -,1800-1999,6,105,d1c2,0.6818181818181818,d1c2,0.55965,False,d1b3,d1b3,True,False,False,False,False,0.34475,0.34475,0.10157528694749006,0.10157528694749006,0.05681818181818177,0.05681818181818177
r2q1rk1/pp1nbppp/2p2n2/3p2Bb/3P4/2NB1N1P/PPP2PP1/R2QR1K1 w - -,1800-1999,4,146,d3f5,0.5238095238095238,d3f5,0.5015,False,d3f5,d3f5,True,True,True,True,True,0.5015,0.5015,0.046305914454010076,0.046305914454010076,0.0,0.0
r2q1rk1/pp1nbppp/2p2n2/3p2Bb/3P4/2NBPN1P/PP3PP1/R2Q1RK1 w - -,1800-1999,8,332,d3e2,0.5052083333333334,f1e1,0.2737,False,d1b3,a1b1,False,False,False,False,False,0.03675,0.2488,0.24217767575880053,0.10404924570672897,0.15905448717948723,0.00520833333333337
r2q1rk1/pp1nbppp/2p2n2/3p2Bb/3P4/2PB1N1P/PP1N1PP1/R2Q1RK1 w - -,1800-1999,3,198,d1b3,0.6956521739130435,d1b3,0.93845,True,d1c2,d1c2,True,False,False,False,False,0.0398,0.0398,0.17544117615827,0.17544117615827,0.1848608070065686,0.1848608070065686
r2q1rk1/pp1nppbp/2p2np1/8/2BP4/2N1PQ1P/PP3PP1/R1B2RK1 w - -,1800-1999,4,110,e3e4,0.7125,e3e4,0.6793,False,f1d1,f1d1,True,False,False,False,False,0.2702,0.2702,0.07989364285641419,0.07989364285641419,0.06098484848484853,0.06098484848484853
r2q1rk1/pp2bpp1/2n1pn1p/3p2B1/3P2b1/2PB1N2/PPQN1PPP/R4RK1 w - -,1800-1999,3,332,g5f4,0.6125,g5f4,0.8065,True,g5f6,g5f6,True,False,False,False,False,0.05485,0.05485,0.15420586477444095,0.15420586477444095,0.15096153846153848,0.15096153846153848
r2q1rk1/pp2bppp/2bp1n2/4p1B1/4P3/2NQ1N2/PPP2PPP/2KR3R w - -,1800-1999,3,108,c1b1,0.7307692307692307,c1b1,0.48625,False,g5f6,g5f6,True,False,False,False,False,0.1737,0.1737,0.10311465680236735,0.10311465680236735,0.06613508442776728,0.06613508442776728
r2q1rk1/pp2bppp/2bppn2/6B1/3QP3/2N2N2/PPP2PPP/2KRR3 w - -,1800-1999,4,101,g5f6,0.5833333333333334,g5f6,0.42085,False,e4e5,e4e5,True,False,False,False,False,0.2053,0.2053,0.0998875899570318,0.0998875899570318,0.04761904761904767,0.04761904761904767
r2q1rk1/pp2bppp/2n1bn2/3pN1B1/2pP4/2N3P1/PP2PPBP/R2Q1RK1 w - -,1800-1999,4,59,e2e4,0.6,e2e4,0.54095,False,b2b3,f2f4,False,False,False,False,False,0.13935,0.2475,0.1831671889443672,0.14444493876884099,0.14166666666666666,0.09999999999999998
r2q1rk1/pp2bppp/2n1pn2/1B1p2B1/3P4/2N2Q1P/PPP2PP1/R4RK1 w - -,1800-1999,4,215,a1d1,0.46774193548387094,a1d1,0.5065,False,c3e2,b5c6,False,False,False,False,False,0.1667,0.32605,0.12294260528061653,0.05229806209787007,0.09932088285229201,0.02037351443123936
r2q1rk1/pp2bppp/2n1pn2/3p2Bb/3P4/2P2N1P/PP1NBPP1/R2Q1RK1 w - -,1800-1999,8,223,d1b3,0.53125,d1b3,0.35875,False,d1c2,f1e1,False,False,False,False,False,0.119,0.03385,0.14590909278432046,0.16157649600568166,0.07670454545454547,0.0905720338983051
r2q1rk1/pp2bppp/2n1pn2/3p2Bb/3P4/2PB1N1P/PP1N1PP1/R2Q1RK1 w - -,1800-1999,7,674,f1e1,0.5370370370370371,f1e1,0.42315,False,d1e2,f1e1,False,False,True,False,True,0.13535,0.42315,0.1406247600331806,0.03834461795371913,0.10846560846560854,0.0
r2q1rk1/pp2bppp/2n1pn2/3p3b/3P1B2/2PB1N1P/PP1N1PP1/R2Q1RK1 w - -,1800-1999,4,153,d1b3,0.5769230769230769,d1b3,0.53805,False,d1b3,f1e1,False,True,False,True,False,0.53805,0.0943,0.04467912137019014,0.13720951379406476,0.0,0.09775641025641019
r2q1rk1/pp2ppbp/1nnp2p1/8/2PP2b1/1PN1BN2/P3BPPP/R2QK2R w KQ -,1800-1999,3,220,h2h3,0.5370370370370371,h2h3,0.51945,False,a1c1,h2h3,False,False,True,False,True,0.4469,0.51945,0.045510409885235276,0.038693378834235764,0.008301404853129024,0.0
r2q1rk1/pp2ppbp/1nnp2p1/8/2PP2b1/2N1BN2/PP2BPPP/R2Q1RK1 w - -,1800-1999,5,659,b2b3,0.4872881355932203,b2b3,0.95015,True,b2b3,b2b3,True,True,True,True,True,0.95015,0.95015,0.0011983846266918135,0.0011983846266918135,0.0,0.0
r2q1rk1/pp2ppbp/1nnp2p1/8/2PP2b1/2NBBN2/PP3PPP/R2Q1RK1 w - -,1800-1999,4,267,h2h3,0.4527027027027027,h2h3,0.92465,True,h2h3,h2h3,True,True,True,True,True,0.92465,0.92465,0.004450560740585919,0.004450560740585919,0.0,0.0
r2q1rk1/pp2ppbp/2n3p1/2p5/2BPP1b1/2P1BN2/P4PPP/R2Q1RK1 w - -,1800-1999,7,261,d4c5,0.5294117647058824,d4c5,0.5055,False,d4c5,d4c5,True,True,True,True,True,0.5055,0.5055,0.04682690181715545,0.04682690181715545,0.0,0.0
r2q1rk1/pp2ppbp/2n3p1/2p5/2BPP1b1/2P1BP2/P3N1PP/R2Q1RK1 b - -,1800-1999,3,614,g4d7,0.527972027972028,g4d7,0.62805,False,c6a5,c5d4,False,False,False,False,False,0.1439,0.22805,0.04857577967608022,0.050196160694049356,0.036036544101060275,0.038073038073038135
r2q1rk1/pp2ppbp/3p1np1/2p5/3nPP2/2NP1QPP/PPP3B1/R1B2RK1 w - -,1800-1999,2,127,f3f2,0.5290697674418605,f3f2,0.80105,True,f3d1,f3f2,False,False,True,False,True,0.19895,0.80105,0.08572709148520427,0.009999909851865515,0.07785025524673855,0.0
r2q1rk1/pp2ppbp/3pbnp1/8/2BBP3/2N2P2/PPPQ2PP/R3K2R w KQ -,1800-1999,2,199,c4b3,0.5769230769230769,c4b3,0.6716,False,c4b3,c4e6,False,True,False,True,False,0.6716,0.3284,0.015074251936434805,0.04583370667760217,0.0,0.03214695752009178
r2q1rk1/pp2ppbp/3pbnp1/8/2PBP3/2N2P2/PP1Q2PP/R3KB1R w KQ -,1800-1999,4,134,a1c1,0.671875,a1c1,0.5095,False,e1c1,b2b3,False,False,False,False,False,0.1476,0.3072,0.13496286909665442,0.09742441796985407,0.09292763157894735,0.046875
r2q1rk1/pp2ppbp/3pbnp1/8/2PBP3/2N5/PP2BPPP/R2Q1RK1 w - -,1800-1999,5,295,f2f3,0.6639344262295082,f2f3,0.8085,True,d1d2,b2b3,False,False,False,False,False,0.0362,0.049,0.16847071777285022,0.12359121618791893,0.16393442622950816,0.11778058007566206
r2q1rk1/pp2ppbp/3pbnp1/8/3BP1P1/2N2P2/PPPQ3P/R3KB1R w KQ -,1800-1999,3,194,g4g5,0.8181818181818182,g4g5,0.963,True,g4g5,h2h4,False,True,False,True,False,0.963,0.0011,0.0023613958213922525,0.34640297458457003,0.0,0.38299663299663306
r2q1rk1/pp2ppbp/3pbnp1/8/3BP3/2N2P2/PPPQB1PP/R3K2R w KQ -,1800-1999,4,191,h2h4,0.6190476190476191,h2h4,0.83435,True,g2g4,h2h4,False,False,True,False,True,0.10835,0.83435,0.13565888727547307,0.010017378993642728,0.1341991341991342,0.0
r2q1rk1/pp3ppp/2n1bn2/2bp2B1/8/2N2NP1/PP2PPBP/R2Q1RK1 w - -,1800-1999,6,199,g5f6,0.7222222222222222,g5f6,0.831,True,e2e3,g5f6,False,False,True,False,True,0.00165,0.831,0.26023790745579145,0.007741888099385396,0.2588075880758807,0.0
r2q1rk1/pp3ppp/2n2n2/1Bbp3b/8/2N1PN1P/PP3PP1/R1BQ1RK1 w - -,1800-1999,3,93,b5e2,0.4583333333333333,b5e2,0.6119,False,b5e2,b5e2,True,True,True,True,True,0.6119,0.6119,0.03320247968863887,0.03320247968863887,0.0,0.0
r2q1rk1/pp3ppp/2nbpn2/3p3b/3P4/2PB1N1P/PP1N1PP1/R1BQR1K1 w - -,1800-1999,3,210,d1b3,0.4782608695652174,d1b3,0.49625,False,d2f1,d2f1,True,False,False,False,False,0.23965,0.23965,0.06987171937963103,0.06987171937963103,0.02550496405340641,0.02550496405340641
r2q1rk1/ppp1b1pp/3ppn2/6B1/3QP3/2N5/PPP2PPP/2KR3R w - -,1800-1999,5,122,e4e5,0.77,e4e5,0.8942,True,e4e5,e4e5,True,True,True,True,True,0.8942,0.8942,0.005063970816689437,0.005063970816689437,0.0,0.0
r2q1rk1/ppp1b1pp/3ppn2/6B1/3QP3/2N5/PPP2PPP/R4RK1 w - -,1800-1999,4,159,f2f4,0.6521739130434783,f2f4,0.80825,True,d4c4,e4e5,False,False,False,False,False,0.0538,0.0278,0.1936819811055942,0.19231736955621545,0.19384057971014496,0.1913895993179881
r2q1rk1/ppp1bpp1/3pbn1p/8/2BQP2B/2N5/PPP2PPP/R4RK1 w - -,1800-1999,3,58,a1d1,0.6333333333333333,a1d1,0.74555,False,a1d1,a1d1,True,True,True,True,True,0.74555,0.74555,0.02147498023507478,0.02147498023507478,0.0,0.0
r2q1rk1/ppp1bppp/1nn1p3/4Pb2/2PP4/2N1BN2/PP2B1PP/R2Q1RK1 b - -,1800-1999,5,208,f7f6,0.5782312925170068,f7f6,0.48755,False,f7f6,f7f6,True,True,True,True,True,0.48755,0.48755,0.046159219615421604,0.046159219615421604,0.0,0.0
r2q1rk1/ppp1bppp/2b2n2/4Q1B1/8/2N2N2/PPP2PPP/2KR3R b - -,1800-1999,2,170,e7d6,0.4715909090909091,e7d6,0.9955,True,d8e8,e7d6,False,False,True,False,True,0.0045,0.9955,0.18173906375627405,7.6426247325172e-05,0.1850055432372506,0.0
r2q1rk1/ppp2ppp/1nnp1b2/8/2PP2b1/1P3N2/PB2BPPP/RN1Q1RK1 w - -,1800-1999,6,234,d1d3,0.5833333333333334,d1d3,0.5074,False,b1a3,b1a3,True,False,False,False,False,0.0204,0.0204,0.22675250705526487,0.22675250705526487,0.1785714285714286,0.1785714285714286
r2q1rk1/ppp2ppp/1nnp1b2/8/2PP2b1/1PN1BN2/P3BPPP/R2Q1RK1 b - -,1800-1999,2,132,f8e8,0.553921568627451,f8e8,0.96715,True,d6d5,d6d5,True,False,False,False,False,0.03285,0.03285,0.1815973746500338,0.1815973746500338,0.18725490196078437,0.18725490196078437
r2q1rk1/ppp2ppp/2np1n2/8/2BPP1b1/5N2/PP1N1PPP/R2QR1K1 w - -,1800-1999,3,90,d1c2,0.71875,d1c2,0.7631,False,d1c2,h2h3,False,True,False,True,False,0.7631,0.0019,0.021391836039052266,0.3039252771062803,0.0,0.3034957627118644
r2q3r/ppp2k1p/2npb1p1/8/2QpP3/8/PPP2PPP/RNB1K2R w KQ -,1800-1999,3,100,c4b5,0.7333333333333333,c4b5,0.86095,True,c4b5,c4e2,False,True,False,True,False,0.86095,0.1075,0.008905521635011428,0.1453378771222295,0.0,0.1564102564102564
r2qk1nr/1p1bbppp/p1np4/4p3/2B1PB2/2N2N2/PP2QPPP/R2R2K1 w kq -,1800-1999,2,146,f4e3,0.47,f4e3,0.99985,True,f4e3,f4e3,True,True,True,True,True,0.99985,0.99985,3.5058288509768583e-06,3.5058288509768583e-06,0.0,0.0
r2qk1nr/p2b1pbp/4p1p1/1B1p4/8/2N5/PPP2PPP/R1BQ1RK1 w kq -,1800-1999,3,95,f1e1,0.6764705882352942,f1e1,0.82275,True,f1e1,f1e1,True,True,True,True,True,0.82275,0.82275,0.012021658846153844,0.012021658846153844,0.0,0.0
r2qk2r/1b1nbppp/p1p1pn2/1p4B1/3P4/2NBPN2/PP3PPP/R2Q1RK1 w kq -,1800-1999,8,278,d1e2,0.6111111111111112,d1e2,0.43795,False,e3e4,a1c1,False,False,False,False,False,0.01775,0.18115,0.1993529471014381,0.08094907603424364,0.15656565656565663,0.03458049886621317
r2qk2r/1b1nbppp/p2ppn2/1p6/3NP3/P1N1BP2/1PP1B1PP/R2Q1RK1 w kq -,1800-1999,6,165,d4b3,0.7,d4b3,0.83795,True,g2g4,g1h1,False,False,False,False,False,0.0115,0.00075,0.36024316625927433,0.37052244772651977,0.39999999999999997,0.39117647058823524
r2qk2r/1p1nbpp1/p2pbn2/4p2p/4P3/1NN1BP2/PPPQ2PP/2KR1B1R w kq -,1800-1999,5,121,g2g3,0.55,g2g3,0.35135,False,g2g3,c1b1,False,True,False,True,False,0.35135,0.1919,0.09496703391363319,0.10632503959556164,0.0,0.018085106382978777
r2qk2r/1p3ppp/p1nbpn2/3p4/3P1B2/2NQPN2/PP3PPP/R4RK1 w kq -,1800-1999,4,117,f4d6|f4g3,0.5714285714285714,f4g3,0.42725,False,f3e5,f4d6,False,False,True,False,False,0.13635,0.39615,0.1270167153575142,0.05794290628816963,0.0714285714285714,0.0
r2qk2r/1p3ppp/p1npbb2/3Np3/4P3/N7/PPP2PPP/R2QKB1R w KQkq -,1800-1999,5,378,d5f6,0.631578947368421,d5f6,0.58995,False,a3c4,a3c4,True,False,False,False,False,0.09925,0.09925,0.10614444064519347,0.10614444064519347,0.0861244019138756,0.0861244019138756
r2qk2r/3nbppp/p2pbn2/1p2p3/4P3/1NN1BP2/PPPQ2PP/2KR1B1R w kq -,1800-1999,3,202,g2g4,0.5112781954887218,g2g4,0.45635,False,c3d5,g2g4,False,False,True,False,True,0.0923,0.45635,0.1697059322041433,0.03560024907353409,0.14461152882205514,0.0
r2qk2r/3nbppp/p2pbn2/1p2p3/4P3/1NN1BP2/PPPQ2PP/2KR1B1R w kq b6,1800-1999,3,366,g2g4,0.5084745762711864,g2g4,0.4782,False,c3d5,g2g4,False,False,True,False,True,0.4475,0.4782,0.043753626642798006,0.03499677904762458,0.008474576271186418,0.0
r2qk2r/3nppbp/3p1np1/2pP4/4P3/2N2NP1/PP3PKP/R1BQ3R b kq -,1800-1999,2,306,f6g4,0.5238095238095238,f6g4,0.58305,False,e8g8,e8g8,True,False,False,False,False,0.41695,0.41695,0.052078841819307276,0.052078841819307276,0.023809523809523836,0.023809523809523836
r2qk2r/3nppbp/3p1np1/2pP4/4P3/2N3P1/PP3PKP/R1BQ2NR w kq -,1800-1999,4,224,g1f3,0.4712230215827338,g1f3,0.6976,False,g1e2,g1f3,False,False,True,False,True,0.0868,0.6976,0.10824215140116025,0.017373191902520672,0.09386453101669606,0.0
r2qk2r/p1pb1ppp/1bp5/3pP3/3Nn3/4B3/PPP2PPP/RN1Q1RK1 w kq -,1800-1999,3,186,c2c3,0.5238095238095238,c2c3,0.5762,False,c2c3,b1d2,False,True,False,True,False,0.5762,0.18545,0.03163561984962788,0.09592826809724465,0.0,0.06825396825396829
r2qk2r/p1pb1ppp/2p5/2bpP1n1/3N4/5P2/PPP3PP/RNBQ1RK1 w kq -,1800-1999,2,878,f3f4,0.5614814814814815,f3f4,0.797,False,f3f4,f3f4,True,True,True,True,True,0.797,0.797,0.004274170238040155,0.004274170238040155,0.0,0.0
r2qk2r/p1pbbppp/2p5/2npP3/3N4/5P2/PPP3PP/RNBQ1RK1 w kq -,1800-1999,4,280,c1e3,0.5833333333333334,c1e3,0.7673,False,f3f4,f3f4,True,False,False,False,False,0.1908,0.1908,0.06731895347978088,0.06731895347978088,0.059195402298850563,0.059195402298850563
r2qk2r/p2bbppp/2Q2n2/4p1N1/8/8/PPPP1PPP/RNB1K2R w KQkq -,1800-1999,3,336,c6f3,0.3615819209039548,c6f3,0.4591,False,c6f3,c6f3,True,True,True,True,True,0.4591,0.4591,0.02609957278100509,0.02609957278100509,0.0,0.0
r2qk2r/p2bbppp/4pn2/1B1p2B1/8/2N5/PPP2PPP/R2Q1RK1 w kq -,1800-1999,2,41,b5d7,0.5,b5d7,0.8696,True,b5d7,f1e1,False,True,False,True,False,0.8696,0.1304,0.00857897094104494,0.15474072662712945,0.0,0.15384615384615385
r2qk2r/p3ppbp/2pp1np1/6B1/4P3/2N5/PPP2PPP/R2Q1RK1 w kq -,1800-1999,2,31,d1f3,0.5714285714285714,d1f3,0.95155,True,d1d2,d1d2,True,False,False,False,False,0.04845,0.04845,0.2572571662169427,0.2572571662169427,0.27731092436974786,0.27731092436974786
r2qk2r/p3ppbp/2pp1np1/8/4P3/2N1B3/PPP2PPP/R2Q1RK1 w kq -,1800-1999,3,43,f2f4,0.8636363636363636,f2f4,0.9693,True,d1d2,d1d2,True,False,False,False,False,0.0077,0.0077,0.3438549784784706,0.3438549784784706,0.3874458874458875,0.3874458874458875
r2qk2r/pp1n1ppp/2pbpn2/8/3P4/2PQ1NN1/PP3PPP/R1B2RK1 w kq -,1800-1999,3,170,c1g5,0.5821917808219178,c1g5,0.8767,True,f1e1,f1e1,True,False,False,False,False,0.0945,0.0945,0.1132963753878973,0.1132963753878973,0.11049366761437063,0.11049366761437063
r2qk2r/pp1nbppp/2p1pn2/6B1/3P4/3Q1NN1/PPP2PPP/R4RK1 w kq -,1800-1999,5,157,c2c3,0.5857142857142857,c2c3,0.5695,False,f1e1,c2c4,False,False,False,False,False,0.0272,0.19395,0.16604476370003232,0.1157232421397394,0.13743842364532022,0.08571428571428574
r2qk2r/pp1nbppp/2p1pn2/8/3P4/3Q1NN1/PPP2PPP/R1B1R1K1 w kq -,1800-1999,6,163,c2c3,0.6617647058823529,c2c3,0.53395,False,b2b3,c1f4,False,False,False,False,False,0.0874,0.3412,0.1932404152811713,0.07680738918458785,0.16176470588235292,0.03676470588235292
r2qk2r/pp2bppp/2n1b3/3pPp2/3P4/2N2N2/PP3PPP/R1BQ1RK1 w kq -,1800-1999,5,281,c1e3,0.5064935064935064,c1e3,0.59265,False,d1b3,d1b3,True,False,False,False,False,0.0644,0.0644,0.1370249758783684,0.1370249758783684,0.12077922077922071,0.12077922077922071
r2qk2r/pp2bppp/2n1p3/3n3b/3P4/2N2N1P/PP2BPP1/R1BQ1RK1 w kq -,1800-1999,7,192,d1b3,0.7333333333333333,d1b3,0.86455,True,d1b3,d1b3,True,True,True,True,True,0.86455,0.86455,0.009320024332453417,0.009320024332453417,0.0,0.0
r2qk2r/pp2bppp/2n1pn2/8/3P2b1/2N1BN2/PP2BPPP/R2Q1RK1 w kq -,1800-1999,6,200,d1a4,0.6764705882352942,d1a4,0.56275,False,d1b3,h2h3,False,False,False,False,False,0.10915,0.03445,0.13251957204693726,0.15171977006011367,0.10504201680672276,0.12590879048248516
r2qk2r/pp2bppp/2p1pn2/8/3P2b1/2PB1N2/PP3PPP/R1BQ1RK1 w kq -,1800-1999,4,199,h2h3,0.46296296296296297,h2h3,0.376,False,f1e1,f1e1,True,False,False,False,False,0.13465,0.13465,0.09730716326264273,0.09730716326264273,0.05119825708061004,0.05119825708061004
r2qk2r/pp2npbp/2n1p1p1/3pP3/3P4/2N2B1P/PP3PP1/R1BQ1RK1 b kq -,1800-1999,3,166,d8b6,0.6944444444444444,d8b6,0.5483,False,d8b6,e7f5,False,True,False,True,False,0.5483,0.42325,0.040613291039510425,0.05341022945783558,0.0,0.022313296903460844
r2qk2r/pp2ppbp/1nnp2p1/8/2PP4/2N1BQ1P/PP3PP1/R3KB1R w KQkq -,1800-1999,4,167,e1c1,0.5416666666666666,e1c1,0.4837,False,c4c5,e1c1,False,False,True,False,True,0.0872,0.4837,0.19837016405550909,0.03830524192022447,0.17803030303030298,0.0
r2qk2r/pp3ppp/2pbpn2/8/3P2b1/2PB1N2/PP3PPP/R1BQ1RK1 w kq -,1800-1999,3,189,f1e1,0.5394736842105263,f1e1,0.57825,False,c1g5,h2h3,False,False,False,False,False,0.09895,0.3228,0.10798747885043063,0.05424094644709319,0.08257713248638837,0.028720996038483326
r2qkb1r/1b1n1ppp/p3pn2/1pp5/3P4/P1NBPN2/1P3PPP/R1BQ1RK1 w kq -,1800-1999,6,170,e3e4,0.5294117647058824,e3e4,0.3994,False,d1e2,d4c5,False,False,False,False,False,0.315,0.02905,0.0824009428512019,0.16751048698064006,0.011554621848739455,0.09790491539081386
r2qkb1r/1b1n1ppp/p3pn2/1pp5/3PP3/2NB1N2/PP3PPP/R1BQ1RK1 w kq -,1800-1999,3,192,d4d5,0.5211267605633803,d4d5,0.8101,True,d4d5,d4d5,True,True,True,True,True,0.8101,0.8101,0.011673804487003041,0.011673804487003041,0.0,0.0
r2qkb1r/1b3ppp/pn1ppn2/1p6/3NP1P1/2N1BP2/PPPQ3P/2KR1B1R w kq -,1800-1999,2,117,h2h4,0.4315068493150685,h2h4,0.64275,False,h2h4,g4g5,False,True,False,True,False,0.64275,0.35725,0.021594419615286103,0.05352728671818764,0.0,0.03377957658779579
r2qkb1r/5ppp/p1p1pn2/3p4/3P4/2N2Q1P/PPP2PP1/R1B2RK1 w kq -,1800-1999,2,57,f1e1,0.5,f1e1,0.78555,False,f1e1,f1e1,True,True,True,True,True,0.78555,0.78555,0.016394709212241714,0.016394709212241714,0.0,0.0
r2qkb1r/pQ3ppp/4p3/1n1n4/8/2N2P2/PP3P1P/R1B1K2R w KQkq -,1800-1999,2,127,b7c6,0.46534653465346537,b7c6,0.72295,False,b7c6,b7c6,True,True,True,True,True,0.72295,0.72295,0.01721566650851052,0.01721566650851052,0.0,0.0
r2qkb1r/pp1n1pp1/2p1pn1p/8/3P1B1P/3Q1NN1/PPP2PP1/R3K2R w KQkq -,1800-1999,4,226,e1c1,0.5870786516853933,e1c1,0.69915,False,e1g1,e1c1,False,False,True,False,True,0.01445,0.69915,0.22584059008920077,0.021077501343651706,0.2120786516853933,0.0
r2qkb1r/pp1n1pp1/2p1pn1p/8/3P3P/3Q1NN1/PPPB1PP1/R3K2R w KQkq -,1800-1999,2,359,e1c1,0.556047197640118,e1c1,0.9862,True,g3e4,e1c1,False,False,True,False,True,0.0138,0.9862,0.21913165381770677,0.0004974230723753359,0.231047197640118,0.0
r2qkb1r/pp1nppp1/2p2n1p/7P/3P4/3Q1NN1/PPP2PP1/R1B1K2R w KQkq -,1800-1999,5,2799,c1d2,0.597254004576659,c1d2,0.81205,True,e1g1,c1f4,False,False,False,False,False,0.0546,0.02305,0.06866865384111055,0.03944383494839462,0.06511114743380186,0.035858655739449685
r2qkb1r/pp3ppp/2p1pn2/7b/3P4/2PB1N1P/PP3PP1/R1BQK2R w KQkq -,1800-1999,5,306,g2g4,0.6052631578947368,g2g4,0.7981,False,c1g5,c1e3,False,False,False,False,False,0.04605,0.0943,0.12396573806738086,0.18138874518231177,0.11689106487148104,0.18218623481781376
r2qkbnr/pp1n1pp1/2p1p2p/7P/3P4/3Q1NN1/PPP2PP1/R1B1K2R w KQkq -,1800-1999,4,3206,e1g1,0.5867052023121387,e1g1,0.81445,True,c1f4,c1d2,False,False,False,False,False,0.0018,0.05445,0.08079779728264484,0.05537214229189102,0.07636283426648971,0.05099091659785304
r2qr1k1/1bp1bppp/p1np1n2/1p2p3/3PP3/1BP2N1P/PP3PP1/RNBQR1K1 w - -,1800-1999,5,240,b1d2,0.540650406504065,b1d2,0.4358,False,b1d2,f3g5,False,True,False,True,False,0.4358,0.2454,0.044135756097096246,0.08407067439654506,0.0,0.04065040650406504
r2qr1k1/pp1nbppp/2p2n2/3p2B1/3P2b1/2PB1N2/PP1N1PPP/R2QR1K1 w - -,1800-1999,3,181,d1b3,0.6428571428571429,d1b3,0.72265,False,d1b3,d1c2,False,True,False,True,False,0.72265,0.10515,0.023573645871118005,0.13229423213193214,0.0,0.12374886260236584
r3k1nr/pp1b1ppp/4p3/3pP3/1b1q4/2NB4/PP3PPP/R1BQ1RK1 w kq -,1800-1999,4,186,c1e3,0.8,c1e3,0.6292,False,c3b5,c3b5,True,False,False,False,False,0.06765,0.06765,0.12111567171269598,0.12111567171269598,0.10935251798561152,0.10935251798561152
r3k2r/1bqnbppp/pp1ppn2/8/2PNP3/2N1BP2/PP2B1PP/2RQ1RK1 w kq -,1800-1999,3,92,d1d2,0.6228070175438597,d1d2,0.53385,False,d1d2,d1d2,True,True,True,True,True,0.53385,0.53385,0.03803275936370163,0.03803275936370163,0.0,0.0
r3k2r/1pqnbppp/p2pbn2/4p3/4P3/1NN1BP2/PPPQ2PP/2KR1B1R w kq -,1800-1999,2,354,g2g4,0.5514705882352942,g2g4,0.5572,False,c1b1,g2g4,False,False,True,False,True,0.4428,0.5572,0.024506517922049862,0.01680650866237449,0.008137254901960822,0.0
r3k2r/p1ppqpbp/b1p3p1/3nP3/2P5/1P6/PB2QPPP/RN2KB1R w KQkq -,1800-1999,3,136,e2e4,0.5227272727272727,e2e4,0.78705,False,g2g3,g2g3,True,False,False,False,False,0.133,0.133,0.1194369685708662,0.1194369685708662,0.11002886002886003,0.11002886002886003
r3k2r/pp1bbppp/1qn1p3/3pPn2/1P1P4/P4N2/1B2BPPP/RN1QK2R w KQkq -,1800-1999,2,270,g2g4,0.5333333333333333,g2g4,0.5431,False,g2g4,e1g1,False,True,False,True,False,0.5431,0.4569,0.043021922997433557,0.055428120972688046,0.0,0.015686274509803866
r3k2r/pp1bbppp/1qn1p3/3pPn2/3P4/5N2/PPN1BPPP/R1BQ1RK1 w kq -,1800-1999,4,123,g2g4,0.631578947368421,g2g4,0.51115,False,a2a3,g2g4,False,False,True,False,True,0.41995,0.51115,0.05765570702787252,0.04829041217085313,0.0161943319838056,0.0
r3k2r/pp3ppp/2nqpn2/3p3b/3P4/2PB1N1P/PP1N1PP1/R2QK2R w KQkq -,1800-1999,5,389,d1e2,0.5909090909090909,d1e2,0.5437,False,d1b3,e1g1,False,False,False,False,False,0.0918,0.04955,0.11450089727033469,0.11389653664949419,0.08376623376623382,0.08337140246687991
r3k2r/ppp2ppp/2n1bP2/2b2qN1/2pp4/2N5/PPP2PPP/R1BQR1K1 w kq -,1800-1999,2,450,c3e4,0.44076655052264807,c3e4,0.79115,False,g2g4,c3e4,False,False,True,False,True,0.20885,0.79115,0.04350586429324031,0.005752228745679822,0.03892605972510205,0.0
r3kb1r/1bqn1ppp/p2ppn2/1p4B1/3NPP2/2NB1Q2/PPP3PP/2KR3R w kq -,1800-1999,3,132,c1b1,0.5384615384615384,c1b1,0.42495,False,h1e1,h1e1,True,False,False,False,False,0.21185,0.21185,0.09862525280705983,0.09862525280705983,0.028560548362528526,0.028560548362528526
r3kb1r/p2q1ppp/4pn2/3p4/8/2N5/PPP2PPP/R1BQ1RK1 w kq -,1800-1999,2,122,c1g5,0.3563218390804598,c1g5,0.5454,False,f1e1,f1e1,True,False,False,False,False,0.4546,0.4546,0.0400903193955072,0.0400903193955072,0.013464696223316919,0.013464696223316919
r3kb1r/p2q1ppp/4pn2/3p4/8/2N5/PPP2PPP/R1BQK2R w KQkq -,1800-1999,2,52,e1g1,0.5,e1g1,0.86765,True,e1g1,e1g1,True,True,True,True,True,0.86765,0.86765,0.010319650458192766,0.010319650458192766,0.0,0.0
r3kb1r/p2q1ppp/4pn2/3p4/8/8/PPP2PPP/RNBQ1RK1 w kq -,1800-1999,5,88,c2c4,0.6363636363636364,c2c4,0.537,False,c2c3,c1g5,False,False,False,False,False,0.20015,0.10425,0.1411294081859648,0.15923176494798144,0.09790209790209792,0.12165775401069523
r3kb1r/p2q1ppp/5n2/3pp3/8/8/PPP2PPP/RNBQ1RK1 w kq -,1800-1999,3,70,f1e1,0.6296296296296297,f1e1,0.7562,False,f1e1,f1e1,True,True,True,True,True,0.7562,0.7562,0.02221918289708913,0.02221918289708913,0.0,0.0
r3kb1r/pp1b1ppp/1qn5/3pPp2/3P4/5N2/PP3PPP/RNBQ1RK1 w kq -,1800-1999,2,181,b1c3,0.5580645161290323,b1c3,0.51335,False,b1c3,b1c3,True,True,True,True,True,0.51335,0.51335,0.0375746040527308,0.0375746040527308,0.0,0.0
r3kb1r/pp1b1ppp/1qn5/3pPp2/3P4/P4N2/1P3PPP/RNBQK2R w KQkq -,1800-1999,2,187,e1g1,0.5851063829787234,e1g1,0.7759,False,b1c3,e1g1,False,False,True,False,True,0.2241,0.7759,0.06152295513131337,0.008871531321293053,0.05284831846259441,0.0
r3kb1r/pp1bnppp/1q2p3/3pP3/8/3B1N2/PP3PPP/R1BQ1RK1 w kq -,1800-1999,2,312,c1e3,0.5135658914728682,c1e3,0.9578,True,c1e3,c1e3,True,True,True,True,True,0.9578,0.9578,0.0011998830575515687,0.0011998830575515687,0.0,0.0
r3kb1r/pp1bnppp/4p3/3pP3/3q4/2NB4/PP3PPP/R1BQ1RK1 w kq -,1800-1999,5,223,c1e3,0.6290322580645161,c1e3,0.4263,False,c3b5,c3b5,True,False,False,False,False,0.3577,0.3577,0.0557808111727892,0.0557808111727892,0.006583278472679366,0.006583278472679366
r3kb1r/pp3ppp/1qn1b3/3pPp2/3P4/2N2N2/PP3PPP/R1BQ1RK1 w kq -,1800-1999,7,223,b2b3,0.5769230769230769,b2b3,0.27285,False,c3a4,a1b1,False,False,False,False,False,0.0457,0.2162,0.22056595737025392,0.10174787081580683,0.14358974358974352,0.014423076923076872
r3kb1r/ppqb1ppp/2n1p3/3pPn2/N2P4/5N2/PP2BPPP/R1BQ1RK1 w kq -,1800-1999,3,80,b2b3,0.6428571428571429,b2b3,0.45975,False,b2b3,g2g4,False,True,False,True,False,0.45975,0.2577,0.06263833466138717,0.09220709233456587,0.0,0.0399159663865547
r3kbnr/1p1b1ppp/p3p3/3pP3/3q4/2NB4/PP3PPP/R1BQ1RK1 w kq -,1800-1999,6,1199,d1e2,0.5125,d1e2,0.41315,False,c1e3,f1e1,False,False,False,False,False,0.01285,0.0971,0.09685898993955096,0.054725505327239694,0.07230861244019132,0.03018488745980702
r3kbnr/pp1b1ppp/1q2p3/3pP3/8/2NB4/PP3PPP/R1BQ1RK1 w kq -,1800-1999,8,392,d1g4,0.5645161290322581,d1g4,0.39465,False,c1e3,a2a3,False,False,False,False,False,0.1718,0.12915,0.09260722262168135,0.10448313443966477,0.05135823429541597,0.06451612903225812
r3kbnr/pp3ppp/2n1p3/3pP3/3P4/4BB2/Pq1N1PPP/R2Q1RK1 b kq -,1800-1999,4,158,b2a3,0.5625,b2a3,0.6769,False,f8b4,b2b6,False,False,False,False,False,0.00225,0.29085,0.351227181066874,0.08830448783172465,0.3519736842105263,0.06770833333333331
r3kbnr/pp3ppp/2n1p3/3pP3/3q4/2N2B2/PP3PPP/R1BQ1RK1 w kq -,1800-1999,5,171,d1e2,0.5454545454545454,d1e2,0.67505,False,c1e3,d1d4,False,False,False,False,False,0.01245,0.00055,0.2862293006140458,0.3447337319960551,0.28074866310160423,0.3311688311688311
r3kbnr/ppqnppp1/2p4p/7P/3P4/3Q1NN1/PPP2PP1/R1B1K2R w KQkq -,1800-1999,6,549,c2c4,0.675,c2c4,0.7029,False,c1d2,g3e4,False,False,False,False,False,0.06005,0.0246,0.1239308934004077,0.21916032850992215,0.1123259052924791,0.2094827586206897
r4b1r/p1p2k1p/2p1bp2/4p3/8/8/PPPP1PPP/RNB1K2R w KQ -,1800-1999,3,41,d2d3,0.75,d2d3,0.81165,True,d2d3,d2d3,True,True,True,True,True,0.81165,0.81165,0.015427987859141012,0.015427987859141012,0.0,0.0
r4bnr/pp1k1ppp/4p3/3pP3/3q4/8/PP1N1PPP/R1BQK2R w KQ -,1800-1999,2,77,d1e2,0.55,d1e2,0.54275,False,e1g1,e1g1,True,False,False,False,False,0.45725,0.45725,0.06518504413404312,0.06518504413404312,0.020149253731343353,0.020149253731343353
r4rk1/1bqnbppp/pp1ppn2/8/2PNP3/2N1BP2/PP1QB1PP/2R2RK1 w - -,1800-1999,2,122,b2b3,0.6176470588235294,b2b3,0.5246,False,f1d1,f1d1,True,False,False,False,False,0.4754,0.4754,0.04885796215111374,0.04885796215111374,0.012885154061624715,0.012885154061624715
r4rk1/pp1bppbp/2np1np1/q7/2BNP3/2N1BP2/PPPQ2PP/2KR3R w - -,1800-1999,5,434,d4b3,0.5,d4b3,0.45665,False,h2h4,c4b3,False,False,False,False,False,0.1381,0.1293,0.09300724324949994,0.08419608590952042,0.04918032786885246,0.03921568627450983
r4rk1/pp1bppbp/2np1np1/q7/3NP3/1BN1B2P/PPP2PP1/R2Q1RK1 w - -,1800-1999,3,75,f1e1,0.5714285714285714,f1e1,0.4994,False,f2f4,f1e1,False,False,True,False,True,0.30065,0.4994,0.08601902908399661,0.05713424440527171,0.03392857142857142,0.0
r4rk1/pp1bppbp/2np1np1/q7/3NP3/1BN1BP2/PPPQ2PP/R3K2R w KQ -,1800-1999,3,229,h2h4,0.6153846153846154,h2h4,0.5634,False,e1c1,e1c1,True,False,False,False,False,0.3296,0.3296,0.07324588388048778,0.07324588388048778,0.04038461538461546,0.04038461538461546
r4rk1/pp1qppbp/2np1np1/8/2PNP3/2N1BP2/PP4PP/R2QK2R w KQ -,1800-1999,4,105,e1g1,0.55,b2b3,0.3195,False,b2b3,e1g1,False,False,True,True,False,0.3195,0.2499,0.09629296870303494,0.08579055455980038,0.00454545454545463,0.0
r4rk1/pp1qppbp/2np1np1/8/3PP3/2N2N2/PP3PPP/R1BQR1K1 w - -,1800-1999,5,174,c1f4,0.68,c1f4,0.7546,False,c1f4,h2h3,False,True,False,True,False,0.7546,0.0425,0.01747139466421971,0.1711122282363486,0.0,0.16148148148148156
r4rk1/pp3ppp/2nqpn2/3p4/3P2b1/2P2N2/PP1NBPPP/R2Q1RK1 w - -,1800-1999,2,101,f1e1,0.4782608695652174,f1e1,0.6038,False,f1e1,f1e1,True,True,True,True,True,0.6038,0.6038,0.025121641214647696,0.025121641214647696,0.0,0.0
r4rk1/pp3ppp/2nqpn2/3p4/3P2b1/2PB1N2/PP1N1PPP/R2Q1RK1 w - -,1800-1999,5,748,d1e1,0.576530612244898,d1e1,0.833,True,d1e1,f1e1,False,True,False,True,False,0.833,0.12005,0.00515842868520915,0.06981947310542143,0.0,0.0652183950503279
r4rk1/ppp2ppp/2n2n2/3q4/3P2b1/2P2N2/P3BPPP/R1BQ1RK1 w - -,1800-1999,5,215,c1f4,0.625,c1f4,0.729,False,h2h3,h2h3,True,False,False,False,False,0.1405,0.1405,0.1340013288835447,0.1340013288835447,0.125,0.125
r4rk1/pppqbppp/3p1n2/6B1/3QP3/2N5/PPP2PPP/R4RK1 w - -,1800-1999,4,289,e4e5,0.6770833333333334,e4e5,0.71905,False,e4e5,e4e5,True,True,True,True,True,0.71905,0.71905,0.012791040565980056,0.012791040565980056,0.0,0.0
r4rk1/pppqbppp/3p1n2/8/3QP3/2N4P/PPP2PP1/R1B2RK1 w - -,1800-1999,3,69,c1f4,0.7272727272727273,c1f4,0.7456,False,c1e3,c1e3,True,False,False,False,False,0.066,0.066,0.18834368752735245,0.18834368752735245,0.18181818181818188,0.18181818181818188
r4rk1/pppqbppp/3p1n2/8/3QP3/2N5/PPP2PPP/R1B1R1K1 w - -,1800-1999,4,153,c1g5,0.6329113924050633,c1g5,0.84885,True,c1g5,c1g5,True,True,True,True,True,0.84885,0.84885,0.006992387521217435,0.006992387521217435,0.0,0.0
r4rk1/ppqn1ppp/2pb1n2/3p2B1/3P2b1/2PB1N2/PP1N1PPP/R2QR1K1 w - -,1800-1999,3,598,d2f1,0.5681818181818182,d2f1,0.84085,True,d1c2,h2h3,False,False,False,False,False,0.06855,0.0906,0.1272155470928295,0.12556615844703134,0.12332887700534767,0.12175324675324678
r4rk1/ppqn1ppp/2pb1n2/3p2B1/3P2b1/2PB1N2/PPQN1PPP/R4RK1 w - -,1800-1999,5,1592,g5h4,0.5517241379310345,g5h4,0.7669,False,f1e1,h2h3,False,False,False,False,False,0.0261,0.01475,0.08286773438348793,0.0896606952885768,0.07577912074890392,0.08238853316101746
rn1q1rk1/1b2bppp/p2ppn2/1p6/3NP3/1BN1BP2/PPPQ2PP/R3K2R w KQ -,1800-1999,4,253,e1c1,0.48295454545454547,e1c1,0.51295,False,e1c1,e1c1,True,True,True,True,True,0.51295,0.51295,0.03235734958889745,0.03235734958889745,0.0,0.0
rn1q1rk1/1p2bppp/3pbn2/p3p3/4P3/1NN1BP2/PPPQ2PP/2KR1B1R w - -,1800-1999,5,203,c3a4,0.6176470588235294,c3a4,0.8566,True,a2a4,a2a4,True,False,False,False,False,0.05715,0.05715,0.17649239138777795,0.17649239138777795,0.17918552036199098,0.17918552036199098
rn1q1rk1/1p2bppp/p2pbn2/8/4Pp2/1NN1B3/PPP1B1PP/R2Q1RK1 w - -,1800-1999,2,244,f1f4,0.4878048780487805,f1f4,0.62765,False,f1f4,e3f4,False,True,False,True,False,0.62765,0.37235,0.020680119428349242,0.047902939339271026,0.0,0.027213745043854376
rn1q1rk1/1p3pbp/p2p1np1/2pP4/P3P1b1/2N2N2/1P2BPPP/R1BQ1RK1 w - -,1800-1999,2,66,h2h3,0.5161290322580645,h2h3,0.59265,False,f3d2,f3d2,True,False,False,False,False,0.40735,0.40735,0.06115467201222284,0.06115467201222284,0.030414746543778792,0.030414746543778792
rn1q1rk1/4bppp/p2pbn2/1p2p3/4P3/1NN1BP2/PPPQ2PP/2KR1B1R w - b6,1800-1999,3,247,g2g4,0.5804597701149425,g2g4,0.54785,False,c3d5,c3d5,True,False,False,False,False,0.0331,0.0331,0.22508937246190827,0.22508937246190827,0.2137931034482759,0.2137931034482759
rn1q1rk1/4ppbp/3p1np1/2pP4/4P3/2N2NP1/PP3PKP/R1BQ3R b - -,1800-1999,4,606,d8b6,0.6097560975609756,d8b6,0.794,False,b8d7,d8b6,False,False,True,False,True,0.0183,0.794,0.13574751476471522,0.011114676609710654,0.12827461607949414,0.0
rn1q1rk1/4ppbp/3p1np1/2pP4/4P3/2N3P1/PP3PKP/R1BQ2NR w - -,1800-1999,5,530,a2a4,0.5588235294117647,a2a4,0.5493,False,a2a4,a2a4,True,True,True,True,True,0.5493,0.5493,0.04002267975452394,0.04002267975452394,0.0,0.0
rn1q1rk1/pp2bppp/2p2nb1/3p2B1/3P2P1/2NBPN1P/PP3P2/R2QK2R w KQ -,1800-1999,3,165,f3e5,0.5,f3e5,0.7226,False,f3e5,d3g6,False,True,False,True,False,0.7226,0.0536,0.017796463140287516,0.1273130258461771,0.0,0.11046511627906974
rn1q1rk1/pp2n1pp/2pb1p2/3p4/3P3B/2NQ1N2/PPP2PPP/R3R1K1 b - -,1800-1999,5,160,e7g6,0.609375,e7g6,0.31775,False,f8e8,b8a6,False,False,False,False,False,0.1953,0.28635,0.11157090821754295,0.08255603924904385,0.05055147058823528,0.022418478260869512
rn1q1rk1/pp3pbp/3p1np1/2pP4/2P5/2NB1Q1P/PP3PP1/R1B2RK1 b - -,1800-1999,2,149,a7a6,0.5714285714285714,a7a6,0.51635,False,b8d7,b8d7,True,False,False,False,False,0.48365,0.48365,0.046040249583349645,0.046040249583349645,0.008928571428571397,0.008928571428571397
rn1q1rk1/pp3pp1/2p2b1p/3p4/3P2b1/2NBPN2/PP3PPP/R2Q1RK1 w - -,1800-1999,3,88,d3e2,0.5454545454545454,d3e2,0.49565,False,h2h3,h2h3,True,False,False,False,False,0.40875,0.40875,0.06890717162090733,0.06890717162090733,0.012667660208643738,0.012667660208643738
rn1q1rk1/pp3ppp/2pb1nb1/3p2B1/3P2P1/2NB1N1P/PPP2P2/R2Q1RK1 w - -,1800-1999,4,483,f3h4,0.525,f3h4,0.39,False,f1e1,f3e5,False,False,False,False,False,0.31505,0.29485,0.05926366661155948,0.04872040216941922,0.011111111111111183,0.0010869565217391797
rn1qk1nr/pp3pp1/2pbp2p/7P/3P4/3Q1NN1/PPP2PP1/R1B1K2R w KQkq -,1800-1999,3,134,g3e4,0.668918918918919,g3e4,0.58885,False,g3e4,c1d2,False,True,False,True,False,0.58885,0.05855,0.028001381471380274,0.14269228163639264,0.0,0.1162873399715505
rn1qkb1r/pp3pp1/2p1pn1p/7P/3P4/3Q1NN1/PPP2PP1/R1B1K2R w KQkq -,1800-1999,5,1903,c1d2,0.5903030303030303,c2c3,0.40615,False,c1e3,c1d2,False,False,True,False,False,0.041,0.391,0.09124040159079737,0.021471575971030256,0.06968447360199936,0.0
rn1qkb1r/pp3ppn/2p1p2p/7P/3P4/5NN1/PPP2PP1/R1BQK2R w KQkq -,1800-1999,7,210,c2c3,0.7666666666666667,c2c3,0.36825,False,e1g1,c1d2,False,False,False,False,False,0.0097,0.19215,0.26596602074842834,0.14161107228600026,0.21403508771929824,0.06666666666666676
rn1qr1k1/pp3pbp/3p1np1/2pP4/4PPb1/2NB1N2/PP4PP/R1BQ1RK1 w - -,1800-1999,3,223,h2h3,0.5476190476190477,h2h3,0.70735,False,h2h3,h2h3,True,True,True,True,True,0.70735,0.70735,0.016208338824306622,0.016208338824306622,0.0,0.0
rn2kb1r/ppq2ppp/2p1pn2/4N3/3P4/2N4P/PPPBQPP1/R4RK1 b kq -,1800-1999,3,136,f8d6,0.45,f8d6,0.4217,False,f8e7,b8d7,False,False,False,False,False,0.2029,0.3754,0.09605047295073323,0.04959392486745827,0.05869565217391304,0.006603773584905659
rn3rk1/1pq1bppp/p2pbn2/4p3/4P3/1NN1BP2/PPPQ2PP/2KR1B1R w - -,1800-1999,3,231,g2g4,0.5826086956521739,g2g4,0.92155,True,g2g4,g2g4,True,True,True,True,True,0.92155,0.92155,0.0027189590288722388,0.0027189590288722388,0.0,0.0
rnb1k1r1/ppq1np1Q/4p3/3pP3/8/P1p5/2P1NPPP/R1B1KB1R w KQq -,1800-1999,2,189,f2f4,0.5398773006134969,f2f4,0.58075,False,f2f4,f2f4,True,True,True,True,True,0.58075,0.58075,0.030213017172808047,0.030213017172808047,0.0,0.0
rnb1k2r/pp3p1p/2p2p2/3p4/3P4/2q1P3/P2N1PPP/R2QKB1R w KQkq -,1800-1999,2,151,a1c1,0.5925925925925926,a1c1,0.8213,True,a1c1,f1e2,False,True,False,True,False,0.8213,0.1787,0.008037427600093627,0.0819616215553918,0.0,0.07712867506681942
rnb1kb1r/1p3pp1/p2ppn1p/8/3NPP1B/q1N5/P1PQ2PP/1R2KB1R w Kkq -,1800-1999,2,34,e4e5,0.55,e4e5,0.61335,False,e4e5,e4e5,True,True,True,True,True,0.61335,0.61335,0.042595565084360486,0.042595565084360486,0.0,0.0
rnb1r1k1/ppp2pbp/6p1/3Pp1B1/4P3/5N2/PP2BPPP/R3K2R b KQ -,1800-1999,5,254,h7h6,0.6052631578947368,h7h6,0.7567,False,c7c6,c7c6,True,False,False,False,False,0.1368,0.1368,0.11562838988747945,0.11562838988747945,0.10526315789473684,0.10526315789473684
rnb1r3/ppp2kpp/5n2/8/4P3/8/PB1N1PPP/R3K1NR w KQ -,1800-1999,4,463,g1f3,0.6221374045801527,g1f3,0.9838,True,g1f3,f2f3,False,True,False,True,False,0.9838,0.00305,0.00038282168693897666,0.1366339099505626,0.0,0.1374882817731351
rnb2rk1/p1p1qpp1/1p5p/3p4/3P4/4PN2/PP3PPP/R2QKB1R w KQ -,1800-1999,5,169,a1c1,0.6052631578947368,a1c1,0.59695,False,a1c1,a1c1,True,True,True,True,True,0.59695,0.59695,0.042027211890184366,0.042027211890184366,0.0,0.0
rnb2rk1/pp2ppbp/6p1/q7/3PP3/5N2/P3BPPP/1RBQK2R w K -,1800-1999,2,87,d1d2,0.6285714285714286,d1d2,0.9644,True,d1d2,c1d2,False,True,False,True,False,0.9644,0.0356,0.0013731001341261819,0.18069808556567563,0.0,0.18626373626373627
rnb2rk1/pp2q1pp/2p5/3p1p2/3Pn3/2NBPN2/PP3PPP/R2Q1RK1 w - -,1800-1999,7,238,f3e5,0.5107142857142857,d3e4,0.2433,False,a1c1,f3e5,False,False,True,False,False,0.01115,0.0888,0.2620639968592998,0.12433267973950192,0.14707792207792203,0.0
rnb2rk1/pp3ppp/5q2/3Q4/1b6/2N1PN2/PP3PPP/R3KB1R w KQ -,1800-1999,5,143,a1c1,0.8666666666666667,a1c1,0.88455,True,d5d4,d5d4,True,False,False,False,False,0.0454,0.0454,0.18250705702826336,0.18250705702826336,0.20387596899224814,0.20387596899224814
rnb2rk1/ppp1q1p1/4p2p/5p2/2PPp3/4P3/PP1N1PPP/R2QKB1R w KQ f6,1800-1999,3,82,c4c5,0.5714285714285714,c4c5,0.68865,False,c4c5,d1b3,False,True,False,True,False,0.68865,0.1733,0.028585107171053836,0.16720656817023588,0.0,0.1547619047619047
rnb2rk1/ppp1qpp1/7p/3p4/3P4/2P1PN2/P4PPP/R2QKB1R w KQ -,1800-1999,4,175,f1e2,0.5652173913043478,h2h3,0.31685,False,h2h3,f1d3,False,False,False,True,False,0.31685,0.23555,0.10121629416113745,0.07640749102500223,0.01976284584980237,0.0005622188905546333
rnbq1k1r/pp3pp1/4p2p/2ppP3/3P2Q1/2PB4/P1PK1PPP/R5NR w - c6,1800-1999,3,73,g1f3,0.6,g1f3,0.64605,False,h2h4,h2h4,True,False,False,False,False,0.30485,0.30485,0.08660489595098154,0.08660489595098154,0.06153846153846154,0.06153846153846154
rnbq1rk1/p4pbp/3p2p1/1BpP4/4n3/2N2N1P/PP3PP1/R1BQK2R w KQ -,1800-1999,2,70,e1g1,0.5,e1g1,0.7682,False,e1g1,c3e4,False,True,False,True,False,0.7682,0.2318,0.0179513682139886,0.12121762708557993,0.0,0.10714285714285715
rnbq1rk1/pp3ppp/4p3/8/3PP3/5N2/P2Q1PPP/R3KB1R w KQ -,1800-1999,3,362,f1c4,0.5905172413793104,f1c4,0.86985,True,f1c4,f1d3,False,True,False,True,False,0.86985,0.00305,0.00414315214337383,0.14428343347779463,0.0,0.14115015277171544
rnbqk2r/1p2ppb1/p2p3p/4n1p1/3NP3/2N3BP/PPP2PP1/R2QKB1R w KQkq -,1800-1999,4,124,f2f3,0.7,f2f3,0.8364,True,d4f5,d4f5,True,False,False,False,False,0.0935,0.0935,0.19405968189709158,0.19405968189709158,0.19999999999999996,0.19999999999999996
rnbqr1k1/1p3pbp/p2p1np1/2pP4/4P3/2NB1N1P/PP3PP1/R1BQ1RK1 w - -,1800-1999,2,287,a2a4,0.6150943396226415,a2a4,0.9093,True,a2a4,a2a4,True,True,True,True,True,0.9093,0.9093,0.004117762672202806,0.004117762672202806,0.0,0.0
rnbqr1k1/1p3pbp/p2p1np1/2pP4/4PP2/2NB1N2/PP4PP/R1BQ1RK1 w - -,1800-1999,4,269,a2a4,0.5279187817258884,a2a4,0.58655,False,a2a4,h2h3,False,True,False,True,False,0.58655,0.0909,0.023777044175198745,0.13688738966363276,0.0,0.11882787263497924
rnbqr1k1/1p3pbp/p2p1np1/2pP4/P7/2N2NP1/1P2PPBP/R1BQ1RK1 w - -,1800-1999,4,154,c1f4,0.625,c1f4,0.75545,False,f3d2,c1f4,False,False,True,False,True,0.12905,0.75545,0.11212766404699687,0.01496441103862528,0.10357142857142854,0.0
rqb1k2r/pp2bppp/2nppn2/1N6/2B1P3/5N2/PP2QPPP/R1BR2K1 w kq -,1800-1999,3,190,c1g5,0.6129032258064516,c1g5,0.6413,False,c1f4,c1f4,True,False,False,False,False,0.34675,0.34675,0.05392560995586048,0.05392560995586048,0.03704115684093434,0.03704115684093434
1rbq1rk1/p3ppbp/2Bp1np1/8/2P5/2N3P1/PP2PP1P/R1BQ1RK1 w - -,2000-2199,4,266,d1c2,0.85,d1c2,0.87035,True,c6g2,c6g2,True,False,False,False,False,0.02575,0.02575,0.1903565466523466,0.1903565466523466,0.22443946188340802,0.22443946188340802
1rbqk2r/p2pppbp/6p1/3QP3/8/4B3/PPP2PPP/R3KB1R w KQk -,2000-2199,4,290,e3a7,0.7105263157894737,e3a7,0.85815,True,f1c4,e1c1,False,False,False,False,False,0.02395,0.0518,0.185264918848496,0.15820867269024916,0.19200779727095518,0.16475166790214968
1rbqkb1r/p2n1ppp/2Q5/4p1N1/8/8/PPPP1PPP/RNB1K2R w KQk -,2000-2199,4,121,d2d3,0.4765625,d2d3,0.68595,False,d2d3,d2d3,True,True,True,True,True,0.68595,0.68595,0.020859516197729452,0.020859516197729452,0.0,0.0
2kr3r/pppqn1pp/2nb1p2/3p4/3P2bB/2PB1N2/PP1N1PPP/R2Q1RK1 w - -,2000-2199,5,174,h4g3,0.5,h4g3,0.3798,False,d1a4,h4g3,False,False,True,False,True,0.0845,0.3798,0.17005276277432527,0.07854950039412645,0.09615384615384615,0.0
2kr3r/pppqn1pp/2nb1p2/3p4/3P2bB/2PB1N2/PP3PPP/RN1QR1K1 w - -,2000-2199,3,116,h4g3,0.5476190476190477,h4g3,0.7104,False,b2b4,h4g3,False,False,True,False,True,0.24435,0.7104,0.1257038299653276,0.025194876942082237,0.11011904761904767,0.0
2r1kb1r/pp1b1ppp/1qn1p3/3pPn2/1P1P4/P4N2/1B2BPPP/RN1Q1RK1 b k -,2000-2199,2,60,f8e7,0.618421052631579,f8e7,0.96225,True,f8e7,f8e7,True,True,True,True,True,0.96225,0.96225,0.0017856028906833498,0.0017856028906833498,0.0,0.0
2r1kbnr/pp1b1ppp/1q2p3/3pP3/3P4/5N2/PPQ2PPP/RNB2RK1 w k -,2000-2199,2,106,c2d1,0.45,c2d1,0.82975,True,b1c3,b1c3,True,False,False,False,False,0.17025,0.17025,0.14770662337399038,0.14770662337399038,0.1322916666666667,0.1322916666666667
2rq1rk1/pb1nbppp/1pp1pn2/3p4/2PP4/1P3NP1/PBQNPPBP/R4RK1 w - -,2000-2199,3,135,a1d1,0.6842105263157895,a1d1,0.5594,False,a1d1,e2e4,False,True,False,True,False,0.5594,0.3966,0.03628810221499894,0.05286830136183696,0.0,0.027233782129743034
2rq1rk1/pp1bppbp/2np1np1/8/2PNP3/2N1B3/PP2BPPP/2RQ1RK1 w - -,2000-2199,5,173,f2f3,0.6372549019607843,f2f3,0.5952,False,f2f3,h2h3,False,True,False,True,False,0.5952,0.24335,0.03146050891080655,0.1222148155054143,0.0,0.08725490196078423
2rq1rk1/pp1bppbp/2np1np1/8/2PNP3/2N1BP2/PP1QB1PP/R3K2R w KQ -,2000-2199,2,143,e1g1,0.6681034482758621,e1g1,0.985,True,a1c1,e1g1,False,False,True,False,True,0.015,0.985,0.20119847036112531,0.0005087642038856375,0.20514048531289913,0.0
2rq1rk1/pp1bppbp/2np1np1/8/2PNP3/2N1BP2/PP2B1PP/R2Q1RK1 w - -,2000-2199,3,208,b2b3,0.7727272727272727,b2b3,0.8354,True,d1d2,d1d2,True,False,False,False,False,0.1641,0.1641,0.12696537839489577,0.12696537839489577,0.14574314574314573,0.14574314574314573
2rq1rk1/pp1bppbp/2np1np1/8/3NP3/1BN1BP2/PPPQ2PP/R3K2R w KQ -,2000-2199,3,798,e1c1,0.494195688225539,e1c1,0.53,False,g2g4,e1c1,False,False,True,False,True,0.1806,0.53,0.0738288860393165,0.017239200466135682,0.05802547545958153,0.0
r1b1k1nr/pp1p1ppp/8/q3p3/N2QP3/2P5/PP3PPP/R3KB1R w KQkq -,2000-2199,3,92,d4b4,0.5208333333333334,d4b4,0.5952,False,d4c4,d4d1,False,False,False,False,False,0.055,0.3498,0.21248331996363923,0.06660955872953346,0.19940476190476192,0.03750000000000003
r1b1k1nr/pp3ppp/8/3qP3/4p3/2B5/PP3PPP/R2QKB1R b KQkq -,2000-2199,2,204,g8e7,0.5426829268292683,g8e7,1.0,True,g8e7,g8e7,True,True,True,True,True,1.0,1.0,0.0,0.0,0.0,0.0
r1b1k1r1/ppq1np1Q/2n1p3/3pP3/3p4/P1P5/2P1NPPP/R1B1KB1R w KQq -,2000-2199,2,511,f2f4,0.4917864476386037,f2f4,0.77135,False,c3d4,f2f4,False,False,True,False,True,0.22865,0.77135,0.08274010138845146,0.012793091162432166,0.075119780971937,0.0
r1b1k2r/1p2qppp/p1n1p3/2npP3/5P2/2N2N2/PPPQ2PP/R3KB1R w KQkq -,2000-2199,2,179,f1d3,0.7012987012987013,f1d3,0.9714,True,f1d3,f1d3,True,True,True,True,True,0.9714,0.9714,0.000778732933631831,0.000778732933631831,0.0,0.0
r1b1k2r/1p2qppp/p1n1p3/2npP3/5P2/2NB1N2/PPP3PP/R2QK2R w KQkq -,2000-2199,4,137,a2a3,0.625,a2a3,0.50515,False,e1g1,d1d2,False,False,False,False,False,0.11705,0.2823,0.11863799748911018,0.08044879802131973,0.07738095238095233,0.03676470588235292
r1b1k2r/1pq1bppp/p1nppn2/8/2B1P3/2N2N1P/PP2QPP1/R1BR2K1 w kq -,2000-2199,3,117,c1e3,0.6363636363636364,c1e3,0.8616,True,c1f4,c1e3,False,False,True,False,True,0.0827,0.8616,0.1913998504772861,0.010522441058116023,0.19614624505928852,0.0
r1b1k2r/1pq1bppp/p1nppn2/8/2B1PB2/2N2N2/PP2QPPP/R2R2K1 w kq -,2000-2199,2,328,a1c1,0.4704724409448819,a1c1,0.5698,False,a1c1,a1c1,True,True,True,True,True,0.5698,0.5698,0.019973957550828904,0.019973957550828904,0.0,0.0
r1b1k2r/1pqnbpp1/p2ppn1p/6B1/3NPP2/2NB1Q2/PPP3PP/2KR3R w kq -,2000-2199,3,227,g5f6,0.6052631578947368,g5f6,0.6625,False,h2h4,g5h4,False,False,False,False,False,0.31575,0.02175,0.0757906539902623,0.14770100759778038,0.05169172932330823,0.12700228832951943
r1b1k2r/1pqnbpp1/p2ppn1p/6B1/3NPPP1/2N2Q2/PPP4P/2KR1B1R w kq -,2000-2199,2,323,g5f6,0.5873015873015873,g5f6,0.99235,True,g5f6,g5f6,True,True,True,True,True,0.99235,0.99235,0.00019268271552798575,0.00019268271552798575,0.0,0.0
r1b1k2r/1pqnbpp1/p2ppn1p/8/3NPP1B/2N2Q2/PPP3PP/2KR1B1R w kq -,2000-2199,6,332,f3g3,0.75,f3g3,0.7579,False,f1d3,f1e2,False,False,False,False,False,0.0276,0.1865,0.18294767842839582,0.12222229706221055,0.1885964912280702,0.125
r1b1k2r/2q1bppp/p2p1n2/npp1p3/3PP3/2P2N2/PPB2PPP/RNBQR1K1 w kq -,2000-2199,6,172,b1d2,0.7068965517241379,b1d2,0.52555,False,a2a4,d4d5,False,False,False,False,False,0.03175,0.15655,0.21021359177512236,0.11406660195858008,0.1791187739463601,0.07726692209450825
r1b1k2r/2qnbppp/p2ppn2/1p4B1/3NPP2/2NB1Q2/PPP3PP/2KR3R w kq b6,2000-2199,4,294,h1e1,0.584,h1e1,0.4609,False,h1e1,h1e1,True,True,True,True,True,0.4609,0.4609,0.04430667499937936,0.04430667499937936,0.0,0.0
r1b1k2r/2qnbppp/p2ppn2/1p4B1/3NPPP1/2N2Q2/PPP4P/2KR1B1R w kq b6,2000-2199,3,700,f1d3,0.5897435897435898,f1d3,0.6431,False,g5f6,g5f6,True,False,False,False,False,0.222,0.222,0.05926698300779899,0.05926698300779899,0.0418097054460691,0.0418097054460691
r1b1k2r/4qppp/p1np1n2/1p2p1B1/4P3/N7/PPP2PPP/R2QKB1R w KQkq -,2000-2199,4,216,c2c4,0.5425531914893617,c2c4,0.6526,False,c2c4,c2c3,False,True,False,True,False,0.6526,0.1469,0.01783408278804746,0.07973057340290697,0.0,0.06338652482269497
r1b1k2r/pp1n1ppp/1qn1p3/3pP3/3P4/3B1N2/PP1QNPPP/R3K2R b KQkq -,2000-2199,5,205,e8g8,0.5909090909090909,e8g8,0.8134,True,b6b4,f7f6,False,False,False,False,False,0.0025,0.0885,0.22072880113604992,0.16759928419372974,0.21484071484071487,0.16590909090909095
r1b1k2r/pp1p1ppp/4pn2/q7/N2QP3/2P5/PP3PPP/R3KB1R w KQkq -,2000-2199,4,65,e4e5,0.7727272727272727,e4e5,0.7645,False,e4e5,a4c5,False,True,False,True,False,0.7645,0.0259,0.02178343352107482,0.2618839918612963,0.0,0.2727272727272727
r1b1k2r/ppp1q1pp/2np1n2/8/2P2B2/2PQ1N2/P3PPPP/R3KB1R w KQkq -,2000-2199,2,172,e2e3,0.5505050505050505,e2e3,0.8316,True,g2g3,g2g3,True,False,False,False,False,0.1684,0.1684,0.07642048022696057,0.07642048022696057,0.07105299571052998,0.07105299571052998
r1b1k2r/ppp1qppp/3p4/4n3/2P2B2/4P3/PP1QBPPP/R4RK1 b kq -,2000-2199,4,145,c8e6,0.46875,c8e6,0.5023,False,b7b6,e8g8,False,False,False,False,False,0.2406,0.07585,0.10336691544285213,0.13893921813259716,0.052083333333333315,0.08453947368421055
r1b1k2r/ppp1qppp/3p4/4n3/2P2B2/P3P3/1P1Q1PPP/R3KB1R w KQkq -,2000-2199,4,331,a1c1,0.6904761904761905,a1c1,0.65355,False,a1c1,f1e2,False,True,False,True,False,0.65355,0.147,0.02602976945061202,0.0897961607465928,0.0,0.0756901982582916
r1b1k2r/ppp2ppp/1bn5/4P3/2B1n3/5N2/PP3PPP/RNBR2K1 w kq -,2000-2199,2,34,d1f1,0.375,d1f1,0.5383,False,d1f1,c1e3,False,True,False,True,False,0.5383,0.4617,0.051468016400076456,0.06595978360076643,0.0,0.013888888888888895
r1b1k2r/ppq1bppp/2np1n2/4p3/2B1PB2/2N2N2/PP2QPPP/R2R2K1 w kq -,2000-2199,2,61,f4e3,0.6153846153846154,f4e3,0.7216,False,f4e3,f4e3,True,True,True,True,True,0.7216,0.7216,0.020222968878642927,0.020222968878642927,0.0,0.0
r1b1kb1r/1p3ppp/p2qpn2/8/2BN4/8/PPP2PPP/R1BQ1RK1 w kq -,2000-2199,6,160,c1g5,0.75,c1g5,0.7181,False,f1e1,f1e1,True,False,False,False,False,0.13665,0.13665,0.1378909779198133,0.1378909779198133,0.14090909090909087,0.14090909090909087
r1b1kb1r/p4pp1/2p2n1p/n3N3/3qp3/8/PPPPBPPP/RNBQK2R w KQkq -,2000-2199,2,173,f2f4,0.4763779527559055,f2f4,0.5962,False,f2f4,f2f4,True,True,True,True,True,0.5962,0.5962,0.02382379532604785,0.02382379532604785,0.0,0.0
r1b1kb1r/pp3ppp/2n1p3/3pP3/3q4/2N5/PP2BPPP/R1BQ1RK1 w kq -,2000-2199,3,43,d1b3,0.38461538461538464,d1b3,0.5363,False,d1b3,c3b5,False,True,False,True,False,0.5363,0.2692,0.05504449022699157,0.126321864898878,0.0,0.08461538461538465
r1b1r1k1/ppqn1pbp/2pp1np1/4p3/2PPP3/2N1BNPP/PP3PB1/R2Q1RK1 w - -,2000-2199,5,186,a1c1,0.7678571428571429,a1c1,0.9494,True,d1c2,d4d5,False,False,False,False,False,0.0101,0.0181,0.1955072346097635,0.25708379761656686,0.2060593900481541,0.2678571428571429
r1b2rk1/1p3ppp/p1nqpn2/3p4/3P4/2NBPN2/PP3PPP/R2Q1RK1 w - -,2000-2199,4,157,d1e2,0.6666666666666666,d1e2,0.50815,False,c3a4,d1e2,False,False,True,False,True,0.4239,0.50815,0.08237733451517777,0.060643956278725,0.016666666666666607,0.0
r1b2rk1/1pq1bppp/p1nppn2/8/2PNP3/2N1BP2/PP2B1PP/R2Q1RK1 w - -,2000-2199,2,71,d1d2,0.6875,d1d2,0.9935,True,a1c1,a1c1,True,False,False,False,False,0.0065,0.0065,0.2651220914507073,0.2651220914507073,0.27724358974358976,0.27724358974358976
r1b2rk1/1pq1bppp/p1nppn2/8/3NP3/1BN1BP2/PPPQ2PP/R3K2R w KQ -,2000-2199,2,104,e1c1,0.5,e1c1,0.6774,False,g2g4,g2g4,True,False,False,False,False,0.3226,0.3226,0.06906066513996326,0.06906066513996326,0.04999999999999999,0.04999999999999999
r1b2rk1/1pq1bppp/p1nppn2/8/3NPP2/1BN1B3/PPP3PP/R2Q1RK1 w - -,2000-2199,3,106,f4f5,0.59,f4f5,0.58975,False,f4f5,f4f5,True,True,True,True,True,0.58975,0.58975,0.028937196885397885,0.028937196885397885,0.0,0.0
r1b2rk1/1pq1bppp/p1nppn2/8/3NPP2/2N1B3/PPP1B1PP/R2Q1R1K w - -,2000-2199,3,141,e2f3,0.5392156862745098,e2f3,0.41375,False,e2f3,d1e1,False,True,False,True,False,0.41375,0.3654,0.04787456003638841,0.05285779804312101,0.0,0.007164404223227727
r1b2rk1/1pq1bppp/p1nppn2/8/3NPP2/2N1BB2/PPP3PP/R2Q1RK1 w - -,2000-2199,7,153,d4b3,0.6,d4b3,0.36585,False,g1h1,a2a4,False,False,False,False,False,0.1873,0.04625,0.10901449972889345,0.2305727083570928,0.03421052631578947,0.16249999999999998
r1b2rk1/1pq1bppp/p1nppn2/8/3NPP2/P1N1B3/1PP1B1PP/R2Q1RK1 w - -,2000-2199,3,85,d1e1,0.5576923076923077,d1e1,0.4206,False,e2f3,d1e1,False,False,True,False,True,0.1804,0.4206,0.11432315366827149,0.05967117198399035,0.05769230769230771,0.0
r1b2rk1/1pq1bppp/p1nppn2/8/P2NPP2/2N1B3/1PP1B1PP/R2Q1RK1 w - -,2000-2199,4,138,g1h1,0.625,g1h1,0.4421,False,d4b3,g1h1,False,False,True,False,True,0.36165,0.4421,0.06645079454381919,0.04708627438000407,0.017857142857142905,0.0
r1b2rk1/1pq1ppbp/p1np1np1/8/2PN4/1PN3P1/PB2PPBP/R2Q1RK1 w - -,2000-2199,5,228,d4c2,0.75,d4c2,0.4872,False,e2e3,a1c1,False,False,False,False,False,0.07365,0.0298,0.13563778172988847,0.13185431547248858,0.1029411764705882,0.10384615384615381
r1b2rk1/2p1bppp/p1n2n2/1p2p3/4P3/2P2N2/PP3PPP/RNBBR1K1 b - -,2000-2199,3,52,c8b7,0.631578947368421,c8b7,0.82395,True,c8b7,f8d8,False,True,False,True,False,0.82395,0.15305,0.014888720899181956,0.18187213611762257,0.0,0.181578947368421
r1b2rk1/3nppbp/pq1p1np1/2pP4/4P3/2N2N2/PP2BPPP/R1BQ1RK1 w - -,2000-2199,5,150,h2h3,0.5740740740740741,h2h3,0.4846,False,f3d2,f3d2,True,False,False,False,False,0.1044,0.1044,0.11577550874759479,0.11577550874759479,0.07407407407407407,0.07407407407407407
r1b2rk1/p1p1qppp/4pn2/8/2pP4/6P1/PP2PP1P/RNBQ1RK1 w - -,2000-2199,4,253,d1c2,0.6578947368421053,d1c2,0.85065,True,b1a3,d1a4,False,False,False,False,False,0.00745,0.024,0.24514881482829223,0.1483393447130894,0.2461300309597524,0.14598997493734345
r1b2rk1/p1qnbppp/2n1p3/1pppP3/8/3P1NP1/PPPNQPBP/R1B1R1K1 w - b6,2000-2199,3,184,d2f1,0.6464646464646465,d2f1,0.8778,True,h2h4,h2h4,True,False,False,False,False,0.10795,0.10795,0.09818184944540079,0.09818184944540079,0.09474050853361204,0.09474050853361204
r1b2rk1/pp1nq1pp/2p1p3/3pNp2/2PPn3/2NBP3/PP3PPP/R2Q1RK1 w - -,2000-2199,3,99,f2f4,0.5212765957446809,f2f4,0.562,False,f2f4,e5d7,False,True,False,True,False,0.562,0.0217,0.03746233651538869,0.20243650494923926,0.0,0.1712765957446809
r1b2rk1/pp1nqppp/2p1p3/3n4/2BP4/2N1PN2/PP3PPP/R2Q1RK1 w - -,2000-2199,5,166,d1e2,0.7,d1e2,0.72795,False,a1c1,a1c1,True,False,False,False,False,0.14665,0.14665,0.124384983722177,0.124384983722177,0.11860465116279062,0.11860465116279062
r1b2rk1/pp2ppbp/2N2np1/8/4p3/2N1BP2/PPPq2PP/2KR1B1R w - -,2000-2199,2,190,d1d2,0.515625,d1d2,0.99695,True,d1d2,e3d2,False,True,False,True,False,0.99695,0.00305,8.782318058654808e-05,0.2372015224930397,0.0,0.24895833333333334
r1b2rk1/pp2ppbp/2n3p1/2q5/8/4PN2/PP2BPPP/R1BQ1RK1 w - -,2000-2199,3,69,d1b3,0.5416666666666666,d1b3,0.87345,True,c1d2,c1d2,True,False,False,False,False,0.0552,0.0552,0.24908254151900697,0.24908254151900697,0.2689393939393939,0.2689393939393939
r1b2rk1/pp2ppbp/2n3p1/3q4/3N4/4B3/PPP1BPPP/R2Q1RK1 w - -,2000-2199,3,333,e2f3,0.5401069518716578,e2f3,0.8105,True,c2c3,e2f3,False,False,True,False,True,0.00605,0.8105,0.19488289131860756,0.00560568714488925,0.1963569518716578,0.0
r1b2rk1/pp2ppbp/2n3p1/3q4/3N4/4B3/PPPQBPPP/R3K2R w KQ -,2000-2199,2,101,e2f3,0.5111111111111111,e2f3,0.97545,True,e2f3,e2f3,True,True,True,True,True,0.97545,0.97545,0.0008339116600673361,0.0008339116600673361,0.0,0.0
r1b2rk1/pp2ppbp/2n3p1/3q4/3N4/4BP2/PPPQ2PP/R3KB1R w KQ -,2000-2199,3,406,c2c4,0.5,c2c4,0.8235,True,c2c3,d4c6,False,False,False,False,False,0.1618,0.0147,0.09703220321107815,0.14021771448216766,0.09090909090909088,0.13278688524590165
r1b2rk1/pp2ppbp/2n3p1/q1p5/2BPP3/2P1B3/P3NPPP/R2Q1RK1 w - -,2000-2199,4,109,a1b1,0.5348837209302325,a1c1,0.3318,False,a1b1,a1b1,True,True,True,False,False,0.31585,0.31585,0.06845005159724542,0.06845005159724542,0.0,0.0
r1b2rk1/pp3ppp/2n1pn2/3q4/3P4/2P2N2/P3BPPP/R1BQ1RK1 w - -,2000-2199,3,54,c3c4,0.515625,h2h3,0.3465,False,h2h3,c3c4,False,False,True,True,False,0.3465,0.32195,0.1049800918698913,0.0920661026083076,0.015625,0.0
r1b2rk1/pp3ppp/5n2/3pq3/8/2PB4/PP1N1PPP/R2Q1RK1 w - -,2000-2199,2,80,f1e1,0.6739130434782609,f1e1,0.7036,False,f1e1,f1e1,True,True,True,True,True,0.7036,0.7036,0.019198240001450716,0.019198240001450716,0.0,0.0
r1b2rk1/ppp1qppp/3p4/4n3/1bP2B2/4P3/PP1NBPPP/R2Q1RK1 w - -,2000-2199,2,139,d2b3,0.6696428571428571,d2b3,0.9916,True,d2b3,a2a3,False,True,False,True,False,0.9916,0.0084,0.00023609256288474853,0.2201347364523916,0.0,0.22519841269841268
r1b2rk1/ppp2ppp/2n2q2/2p5/2B1P3/2P5/PP3PPP/RN1Q1RK1 w - -,2000-2199,2,38,b1d2,0.6428571428571429,b1d2,0.6464,False,b1d2,f2f4,False,True,False,True,False,0.6464,0.3536,0.03348267170152741,0.08683407697023063,0.0,0.054621848739495826
r1b2rk1/ppppqppp/8/4n3/2P2B2/P3P3/1P1Q1PPP/R3KB1R w KQ -,2000-2199,3,103,c4c5,0.6,c4c5,0.39115,False,c4c5,c4c5,True,True,True,True,True,0.39115,0.39115,0.08134863014914238,0.08134863014914238,0.0,0.0
r1b2rk1/ppq1ppbp/2n3p1/2p5/2BPP3/2P1B3/P3NPPP/R2Q1RK1 w - -,2000-2199,6,373,a1b1,0.6153846153846154,a1b1,0.43565,False,a1c1,a1c1,True,False,False,False,False,0.05095,0.05095,0.14209262609847523,0.14209262609847523,0.08095838587641868,0.08095838587641868
r1bq1b1r/pp1nk1pp/4pp2/3pP2Q/3n1N2/3B4/PP1N1PPP/R1B1K2R w KQ -,2000-2199,2,339,e5f6,0.525,e5f6,0.95975,True,e5f6,e5f6,True,True,True,True,True,0.95975,0.95975,0.0008812450165488244,0.0008812450165488244,0.0,0.0
r1bq1rk1/1p1n1pbp/p2p1np1/2pP4/P7/2N2NP1/1P2PPBP/R1BQ1RK1 w - -,2000-2199,4,200,c1f4,0.5822784810126582,e2e4,0.3005,False,f3d2,c1f4,False,False,True,False,False,0.20945,0.2159,0.07496243959520227,0.07025021843507455,0.004153481012658222,0.0
r1bq1rk1/1p2bpp1/p1n1pn1p/3p4/3P3B/2NBPN2/PP3PPP/R2Q1RK1 w - -,2000-2199,2,86,a1c1,0.6271186440677966,a1c1,0.9555,True,a1c1,a1c1,True,True,True,True,True,0.9555,0.9555,0.0018806654249696629,0.0018806654249696629,0.0,0.0
r1bq1rk1/1p2bppp/p1n1pn2/6B1/2BP4/2N2N2/PP3PPP/R2Q1RK1 w - -,2000-2199,4,95,a2a3,0.5535714285714286,a2a3,0.64175,False,a2a4,a2a4,True,False,False,False,False,0.25305,0.25305,0.10186852092297527,0.10186852092297527,0.07738095238095244,0.07738095238095244
r1bq1rk1/1p2bppp/p1n1pn2/6B1/2BP4/2N2N2/PP3PPP/R2QR1K1 w - -,2000-2199,3,47,a2a4,0.8333333333333334,a2a4,0.98945,True,a2a4,a1c1,False,True,False,True,False,0.98945,0.0065,0.0005572669285195404,0.37735338548489633,0.0,0.4102564102564103
r1bq1rk1/1p2bppp/p1n1pn2/8/2BP4/P1N2N2/1P3PPP/R1BQ1RK1 w - -,2000-2199,5,62,h2h3,0.7,h2h3,0.659,False,b2b4,f1e1,False,False,False,False,False,0.20025,0.0206,0.14289718739667678,0.32964877531999615,0.12857142857142856,0.3363636363636363
r1bq1rk1/1p2ppbp/p2p1np1/8/2BBP3/2N2P2/PPPQ2PP/2KR3R b - -,2000-2199,2,106,b7b5,0.36666666666666664,b7b5,0.5482,False,b7b5,c8e6,False,True,False,True,False,0.5482,0.4518,0.04203302953556862,0.052174696154767435,0.0,0.02291666666666664
r1bq1rk1/1p3ppp/p1np1b2/3Np3/4P3/N7/PPP2PPP/R2QKB1R w KQ -,2000-2199,5,243,f1e2,0.5357142857142857,f1e2,0.30755,False,a3c4,a3c4,True,False,False,False,False,0.2435,0.2435,0.07682626473467852,0.07682626473467852,0.005102040816326481,0.005102040816326481
r1bq1rk1/1pp1bppp/p1p1n3/4N3/3P4/2P5/PP3PPP/RNBQR1K1 w - -,2000-2199,2,160,c1e3,0.5,c1e3,0.6757,False,c1e3,c1e3,True,True,True,True,True,0.6757,0.6757,0.026477952221592858,0.026477952221592858,0.0,0.0
r1bq1rk1/1pp1npbp/3p1np1/3Pp3/1BP1P3/2N2N2/P3BPPP/R2Q1RK1 b - -,2000-2199,4,319,b7b6,0.4660493827160494,f6e8,0.43505,False,b7b6,b7b6,True,True,True,False,False,0.37355,0.37355,0.04481680143600505,0.04481680143600505,0.0,0.0
r1bq1rk1/1pp1npp1/1b1p1n1p/pP2p3/P1B1P3/2PP1N1P/5PP1/RNBQ1RK1 w - -,2000-2199,2,30,c1e3,0.425,c1e3,0.6538,False,f1e1,f1e1,True,False,False,False,False,0.3462,0.3462,0.10041670685618746,0.10041670685618746,0.07500000000000001,0.07500000000000001
r1bq1rk1/1pp2pb1/3p1npp/p1nPp1B1/2P1P3/2N2N2/PPQ1BPPP/R4RK1 w - -,2000-2199,2,221,g5e3,0.5654761904761905,g5e3,0.55195,False,g5e3,g5e3,True,True,True,True,True,0.55195,0.55195,0.024980906457247452,0.024980906457247452,0.0,0.0
r1bq1rk1/2p1bppp/p1P2n2/1p6/8/1BP2p2/PP1P1PPP/RNBQR1K1 w - -,2000-2199,2,193,d2d4,0.5909090909090909,d2d4,0.9984,True,d2d4,d2d4,True,True,True,True,True,0.9984,0.9984,5.183384964068338e-05,5.183384964068338e-05,0.0,0.0
r1bq1rk1/2p1bppp/p1n5/1p1n4/3p4/1BP2N2/PP3PPP/RNBQR1K1 w - -,2000-2199,2,268,c3d4,0.4927536231884058,c3d4,0.76595,False,c3d4,c3d4,True,True,True,True,True,0.76595,0.76595,0.009252647222943094,0.009252647222943094,0.0,0.0
r1bq1rk1/2p1bppp/p7/1p1nR3/8/1B5P/PPPP1PP1/RNBQ2K1 b - -,2000-2199,3,154,d5f6,0.6153846153846154,d5f6,0.7285,False,d5f6,d5f6,True,True,True,True,True,0.7285,0.7285,0.02047636503171904,0.02047636503171904,0.0,0.0
r1bq1rk1/2p1bppp/p7/1p1nR3/8/1BP5/PP1P1PPP/RNBQ2K1 b - -,2000-2199,2,1690,d5f6,0.6089743589743589,d5f6,0.9754,True,c7c6,c7c6,True,False,False,False,False,0.0246,0.0246,0.0545224592543402,0.0545224592543402,0.05474358974358973,0.05474358974358973
r1bq1rk1/2p2pp1/pbnp1n1p/1p2p3/3PP3/1BP2N1P/PP3PP1/RNBQR1K1 w - -,2000-2199,3,88,a2a4,0.5,a2a4,0.74535,False,a2a4,c1e3,False,True,False,True,False,0.74535,0.21165,0.016711012700300752,0.1015247488987466,0.0,0.0892857142857143
r1bq1rk1/2pnbppp/p2p1n2/1p2p3/3PP3/1BP2N1P/PP3PP1/RNBQR1K1 w - -,2000-2199,3,763,c1g5,0.5444444444444444,c1g5,0.5084,False,b1d2,b1d2,True,False,False,False,False,0.4865,0.4865,0.02850931394348421,0.02850931394348421,0.001790416008425444,0.001790416008425444
r1bq1rk1/3nbppp/2n1p3/ppppP3/8/3P1NP1/PPP2PBP/R1BQRNK1 w - a6,2000-2199,2,214,h2h4,0.6016483516483516,h2h4,0.9977,True,h2h4,h2h4,True,True,True,True,True,0.9977,0.9977,5.5722493162844674e-05,5.5722493162844674e-05,0.0,0.0
r1bq1rk1/3nbppp/p1p1pn2/1p4B1/3P4/2NBPN2/PP3PPP/R2Q1RK1 w - -,2000-2199,4,106,d1e2,0.6428571428571429,d1e2,0.43095,False,e3e4,e3e4,True,False,False,False,False,0.3159,0.3159,0.08489071060350313,0.08489071060350313,0.02285714285714291,0.02285714285714291
r1bq1rk1/3nbppp/p3pn2/1p1p2B1/3P4/2NBPN2/PP3PPP/2RQ1RK1 w - b6,2000-2199,2,37,a2a3,0.6111111111111112,a2a3,0.65295,False,d3b1,d3b1,True,False,False,False,False,0.34705,0.34705,0.08415476260082734,0.08415476260082734,0.05847953216374269,0.05847953216374269
r1bq1rk1/4bppp/p2p1n2/npp1p3/4P3/2P2N1P/PPBP1PP1/RNBQR1K1 w - -,2000-2199,2,150,d2d3,0.6538461538461539,d2d3,0.87615,True,d2d4,d2d4,True,False,False,False,False,0.12385,0.12385,0.15386634971094398,0.15386634971094398,0.16114542391914655,0.16114542391914655
r1bq1rk1/4bppp/p2p1n2/npp1p3/4P3/2P2N1P/PPBP1PP1/RNBQR1K1 w - c6,2000-2199,2,1865,d2d3,0.5412621359223301,d2d3,0.5574,False,d2d4,d2d4,True,False,False,False,False,0.4426,0.4426,0.016393307675325625,0.016393307675325625,0.005095770642040698,0.005095770642040698
r1bq1rk1/4bppp/p2p1n2/npp1p3/4P3/2PP1N1P/PPB2PP1/RNBQ1RK1 w - c6,2000-2199,7,393,f3h2,0.6666666666666666,f3h2,0.4998,False,f1e1,b1d2,False,False,False,False,False,0.0016,0.06395,0.21229853441897875,0.12371008698865157,0.17536231884057968,0.08602150537634401
r1bq1rk1/4bppp/p2p1n2/npp1p3/4P3/2PP1N2/PPB2PPP/RNBQR1K1 w - c6,2000-2199,3,399,h2h3,0.6046511627906976,h2h3,0.83385,True,b1d2,a2a4,False,False,False,False,False,0.09945,0.0667,0.09578078714978035,0.18595970977861592,0.091337553323242,0.18798449612403095
r1bq1rk1/p1p2ppp/5n2/3p4/8/2PB4/P1P2PPP/R1BQ1RK1 w - -,2000-2199,2,64,h2h3,0.5416666666666666,h2h3,0.71575,False,h2h3,h2h3,True,True,True,True,True,0.71575,0.71575,0.0232164937980951,0.0232164937980951,0.0,0.0
r1bq1rk1/p2nbpp1/2p1pn1p/1p6/2BP3B/2N1PN2/PP3PPP/R2Q1RK1 w - b6,2000-2199,2,156,c4d3,0.5555555555555556,c4d3,0.62815,False,c4d3,c4d3,True,True,True,True,True,0.62815,0.62815,0.019996611045622326,0.019996611045622326,0.0,0.0
r1bq1rk1/p2nppbp/2p3p1/3pP3/5P2/2N1B3/PPP1B1PP/R2Q1RK1 b - f3,2000-2199,2,178,e7e6,0.5119047619047619,e7e6,0.74895,False,f7f6,e7e6,False,False,True,False,True,0.25105,0.74895,0.11818905745783591,0.021697467289392237,0.11190476190476184,0.0
r1bq1rk1/p3bppp/4pn2/3p2B1/8/2NB4/PPP2PPP/R2Q1RK1 w - -,2000-2199,2,24,d1f3,0.5,d1f3,0.70045,False,f1e1,f1e1,True,False,False,False,False,0.29955,0.29955,0.13144228333094407,0.13144228333094407,0.10714285714285715,0.10714285714285715
r1bq1rk1/p3ppbp/1pn3p1/2p5/2BPP3/2P1B3/P3NPPP/R2Q1RK1 w - -,2000-2199,5,123,d4c5,0.5535714285714286,d4c5,0.3046,False,c4d5,a1c1,False,False,False,False,False,0.2902,0.17435,0.0997863699295801,0.10707457264623285,0.017857142857142905,0.027930402930402942
r1bq1rk1/p3ppbp/2p2np1/3p4/4P3/2N1BP2/PPPQ2PP/2KR1B1R w - -,2000-2199,4,667,e3h6,0.5733333333333334,e3h6,0.9258,True,f1c4,f1c4,True,False,False,False,False,0.05185,0.05185,0.18602615417354582,0.18602615417354582,0.19238095238095243,0.19238095238095243
r1bq1rk1/p3ppbp/2p3p1/3n4/8/2N1B3/PPP1BPPP/R2Q1RK1 w - -,2000-2199,2,182,e3d4,0.49137931034482757,e3d4,0.90835,True,e3d4,c3d5,False,True,False,True,False,0.90835,0.09165,0.0030772430362881933,0.09856465459371956,0.0,0.09621802002224694
r1bq1rk1/p3ppbp/2p3p1/3n4/8/2N1B3/PPPQBPPP/R3K2R w KQ -,2000-2199,2,91,c3d5,0.44375,c3d5,0.7889,False,e3d4,c3d5,False,False,True,False,True,0.2111,0.7889,0.12146108084085286,0.017068095732085054,0.1255681818181818,0.0
r1bq1rk1/p3ppbp/2p3p1/3n4/8/2N1BP2/PPPQ2PP/R3KB1R w KQ -,2000-2199,2,395,e3d4,0.4576271186440678,e3d4,0.9485,True,e3d4,c3d5,False,True,False,True,False,0.9485,0.0515,0.001084856740913321,0.08482538466774757,0.0,0.08398090925778623
r1bq1rk1/p3ppbp/5np1/3p4/8/2N1BP2/PPPQ2PP/R3KB1R w KQ -,2000-2199,3,113,e3h6,0.4,e3h6,0.5716,False,e1c1,e1c1,True,False,False,False,False,0.29195,0.29195,0.07612281946740934,0.07612281946740934,0.0329113924050633,0.0329113924050633
r1bq1rk1/p4pbp/2p1pnp1/3p4/3P4/2N3P1/PP2PPBP/R1BQ1RK1 w - -,2000-2199,4,168,c1g5,0.7,c1g5,0.7146,False,c1f4,c1f4,True,False,False,False,False,0.1914,0.1914,0.11368390445207253,0.11368390445207253,0.10540540540540533,0.10540540540540533
r1bq1rk1/p4ppp/2p2n2/3p2B1/1b6/2NB4/PPP2PPP/R2Q1RK1 w - -,2000-2199,4,1125,h2h3,0.5339805825242718,h2h3,0.47915,False,h2h3,d1f3,False,True,False,True,False,0.47915,0.0796,0.025643839441086853,0.05803790708003974,0.0,0.0326885928601891
r1bq1rk1/p4ppp/2p2n2/3p4/1b6/2NB3P/PPP2PP1/R1BQ1RK1 w - -,2000-2199,2,284,c1g5,0.7058823529411765,c1g5,0.9967,True,d1f3,d1f3,True,False,False,False,False,0.0033,0.0033,0.2258803773415876,0.2258803773415876,0.23588235294117654,0.23588235294117654
r1bq1rk1/pp1nbpp1/2p1p2p/3n4/2BP3B/2N1PN2/PP3PPP/R2Q1RK1 w - -,2000-2199,2,78,h4g3,0.6515151515151515,h4g3,0.8451,True,h4g3,h4g3,True,True,True,True,True,0.8451,0.8451,0.008477410060765323,0.008477410060765323,0.0,0.0
r1bq1rk1/pp2bpp1/2n1pn1p/8/2BP3B/2N2N2/PP3PPP/R2Q1RK1 b - -,2000-2199,2,37,a7a6,0.6851851851851852,a7a6,0.8541,True,a7a6,a7a6,True,True,True,True,True,0.8541,0.8541,0.01187416125708223,0.01187416125708223,0.0,0.0
r1bq1rk1/pp2bpp1/2n2n1p/3p2B1/3N4/2N3P1/PP2PPBP/R2Q1RK1 w - -,2000-2199,3,268,g5f4,0.5189873417721519,g5f4,0.473,False,g5e3,g5e3,True,False,False,False,False,0.21635,0.21635,0.055454221157137704,0.055454221157137704,0.027117423072964886,0.027117423072964886
r1bq1rk1/pp2bppp/2n1pn2/6B1/2BP4/2N2N2/PP3PPP/R2Q1RK1 w - -,2000-2199,4,89,a1c1,0.6,a1c1,0.5936,False,f1e1,a2a3,False,False,False,False,False,0.1427,0.0211,0.1336339219060222,0.29364635740926903,0.09999999999999998,0.2785714285714285
r1bq1rk1/pp2bppp/2np1n2/4p1B1/2B1P3/2N2N2/PP2QPPP/R2R2K1 w - -,2000-2199,4,105,c3b5,0.5961538461538461,c3b5,0.5411,False,c3b5,a1c1,False,True,False,True,False,0.5411,0.00155,0.04100042094755062,0.3019538880835592,0.0,0.27357320099255583
r1bq1rk1/pp2bppp/2np1n2/4p3/2B1P3/2N2N1P/PP2QPP1/R1BR2K1 w - -,2000-2199,4,315,b2b4,0.5454545454545454,b2b4,0.74525,False,a2a3,c1e3,False,False,False,False,False,0.05945,0.1323,0.2011587722675261,0.11185962179503313,0.19545454545454544,0.09673659673659668
r1bq1rk1/pp2npbp/2n3p1/1B1p4/3P4/5N2/PP3PPP/RNBQR1K1 w - -,2000-2199,2,86,c1g5,0.53125,c1g5,0.995,True,c1g5,c1g5,True,True,True,True,True,0.995,0.995,0.00017245247957232754,0.00017245247957232754,0.0,0.0
r1bq1rk1/pp2pp1p/2n3p1/2pP4/4P3/5N2/P2QBPPP/1R2K2R b K -,2000-2199,3,174,c6a5,0.6,c6a5,0.99855,True,c6d4,c6d4,True,False,False,False,False,0.00145,0.00145,0.24312767063457114,0.24312767063457114,0.24912280701754386,0.24912280701754386
r1bq1rk1/pp2ppbp/1n1p2p1/3Pn3/2P5/1PN1B3/P4PPP/2RQKBNR w K -,2000-2199,2,277,h2h3,0.7222222222222222,h2h3,0.8138,True,f1e2,f1e2,True,False,False,False,False,0.1862,0.1862,0.10277549029801303,0.10277549029801303,0.10639210639210639,0.10639210639210639
r1bq1rk1/pp2ppbp/2n3p1/3n4/3N4/2N1BP2/PPPQ2PP/2KR1B1R w - -,2000-2199,2,553,d4c6,0.4221411192214112,d4c6,0.6158,False,d4c6,d4c6,True,True,True,True,True,0.6158,0.6158,0.012291718739979692,0.012291718739979692,0.0,0.0
r1bq1rk1/pp2ppbp/2n3p1/8/2BPP3/4B3/P3NPPP/R2Q1RK1 b - -,2000-2199,7,240,e7e6,0.62,e7e6,0.65625,False,c6a5,c6a5,True,False,False,False,False,0.00695,0.00695,0.21777259956307612,0.21777259956307612,0.198125,0.198125
r1bq1rk1/pp2ppbp/2n3p1/8/2BPP3/4B3/P3NPPP/R2QK2R w KQ -,2000-2199,2,187,a1c1,0.6153846153846154,a1c1,0.7988,False,e1g1,e1g1,True,False,False,False,False,0.2012,0.2012,0.12447264919343831,0.12447264919343831,0.12113174182139702,0.12113174182139702
r1bq1rk1/pp2ppbp/2n3p1/8/3PP3/4BN2/P3BPPP/R2Q1RK1 b - -,2000-2199,2,140,b7b6,0.47619047619047616,b7b6,0.6222,False,c8g4,c8g4,True,False,False,False,False,0.3778,0.3778,0.05844149483789213,0.05844149483789213,0.030812324929971935,0.030812324929971935
r1bq1rk1/pp2ppbp/3p1np1/8/3NP3/1nN1BP2/PPPQ2PP/R3K2R w KQ -,2000-2199,3,109,a2b3,0.5967741935483871,a2b3,0.67185,False,a2b3,a2b3,True,True,True,True,True,0.67185,0.67185,0.0206334889433929,0.0206334889433929,0.0,0.0
r1bq1rk1/pp2ppbp/6p1/n1p5/2BPP3/2P1B3/P3NPPP/R2Q1RK1 w - -,2000-2199,2,229,c4d3,0.5458715596330275,c4d3,0.96345,True,c4d3,c4d3,True,True,True,True,True,0.96345,0.96345,0.0020499666817768826,0.0020499666817768826,0.0,0.0
r1bq1rk1/pp3pbp/2n1p1p1/3n4/3P4/2N2NP1/PP3PBP/R1BQ1RK1 w - -,2000-2199,3,94,c1g5,0.5394736842105263,c1g5,0.834,True,f1e1,f1e1,True,False,False,False,False,0.13085,0.13085,0.14539774264527652,0.14539774264527652,0.14473684210526316,0.14473684210526316
r1bq1rk1/pp3ppp/2n1p3/2b5/4B3/2P2N2/PP3PPP/R1BQ1RK1 b - -,2000-2199,3,84,d8e7,0.43333333333333335,d8e7,0.585,False,d8c7,d8d1,False,False,False,False,False,0.23745,0.17755,0.10722772628611356,0.11341150133890548,0.0696969696969697,0.07163120567375886
r1bq1rk1/pp3ppp/2n2n2/2b3B1/3p4/2N2NP1/PP2PPBP/R2Q1RK1 w - -,2000-2199,3,189,c3a4,0.7333333333333333,c3a4,0.9365,True,g5f6,c3e4,False,False,False,False,False,0.06335,0.00015,0.19294304377184482,0.34424845675518423,0.21007751937984487,0.36401515151515146
r1bq1rk1/pp3ppp/2n2n2/3p4/8/P1NB4/1PP2PPP/R1BQ1RK1 b - -,2000-2199,3,200,c8g4,0.4838709677419355,c8g4,0.58195,False,d5d4,c8g4,False,False,True,False,True,0.3076,0.58195,0.05644883634631584,0.027288048459373448,0.029704301075268835,0.0
r1bq1rk1/ppp1n1bp/3p2p1/3Ppp1n/1PP1P3/2N2N2/P3BPPP/R1BQR1K1 w - f6,2000-2199,4,170,c4c5,0.7272727272727273,c4c5,0.64655,False,e2f1,c4c5,False,False,True,False,True,0.1904,0.64655,0.15920517382618096,0.03841068982424055,0.13636363636363635,0.0
r1bq1rk1/ppp2ppp/2n5/1B1pP3/1b1P4/5N2/PP1N1PPP/R2QK2R w KQ -,2000-2199,2,83,e1g1,0.6,e1g1,0.82235,True,b5c6,e1g1,False,False,True,False,True,0.17765,0.82235,0.10759614865980316,0.010206768717848945,0.09999999999999998,0.0
r1bq1rk1/ppp2ppp/2n5/3n4/2BP4/2P2N2/P4PPP/R1BQ1RK1 w - -,2000-2199,4,60,d1c2,0.7647058823529411,d1c2,0.777,False,d1d3,c1d2,False,False,False,False,False,0.0117,0.10065,0.3350118164658489,0.1962450821413267,0.34803921568627444,0.19327731092436973
r1bq1rk1/ppp2ppp/2n5/3n4/2BP4/5N2/PP1N1PPP/R2Q1RK1 w - -,2000-2199,8,249,a1c1,0.527027027027027,a1c1,0.5231,False,d2b3,a1c1,False,False,True,False,True,0.27475,0.5231,0.1055846264711684,0.04125487104703904,0.06869369369369366,0.0
r1bq1rk1/ppp2ppp/2n5/3p4/3Pn3/2PB1N2/P4PPP/R1BQ1RK1 w - -,2000-2199,2,73,d1c2,0.5161290322580645,d1c2,0.7547,False,d1c2,d1c2,True,True,True,True,True,0.7547,0.7547,0.02058762885174251,0.02058762885174251,0.0,0.0
r1bq1rk1/pppnn1bp/3p2p1/3Ppp2/2P1P3/2N1BP2/PP2B1PP/R2QNRK1 b - -,2000-2199,2,915,f5f4,0.472520908004779,f5f4,0.98415,True,f5f4,f5f4,True,True,True,True,True,0.98415,0.98415,0.00033237629328746767,0.00033237629328746767,0.0,0.0
r1bq1rk1/pppnn1bp/3p2p1/3Ppp2/2P1P3/2N2P2/PP2B1PP/R1BQNRK1 w - f6,2000-2199,2,253,c1e3,0.5220588235294118,c1e3,0.61225,False,c1e3,c1e3,True,True,True,True,True,0.61225,0.61225,0.016563704162224142,0.016563704162224142,0.0,0.0
r1bq1rk1/pppnn1bp/3p2p1/3Ppp2/2P1P3/2NN4/PP2BPPP/R1BQ1RK1 w - f6,2000-2199,3,587,c1d2,0.5687285223367697,c1d2,0.8147,True,c1d2,f2f3,False,True,False,True,False,0.8147,0.17935,0.004125165916643734,0.041068600311683634,0.0,0.03747852233676974
r1bq3r/ppp2kpp/8/3p4/1n1Pn3/1Q3N2/PP3PPP/RN2K2R w KQ d6,2000-2199,2,143,b3b4,0.5867346938775511,b3b4,0.6957,False,f3e5,f3e5,True,False,False,False,False,0.3043,0.3043,0.057106297249305195,0.057106297249305195,0.042290249433106664,0.042290249433106664
r1bqk2r/1p3ppp/p1np4/3Np1b1/4P3/N7/PPP2PPP/R2QKB1R w KQkq -,2000-2199,4,84,a3c4|h2h4,0.75,a3c4,0.48715,False,h2h4,a3c4,False,True,True,False,True,0.4842,0.48715,0.06465223192727522,0.0612818795980073,0.0,0.0
r1bqk2r/4np1p/p2p1p2/1p2p3/4P3/N7/PPP2PPP/R2QKB1R w KQkq -,2000-2199,6,189,f1e2,0.5909090909090909,f1e2,0.5108,False,c2c4,c2c4,True,False,False,False,False,0.05005,0.05005,0.15432155084166282,0.15432155084166282,0.11264822134387353,0.11264822134387353
r1bqk2r/5pbp/p1np1p2/1p1Np3/4P3/N7/PPP2PPP/R2QKB1R w KQkq -,2000-2199,4,840,f1d3,0.531578947368421,f1d3,0.4059,False,f1d3,c2c3,False,True,False,True,False,0.4059,0.0717,0.025973931840076535,0.05871404597085963,0.0,0.03292665626329977
r1bqk2r/5ppp/p1np1b2/1p1Np3/4P3/N7/PPP2PPP/R2QKB1R w KQkq -,2000-2199,2,3827,c2c4,0.533585619678335,c2c4,0.9943,True,c2c4,c2c3,False,True,False,True,False,0.9943,0.0057,3.358738100074059e-05,0.04413298679521134,0.0,0.04423543917291978
r1bqk2r/p3bpp1/2p4p/n2np3/4N3/3B4/PPPP1PPP/RNBQ1RK1 w kq -,2000-2199,3,75,e4g3,0.6666666666666666,e4g3,0.8399,True,e4g3,e4g3,True,True,True,True,True,0.8399,0.8399,0.012916937031441674,0.012916937031441674,0.0,0.0
r1bqk2r/p4pp1/2p2n1p/n1b1N3/4p3/8/PPPPBPPP/RNBQK2R w KQkq -,2000-2199,4,151,f2f4,0.45,f2f4,0.51115,False,e1g1,e1g1,True,False,False,False,False,0.0593,0.0593,0.16637994905276746,0.16637994905276746,0.1074074074074074,0.1074074074074074
r1bqk2r/p4pp1/2pb1n1p/n3N3/4p3/8/PPPPBPPP/RNBQK2R w KQkq -,2000-2199,3,306,d2d4,0.4879518072289157,d2d4,0.67565,False,d2d4,d2d4,True,True,True,True,True,0.67565,0.67565,0.018346690563914178,0.018346690563914178,0.0,0.0
r1bqk2r/pp1n1ppp/4p3/3pP3/3Q1P2/2N5/PPP3PP/R3KB1R b KQkq -,2000-2199,2,195,d8b6,0.4124293785310734,d8b6,0.82795,True,d8b6,d8b6,True,True,True,True,True,0.82795,0.82795,0.010131792171240134,0.010131792171240134,0.0,0.0
r1bqk2r/pp4pp/2nbpn2/3p4/3P4/3B1N2/PP1N1PPP/R1BQ1RK1 w kq -,2000-2199,4,176,f1e1,0.6652173913043479,f1e1,0.4632,False,d2b3,f1e1,False,False,True,False,True,0.0134,0.4632,0.22030011522385567,0.04187320027842952,0.18134642356241237,0.0
r1bqk2r/pp4pp/2nbpn2/3p4/3P4/3B1N2/PP2NPPP/R1BQK2R w KQkq -,2000-2199,2,663,c1f4,0.5,c1f4,0.6126,False,e1g1,e1g1,True,False,False,False,False,0.3874,0.3874,0.02779915261114425,0.02779915261114425,0.014492753623188415,0.014492753623188415
r1bqk2r/pp4pp/2nbpn2/3p4/3P4/3B4/PP1NNPPP/R1BQ1RK1 w kq -,2000-2199,2,921,d2f3,0.5109070034443168,d2f3,0.8761,True,d2f3,d2f3,True,True,True,True,True,0.8761,0.8761,0.004221592904230312,0.004221592904230312,0.0,0.0
r1bqk2r/ppp2ppp/8/8/1QpPn3/5N2/PP3PPP/RN2K2R w KQkq -,2000-2199,2,22,e1g1,0.375,e1g1,0.54785,False,e1g1,e1g1,True,True,True,True,True,0.54785,0.54785,0.060534111071761744,0.060534111071761744,0.0,0.0
r1bqkb1r/4nppp/p2p4/1p1Pp3/8/N3B3/PPP2PPP/R2QKB1R w KQkq -,2000-2199,2,121,f1e2,0.4642857142857143,f1e2,0.51335,False,c2c4,c2c4,True,False,False,False,False,0.48665,0.48665,0.052870514174925214,0.052870514174925214,0.0016688918558077637,0.0016688918558077637
r1bqkb1r/5p1p/p1np4/1p1Npp2/4P3/N7/PPP2PPP/R2QKB1R w KQkq -,2000-2199,5,1306,c2c3,0.6071428571428571,c2c3,0.7075,False,f1d3,f1b5,False,False,False,False,False,0.03245,0.2421,0.06071834585883189,0.03912361707478409,0.05298855447223394,0.030672268907563027
r1bqkb1r/5ppp/p1np1n2/1p1Np3/4P3/N7/PPPB1PPP/R2QKB1R w KQkq -,2000-2199,3,161,d5f6,0.5666666666666667,d5f6,0.5766,False,f1d3,f1d3,True,False,False,False,False,0.3046,0.3046,0.10060420029366093,0.10060420029366093,0.06666666666666665,0.06666666666666665
r1bqkb1r/p2n1p2/2p1pn2/1p2P1B1/2pP4/2N5/PP3PPP/R2QKB1R w KQkq -,2000-2199,3,626,d1f3,0.5666666666666667,d1f3,0.82795,True,d1f3,g2g3,False,True,False,True,False,0.82795,0.08705,0.007015820860604136,0.09433333954854675,0.0,0.08888888888888885
r1bqnrk1/ppp1n1bp/3p2p1/2PPpp2/1P2P3/2N2N2/P3BPPP/R1BQ1RK1 w - f6,2000-2199,5,213,a2a4,0.625,a2a4,0.37995,False,f3g5,f3d2,False,False,False,False,False,0.1614,0.06755,0.10594456947418766,0.1328128349029629,0.03472222222222221,0.0625
r1bqnrk1/ppp1n1bp/3p2p1/3Ppp2/1PP1P3/2N5/P2NBPPP/R1BQ1RK1 w - f6,2000-2199,3,189,a2a4,0.7659574468085106,a2a4,0.9688,True,c4c5,c4c5,True,False,False,False,False,0.0312,0.0312,0.15023332689881883,0.15023332689881883,0.15620134924753504,0.15620134924753504
r1bqnrk1/ppp1n1bp/3p2p1/3Ppp2/2P1P3/2N1BP2/PP2B1PP/R2QNRK1 b - -,2000-2199,2,734,f5f4,0.507496251874063,f5f4,0.9678,True,e8f6,f5f4,False,False,True,False,True,0.0322,0.9678,0.11077013487840677,0.0008170035600860242,0.11197386381436153,0.0
r1bqnrk1/ppp1n1bp/3p2p1/3Ppp2/2P1P3/2NN4/PP2BPPP/R1BQ1RK1 w - f6,2000-2199,3,426,f2f3,0.5870646766169154,f2f3,0.49955,False,f2f4,f2f3,False,False,True,False,True,0.1998,0.49955,0.09126323196966435,0.022734494901603213,0.06623134328358204,0.0
r1bqr1k1/2p1bpp1/p1np1n1p/1p2p3/3PP3/1BP2N1P/PP3PP1/RNBQR1K1 w - -,2000-2199,2,114,b1d2,0.6030927835051546,b1d2,0.901,True,b1d2,b1d2,True,True,True,True,True,0.901,0.901,0.005466402923573126,0.005466402923573126,0.0,0.0
r1bqr1k1/pp1n1pp1/2pb1n1p/3p4/3P3B/2NBP3/PPQ1NPPP/R3K2R w KQ -,2000-2199,4,162,e1g1,0.5384615384615384,e1g1,0.60445,False,h2h3,e1g1,False,False,True,False,True,0.15,0.60445,0.11158238738937848,0.024064564604956085,0.09018567639257291,0.0
r1bqr1k1/pp1n1pp1/2pb1n1p/3p4/3P3B/2NBPN2/PPQ2PPP/R3K2R w KQ -,2000-2199,2,277,e1c1,0.6226415094339622,e1c1,0.80595,True,e1g1,e1g1,True,False,False,False,False,0.19405,0.19405,0.06983112700254526,0.06983112700254526,0.06460579514824794,0.06460579514824794
r1bqr1k1/pp1nbpp1/2p2n1p/3p2B1/3P4/2NBPN2/PPQ2PPP/R4RK1 w - -,2000-2199,2,120,g5f4,0.7647058823529411,g5f4,0.99265,True,g5h4,g5f4,False,False,True,False,True,0.00735,0.99265,0.21931090371607512,0.000213467020682739,0.22982216142270862,0.0
r1bqr1k1/pp1nbpp1/2p2n1p/3p4/3P3B/2NBP3/PP2NPPP/R2Q1RK1 w - -,2000-2199,3,85,d1c2,0.6395348837209303,d1c2,0.71515,False,f2f3,d1c2,False,False,True,False,True,0.22665,0.71515,0.09363251707066378,0.018457909109937554,0.07703488372093026,0.0
r1bqr1k1/pp1nbpp1/2p2n1p/3p4/3P3B/2NBP3/PPQ1NPPP/R3K2R w KQ -,2000-2199,3,502,e1g1,0.5786082474226805,e1g1,0.7089,False,e1g1,e1g1,True,True,True,True,True,0.7089,0.7089,0.010434758963962499,0.010434758963962499,0.0,0.0
r1bqr1k1/pp1nbpp1/2p2n1p/3p4/3P3B/2NBPN2/PP3PPP/R2Q1RK1 w - -,2000-2199,7,223,a1b1,0.6707317073170732,a1b1,0.5026,False,a1b1,d1c2,False,True,False,True,False,0.5026,0.01395,0.039386759684795686,0.17134547935833422,0.0,0.13694792353328944
r1bqr1k1/pp1nbpp1/2p2n1p/3p4/3P3B/2NBPN2/PPQ2PPP/R3K2R w KQ -,2000-2199,2,647,e1g1,0.621317157712305,e1g1,0.83505,True,e1g1,e1g1,True,True,True,True,True,0.83505,0.83505,0.004986429805426353,0.004986429805426353,0.0,0.0
r1bqr1k1/pp1nbppp/2p1p3/8/2PPQ3/5NP1/PP3PBP/R1B2RK1 b - -,2000-2199,2,172,e7f6,0.4117647058823529,e7f6,0.6967,False,e7f6,e7f6,True,True,True,True,True,0.6967,0.6967,0.019948599454619083,0.019948599454619083,0.0,0.0
r1bqr1k1/ppp2pbp/3p1np1/2n5/2PNP3/2N3PP/PP3PB1/R1BQ1RK1 w - -,2000-2199,2,123,f1e1,0.5045045045045045,f1e1,0.62315,False,f1e1,f1e1,True,True,True,True,True,0.62315,0.62315,0.03507700584664347,0.03507700584664347,0.0,0.0
r1bqrnk1/pp2bppp/2p2n2/3p2B1/3P4/2NBP3/PPQ1NPPP/R4RK1 w - -,2000-2199,6,496,a1d1,0.5846153846153846,a1d1,0.3698,False,a1b1,f2f3,False,False,False,False,False,0.23515,0.02835,0.06528441532233355,0.10364682447164549,0.01968031968031969,0.05841451125293928
r1bqrnk1/pp2bppp/2p2n2/3p2B1/3P4/2NBPN2/PP3PPP/2RQ1RK1 w - -,2000-2199,5,98,f3e5,0.5875,a2a3,0.339,False,d1c2,h2h3,False,False,False,False,False,0.01675,0.29325,0.3319987573540406,0.09720931168950869,0.28750000000000003,0.02083333333333337
r1bqrnk1/pp2bppp/2p2n2/3p2B1/3P4/2NBPN2/PPQ2PPP/R4RK1 w - -,2000-2199,5,736,a1b1,0.5801630434782609,a1b1,0.3481,False,a2a3,h2h3,False,False,False,False,False,0.01515,0.12515,0.17272839986307068,0.056124133368571236,0.1477306110458284,0.02864789196310935
r1br2k1/ppp2pbp/5np1/4p1B1/2P5/2N3P1/PP2PPBP/R4RK1 b - -,2000-2199,5,148,h7h6,0.5,h7h6,0.3878,False,d8e8,d8d7,False,False,False,False,False,0.23245,0.1697,0.09095259156814572,0.1462430399803055,0.03125,0.09999999999999998
r1q2rk1/pp2bppp/2n1pn2/3p4/3P1Bb1/1QPB1N2/PP1N1PPP/R4RK1 w - -,2000-2199,4,251,a1e1,0.5202702702702703,a1e1,0.4337,False,f1e1,a1e1,False,False,True,False,True,0.2589,0.4337,0.054497562911869295,0.03508773897037341,0.020270270270270285,0.0
r2q1rk1/1b1nppbp/pp1p1np1/2p5/P2P1B2/2P1PN1P/1P1NBPP1/R2Q1RK1 w - -,2000-2199,6,231,d2c4,0.6590909090909091,d2c4,0.7087,False,f1e1,f1e1,True,False,False,False,False,0.00315,0.00315,0.248649920946177,0.248649920946177,0.24072356215213353,0.24072356215213353
r2q1rk1/1bp1bpp1/p1np1n1p/1p2p3/3PP3/1BP2N1P/PP3PP1/RNBQR1K1 w - -,2000-2199,2,87,a2a4,0.7083333333333334,a2a4,0.6777,False,b1d2,b1d2,True,False,False,False,False,0.3223,0.3223,0.08310630598328965,0.08310630598328965,0.07500000000000007,0.07500000000000007
r2q1rk1/1bpnbppp/p3pn2/1p4B1/3P4/1BN1PN2/PP3PPP/R2Q1RK1 w - -,2000-2199,2,37,d1e2,0.4772727272727273,d1e2,0.9602,True,d1e2,d1e2,True,True,True,True,True,0.9602,0.9602,0.002118640792058411,0.002118640792058411,0.0,0.0
r2q1rk1/1bpnbppp/p3pn2/1p4B1/3P4/2NBPN2/PP3PPP/2RQ1RK1 w - -,2000-2199,3,47,d3b1,0.625,d3b1,0.93835,True,a2a3,d1e2,False,False,False,False,False,0.031,0.03065,0.26503336155455914,0.3032860424411899,0.28289473684210525,0.3333333333333333
r2q1rk1/1bpnbppp/p3pn2/1p4B1/3P4/2NBPN2/PP3PPP/R2Q1RK1 w - -,2000-2199,4,122,a2a3,0.5909090909090909,a2a3,0.6263,False,e3e4,d1e2,False,False,False,False,False,0.2585,0.09015,0.11884442928920384,0.16753859622147196,0.09090909090909094,0.14090909090909093
r2q1rk1/1p1bppbp/p1np1np1/8/2PNP3/2N1B2P/PP2BPP1/R2Q1RK1 w - -,2000-2199,3,83,f2f4,0.7,f2f4,0.6937,False,d1d2,d1d2,True,False,False,False,False,0.27125,0.27125,0.09992186457478368,0.09992186457478368,0.09473684210526312,0.09473684210526312
r2q1rk1/1p1bppbp/p1np1np1/8/2PNP3/2N1B3/PP1QBPPP/R4RK1 w - -,2000-2199,3,112,f2f3,0.5074626865671642,f2f3,0.777,False,f2f3,f2f3,True,True,True,True,True,0.777,0.777,0.012732823082647934,0.012732823082647934,0.0,0.0
r2q1rk1/1p1bppbp/p1np1np1/8/2PNP3/2N1B3/PP2BPPP/2RQ1RK1 w - -,2000-2199,7,280,h2h3,0.6842105263157895,h2h3,0.57265,False,f2f3,g1h1,False,False,False,False,False,0.04805,0.2636,0.14423654053559712,0.10440786601749692,0.1201079622132254,0.07309941520467833
r2q1rk1/1p1bppbp/p1np1np1/8/2PNP3/2N1BP2/PP1QB1PP/R3K2R w KQ -,2000-2199,2,184,a1c1,0.6388888888888888,a1c1,0.72265,False,e1g1,e1g1,True,False,False,False,False,0.27735,0.27735,0.0827465906353488,0.0827465906353488,0.07262382864792494,0.07262382864792494
r2q1rk1/1p1bppbp/p1np1np1/8/2PNP3/2N1BP2/PP2B1PP/R2Q1RK1 w - -,2000-2199,5,387,d1d2,0.5789473684210527,d1d2,0.26595,False,d1d2,d1d2,True,True,True,True,True,0.26595,0.26595,0.061381201956370264,0.061381201956370264,0.0,0.0
r2q1rk1/1p1nbppp/p2pbn2/4p3/4P3/1NN1BP2/PPP1B1PP/R2Q1RK1 w - -,2000-2199,5,109,a2a4,0.5833333333333334,a2a4,0.64375,False,a2a4,a2a4,True,True,True,True,True,0.64375,0.64375,0.03686731703295609,0.03686731703295609,0.0,0.0
r2q1rk1/1p1nbppp/p2pbn2/4p3/4P3/1NN1BP2/PPPQ2PP/2KR1B1R w - -,2000-2199,2,846,g2g4,0.48253275109170307,g2g4,0.5688,False,c1b1,g2g4,False,False,True,False,True,0.4312,0.5688,0.020864256339374804,0.013624640717846847,0.007689983796105582,0.0
r2q1rk1/1p1nbppp/p2pbn2/4p3/4P3/1NN1BP2/PPPQB1PP/R3K2R w KQ -,2000-2199,3,79,e1c1,0.39473684210526316,e1c1,0.5331,False,g2g4,g2g4,True,False,False,False,False,0.0485,0.0485,0.19044947844850357,0.19044947844850357,0.14473684210526316,0.14473684210526316
r2q1rk1/1p1nbppp/p2pbn2/4p3/P3P3/1NN1B3/1PP1BPPP/R2Q1RK1 w - -,2000-2199,4,104,a4a5,0.5333333333333333,a4a5,0.60025,False,a4a5,a4a5,True,True,True,True,True,0.60025,0.60025,0.030353588626598503,0.030353588626598503,0.0,0.0
r2q1rk1/1p2bppp/p1npbn2/4p3/P3P3/1NN1B3/1PP1BPPP/R2Q1RK1 w - -,2000-2199,4,59,a4a5,0.6071428571428571,a4a5,0.67515,False,a4a5,a4a5,True,True,True,True,True,0.67515,0.67515,0.033137473741724995,0.033137473741724995,0.0,0.0
r2q1rk1/2p1bppp/p1np1n2/1p2p2b/B3P3/2PP1N1P/PP1N1PP1/R1BQR1K1 w - b6,2000-2199,2,50,a4b3,0.6666666666666666,a4b3,0.53915,False,a4c2,a4c2,True,False,False,False,False,0.46085,0.46085,0.06119633233745133,0.06119633233745133,0.021929824561403466,0.021929824561403466
r2q1rk1/2p1bppp/p1np1n2/1p2p3/3PP3/1BP2b1P/PP3PP1/RNBQR1K1 w - -,2000-2199,2,50,g2f3,0.40384615384615385,g2f3,0.6969,False,g2f3,g2f3,True,True,True,True,True,0.6969,0.6969,0.02504294776965137,0.02504294776965137,0.0,0.0
r2q1rk1/2p1bppp/p1np1n2/1p6/3PP1b1/1B3N2/PP3PPP/RNBQR1K1 w - -,2000-2199,2,29,c1e3,0.6666666666666666,c1e3,0.96745,True,c1e3,c1e3,True,True,True,True,True,0.96745,0.96745,0.0021765847418224395,0.0021765847418224395,0.0,0.0
r2q1rk1/2p2ppp/p1n1b3/1pbpP3/4n3/1BP2N2/PP1N1PPP/R1BQ1RK1 w - -,2000-2199,3,143,d2e4,0.5,d2e4,0.47075,False,d1e2,b3c2,False,False,False,False,False,0.2247,0.30455,0.08967797550044575,0.05928206069750206,0.05357142857142855,0.019736842105263164
r2q1rk1/3nppbp/b2p1np1/2pP4/8/2N2NP1/PP2PPBP/1RBQK2R w K -,2000-2199,2,176,e1g1,0.5463576158940397,e1g1,0.8865,True,b2b3,e1g1,False,False,True,False,True,0.1135,0.8865,0.1268958480603292,0.00571758377535562,0.12635761589403977,0.0
r2q1rk1/3nppbp/b2p1np1/2pP4/8/2N2NP1/PP2PPBP/R1BQ1RK1 w - -,2000-2199,4,1023,a1b1,0.5925058548009368,a1b1,0.9519,True,d1c2,a1b1,False,False,True,False,True,0.0465,0.9519,0.07138169714370711,0.0008109237102746791,0.07076672436615417,0.0
r2q1rk1/4ppbp/n2p1np1/2pP4/4P3/2N2N2/PP3PPP/R1BQ1RK1 w - -,2000-2199,8,204,d1e2,0.62,d1e2,0.3602,False,c1g5,a2a4,False,False,False,False,False,0.0909,0.1634,0.16088720995821568,0.12904855495730505,0.09619047619047616,0.06117647058823528
r2q1rk1/p1pb1ppp/2p5/2bpP3/3Nn3/2P5/PP3PPP/RNBQ1RK1 w - -,2000-2199,3,139,f2f3,0.5833333333333334,f2f3,0.8629,True,f2f3,f2f3,True,True,True,True,True,0.8629,0.8629,0.006291081520715919,0.006291081520715919,0.0,0.0
r2q1rk1/p1pb1ppp/2p5/2bpP3/3Nn3/4B3/PPP2PPP/RN1Q1RK1 w - -,2000-2199,2,350,f2f3,0.5618374558303887,f2f3,0.90905,True,f2f3,f2f3,True,True,True,True,True,0.90905,0.90905,0.0026594581532944626,0.0026594581532944626,0.0,0.0
r2q1rk1/pb1nbpp1/1pp1pn1p/3p4/2PP3B/2NBPN2/PP3PPP/2RQ1RK1 w - -,2000-2199,4,71,a2a3,0.7083333333333334,f1e1,0.43675,False,d1e2,c4d5,False,False,False,False,False,0.03055,0.12275,0.23066632247379867,0.14857408795552282,0.18333333333333335,0.09469696969696972
r2q1rk1/pb1nbppp/1p2pn2/3p2B1/3P4/2NBPN2/PP3PPP/2RQ1RK1 w - -,2000-2199,2,24,d3b1,0.6666666666666666,d3b1,0.8096,True,d1e2,d1e2,True,False,False,False,False,0.1904,0.1904,0.16755933264195164,0.16755933264195164,0.16666666666666663,0.16666666666666663
r2q1rk1/pb1nbppp/1p3n2/2pp2B1/3P4/2NBPN2/PP3PPP/2RQ1RK1 w - c6,2000-2199,3,60,d4c5,0.5952380952380952,d4c5,0.7924,False,d4c5,d1e2,False,True,False,True,False,0.7924,0.2026,0.01865227431313281,0.15272640304362178,0.0,0.14523809523809522
r2q1rk1/pb1nbppp/1pn1p3/2ppP3/8/3P1NP1/PPP2PBP/R1BQRNK1 w - -,2000-2199,2,179,h2h4,0.6490066225165563,h2h4,0.9124,True,h2h4,h2h4,True,True,True,True,True,0.9124,0.9124,0.0035884379312590108,0.0035884379312590108,0.0,0.0
r2q1rk1/pb1nbppp/1pp1pn2/8/2PPN3/5NP1/PPQ2PBP/R1B2RK1 w - -,2000-2199,4,232,c1f4,0.7,c1f4,0.71075,False,f1d1,e4f6,False,False,False,False,False,0.0811,0.02185,0.1174507094688574,0.2707565688539616,0.11040462427745656,0.2714285714285714
r2q1rk1/pb1nbppp/2p1pn2/1p4B1/3P4/2NBPN2/PP3PPP/R2Q1RK1 w - -,2000-2199,4,96,d1e2,0.75,d1e2,0.85895,True,d1e2,a1c1,False,True,False,True,False,0.85895,0.1248,0.008995074423462672,0.14353557032070394,0.0,0.15000000000000002
r2q1rk1/pbp1bppp/1p2pn2/6B1/3P4/2PB1N2/PP3PPP/R2Q1RK1 w - -,2000-2199,3,80,d1e2,0.5238095238095238,d1e2,0.6013,False,f3e5,f1e1,False,False,False,False,False,0.37635,0.02235,0.07002085601252463,0.22683501677232398,0.03732303732303732,0.20562770562770566
r2q1rk1/pbpnbpp1/1p2pn1p/8/2BP3B/2N1PN2/PP3PPP/R2Q1RK1 w - -,2000-2199,3,86,d1e2,0.625,d1e2,0.94965,True,d1e2,d1e2,True,True,True,True,True,0.94965,0.94965,0.0021922390865198784,0.0021922390865198784,0.0,0.0
r2q1rk1/pbpnbpp1/1p3n1p/3p4/3P3B/2NBPN2/PP3PPP/R2Q1RK1 w - -,2000-2199,2,87,a1c1,0.5878378378378378,a1c1,0.73055,False,d1c2,d1c2,True,False,False,False,False,0.26945,0.26945,0.10569960514677439,0.10569960514677439,0.08783783783783783,0.08783783783783783
r2q1rk1/pbpnnppp/1p2p3/8/3P4/2NBPN2/PP3PPP/R2Q1RK1 w - -,2000-2199,2,61,a1c1,0.5625,a1c1,0.80615,True,d1e2,a1c1,False,False,True,False,True,0.19385,0.80615,0.11659793832749006,0.012998940361470519,0.11011904761904762,0.0
r2q1rk1/pp1bppb1/2np1np1/7p/2BNP2P/2N1BP2/PPPQ2P1/R3K2R w KQ h6,2000-2199,2,112,e1c1,0.5643564356435643,e1c1,0.67335,False,c4b3,e1c1,False,False,True,False,True,0.32665,0.67335,0.09221051763338349,0.029310097016326364,0.0643564356435643,0.0
r2q1rk1/pp1bppbp/3p1np1/4n3/3NP3/1BN1BP2/PPPQ2PP/R3K2R w KQ -,2000-2199,3,258,h2h4,0.5576923076923077,h2h4,0.5188,False,e1c1,e1c1,True,False,False,False,False,0.0618,0.0618,0.1228717587841744,0.1228717587841744,0.07852564102564102,0.07852564102564102
r2q1rk1/pp1bppbp/3p1np1/8/2PBP3/2N2P2/PP1QB1PP/R3K2R b KQ -,2000-2199,2,216,d7c6,0.5536912751677853,d7c6,0.7894,False,a7a5,a7a5,True,False,False,False,False,0.2106,0.2106,0.06142789245196955,0.06142789245196955,0.05369127516778527,0.05369127516778527
r2q1rk1/pp1bppbp/3p1np1/8/2PBP3/2N2P2/PP2B1PP/R2Q1RK1 b - -,2000-2199,2,325,a7a5,0.5467289719626168,a7a5,0.84715,True,a7a5,a7a5,True,True,True,True,True,0.84715,0.84715,0.004241675869918881,0.004241675869918881,0.0,0.0
r2q1rk1/pp1bppbp/3p1np1/8/2PBP3/2N5/PP2BPPP/2RQ1RK1 b - -,2000-2199,2,295,a7a5,0.5714285714285714,a7a5,0.6625,False,d7c6,a7a5,False,False,True,False,True,0.3375,0.6625,0.06873875936398334,0.023808844323200497,0.04953076120959332,0.0
r2q1rk1/pp1bppbp/3p1np1/8/2PBP3/2N5/PP2BPPP/R2Q1RK1 w - -,2000-2199,4,147,f2f4,0.631578947368421,f2f4,0.6276,False,d1d2,f2f3,False,False,False,False,False,0.0232,0.0432,0.20686845315477548,0.16127090117837042,0.18872180451127818,0.14101290963257196
r2q1rk1/pp1bppbp/3p1np1/8/3BP3/1BN2P2/PPPQ2PP/R3K2R b KQ -,2000-2199,2,212,b7b5,0.5329949238578681,b7b5,0.9346,True,b7b5,b7b5,True,True,True,True,True,0.9346,0.9346,0.003613010176864981,0.003613010176864981,0.0,0.0
r2q1rk1/pp1n1pp1/2pb1n1p/3p4/3P2bB/2PB1N2/PP1N1PPP/R2Q1RK1 w - -,2000-2199,2,137,d1c2,0.47580645161290325,d1c2,0.54025,False,f1e1,d1c2,False,False,True,False,True,0.45975,0.54025,0.05855272809805585,0.04783128123147805,0.014267990074441683,0.0
r2q1rk1/pp1n1ppp/2pb1n2/3p2Bb/3P4/2N2N1P/PPP1BPP1/R2Q1RK1 w - -,2000-2199,3,45,f1e1,0.5,f1e1,0.63065,False,d1d2,f1e1,False,False,True,False,True,0.25685,0.63065,0.1311991209732327,0.040663665184974385,0.09999999999999998,0.0
r2q1rk1/pp1n1ppp/2pb1n2/3p2Bb/3P4/2NB1N1P/PPP2PP1/R2QR1K1 w - -,2000-2199,3,89,d3e2,0.5517241379310345,d3e2,0.57175,False,d3f5,g2g4,False,False,False,False,False,0.09035,0.3379,0.15937174012457778,0.07076170490939986,0.1317241379310345,0.03743842364532024
r2q1rk1/pp1n1ppp/2pb1n2/3p2Bb/3P4/2PB1N1P/PP1N1PP1/R2Q1RK1 w - -,2000-2199,3,268,d1c2,0.45588235294117646,d1c2,0.804,True,d1c2,d1c2,True,True,True,True,True,0.804,0.804,0.011606615413542486,0.011606615413542486,0.0,0.0
r2q1rk1/pp1n1ppp/2pb1n2/3p2Bb/3P4/3B1N1P/PPPN1PP1/R2QR1K1 w - -,2000-2199,3,76,c2c4,0.5789473684210527,c2c4,0.54475,False,c2c4,c2c4,True,True,True,True,True,0.54475,0.54475,0.04428112510901873,0.04428112510901873,0.0,0.0
r2q1rk1/pp1n1ppp/2pb1p2/7b/3P4/2PB1N1P/PP3PP1/R1BQ1RK1 w - -,2000-2199,5,123,g2g4,0.5588235294117647,g2g4,0.6433,False,g2g4,f1e1,False,True,False,True,False,0.6433,0.0242,0.03205805641231433,0.20924022470621167,0.0,0.1870286576168929
r2q1rk1/pp1nbpp1/2p1bn1p/3p4/3P3B/2NBP3/PPQ1NPPP/R3K2R w KQ -,2000-2199,3,195,e2f4,0.6818181818181818,e2f4,0.55135,False,e2f4,e2f4,True,True,True,True,True,0.55135,0.55135,0.03217729595926441,0.03217729595926441,0.0,0.0
r2q1rk1/pp1nbpp1/2p1bn1p/3p4/3P3B/2NBPN2/PPQ2PPP/R3K2R w KQ -,2000-2199,2,135,e1c1,0.5833333333333334,e1c1,0.5364,False,e1g1,e1g1,True,False,False,False,False,0.4636,0.4636,0.059528326782147846,0.059528326782147846,0.018292682926829285,0.018292682926829285
r2q1rk1/pp1nbppp/2p2n2/3p2B1/3P4/2NQPN2/PP3PPP/R4RK1 w - -,2000-2199,5,154,f1e1,0.6153846153846154,f1e1,0.51555,False,a1b1,a2a3,False,False,False,False,False,0.0027,0.00765,0.27114143844722693,0.2539647511341769,0.22941970310391369,0.21112929623567928
r2q1rk1/pp1nbppp/2p2n2/3p2Bb/3P4/2NBPN1P/PP3PP1/R2Q1RK1 w - -,2000-2199,4,74,a1c1,0.4318181818181818,a1c1,0.3345,False,a1c1,a1c1,True,True,True,True,True,0.3345,0.3345,0.0796352041016109,0.0796352041016109,0.0,0.0
r2q1rk1/pp1nbppp/2p2n2/3p2Bb/3P4/2PB1N1P/PP1N1PP1/R2Q1RK1 w - -,2000-2199,2,39,d1c2,0.5714285714285714,d1c2,0.9349,True,d1c2,d1c2,True,True,True,True,True,0.9349,0.9349,0.00455578055385907,0.00455578055385907,0.0,0.0
r2q1rk1/pp1nppbp/2p2np1/8/2BP4/2N1PQ1P/PP3PP1/R1B2RK1 w - -,2000-2199,2,52,f1d1,0.7307692307692307,f1d1,0.9655,True,f1d1,f1d1,True,True,True,True,True,0.9655,0.9655,0.001816628752749861,0.001816628752749861,0.0,0.0
r2q1rk1/pp2bpp1/2n1pn1p/3p2B1/3P2b1/2PB1N2/PPQN1PPP/R4RK1 w - -,2000-2199,3,117,g5f4,0.6666666666666666,g5f4,0.7795,False,g5f6,g5f6,True,False,False,False,False,0.05125,0.05125,0.23683095178105731,0.23683095178105731,0.24358974358974356,0.24358974358974356
r2q1rk1/pp2bppp/2bppn2/6B1/3QP3/2N2N2/PPP2PPP/2KRR3 w - -,2000-2199,4,130,d4d2,0.6111111111111112,d4d2,0.76955,False,d4d2,e4e5,False,True,False,True,False,0.76955,0.03505,0.014575222842869072,0.20626711390599067,0.0,0.20370370370370378
r2q1rk1/pp2bppp/2n1bn2/3pN1B1/2pP4/2N3P1/PP2PPBP/R2Q1RK1 w - -,2000-2199,6,179,e2e3,0.5555555555555556,e2e3,0.3872,False,b2b3,f2f4,False,False,False,False,False,0.1134,0.34405,0.13667326315299574,0.06678473358603222,0.07407407407407413,0.0012077294685990392
r2q1rk1/pp2bppp/2n1pn2/1B1p2B1/3P4/2N2Q1P/PPP2PP1/R4RK1 w - -,2000-2199,3,70,a1d1,0.40384615384615385,a1d1,0.3753,False,c3e2,b5c6,False,False,False,False,False,0.31725,0.30745,0.09936049388960412,0.08324187344190466,0.04020979020979021,0.009906759906759932
r2q1rk1/pp2bppp/2n1pn2/3p2Bb/3P4/2PB1N1P/PP1N1PP1/R2Q1RK1 w - -,2000-2199,4,250,d1e1,0.5714285714285714,d1e1,0.579,False,d1b3,f1e1,False,False,False,False,False,0.0709,0.3301,0.1344616545680573,0.06634571257853297,0.10846560846560843,0.0377207062600321
r2q1rk1/pp2bppp/2n1pn2/3p3b/3P1B2/2PB1N1P/PP1N1PP1/R2Q1RK1 w - -,2000-2199,3,45,d1c2,0.6111111111111112,d1c2,0.8659,True,d1b3,f1e1,False,False,False,False,False,0.0074,0.1267,0.3710348070862557,0.18120846110095465,0.39682539682539686,0.1880341880341881
r2q1rk1/pp2ppbp/1nnp2p1/8/2PP2b1/1PN1BN2/P3BPPP/R2QK2R w KQ -,2000-2199,3,130,e1g1,0.4722222222222222,e1g1,0.7862,False,a1c1,h2h3,False,False,False,False,False,0.04575,0.16805,0.1477320645717121,0.12428493510557578,0.1388888888888889,0.12606837606837606
r2q1rk1/pp2ppbp/1nnp2p1/8/2PP2b1/1PN1BN2/P4PPP/2RQKB1R w K -,2000-2199,2,134,f1e2,0.4349593495934959,f1e2,0.6647,False,f1e2,d4d5,False,True,False,True,False,0.6647,0.3353,0.03233285107625381,0.08687263130561985,0.0,0.07132298595713227
r2q1rk1/pp2ppbp/1nnp2p1/8/2PP2b1/2N1BN2/PP2BPPP/R2Q1RK1 w - -,2000-2199,4,357,b2b3,0.4132420091324201,b2b3,0.8255,True,b2b3,b2b3,True,True,True,True,True,0.8255,0.8255,0.007340360513885164,0.007340360513885164,0.0,0.0
r2q1rk1/pp2ppbp/1nnp2p1/8/2PP2b1/2NBBN2/PP3PPP/R2Q1RK1 w - -,2000-2199,3,56,d3e2,0.2727272727272727,d3e2,0.47655,False,d3e2,h2h3,False,True,False,True,False,0.47655,0.3724,0.058868388414891934,0.08040294420442619,0.0,0.010822510822510789
r2q1rk1/pp2ppbp/2n3p1/2p5/2BPP1b1/2P1BN2/P4PPP/R2Q1RK1 w - -,2000-2199,5,94,a1b1|c4d5,0.5909090909090909,c4d5,0.43015,False,d4d5,d4d5,True,False,False,False,False,0.0431,0.0431,0.2215705754983841,0.2215705754983841,0.15612648221343878,0.15612648221343878
r2q1rk1/pp2ppbp/2n3p1/2p5/2BPP1b1/2P1BP2/P3N1PP/R2Q1RK1 b - -,2000-2199,3,711,g4d7,0.5337837837837838,g4d7,0.7927,False,c6a5,c5d4,False,False,False,False,False,0.02225,0.18505,0.07753064626066034,0.04867716119990693,0.07247425997425994,0.04358770535241124
r2q1rk1/pp2ppbp/3p1np1/2p5/3nPP2/2NP1QPP/PPP3B1/R1B2RK1 w - -,2000-2199,2,157,f3f2,0.536,f3f2,0.8837,True,f3f2,f3f2,True,True,True,True,True,0.8837,0.8837,0.005260142020559346,0.005260142020559346,0.0,0.0
r2q1rk1/pp2ppbp/3pbnp1/8/2BBP3/2N2P2/PPPQ2PP/R3K2R w KQ -,2000-2199,2,126,c4b3,0.532258064516129,c4b3,0.7444,False,c4e6,c4e6,True,False,False,False,False,0.2556,0.2556,0.0674637045827096,0.0674637045827096,0.055695564516129004,0.055695564516129004
r2q1rk1/pp2ppbp/3pbnp1/8/2PBP3/2N2P2/PP1Q2PP/R3KB1R w KQ -,2000-2199,4,163,f1e2,0.5531914893617021,f1e2,0.39025,False,e1c1,b2b3,False,False,False,False,False,0.2881,0.0133,0.08057740091532178,0.29377643569092476,0.03235815602836878,0.26747720364741645
r2q1rk1/pp2ppbp/3pbnp1/8/2PBP3/2N5/PP2BPPP/R2Q1RK1 w - -,2000-2199,5,372,b2b3,0.6372549019607843,b2b3,0.62715,False,d1d2,b2b3,False,False,True,False,True,0.2198,0.62715,0.07163162303888147,0.021010646172038485,0.0523492415834258,0.0
r2q1rk1/pp2ppbp/3pbnp1/8/3BP1P1/2N2P2/PPPQ3P/R3KB1R w KQ -,2000-2199,3,196,e1c1,0.5301204819277109,e1c1,0.59795,False,c3d5,h2h4,False,False,False,False,False,0.2071,0.19495,0.09376358663404653,0.06905687135570125,0.07359874279727613,0.04678714859437755
r2q1rk1/pp2ppbp/3pbnp1/8/3BP3/2N2P2/PPPQB1PP/R3K2R w KQ -,2000-2199,2,46,e1c1,0.5172413793103449,e1c1,0.69715,False,g2g4,g2g4,True,False,False,False,False,0.30285,0.30285,0.09684019094250546,0.09684019094250546,0.07606490872210958,0.07606490872210958
r2q1rk1/pp3ppp/2n1bn2/2bp2B1/8/2N2NP1/PP2PPBP/R2Q1RK1 w - -,2000-2199,4,225,g5f6,0.5743243243243243,g5f6,0.5271,False,e2e3,g5f6,False,False,True,False,True,0.30375,0.5271,0.0626730077872678,0.02833187679862415,0.034850640113798015,0.0
r2q1rk1/pp3ppp/2n2n2/1Bbp3b/8/2N1PN1P/PP3PP1/R1BQ1RK1 w - -,2000-2199,3,61,a2a3,0.65,a2a3,0.9605,True,a2a3,b5e2,False,True,False,True,False,0.9605,0.02485,0.0025328045647265334,0.289293773405726,0.0,0.3125
r2q1rk1/pp3ppp/2nbpn2/3p3b/3P4/2PB1N1P/PP1N1PP1/R1BQR1K1 w - -,2000-2199,3,105,d1c2,0.5227272727272727,d1c2,0.71815,False,d2f1,d2f1,True,False,False,False,False,0.2817,0.2817,0.08488039014638125,0.08488039014638125,0.06818181818181818,0.06818181818181818
r2q1rk1/ppp1bppp/1nn1p3/4Pb2/2PP4/2N1BN2/PP2B1PP/R2Q1RK1 b - -,2000-2199,3,155,d8d7,0.5,d8d7,0.41435,False,f7f6,f7f6,True,False,False,False,False,0.31165,0.31165,0.08590236399876151,0.08590236399876151,0.0037313432835821003,0.0037313432835821003
r2q1rk1/ppp2ppp/1nnp1b2/8/2PP2b1/1P3N2/PB2BPPP/RN1Q1RK1 w - -,2000-2199,3,71,b1d2,0.5675675675675675,b1d2,0.5047,False,b1a3,b1a3,True,False,False,False,False,0.10785,0.10785,0.18905808440317104,0.18905808440317104,0.15847665847665843,0.15847665847665843
r2q1rk1/ppp2ppp/1nnp1b2/8/2PP2b1/1PN1BN2/P3BPPP/R2Q1RK1 b - -,2000-2199,2,79,d6d5,0.53125,d6d5,0.61575,False,f8e8,d6d5,False,False,True,False,True,0.38425,0.61575,0.07143989537660508,0.03403470822874232,0.039186507936507964,0.0
r2qk1nr/1p1bbppp/p1np4/4p3/2B1PB2/2N2N2/PP2QPPP/R2R2K1 w kq -,2000-2199,2,173,f4e3,0.4580152671755725,f4e3,0.68015,False,f4e3,f4e3,True,True,True,True,True,0.68015,0.68015,0.017580511613546512,0.017580511613546512,0.0,0.0
r2qk2r/1b1nbppp/p1p1pn2/1p4B1/3P4/2NBPN2/PP3PPP/R2Q1RK1 w kq -,2000-2199,5,119,e3e4,0.575,e3e4,0.3293,False,e3e4,a1c1,False,True,False,True,False,0.3293,0.0902,0.08435063950144131,0.14414469432075125,0.0,0.06337209302325575
r2qk2r/1b1nbppp/p2ppn2/1p6/3NP3/P1N1BP2/1PP1B1PP/R2Q1RK1 w kq -,2000-2199,3,49,g1h1,0.5454545454545454,g1h1,0.80335,True,d1e1,g1h1,False,False,True,False,True,0.02095,0.80335,0.33509812397495825,0.01717750217943312,0.3636363636363636,0.0
r2qk2r/1p1nbpp1/p2pbn2/4p2p/4P3/1NN1BP2/PPPQ2PP/2KR1B1R w kq -,2000-2199,6,220,c3d5,0.6481481481481481,c3d5,0.7003,False,h2h3,c1b1,False,False,False,False,False,0.01445,0.006,0.2611861067216777,0.20859187701787654,0.2523148148148148,0.19444444444444442
r2qk2r/1p3ppp/p1nbpn2/3p4/3P1B2/2NQPN2/PP3PPP/R4RK1 w kq -,2000-2199,4,163,f4g5,0.6666666666666666,f4g5,0.8533,True,f3e5,f4d6,False,False,False,False,False,0.00625,0.1225,0.3020729466456835,0.10512444070333814,0.31372549019607837,0.10416666666666663
r2qk2r/1p3ppp/p1npbb2/3Np3/4P3/N7/PPP2PPP/R2QKB1R w KQkq -,2000-2199,3,71,a3c4,0.6333333333333333,a3c4,0.68425,False,c2c3,a3c4,False,False,True,False,True,0.0295,0.68425,0.22005037483403717,0.03032588643478548,0.20476190476190476,0.0
r2qk2r/3nbppp/p2pbn2/1p2p3/4P3/1NN1BP2/PPPQ2PP/2KR1B1R w kq -,2000-2199,2,113,c1b1,0.56,c1b1,0.7595,False,g2g4,g2g4,True,False,False,False,False,0.2405,0.2405,0.08811732058397434,0.08811732058397434,0.07704545454545458,0.07704545454545458
r2qk2r/3nbppp/p2pbn2/1p2p3/4P3/1NN1BP2/PPPQ2PP/2KR1B1R w kq b6,2000-2199,2,242,g2g4,0.5162162162162162,g2g4,0.67495,False,g2g4,g2g4,True,True,True,True,True,0.67495,0.67495,0.015511441165597628,0.015511441165597628,0.0,0.0
r2qk2r/3nppbp/3p1np1/2pP4/4P3/2N2NP1/PP3PKP/R1BQ3R b kq -,2000-2199,2,344,e8g8,0.4708588957055215,e8g8,0.7535,False,f6g4,e8g8,False,False,True,False,True,0.2465,0.7535,0.09083048427015047,0.01699335245988404,0.08197000681663258,0.0
r2qk2r/3nppbp/3p1np1/2pP4/4P3/2N3P1/PP3PKP/R1BQ2NR w kq -,2000-2199,4,219,g1f3,0.5379310344827586,h2h3,0.378,False,g1e2,g1f3,False,False,True,False,False,0.2056,0.3327,0.09351937561110177,0.055428563183421896,0.037931034482758585,0.0
r2qk2r/p1pb1ppp/1bp5/3pP3/3Nn3/4B3/PPP2PPP/RN1Q1RK1 w kq -,2000-2199,3,185,c2c3,0.8333333333333334,c2c3,0.9435,True,c2c3,b1d2,False,True,False,True,False,0.9435,0.0123,0.0031465990569810864,0.2686487771465385,0.0,0.30000000000000004
r2qk2r/p1pb1ppp/2p5/2bpP1n1/3N4/5P2/PPP3PP/RNBQ1RK1 w kq -,2000-2199,2,973,f3f4,0.5779036827195467,f3f4,0.62165,False,f3f4,f3f4,True,True,True,True,True,0.62165,0.62165,0.008957554829234679,0.008957554829234679,0.0,0.0
r2qk2r/p1pbbppp/2p5/2npP3/3N4/5P2/PPP3PP/RNBQ1RK1 w kq -,2000-2199,3,223,c1e3,0.6020408163265306,c1e3,0.82595,True,f3f4,f3f4,True,False,False,False,False,0.1513,0.1513,0.08162813335943533,0.08162813335943533,0.07739292900258699,0.07739292900258699
r2qk2r/p2bbppp/2Q2n2/4p1N1/8/8/PPPP1PPP/RNB1K2R w KQkq -,2000-2199,3,176,c6a6,0.5416666666666666,c6a6,0.6414,False,c6f3,c6f3,True,False,False,False,False,0.355,0.355,0.08259355582009846,0.08259355582009846,0.05386178861788615,0.05386178861788615
r2qk2r/pp1n1ppp/2pbpn2/8/3P4/2PQ1NN1/PP3PPP/R1B2RK1 w kq -,2000-2199,2,33,f1e1,0.46875,f1e1,0.56565,False,f1e1,f1e1,True,True,True,True,True,0.56565,0.56565,0.05030234634283232,0.05030234634283232,0.0,0.0
r2qk2r/pp1nbppp/2p1pn2/8/3P4/3Q1NN1/PPP2PPP/R1B1R1K1 w kq -,2000-2199,3,53,c2c4,0.5192307692307693,c2c4,0.61425,False,c1f4,c1f4,True,False,False,False,False,0.1627,0.1627,0.14498558671976597,0.14498558671976597,0.11923076923076925,0.11923076923076925
r2qk2r/pp2bppp/2n1b3/3pPp2/3P4/2N2N2/PP3PPP/R1BQ1RK1 w kq -,2000-2199,6,191,f1e1,0.6842105263157895,f1e1,0.59615,False,d1b3,d1b3,True,False,False,False,False,0.00535,0.00535,0.33905983089643105,0.33905983089643105,0.32706766917293234,0.32706766917293234
r2qk2r/pp2bppp/2n1p3/3n3b/3P4/2N2N1P/PP2BPP1/R1BQ1RK1 w kq -,2000-2199,7,165,f1e1,0.48148148148148145,f1e1,0.3397,False,d1b3,d1b3,True,False,False,False,False,0.1331,0.1331,0.13066952660374562,0.13066952660374562,0.06481481481481477,0.06481481481481477
r2qk2r/pp2bppp/2n1pn2/8/3P2b1/2N1BN2/PP2BPPP/R2Q1RK1 w kq -,2000-2199,4,92,d1b3,0.6607142857142857,d1b3,0.52325,False,d1b3,h2h3,False,True,False,True,False,0.52325,0.42685,0.03613401054480872,0.04837504960023759,0.0,0.014372822299651533
r2qk2r/pp2bppp/2p1pn2/8/3P2b1/2PB1N2/PP3PPP/R1BQ1RK1 w kq -,2000-2199,3,75,c1f4,0.53125,c1f4,0.5743,False,c1f4,f1e1,False,True,False,True,False,0.5743,0.29835,0.0455854139527965,0.10761347017869377,0.0,0.0669642857142857
r2qk2r/pp2npbp/2n1p1p1/3pP3/3P4/2N2B1P/PP3PP1/R1BQ1RK1 b kq -,2000-2199,2,73,e7f5,0.6875,e7f5,0.9152,True,e7f5,e7f5,True,True,True,True,True,0.9152,0.9152,0.0038894115481862323,0.0038894115481862323,0.0,0.0
r2qk2r/pp2ppbp/1nnp2p1/8/2PP4/2N1BQ1P/PP3PP1/R3KB1R w KQkq -,2000-2199,2,73,e1c1,0.5769230769230769,e1c1,0.78155,False,e1c1,e1c1,True,True,True,True,True,0.78155,0.78155,0.013998058577079546,0.013998058577079546,0.0,0.0
r2qk2r/pp3ppp/2pbpn2/8/3P2b1/2PB1N2/PP3PPP/R1BQ1RK1 w kq -,2000-2199,3,103,f1e1,0.5681818181818182,f1e1,0.5904,False,f1e1,h2h3,False,True,False,True,False,0.5904,0.01145,0.03644956003043285,0.21069491000691923,0.0,0.18138936535162953
r2qkb1r/1b1n1ppp/p3pn2/1pp5/3P4/P1NBPN2/1P3PPP/R1BQ1RK1 w kq -,2000-2199,4,99,b2b3,0.55,b2b3,0.5047,False,d1e2,d4c5,False,False,False,False,False,0.0093,0.025,0.292355506164857,0.23697136580438297,0.24117647058823533,0.18095238095238098
r2qkb1r/1b1n1ppp/p3pn2/1pp5/3PP3/2NB1N2/PP3PPP/R1BQ1RK1 w kq -,2000-2199,2,167,d4d5,0.6827956989247311,d4d5,0.99375,True,d4d5,d4d5,True,True,True,True,True,0.99375,0.99375,0.0001140916835300457,0.0001140916835300457,0.0,0.0
r2qkb1r/1b3ppp/pn1ppn2/1p6/3NP1P1/2N1BP2/PPPQ3P/2KR1B1R w kq -,2000-2199,4,134,c1b1,0.8,c1b1,0.948,True,d2f2,g4g5,False,False,False,False,False,0.02715,0.02375,0.3520959030610691,0.2851721069750779,0.4,0.32127659574468087
r2qkb1r/pQ3ppp/4p3/1n1n4/8/2N2P2/PP3P1P/R1B1K2R w KQkq -,2000-2199,2,317,b7b5,0.5681818181818182,b7b5,0.6878,False,b7c6,b7c6,True,False,False,False,False,0.3122,0.3122,0.04952238177693908,0.04952238177693908,0.037046287046287096,0.037046287046287096
r2qkb1r/pp1nppp1/2p2n1p/7P/3P4/3Q1NN1/PPP2PP1/R1B1K2R w KQkq -,2000-2199,3,1539,c2c4,0.58,c2c4,0.55655,False,c1f4,c1f4,True,False,False,False,False,0.26895,0.26895,0.04020574597299996,0.04020574597299996,0.018153310104529585,0.018153310104529585
r2qkb1r/pp3ppp/2p1pn2/7b/3P4/2PB1N1P/PP3PP1/R1BQK2R w KQkq -,2000-2199,4,154,c1g5,0.6,c1g5,0.4159,False,e1g1,e1g1,True,False,False,False,False,0.22265,0.22265,0.07914632197286234,0.07914632197286234,0.031818181818181746,0.031818181818181746
r2qkbnr/pp1n1pp1/2p1p2p/7P/3P4/3Q1NN1/PPP2PP1/R1B1K2R w KQkq -,2000-2199,3,3016,c1d2,0.5517647058823529,c1d2,0.98545,True,c1f4,c1d2,False,False,True,False,True,0.0006,0.98545,0.05776945782058109,0.00021594884708290877,0.05760777766866343,0.0
r2qr1k1/1bp1bppp/p1np1n2/1p2p3/3PP3/1BP2N1P/PP3PP1/RNBQR1K1 w - -,2000-2199,5,221,a2a4,0.5625,a2a4,0.491,False,b1d2,f3g5,False,False,False,False,False,0.0741,0.4054,0.1266117866330952,0.06297647933248161,0.078125,0.013719512195121908
r3k2r/1bqnbppp/pp1ppn2/8/2PNP3/2N1BP2/PP2B1PP/2RQ1RK1 w kq -,2000-2199,4,125,b2b3,0.7368421052631579,b2b3,0.8166,True,b2b3,d1e1,False,True,False,True,False,0.8166,0.00295,0.011817406911564955,0.38565516465221883,0.0,0.40350877192982454
r3k2r/1pqnbppp/p2pbn2/4p3/4P3/1NN1BP2/PPPQ2PP/2KR1B1R w kq -,2000-2199,2,191,c1b1,0.631578947368421,c1b1,0.93055,True,c1b1,g2g4,False,True,False,True,False,0.93055,0.06945,0.002302805447951502,0.1119155506632962,0.0,0.11292223095051057
r3k2r/p1ppqpbp/b1p3p1/3nP3/2P5/1P6/PB2QPPP/RN2KB1R w KQkq -,2000-2199,3,113,g2g3,0.4537037037037037,g2g3,0.7735,False,e2e4,g2g3,False,False,True,False,True,0.08985,0.7735,0.17404621628037537,0.01272523103181441,0.1844729344729345,0.0
r3k2r/pp1bbppp/1qn1p3/3pPn2/3P4/5N2/PPN1BPPP/R1BQ1RK1 w kq -,2000-2199,2,22,a2a3,0.6,a2a3,0.6791,False,a2a3,b2b3,False,True,False,True,False,0.6791,0.3209,0.04010061921149002,0.12772097033966662,0.0,0.09999999999999998
r3k2r/pp3ppp/2nqpn2/3p3b/3P4/2PB1N1P/PP1N1PP1/R2QK2R w KQkq -,2000-2199,4,175,e1g1,0.535,e1g1,0.49685,False,d1b3,e1g1,False,False,True,False,True,0.37975,0.49685,0.05194662456152794,0.03307923529571554,0.01937500000000003,0.0
r3k2r/ppp2ppp/2n1bP2/2b2qN1/2pp4/2N5/PPP2PPP/R1BQR1K1 w kq -,2000-2199,2,342,c3e4,0.47410358565737054,c3e4,0.5441,False,g2g4,c3e4,False,False,True,False,True,0.4559,0.5441,0.026255844331208953,0.02048732428140478,0.007070618624403502,0.0
r3kb1r/1bqn1ppp/p2ppn2/1p4B1/3NPP2/2NB1Q2/PPP3PP/2KR3R w kq -,2000-2199,3,184,c1b1,0.6785714285714286,c1b1,0.56695,False,h1e1,h1e1,True,False,False,False,False,0.0334,0.0334,0.1942275094087803,0.1942275094087803,0.15970350404312672,0.15970350404312672
r3kb1r/pp1b1ppp/1qn5/3pPp2/3P4/P4N2/1P3PPP/RNBQK2R w KQkq -,2000-2199,2,57,e1g1,0.5357142857142857,e1g1,0.8359,True,b1c3,e1g1,False,False,True,False,True,0.1641,0.8359,0.12703866369399677,0.010592752615506186,0.12192118226600984,0.0
r3kb1r/pp1bnppp/1q2p3/3pP3/8/3B1N2/PP3PPP/R1BQ1RK1 w kq -,2000-2199,2,150,f3g5,0.5434782608695652,f3g5,0.58355,False,c1e3,c1e3,True,False,False,False,False,0.41645,0.41645,0.05410666855707732,0.05410666855707732,0.023793221499486483,0.023793221499486483
r3kb1r/pp1bnppp/4p3/3pP3/3q4/2NB4/PP3PPP/R1BQ1RK1 w kq -,2000-2199,2,48,c3b5,0.4838709677419355,c3b5,0.6891,False,c3b5,c3b5,True,True,True,True,True,0.6891,0.6891,0.027317762103240245,0.027317762103240245,0.0,0.0
r3kb1r/ppqb1ppp/2n1p3/3pPn2/N2P4/5N2/PP2BPPP/R1BQ1RK1 w kq -,2000-2199,2,21,a2a3,0.7,a2a3,0.8311,True,a2a3,a2a3,True,True,True,True,True,0.8311,0.8311,0.017558853946154904,0.017558853946154904,0.0,0.0
r3kbnr/1p1b1ppp/p3p3/3pP3/3q4/2NB4/PP3PPP/R1BQ1RK1 w kq -,2000-2199,5,746,d1f3,0.5136986301369864,d1f3,0.55515,False,c1e3,f1e1,False,False,False,False,False,0.04835,0.17365,0.09995587948778561,0.05682396534573004,0.08070893941533686,0.03703196347031967
r3kbnr/pp1b1ppp/1q2p3/3pP3/8/2NB4/PP3PPP/R1BQ1RK1 w kq -,2000-2199,8,187,a2a4,0.6904761904761905,a2a4,0.4341,False,c1e3,a2a3,False,False,False,False,False,0.0005,0.25175,0.40716501228659385,0.10703467770216891,0.37797619047619047,0.04761904761904756
r3kbnr/ppqnppp1/2p4p/7P/3P4/3Q1NN1/PPP2PP1/R1B1K2R w KQkq -,2000-2199,5,531,e1g1,0.5,e1g1,0.34095,False,c1d2,g3e4,False,False,False,False,False,0.15055,0.1823,0.07567351980500611,0.12883797412974948,0.008393285371702641,0.06666666666666665
r4rk1/1bqnbppp/pp1ppn2/8/2PNP3/2N1BP2/PP1QB1PP/2R2RK1 w - -,2000-2199,3,189,f1d1,0.5296052631578947,f1d1,0.88275,True,b2b4,b2b4,True,False,False,False,False,0.117,0.117,0.15159311479188864,0.15159311479188864,0.1546052631578947,0.1546052631578947
r4rk1/pp1bppbp/2np1np1/q7/2BNP3/2N1BP2/PPPQ2PP/2KR3R w - -,2000-2199,4,271,d4b3,0.6428571428571429,d4b3,0.83005,True,c4b3,c4b3,True,False,False,False,False,0.01755,0.01755,0.19357326800337796,0.19357326800337796,0.19458128078817738,0.19458128078817738
r4rk1/pp1bppbp/2np1np1/q7/3NP3/1BN1B2P/PPP2PP1/R2Q1RK1 w - -,2000-2199,3,248,f1e1,0.6385542168674698,f1e1,0.8404,True,f2f4,f1e1,False,False,True,False,True,0.1382,0.8404,0.07328124837594849,0.005429806692816814,0.07000582977069558,0.0
r4rk1/pp1bppbp/2np1np1/q7/3NP3/1BN1BP2/PPPQ2PP/R3K2R w KQ -,2000-2199,3,284,e1g1,0.5,e1g1,0.48635,False,e1c1,e1c1,True,False,False,False,False,0.14765,0.14765,0.09972944199397887,0.09972944199397887,0.0423728813559322,0.0423728813559322
r4rk1/pp1qppbp/2np1np1/8/2PNP3/2N1BP2/PP4PP/R2QK2R w KQ -,2000-2199,4,175,d1d2,0.5714285714285714,d1d2,0.37895,False,b2b3,e1g1,False,False,False,False,False,0.17505,0.1884,0.12616874637599954,0.07673214562091832,0.0714285714285714,0.0209235209235209
r4rk1/pp1qppbp/2np1np1/8/3PP3/2N2N2/PP3PPP/R1BQR1K1 w - -,2000-2199,3,97,h2h3,0.5833333333333334,h2h3,0.53315,False,c1f4,h2h3,False,False,True,False,True,0.4456,0.53315,0.06446992488027763,0.0480990421395991,0.011904761904761973,0.0
r4rk1/pp3ppp/2nqpn2/3p4/3P2b1/2P2N2/PP1NBPPP/R2Q1RK1 w - -,2000-2199,2,41,f1e1,0.41304347826086957,f1e1,0.78235,False,f1e1,f1e1,True,True,True,True,True,0.78235,0.78235,0.015990503641833978,0.015990503641833978,0.0,0.0
r4rk1/pp3ppp/2nqpn2/3p4/3P2b1/2PB1N2/PP1N1PPP/R2Q1RK1 w - -,2000-2199,6,362,d1e1,0.65,d1e1,0.7795,False,d1e1,f1e1,False,True,False,True,False,0.7795,0.0042,0.01657306394822223,0.2216917602898241,0.0,0.21535947712418302
r4rk1/ppp2ppp/2n2n2/3q4/3P2b1/2P2N2/P3BPPP/R1BQ1RK1 w - -,2000-2199,3,104,c3c4,0.6444444444444445,c3c4,0.3556,False,h2h3,h2h3,True,False,False,False,False,0.31305,0.31305,0.06443836890393727,0.06443836890393727,0.006146572104018921,0.006146572104018921
r4rk1/ppqn1ppp/2pb1n2/3p2B1/3P2b1/2PB1N2/PP1N1PPP/R2QR1K1 w - -,2000-2199,3,193,d1a4,0.7727272727272727,d1a4,0.9783,True,d1a4,h2h3,False,True,False,True,False,0.9783,0.0031,0.0010527575754510994,0.31676781431837764,0.0,0.34965034965034963
r4rk1/ppqn1ppp/2pb1n2/3p2B1/3P2b1/2PB1N2/PPQN1PPP/R4RK1 w - -,2000-2199,5,603,f1e1,0.5297872340425532,f1e1,0.71935,False,g5h4,h2h3,False,False,False,False,False,0.0162,0.00865,0.1565585696146664,0.1061493597753033,0.15200945626477547,0.09823961499493417
rn1q1rk1/1b2bppp/p2ppn2/1p6/3NP3/1BN1BP2/PPPQ2PP/R3K2R w KQ -,2000-2199,3,85,e1c1,0.55,e1c1,0.54445,False,e1c1,e1c1,True,True,True,True,True,0.54445,0.54445,0.041733255879098145,0.041733255879098145,0.0,0.0
rn1q1rk1/1p2bppp/3pbn2/p3p3/4P3/1NN1BP2/PPPQ2PP/2KR1B1R w - -,2000-2199,4,264,f1b5,0.6126760563380281,f1b5,0.89445,True,a2a4,a2a4,True,False,False,False,False,0.08575,0.08575,0.11345319578332283,0.11345319578332283,0.11267605633802813,0.11267605633802813
rn1q1rk1/1p2bppp/p2pbn2/8/4Pp2/1NN1B3/PPP1B1PP/R2Q1RK1 w - -,2000-2199,2,134,f1f4,0.54,f1f4,0.78535,False,f1f4,e3f4,False,True,False,True,False,0.78535,0.21465,0.012311792734720712,0.09050084389976563,0.0,0.08128440366972478
rn1q1rk1/1p3pbp/p2p1np1/2pP4/P3P1b1/2N2N2/1P2BPPP/R1BQ1RK1 w - -,2000-2199,3,160,c1f4,0.5555555555555556,c1f4,0.5085,False,f3d2,c1f4,False,False,True,False,True,0.4879,0.5085,0.03748844776633395,0.03570159265766474,0.003831417624521105,0.0
rn1q1rk1/4bppp/p2pbn2/1p2p3/4P3/1NN1BP2/PPPQ2PP/2KR1B1R w - b6,2000-2199,3,208,c1b1,0.5606060606060606,c1b1,0.6366,False,c3d5,c3d5,True,False,False,False,False,0.2277,0.2277,0.13204692327259113,0.13204692327259113,0.11060606060606054,0.11060606060606054
rn1q1rk1/4ppbp/3p1np1/2pP4/4P3/2N2NP1/PP3PKP/R1BQ3R b - -,2000-2199,4,658,d8a5,0.5652173913043478,d8a5,0.7121,False,d8b6,d8b6,True,False,False,False,False,0.2181,0.2181,0.07809039123020244,0.07809039123020244,0.06521739130434778,0.06521739130434778
rn1q1rk1/4ppbp/3p1np1/2pP4/4P3/2N3P1/PP3PKP/R1BQ2NR w - -,2000-2199,4,521,h2h3,0.5425531914893617,h2h3,0.50775,False,g1f3,g1f3,True,False,False,False,False,0.0888,0.0888,0.0861204269357688,0.0861204269357688,0.05238465216351895,0.05238465216351895
rn1q1rk1/pp2bppp/2p2nb1/3p2B1/3P2P1/2NBPN1P/PP3P2/R2QK2R w KQ -,2000-2199,2,59,f3e5,0.5921052631578947,f3e5,0.70565,False,f3e5,d3g6,False,True,False,True,False,0.70565,0.29435,0.022574955166669703,0.08934118826085065,0.0,0.06829573934837085
rn1q1rk1/pp3pbp/3p1np1/2pP4/2P5/2NB1Q1P/PP3PP1/R1B2RK1 b - -,2000-2199,2,86,a7a6,0.6,a7a6,0.8522,True,b8d7,b8d7,True,False,False,False,False,0.1478,0.1478,0.15421842683244075,0.15421842683244075,0.15921052631578947,0.15921052631578947
rn1q1rk1/pp3ppp/2pb1nb1/3p2B1/3P2P1/2NB1N1P/PPP2P2/R2Q1RK1 w - -,2000-2199,2,105,d3g6,0.52,d3g6,0.6663,False,f3e5,f3e5,True,False,False,False,False,0.3337,0.3337,0.06773832773225047,0.06773832773225047,0.04500000000000004,0.04500000000000004
rn1qkb1r/pp3pp1/2p1pn1p/7P/3P4/3Q1NN1/PPP2PP1/R1B1K2R w KQkq -,2000-2199,5,806,c1e3,0.7205882352941176,c1e3,0.90835,True,c1d2,c1d2,True,False,False,False,False,0.07255,0.07255,0.10819506728419444,0.10819506728419444,0.11379211878926332,0.11379211878926332
rn1qkb1r/pp3ppn/2p1p2p/7P/3P4/5NN1/PPP2PP1/R1BQK2R w KQkq -,2000-2199,2,31,d1d3,0.6923076923076923,d1d3,0.97895,True,d1d3,c1f4,False,True,False,True,False,0.97895,0.02105,0.0011357285732233084,0.30125686930952644,0.0,0.3311965811965812
rn1qr1k1/pp3pbp/3p1np1/2pP4/4PPb1/2NB1N2/PP4PP/R1BQ1RK1 w - -,2000-2199,3,111,f1e1,0.6785714285714286,f1e1,0.9119,True,h2h3,h2h3,True,False,False,False,False,0.05205,0.05205,0.1975101239654869,0.1975101239654869,0.21021699819168177,0.21021699819168177
rn3rk1/1pq1bppp/p2pbn2/4p3/4P3/1NN1BP2/PPPQ2PP/2KR1B1R w - -,2000-2199,2,133,g2g4,0.5989010989010989,g2g4,0.52525,False,c1b1,g2g4,False,False,True,False,True,0.47475,0.52525,0.03820898959876039,0.03202754479987128,0.00366300366300365,0.0
rnb1k2r/pp3p1p/2p2p2/3p4/3P4/2q1P3/P2N1PPP/R2QKB1R w KQkq -,2000-2199,2,114,a1c1,0.6415094339622641,a1c1,0.77615,False,a1c1,f1e2,False,True,False,True,False,0.77615,0.22385,0.011576680071761892,0.07703406938259082,0.0,0.06773894215898546
rnb1kb1r/1p3pp1/p2ppn1p/8/3NPP1B/q1N5/P1PQ2PP/1R2KB1R w Kkq -,2000-2199,6,160,h4f6,0.6206896551724138,h4f6,0.42585,False,f4f5,e4e5,False,False,False,False,False,0.30335,0.25725,0.08218922546973408,0.07109564129067533,0.029780564263322873,0.022005444646097994
rnb1r1k1/ppp2pbp/6p1/3Pp1B1/4P3/5N2/PP2BPPP/R3K2R b KQ -,2000-2199,3,353,h7h6,0.4523809523809524,h7h6,0.4992,False,c7c6,c7c6,True,False,False,False,False,0.3352,0.3352,0.056714022848446,0.056714022848446,0.011702986279257477,0.011702986279257477
rnb1r3/ppp2kpp/5n2/8/4P3/8/PB1N1PPP/R3K1NR w KQ -,2000-2199,3,162,b2f6,0.5,b2f6,0.4438,False,g1f3,f2f3,False,False,False,False,False,0.30205,0.25415,0.06501378274923578,0.07362460685280127,0.006493506493506496,0.014084507042253502
rnb2rk1/p1p1qpp1/1p5p/3p4/3P4/4PN2/PP3PPP/R2QKB1R w KQ -,2000-2199,5,218,f1e2,0.48484848484848486,f1e2,0.55445,False,a1c1,a1c1,True,False,False,False,False,0.20085,0.20085,0.0876510262384155,0.0876510262384155,0.05776515151515155,0.05776515151515155
rnb2rk1/pp2ppbp/6p1/q7/3PP3/5N2/P3BPPP/1RBQK2R w K -,2000-2199,2,208,c1d2,0.556390977443609,c1d2,0.9065,True,c1d2,c1d2,True,True,True,True,True,0.9065,0.9065,0.0028177080446859597,0.0028177080446859597,0.0,0.0
rnb2rk1/pp3ppp/5q2/3Q4/1b6/2N1PN2/PP3PPP/R3KB1R w KQ -,2000-2199,2,53,d5b3,0.6666666666666666,d5b3,0.7379,False,d5d4,d5d4,True,False,False,False,False,0.2621,0.2621,0.09505219202342693,0.09505219202342693,0.07971014492753614,0.07971014492753614
rnb2rk1/ppp1q1p1/4p2p/5p2/2PPp3/4P3/PP1N1PPP/R2QKB1R w KQ f6,2000-2199,3,54,f1e2,0.609375,f1e2,0.5399,False,d1b3,d1b3,True,False,False,False,False,0.31185,0.31185,0.10669890303570871,0.10669890303570871,0.059374999999999956,0.059374999999999956
rnb2rk1/ppp1qpp1/7p/3p4/3P4/2P1PN2/P4PPP/R2QKB1R w KQ -,2000-2199,3,89,d1b3,0.640625,d1b3,0.74195,False,d1b3,f1d3,False,True,False,True,False,0.74195,0.06475,0.016974265137532692,0.14978976207763176,0.0,0.140625
rnbq1k1r/pp3pp1/4p2p/2ppP3/3P2Q1/2PB4/P1PK1PPP/R5NR w - c6,2000-2199,4,191,h2h4,0.5789473684210527,h2h4,0.38825,False,h2h4,h2h4,True,True,True,True,True,0.38825,0.38825,0.053659530231729036,0.053659530231729036,0.0,0.0
rnbq1rk1/pp3ppp/4p3/8/3PP3/5N2/P2Q1PPP/R3KB1R w KQ -,2000-2199,4,458,f1c4,0.553072625698324,f1c4,0.88355,True,f1b5,f1d3,False,False,False,False,False,0.01555,0.0014,0.18729621208526595,0.14807915045549008,0.19100366018108267,0.14617607397418614
rnbqk2r/1p2ppb1/p2p3p/4n1p1/3NP3/2N3BP/PPP2PP1/R2QKB1R w KQkq -,2000-2199,4,121,d4f5,0.6071428571428571,d4f5,0.72175,False,d4f5,d4f5,True,True,True,True,True,0.72175,0.72175,0.02335271969887463,0.02335271969887463,0.0,0.0
rnbqr1k1/1p3pbp/p2p1np1/2pP4/4PP2/2NB1N2/PP4PP/R1BQ1RK1 w - -,2000-2199,2,110,f1e1,0.5909090909090909,f1e1,0.61415,False,a2a4,a2a4,True,False,False,False,False,0.38585,0.38585,0.07448491198952709,0.07448491198952709,0.045454545454545525,0.045454545454545525
rnbqr1k1/1p3pbp/p2p1np1/2pP4/P7/2N2NP1/1P2PPBP/R1BQ1RK1 w - -,2000-2199,4,346,c1f4,0.591743119266055,c1f4,0.7909,False,f3d2,c1f4,False,False,True,False,True,0.00845,0.7909,0.13463112037810018,0.009237193576374399,0.12703723691311386,0.0
rqb1k2r/pp2bppp/2nppn2/1N6/2B1P3/5N2/PP2QPPP/R1BR2K1 w kq -,2000-2199,2,81,c1f4,0.6617647058823529,c1f4,0.747,False,c1f4,c1f4,True,True,True,True,True,0.747,0.747,0.018818417016987006,0.018818417016987006,0.0,0.0
1rbq1rk1/p3ppbp/2Bp1np1/8/2P5/2N3P1/PP2PP1P/R1BQ1RK1 w - -,2200-2399,2,70,b2b3,0.6818181818181818,b2b3,0.82215,True,c6g2,c6g2,True,False,False,False,False,0.17785,0.17785,0.1403196242751447,0.1403196242751447,0.14791987673343598,0.14791987673343598
1rbqk2r/p2pppbp/6p1/3QP3/8/4B3/PPP2PPP/R3KB1R w KQk -,2200-2399,3,114,f1c4,0.7083333333333334,f1c4,0.89845,True,e3a7,e1c1,False,False,False,False,False,0.07075,0.0308,0.17158635266965225,0.1625651598362769,0.16666666666666674,0.1607142857142857
2rq1rk1/pp1bppbp/2np1np1/8/2PNP3/2N1BP2/PP2B1PP/R2Q1RK1 w - -,2200-2399,2,39,a1c1,0.8333333333333334,a1c1,0.7242,False,d1d2,d1d2,True,False,False,False,False,0.2758,0.2758,0.08867284969724133,0.08867284969724133,0.08333333333333337,0.08333333333333337
2rq1rk1/pp1bppbp/2np1np1/8/3NP3/1BN1BP2/PPPQ2PP/R3K2R w KQ -,2200-2399,3,261,g2g4,0.5434782608695652,g2g4,0.5325,False,g2g4,e1c1,False,True,False,True,False,0.5325,0.01985,0.040854102079646876,0.14646130416385528,0.0,0.10919254658385091
r1b1k2r/1p2qppp/p1n1p3/2npP3/5P2/2N2N2/PPPQ2PP/R3KB1R w KQkq -,2200-2399,2,48,f1d3,0.625,f1d3,0.89645,True,f1d3,f1d3,True,True,True,True,True,0.89645,0.89645,0.006590866276796288,0.006590866276796288,0.0,0.0
r1b1k2r/1p2qppp/p1n1p3/2npP3/5P2/2NB1N2/PPP3PP/R2QK2R w KQkq -,2200-2399,3,48,e1g1,0.5454545454545454,e1g1,0.4315,False,e1g1,d1d2,False,True,False,True,False,0.4315,0.27555,0.06996751618267327,0.11261232312649094,0.0,0.045454545454545414
r1b1k2r/1pq1bppp/p1nppn2/8/2B1PB2/2N2N2/PP2QPPP/R2R2K1 w kq -,2200-2399,2,50,e4e5,0.55,e4e5,0.79705,False,a1c1,a1c1,True,False,False,False,False,0.20295,0.20295,0.14384117517423883,0.14384117517423883,0.13750000000000007,0.13750000000000007
r1b1k2r/1pqnbpp1/p2ppn1p/8/3NPP1B/2N2Q2/PPP3PP/2KR1B1R w kq -,2200-2399,5,117,f1e2,0.5961538461538461,f1e2,0.5174,False,f1d3,f1e2,False,False,True,False,True,0.0553,0.5174,0.18301609773601846,0.050825395813993916,0.14027149321266968,0.0
r1b1k2r/2q1bppp/p2p1n2/npp1p3/3PP3/2P2N2/PPB2PPP/RNBQR1K1 w kq -,2200-2399,3,33,b1d2,0.625,b1d2,0.72685,False,a2a4,a2a4,True,False,False,False,False,0.10465,0.10465,0.21838512838087518,0.21838512838087518,0.21590909090909088,0.21590909090909088
r1b1k2r/2qnbppp/p2ppn2/1p4B1/3NPP2/2NB1Q2/PPP3PP/2KR3R w kq b6,2200-2399,2,49,h1e1,0.6081081081081081,h1e1,0.5792,False,h1e1,h1e1,True,True,True,True,True,0.5792,0.5792,0.041852398493576075,0.041852398493576075,0.0,0.0
r1b1k2r/ppp1q1pp/2np1n2/8/2P2B2/2PQ1N2/P3PPPP/R3KB1R w KQkq -,2200-2399,2,30,g2g3,0.5714285714285714,g2g3,0.72305,False,g2g3,g2g3,True,True,True,True,True,0.72305,0.72305,0.028246706916531826,0.028246706916531826,0.0,0.0
r1b1k2r/ppp1qppp/3p4/4n3/2P2B2/P3P3/1P1Q1PPP/R3KB1R w KQkq -,2200-2399,2,71,f1e2,0.5384615384615384,f1e2,0.8307,True,f1e2,f1e2,True,True,True,True,True,0.8307,0.8307,0.010255622546190796,0.010255622546190796,0.0,0.0
r1b1kb1r/1p3ppp/p2qpn2/8/2BN4/8/PPP2PPP/R1BQ1RK1 w kq -,2200-2399,4,102,a2a4,0.625,a2a4,0.64905,False,f1e1,f1e1,True,False,False,False,False,0.1514,0.1514,0.12931141434669904,0.12931141434669904,0.11111111111111116,0.11111111111111116
r1b1r1k1/ppqn1pbp/2pp1np1/4p3/2PPP3/2N1BNPP/PP3PB1/R2Q1RK1 w - -,2200-2399,2,48,d1c2,0.6764705882352942,d1c2,0.92465,True,d4d5,d4d5,True,False,False,False,False,0.07535,0.07535,0.20563251533528756,0.20563251533528756,0.21218487394957986,0.21218487394957986
r1b2rk1/1pq1bppp/p1nppn2/8/P2NPP2/2N1B3/1PP1B1PP/R2Q1RK1 w - -,2200-2399,3,47,d4b3,0.75,d4b3,0.89425,True,d4b3,g1h1,False,True,False,True,False,0.89425,0.0893,0.00858197508814832,0.20783035078468073,0.0,0.22999999999999998
r1b2rk1/1pq1ppbp/p1np1np1/8/2PN4/1PN3P1/PB2PPBP/R2Q1RK1 w - -,2200-2399,2,68,a1c1,0.5769230769230769,a1c1,0.63735,False,d4c2,a1c1,False,False,True,False,True,0.36265,0.63735,0.07781166523455675,0.03126635825873502,0.04567307692307687,0.0
r1b2rk1/p1p1qppp/4pn2/8/2pP4/6P1/PP2PP1P/RNBQ1RK1 w - -,2200-2399,2,164,d1c2,0.53125,d1c2,0.63315,False,d1a4,d1a4,True,False,False,False,False,0.36685,0.36685,0.052424374809980245,0.052424374809980245,0.03125,0.03125
r1b2rk1/p1qnbppp/2n1p3/1pppP3/8/3P1NP1/PPPNQPBP/R1B1R1K1 w - b6,2200-2399,3,105,h2h4,0.6,h2h4,0.484,False,h2h4,h2h4,True,True,True,True,True,0.484,0.484,0.05147264140254388,0.05147264140254388,0.0,0.0
r1b2rk1/pp2ppbp/2n3p1/3q4/3N4/4B3/PPP1BPPP/R2Q1RK1 w - -,2200-2399,2,65,e2f3,0.65,e2f3,0.8669,True,e2f3,e2f3,True,True,True,True,True,0.8669,0.8669,0.008370209801684195,0.008370209801684195,0.0,0.0
r1bq1b1r/pp1nk1pp/4pp2/3pP2Q/3n1N2/3B4/PP1N1PPP/R1B1K2R w KQ -,2200-2399,2,165,e5f6,0.526595744680851,e5f6,0.59985,False,e5f6,e5f6,True,True,True,True,True,0.59985,0.59985,0.02140984885718636,0.02140984885718636,0.0,0.0
r1bq1rk1/1p1n1pbp/p2p1np1/2pP4/P7/2N2NP1/1P2PPBP/R1BQ1RK1 w - -,2200-2399,3,97,c1f4,0.5833333333333334,h2h3,0.391,False,c1f4,c1f4,True,True,True,False,False,0.37175,0.37175,0.06355458992805173,0.06355458992805173,0.0,0.0
r1bq1rk1/1pp1npbp/3p1np1/3Pp3/1BP1P3/2N2N2/P3BPPP/R2Q1RK1 b - -,2200-2399,4,199,f8e8,0.6923076923076923,f8e8,0.91795,True,f6d7,b7b6,False,False,False,False,False,0.05045,0.01925,0.22103691561494215,0.23592708868243198,0.23675213675213674,0.2509014423076923
r1bq1rk1/1pp2pb1/3p1npp/p1nPp1B1/2P1P3/2N2N2/PPQ1BPPP/R4RK1 w - -,2200-2399,2,131,g5e3,0.6318181818181818,g5e3,0.99855,True,g5e3,g5e3,True,True,True,True,True,0.99855,0.99855,3.49935617694087e-05,3.49935617694087e-05,0.0,0.0
r1bq1rk1/2p1bppp/p1n5/1p1n4/3p4/1BP2N2/PP3PPP/RNBQR1K1 w - -,2200-2399,2,32,c3d4,0.55,c3d4,0.50605,False,c3d4,c3d4,True,True,True,True,True,0.50605,0.50605,0.0636359421383273,0.0636359421383273,0.0,0.0
r1bq1rk1/2p1bppp/p7/1p1nR3/8/1BP5/PP1P1PPP/RNBQ2K1 b - -,2200-2399,2,217,c7c6,0.4899328859060403,c7c6,0.51785,False,c7c6,c7c6,True,True,True,True,True,0.51785,0.51785,0.025738765890448007,0.025738765890448007,0.0,0.0
r1bq1rk1/2p2pp1/pbnp1n1p/1p2p3/3PP3/1BP2N1P/PP3PP1/RNBQR1K1 w - -,2200-2399,2,24,a2a4,0.4642857142857143,a2a4,0.8634,True,c1e3,c1e3,True,False,False,False,False,0.1366,0.1366,0.19690906474108946,0.19690906474108946,0.2142857142857143,0.2142857142857143
r1bq1rk1/2pnbppp/p2p1n2/1p2p3/3PP3/1BP2N1P/PP3PP1/RNBQR1K1 w - -,2200-2399,3,400,b1d2,0.5580357142857143,b1d2,0.4818,False,c3c4,b1d2,False,False,True,False,True,0.3774,0.4818,0.05485816983758653,0.03345685258293879,0.019574175824175866,0.0
r1bq1rk1/3nbppp/2n1p3/ppppP3/8/3P1NP1/PPP2PBP/R1BQRNK1 w - a6,2200-2399,2,114,h2h4,0.5202020202020202,h2h4,0.5702,False,h2h4,h2h4,True,True,True,True,True,0.5702,0.5702,0.03679135232514618,0.03679135232514618,0.0,0.0
r1bq1rk1/4bppp/p2p1n2/npp1p3/4P3/2P2N1P/PPBP1PP1/RNBQR1K1 w - c6,2200-2399,2,551,d2d3,0.5816326530612245,d2d3,0.7954,False,d2d4,d2d4,True,False,False,False,False,0.2046,0.2046,0.06601721358724565,0.06601721358724565,0.05972030246361493,0.05972030246361493
r1bq1rk1/4bppp/p2p1n2/npp1p3/4P3/2PP1N1P/PPB2PP1/RNBQ1RK1 w - c6,2200-2399,3,67,f1e1,0.5454545454545454,f1e1,0.6306,False,d3d4,b1d2,False,False,False,False,False,0.01475,0.35465,0.3338592275218762,0.0744209597925642,0.3454545454545454,0.045454545454545414
r1bq1rk1/p3ppbp/1pn3p1/2p5/2BPP3/2P1B3/P3NPPP/R2Q1RK1 w - -,2200-2399,3,61,a1c1,0.5277777777777778,a1c1,0.3854,False,a1c1,a1c1,True,True,True,True,True,0.3854,0.3854,0.07398370884703546,0.07398370884703546,0.0,0.0
r1bq1rk1/p3ppbp/2p2np1/3p4/4P3/2N1BP2/PPPQ2PP/2KR1B1R w - -,2200-2399,3,92,e4e5,0.5588235294117647,e4e5,0.52015,False,e4d5,e3h6,False,False,False,False,False,0.03655,0.4433,0.1861349455053894,0.061732760237089325,0.14418938307030132,0.014705882352941235
r1bq1rk1/p3ppbp/2p3p1/3n4/8/2N1B3/PPP1BPPP/R2Q1RK1 w - -,2200-2399,2,27,e3d4,0.5,e3d4,0.958,True,c3d5,c3d5,True,False,False,False,False,0.042,0.042,0.259793897677437,0.259793897677437,0.28125,0.28125
r1bq1rk1/p3ppbp/2p3p1/3n4/8/2N1BP2/PPPQ2PP/R3KB1R w KQ -,2200-2399,2,32,c3d5,0.40625,c3d5,0.5793,False,e3d4,c3d5,False,False,True,False,True,0.4207,0.5793,0.07369962411988419,0.045000044597547265,0.03125,0.0
r1bq1rk1/p4pbp/2p1pnp1/3p4/3P4/2N3P1/PP2PPBP/R1BQ1RK1 w - -,2200-2399,3,62,c1f4,0.6538461538461539,c1f4,0.70195,False,c1f4,c1f4,True,True,True,True,True,0.70195,0.70195,0.023276914940483454,0.023276914940483454,0.0,0.0
r1bq1rk1/p4ppp/2p2n2/3p2B1/1b6/2NB4/PPP2PPP/R2Q1RK1 w - -,2200-2399,4,515,c3a4,0.5595238095238095,c3a4,0.5629,False,c3a4,d1f3,False,True,False,True,False,0.5629,0.05535,0.029603268310711195,0.09456949950681276,0.0,0.06711874623267028
r1bq1rk1/p4ppp/2p2n2/3p4/1b6/2NB3P/PPP2PP1/R1BQ1RK1 w - -,2200-2399,2,184,d1f3,0.5751445086705202,d1f3,0.96055,True,c1g5,d1f3,False,False,True,False,True,0.03945,0.96055,0.2368131926072896,0.0022309267878005854,0.2569626904887021,0.0
r1bq1rk1/pp2bpp1/2n2n1p/3p2B1/3N4/2N3P1/PP2PPBP/R2Q1RK1 w - -,2200-2399,3,228,g5e3,0.5328467153284672,g5e3,0.8638,True,g5e3,g5e3,True,True,True,True,True,0.8638,0.8638,0.005435849985990262,0.005435849985990262,0.0,0.0
r1bq1rk1/pp2bppp/2np1n2/4p3/2B1P3/2N2N1P/PP2QPP1/R1BR2K1 w - -,2200-2399,2,63,c1g5,0.5212765957446809,c1g5,0.94525,True,c1g5,c1e3,False,True,False,True,False,0.94525,0.05475,0.0028132992432650583,0.19248115783523234,0.0,0.20877659574468088
r1bq1rk1/pp2pp1p/2n3p1/2pP4/4P3/5N2/P2QBPPP/1R2K2R b K -,2200-2399,2,25,c6a5,0.5416666666666666,c6a5,0.92835,True,c6d4,c6d4,True,False,False,False,False,0.07165,0.07165,0.213352998066358,0.213352998066358,0.23397435897435892,0.23397435897435892
r1bq1rk1/pp3pbp/2n1p1p1/3n4/3P4/2N2NP1/PP3PBP/R1BQ1RK1 w - -,2200-2399,2,30,c3d5,0.47368421052631576,c3d5,0.63555,False,c3d5,c1g5,False,True,False,True,False,0.63555,0.36445,0.04128789785139828,0.09932377141387772,0.0,0.06459330143540665
r1bq1rk1/pp3ppp/2n2n2/2b3B1/3p4/2N2NP1/PP2PPBP/R2Q1RK1 w - -,2200-2399,3,160,g5f6,0.6089743589743589,g5f6,0.63415,False,g5f6,c3e4,False,True,False,True,False,0.63415,0.00315,0.030207376705008313,0.21738710243686024,0.0,0.1910639112131649
r1bq1rk1/pp3ppp/2n2n2/3p4/8/P1NB4/1PP2PPP/R1BQ1RK1 b - -,2200-2399,3,170,h7h6,0.5526315789473685,h7h6,0.57285,False,d5d4,c8g4,False,False,False,False,False,0.4212,0.00595,0.055662183258026764,0.24012900121634656,0.022717049032838554,0.2143962848297214
r1bq1rk1/ppp1n1bp/3p2p1/3Ppp1n/1PP1P3/2N2N2/P3BPPP/R1BQR1K1 w - f6,2200-2399,3,122,f3g5,0.5729166666666666,f3g5,0.45795,False,a2a4,c4c5,False,False,False,False,False,0.4478,0.09425,0.058926527744350435,0.19895776278548027,0.0014880952380952328,0.15624999999999994
r1bq1rk1/ppp2ppp/2n5/3n4/2BP4/5N2/PP1N1PPP/R2Q1RK1 w - -,2200-2399,2,29,a1c1|h2h3,0.5,h2h3,0.50305,False,a1c1,a1c1,True,True,True,False,False,0.49695,0.49695,0.06998986017169566,0.06998986017169566,0.0,0.0
r1bq1rk1/pppnn1bp/3p2p1/3Ppp2/2P1P3/2N1BP2/PP2B1PP/R2QNRK1 b - -,2200-2399,2,469,f5f4,0.4759725400457666,f5f4,0.90015,True,d7f6,f5f4,False,False,True,False,True,0.09985,0.90015,0.1141658241465751,0.004137374421072227,0.11659754004576661,0.0
r1bq1rk1/pppnn1bp/3p2p1/3Ppp2/2P1P3/2N2P2/PP2B1PP/R1BQNRK1 w - f6,2200-2399,2,99,g2g4,0.6557377049180327,g2g4,0.95645,True,c1e3,c1e3,True,False,False,False,False,0.04355,0.04355,0.16617237063929502,0.16617237063929502,0.16889559965487483,0.16889559965487483
r1bq1rk1/pppnn1bp/3p2p1/3Ppp2/2P1P3/2NN4/PP2BPPP/R1BQ1RK1 w - f6,2200-2399,2,301,c1d2,0.5956521739130435,c1d2,0.5742,False,f2f3,f2f3,True,False,False,False,False,0.4258,0.4258,0.03128210838942242,0.03128210838942242,0.011145131659522356,0.011145131659522356
r1bq3r/ppp2kpp/8/3p4/1n1Pn3/1Q3N2/PP3PPP/RN2K2R w KQ d6,2200-2399,2,48,b3b4,0.6176470588235294,b3b4,0.71935,False,f3e5,f3e5,True,False,False,False,False,0.28065,0.28065,0.10512823166787712,0.10512823166787712,0.08193277310924374,0.08193277310924374
r1bqk2r/5pbp/p1np1p2/1p1Np3/4P3/N7/PPP2PPP/R2QKB1R w KQkq -,2200-2399,4,421,c2c4,0.5757575757575758,c2c4,0.43735,False,c2c4,c2c3,False,True,False,True,False,0.43735,0.0032,0.05003483171475647,0.16345829694321168,0.0,0.11651844532279321
r1bqk2r/5ppp/p1np1b2/1p1Np3/4P3/N7/PPP2PPP/R2QKB1R w KQkq -,2200-2399,2,1356,c2c4,0.55625,c2c4,0.79425,False,c2c4,c2c3,False,True,False,True,False,0.79425,0.20575,0.002959403248201168,0.02467196930803885,0.0,0.021702261306532633
r1bqk2r/p4pp1/2p2n1p/n1b1N3/4p3/8/PPPPBPPP/RNBQK2R w KQkq -,2200-2399,2,21,e1g1,0.7,e1g1,0.83045,True,c2c3,e1g1,False,False,True,False,True,0.16955,0.83045,0.19254909538486262,0.01747672675341906,0.19999999999999996,0.0
r1bqk2r/pp4pp/2nbpn2/3p4/3P4/3B1N2/PP1N1PPP/R1BQ1RK1 w kq -,2200-2399,2,35,f1e1,0.6739130434782609,f1e1,0.90435,True,f1e1,f1e1,True,True,True,True,True,0.90435,0.90435,0.006977813894335858,0.006977813894335858,0.0,0.0
r1bqk2r/pp4pp/2nbpn2/3p4/3P4/3B1N2/PP2NPPP/R1BQK2R w KQkq -,2200-2399,2,339,e1g1,0.5288461538461539,e1g1,0.9993,True,e1g1,e1g1,True,True,True,True,True,0.9993,0.9993,1.5126613223020255e-05,1.5126613223020255e-05,0.0,0.0
r1bqkb1r/5p1p/p1np4/1p1Npp2/4P3/N7/PPP2PPP/R2QKB1R w KQkq -,2200-2399,4,569,c2c3,0.6198347107438017,c2c3,0.9777,True,f1d3,f1b5,False,False,False,False,False,0.0012,0.0123,0.14725273703990244,0.17284189631325952,0.14826280438928663,0.17539026629935728
r1bqkb1r/5ppp/p1np1n2/1p1Np3/4P3/N7/PPPB1PPP/R2QKB1R w KQkq -,2200-2399,2,55,c2c4,0.6538461538461539,c2c4,0.75575,False,c2c4,c2c4,True,True,True,True,True,0.75575,0.75575,0.020827528245393315,0.020827528245393315,0.0,0.0
r1bqkb1r/p2n1p2/2p1pn2/1p2P1B1/2pP4/2N5/PP3PPP/R2QKB1R w KQkq -,2200-2399,2,282,e5f6|g2g3,0.5035460992907801,g2g3,0.503,False,g2g3,g2g3,True,True,True,True,True,0.503,0.503,0.022285789722528728,0.022285789722528728,0.0,0.0
r1bqnrk1/ppp1n1bp/3p2p1/2PPpp2/1P2P3/2N2N2/P3BPPP/R1BQ1RK1 w - f6,2200-2399,3,69,a2a4,0.75,a2a4,0.9091,True,f3g5,f3d2,False,False,False,False,False,0.0495,0.0414,0.24797814797036236,0.24334523212252157,0.2717391304347826,0.2647058823529412
r1bqnrk1/ppp1n1bp/3p2p1/3Ppp2/1PP1P3/2N5/P2NBPPP/R1BQ1RK1 w - f6,2200-2399,3,67,a2a4,0.6904761904761905,a2a4,0.8078,True,a2a4,c4c5,False,True,False,True,False,0.8078,0.1288,0.013329204875961764,0.14467307734625856,0.0,0.14360119047619047
r1bqnrk1/ppp1n1bp/3p2p1/3Ppp2/2P1P3/2N1BP2/PP2B1PP/R2QNRK1 b - -,2200-2399,2,224,f5f4,0.5616113744075829,f5f4,0.84785,True,e8f6,f5f4,False,False,True,False,True,0.15215,0.84785,0.1410318418436269,0.009935094666556881,0.13853445133065984,0.0
r1bqnrk1/ppp1n1bp/3p2p1/3Ppp2/2P1P3/2NN4/PP2BPPP/R1BQ1RK1 w - f6,2200-2399,4,136,e4f5,0.65,e4f5,0.5866,False,f2f4,f2f3,False,False,False,False,False,0.33985,0.0486,0.09679407232903986,0.20648717651250723,0.061764705882352944,0.1803030303030303
r1bqr1k1/pp1n1pp1/2pb1n1p/3p4/3P3B/2NBP3/PPQ1NPPP/R3K2R w KQ -,2200-2399,2,31,e1c1,0.6470588235294118,e1c1,0.9491,True,h4g3,h4g3,True,False,False,False,False,0.0509,0.0509,0.2703798984337119,0.2703798984337119,0.28991596638655465,0.28991596638655465
r1bqr1k1/pp1n1pp1/2pb1n1p/3p4/3P3B/2NBPN2/PPQ2PPP/R3K2R w KQ -,2200-2399,2,95,e1g1,0.5,e1g1,0.577,False,e1c1,e1g1,False,False,True,False,True,0.423,0.577,0.05634875726200919,0.035175662121523114,0.022727272727272707,0.0
r1bqr1k1/pp1nbpp1/2p2n1p/3p4/3P3B/2NBP3/PPQ1NPPP/R3K2R w KQ -,2200-2399,3,145,f2f3,0.7580645161290323,f2f3,0.91455,True,e1g1,e1g1,True,False,False,False,False,0.03145,0.03145,0.15673695157145817,0.15673695157145817,0.16431451612903225,0.16431451612903225
r1bqr1k1/pp1nbpp1/2p2n1p/3p4/3P3B/2NBPN2/PPQ2PPP/R3K2R w KQ -,2200-2399,3,146,e1g1,0.6045454545454545,e1g1,0.85725,True,e1g1,e1g1,True,True,True,True,True,0.85725,0.85725,0.008141809558661617,0.008141809558661617,0.0,0.0
r1bqrnk1/pp2bppp/2p2n2/3p2B1/3P4/2NBP3/PPQ1NPPP/R4RK1 w - -,2200-2399,4,168,a1b1,0.6875,a1b1,0.6915,False,f2f3,f2f3,True,False,False,False,False,0.02905,0.02905,0.16613314493345685,0.16613314493345685,0.15808823529411764,0.15808823529411764
r1bqrnk1/pp2bppp/2p2n2/3p2B1/3P4/2NBPN2/PPQ2PPP/R4RK1 w - -,2200-2399,5,264,h2h3,0.5723684210526315,h2h3,0.4655,False,a1e1,h2h3,False,False,True,False,True,0.1678,0.4655,0.10851330095047192,0.037423160577452444,0.07236842105263153,0.0
r1q2rk1/pp2bppp/2n1pn2/3p4/3P1Bb1/1QPB1N2/PP1N1PPP/R4RK1 w - -,2200-2399,3,78,a1e1,0.6875,a1e1,0.67865,False,f1e1,a1e1,False,False,True,False,True,0.27265,0.67865,0.08265222440629454,0.02107286832108728,0.0625,0.0
r2q1rk1/1b1nppbp/pp1p1np1/2p5/P2P1B2/2P1PN1P/1P1NBPP1/R2Q1RK1 w - -,2200-2399,3,142,d1b3,0.6363636363636364,d1b3,0.9126,True,f1e1,f1e1,True,False,False,False,False,0.01525,0.01525,0.2567919876862988,0.2567919876862988,0.2679425837320574,0.2679425837320574
r2q1rk1/1p1bppbp/p1np1np1/8/2PNP3/2N1B3/PP2BPPP/2RQ1RK1 w - -,2200-2399,2,22,f2f3,0.8181818181818182,f2f3,0.94215,True,f2f3,d1d2,False,True,False,True,False,0.94215,0.05785,0.003528732660439104,0.2443700945376685,0.0,0.2727272727272728
r2q1rk1/1p1bppbp/p1np1np1/8/2PNP3/2N1BP2/PP2B1PP/R2Q1RK1 w - -,2200-2399,2,76,a1c1,0.53125,a1c1,0.5186,False,d1d2,d1d2,True,False,False,False,False,0.4814,0.4814,0.050452759243717234,0.050452759243717234,0.006249999999999978,0.006249999999999978
r2q1rk1/1p1nbppp/p2pbn2/4p3/4P3/1NN1BP2/PPPQ2PP/2KR1B1R w - -,2200-2399,2,257,g2g4,0.4957627118644068,g2g4,0.7262,False,c1b1,g2g4,False,False,True,False,True,0.2738,0.7262,0.08162462276883452,0.018262566331607583,0.06719128329297824,0.0
r2q1rk1/2p2ppp/p1n1b3/1pbpP3/4n3/1BP2N2/PP1N1PPP/R1BQ1RK1 w - -,2200-2399,2,60,d1e2,0.6538461538461539,d1e2,0.98045,True,d1e2,b3c2,False,True,False,True,False,0.98045,0.01955,0.001015275707505131,0.28326577553345333,0.0,0.3027823240589198
r2q1rk1/3nppbp/b2p1np1/2pP4/8/2N2NP1/PP2PPBP/R1BQ1RK1 w - -,2200-2399,4,229,a1b1,0.625,a1b1,0.5895,False,a1b1,a1b1,True,True,True,True,True,0.5895,0.5895,0.024682868020920793,0.024682868020920793,0.0,0.0
r2q1rk1/p1pb1ppp/2p5/2bpP3/3Nn3/4B3/PPP2PPP/RN1Q1RK1 w - -,2200-2399,2,62,f2f3,0.4418604651162791,f2f3,0.5545,False,f2f3,f2f3,True,True,True,True,True,0.5545,0.5545,0.042832474205473155,0.042832474205473155,0.0,0.0
r2q1rk1/pb1nbppp/1pp1pn2/8/2PPN3/5NP1/PPQ2PBP/R1B2RK1 w - -,2200-2399,2,97,f1d1,0.6602564102564102,f1d1,0.70465,False,f1d1,f1d1,True,True,True,True,True,0.70465,0.70465,0.019277192739091408,0.019277192739091408,0.0,0.0
r2q1rk1/pp1bppbp/3p1np1/4n3/3NP3/1BN1BP2/PPPQ2PP/R3K2R w KQ -,2200-2399,2,83,e1c1,0.5446428571428571,e1c1,0.94245,True,e1c1,e1c1,True,True,True,True,True,0.94245,0.94245,0.0026253952845976354,0.0026253952845976354,0.0,0.0
r2q1rk1/pp1bppbp/3p1np1/8/2PBP3/2N2P2/PP1QB1PP/R3K2R b KQ -,2200-2399,2,108,d7c6,0.5272727272727272,d7c6,0.8025,True,a7a5,a7a5,True,False,False,False,False,0.1975,0.1975,0.08365127071050367,0.08365127071050367,0.07444253859348193,0.07444253859348193
r2q1rk1/pp1bppbp/3p1np1/8/2PBP3/2N2P2/PP2B1PP/R2Q1RK1 b - -,2200-2399,2,127,a7a5,0.49137931034482757,a7a5,0.87385,True,a7a5,a7a5,True,True,True,True,True,0.87385,0.87385,0.004857944145802264,0.004857944145802264,0.0,0.0
r2q1rk1/pp1bppbp/3p1np1/8/2PBP3/2N5/PP2BPPP/R2Q1RK1 w - -,2200-2399,3,52,a1c1,0.6818181818181818,a1c1,0.8682,True,d1d2,f2f3,False,False,False,False,False,0.1162,0.0156,0.18615664888644493,0.3309350206623116,0.2003367003367003,0.3603896103896103
r2q1rk1/pp1n1ppp/2pb1p2/7b/3P4/2PB1N1P/PP3PP1/R1BQ1RK1 w - -,2200-2399,2,38,c1e3,0.6,c1e3,0.89785,True,f1e1,f1e1,True,False,False,False,False,0.10215,0.10215,0.21361917826523255,0.21361917826523255,0.22499999999999998,0.22499999999999998
r2q1rk1/pp1nbpp1/2p1bn1p/3p4/3P3B/2NBP3/PPQ1NPPP/R3K2R w KQ -,2200-2399,2,37,e2f4,0.7,e2f4,0.71955,False,e2f4,e2f4,True,True,True,True,True,0.71955,0.71955,0.029014436452295844,0.029014436452295844,0.0,0.0
r2q1rk1/pp1nbppp/2p2n2/3p2B1/3P4/2NQPN2/PP3PPP/R4RK1 w - -,2200-2399,2,55,a2a3,0.4642857142857143,a2a3,0.68635,False,a2a3,a2a3,True,True,True,True,True,0.68635,0.68635,0.02542973213432557,0.02542973213432557,0.0,0.0
r2q1rk1/pp2bppp/2bppn2/6B1/3QP3/2N2N2/PPP2PPP/2KRR3 w - -,2200-2399,4,112,d4d3,0.6666666666666666,d4d3,0.4217,False,d4d2,e4e5,False,False,False,False,False,0.1642,0.295,0.12253445101698085,0.09964167947057177,0.06321839080459768,0.033333333333333326
r2q1rk1/pp2bppp/2n1bn2/3pN1B1/2pP4/2N3P1/PP2PPBP/R2Q1RK1 w - -,2200-2399,4,136,b2b3,0.6111111111111112,b2b3,0.4909,False,b2b3,f2f4,False,True,False,True,False,0.4909,0.0916,0.050804147538078395,0.14535594215593584,0.0,0.09795321637426901
r2q1rk1/pp2ppbp/2n3p1/2p5/2BPP1b1/2P1BP2/P3N1PP/R2Q1RK1 b - -,2200-2399,3,184,c6a5,0.6048387096774194,c6a5,0.7865,False,c6a5,c5d4,False,True,False,True,False,0.7865,0.12785,0.009533409744435055,0.10153264150123807,0.0,0.09396914446002802
r2q1rk1/pp2ppbp/3pbnp1/8/2BBP3/2N2P2/PPPQ2PP/R3K2R w KQ -,2200-2399,2,37,c4e6,0.6153846153846154,c4e6,0.838,True,c4e6,c4e6,True,True,True,True,True,0.838,0.838,0.013099625865089165,0.013099625865089165,0.0,0.0
r2q1rk1/pp2ppbp/3pbnp1/8/2PBP3/2N2P2/PP1Q2PP/R3KB1R w KQ -,2200-2399,2,54,a1c1,0.5666666666666667,a1c1,0.69825,False,a1c1,f1e2,False,True,False,True,False,0.69825,0.30175,0.023169277685894,0.08401650902122035,0.0,0.06666666666666665
r2q1rk1/pp2ppbp/3pbnp1/8/2PBP3/2N5/PP2BPPP/R2Q1RK1 w - -,2200-2399,4,106,a1c1,0.6630434782608695,a1c1,0.56715,False,d1d2,b2b3,False,False,False,False,False,0.0035,0.04215,0.2825251251572308,0.1938077065156395,0.25828157349896474,0.1630434782608695
r2q1rk1/pp2ppbp/3pbnp1/8/3BP1P1/2N2P2/PPPQ3P/R3KB1R w KQ -,2200-2399,3,85,h2h4,0.5098039215686274,h2h4,0.4971,False,c3d5,h2h4,False,False,True,False,True,0.46605,0.4971,0.05938837015877187,0.0522958247903569,0.009803921568627416,0.0
r2q1rk1/pp3ppp/2n1bn2/2bp2B1/8/2N2NP1/PP2PPBP/R2Q1RK1 w - -,2200-2399,3,67,g5f6,0.6666666666666666,g5f6,0.5305,False,a1c1,g5f6,False,False,True,False,True,0.44465,0.5305,0.053719177269190094,0.04288044753486504,0.01388888888888884,0.0
r2q1rk1/ppp2ppp/1nnp1b2/8/2PP2b1/1PN1BN2/P3BPPP/R2Q1RK1 b - -,2200-2399,2,30,d6d5,0.7058823529411765,d6d5,0.92095,True,f8e8,d6d5,False,False,True,False,True,0.07905,0.92095,0.22855174561608937,0.005608602622630479,0.24434389140271495,0.0
r2qk2r/1p1nbpp1/p2pbn2/4p2p/4P3/1NN1BP2/PPPQ2PP/2KR1B1R w kq -,2200-2399,2,43,c1b1,0.546875,c1b1,0.9457,True,c1b1,c1b1,True,True,True,True,True,0.9457,0.9457,0.003686264819488802,0.003686264819488802,0.0,0.0
r2qk2r/1p3ppp/p1nbpn2/3p4/3P1B2/2NQPN2/PP3PPP/R4RK1 w kq -,2200-2399,2,43,f4d6,0.5652173913043478,f4d6,0.6874,False,f4d6,f4d6,True,True,True,True,True,0.6874,0.6874,0.02500212991427623,0.02500212991427623,0.0,0.0
r2qk2r/3nppbp/3p1np1/2pP4/4P3/2N3P1/PP3PKP/R1BQ2NR w kq -,2200-2399,2,53,g1f3,0.5853658536585366,g1f3,0.9935,True,g1e2,g1f3,False,False,True,False,True,0.0065,0.9935,0.34316027433750096,0.0003277510291029323,0.3770325203252032,0.0
r2qk2r/p1pb1ppp/1bp5/3pP3/3Nn3/4B3/PPP2PPP/RN1Q1RK1 w kq -,2200-2399,2,50,b1d2,0.4375,b1d2,0.6612,False,f2f3,b1d2,False,False,True,False,True,0.3388,0.6612,0.08596466792776705,0.02948036158917431,0.05514705882352944,0.0
r2qk2r/p1pb1ppp/2p5/2bpP1n1/3N4/5P2/PPP3PP/RNBQ1RK1 w kq -,2200-2399,2,239,c1e3,0.6358695652173914,c1e3,0.935,True,f3f4,f3f4,True,False,False,False,False,0.065,0.065,0.09489629930764837,0.09489629930764837,0.09505323868677906,0.09505323868677906
r2qk2r/p1pbbppp/2p5/2npP3/3N4/5P2/PPP3PP/RNBQ1RK1 w kq -,2200-2399,2,33,f3f4,0.5454545454545454,f3f4,0.6024,False,f3f4,f3f4,True,True,True,True,True,0.6024,0.6024,0.045772096803420904,0.045772096803420904,0.0,0.0
r2qk2r/pp2bppp/2n1b3/3pPp2/3P4/2N2N2/PP3PPP/R1BQ1RK1 w kq -,2200-2399,2,30,c1e3,0.7307692307692307,c1e3,0.93315,True,a2a3,c1e3,False,False,True,False,True,0.06685,0.93315,0.2381928352290267,0.004882909252636039,0.2601809954751131,0.0
r2qkb1r/1b1n1ppp/p3pn2/1pp5/3PP3/2NB1N2/PP3PPP/R1BQ1RK1 w kq -,2200-2399,2,49,d4d5,0.6805555555555556,d4d5,0.6822,False,d4d5,d4d5,True,True,True,True,True,0.6822,0.6822,0.027282481016892735,0.027282481016892735,0.0,0.0
r2qkb1r/1b3ppp/pn1ppn2/1p6/3NP1P1/2N1BP2/PPPQ3P/2KR1B1R w kq -,2200-2399,2,40,g4g5,0.625,g4g5,0.8816,True,g4g5,g4g5,True,True,True,True,True,0.8816,0.8816,0.008280088598209721,0.008280088598209721,0.0,0.0
r2qkb1r/pQ3ppp/4p3/1n1n4/8/2N2P2/PP3P1P/R1B1K2R w KQkq -,2200-2399,2,168,b7c6,0.5067567567567568,b7c6,0.8443,True,b7c6,b7c6,True,True,True,True,True,0.8443,0.8443,0.008460585260067082,0.008460585260067082,0.0,0.0
r2qkb1r/pp1nppp1/2p2n1p/7P/3P4/3Q1NN1/PPP2PP1/R1B1K2R w KQkq -,2200-2399,2,280,c1f4,0.6261682242990654,c1f4,0.8178,True,c1f4,c1f4,True,True,True,True,True,0.8178,0.8178,0.005623530640602012,0.005623530640602012,0.0,0.0
r2qkb1r/pp3ppp/2p1pn2/7b/3P4/2PB1N1P/PP3PP1/R1BQK2R w KQkq -,2200-2399,4,44,g2g4,0.5454545454545454,g2g4,0.50565,False,e1g1,e1g1,True,False,False,False,False,0.32805,0.32805,0.10534512336723378,0.10534512336723378,0.045454545454545414,0.045454545454545414
r2qkbnr/pp1n1pp1/2p1p2p/7P/3P4/3Q1NN1/PPP2PP1/R1B1K2R w KQkq -,2200-2399,2,942,c1d2,0.5387722132471728,c1d2,0.89295,True,c1f4,c1d2,False,False,True,False,True,0.10705,0.89295,0.0416892231225095,0.001697324590171672,0.04032020086327193,0.0
r2qr1k1/1bp1bppp/p1np1n2/1p2p3/3PP3/1BP2N1P/PP3PP1/RNBQR1K1 w - -,2200-2399,3,221,f3g5,0.6063829787234043,f3g5,0.7698,False,b1d2,f3g5,False,False,True,False,True,0.088,0.7698,0.10195700458082567,0.013797331118421125,0.09104555541052084,0.0
r3k2r/p1ppqpbp/b1p3p1/3nP3/2P5/1P6/PB2QPPP/RN2KB1R w KQkq -,2200-2399,2,38,b1d2,0.4772727272727273,b1d2,0.68055,False,g2g3,g2g3,True,False,False,False,False,0.31945,0.31945,0.0933764972748441,0.0933764972748441,0.07102272727272729,0.07102272727272729
r3k2r/ppp2ppp/2n1bP2/2b2qN1/2pp4/2N5/PPP2PPP/R1BQR1K1 w kq -,2200-2399,2,54,c3e4,0.45348837209302323,c3e4,0.9235,True,g2g4,c3e4,False,False,True,False,True,0.0765,0.9235,0.19939854705145385,0.005260526855594617,0.22621564482029596,0.0
r3kbnr/1p1b1ppp/p3p3/3pP3/3q4/2NB4/PP3PPP/R1BQ1RK1 w kq -,2200-2399,5,150,d1f3,0.6896551724137931,d1f3,0.66465,False,c1e3,f1e1,False,False,False,False,False,0.0123,0.0029,0.29233937370143626,0.34434342407621454,0.27789046653144023,0.332512315270936
r4rk1/1bqnbppp/pp1ppn2/8/2PNP3/2N1BP2/PP1QB1PP/2R2RK1 w - -,2200-2399,2,90,b2b4,0.6363636363636364,b2b4,0.8544,True,b2b4,b2b4,True,True,True,True,True,0.8544,0.8544,0.010836663612762741,0.010836663612762741,0.0,0.0
r4rk1/pp1bppbp/2np1np1/q7/2BNP3/2N1BP2/PPPQ2PP/2KR3R w - -,2200-2399,2,83,c1b1,0.5263157894736842,c1b1,0.5882,False,c4b3,c4b3,True,False,False,False,False,0.4118,0.4118,0.05671330695908857,0.05671330695908857,0.02631578947368418,0.02631578947368418
r4rk1/pp1bppbp/2np1np1/q7/3NP3/1BN1B2P/PPP2PP1/R2Q1RK1 w - -,2200-2399,3,234,f1e1,0.6045454545454545,f1e1,0.6892,False,f2f4,f1e1,False,False,True,False,True,0.16145,0.6892,0.06642904717933688,0.014683628835813872,0.05216450216450208,0.0
r4rk1/pp1qppbp/2np1np1/8/2PNP3/2N1BP2/PP4PP/R2QK2R w KQ -,2200-2399,3,145,d1d2,0.75,d1d2,0.79835,False,a1c1,e1g1,False,False,False,False,False,0.1984,0.00325,0.1157532808161986,0.24235130548257838,0.11764705882352944,0.25
r4rk1/pp3ppp/2nqpn2/3p4/3P2b1/2PB1N2/PP1N1PPP/R2Q1RK1 w - -,2200-2399,3,72,d1e1,0.7692307692307693,d1e1,0.96735,True,d1e1,f1e1,False,True,False,True,False,0.96735,0.00095,0.0015813202590266532,0.3138584543943414,0.0,0.3298368298368299
r4rk1/ppp2ppp/2n2n2/3q4/3P2b1/2P2N2/P3BPPP/R1BQ1RK1 w - -,2200-2399,2,23,h2h3,0.5833333333333334,h2h3,0.8707,True,h2h3,h2h3,True,True,True,True,True,0.8707,0.8707,0.010848246124283346,0.010848246124283346,0.0,0.0
r4rk1/ppqn1ppp/2pb1n2/3p2B1/3P2b1/2PB1N2/PPQN1PPP/R4RK1 w - -,2200-2399,4,104,h2h3,0.6666666666666666,h2h3,0.80555,True,a1e1,h2h3,False,False,True,False,True,0.11685,0.80555,0.1634554330692193,0.015172574146192785,0.16666666666666663,0.0
rn1q1rk1/1p2bppp/3pbn2/p3p3/4P3/1NN1BP2/PPPQ2PP/2KR1B1R w - -,2200-2399,3,94,c1b1,0.5,c1b1,0.4055,False,f1b5,a2a4,False,False,False,False,False,0.29715,0.29735,0.0798995976325883,0.0774910620922559,0.01470588235294118,0.011363636363636354
rn1q1rk1/1p2bppp/p2pbn2/8/4Pp2/1NN1B3/PPP1B1PP/R2Q1RK1 w - -,2200-2399,2,24,e3f4,0.5,e3f4,0.7682,False,f1f4,e3f4,False,False,True,False,True,0.2318,0.7682,0.15469147647031137,0.02403777453998105,0.15000000000000002,0.0
rn1q1rk1/1p3pbp/p2p1np1/2pP4/P3P1b1/2N2N2/1P2BPPP/R1BQ1RK1 w - -,2200-2399,3,49,c1f4,0.5769230769230769,c1f4,0.75475,False,f3d2,c1f4,False,False,True,False,True,0.1813,0.75475,0.14466640294834154,0.021831188851454856,0.13461538461538458,0.0
rn1q1rk1/4ppbp/3p1np1/2pP4/4P3/2N2NP1/PP3PKP/R1BQ3R b - -,2200-2399,4,222,d8a5,0.5909090909090909,d8a5,0.39975,False,b8d7,d8b6,False,False,False,False,False,0.0006,0.2589,0.2638190442534663,0.11796440131276831,0.20037654653039272,0.04924242424242431
rn1q1rk1/4ppbp/3p1np1/2pP4/4P3/2N3P1/PP3PKP/R1BQ2NR w - -,2200-2399,2,156,g1f3,0.5813953488372093,g1f3,0.53165,False,g1f3,g1f3,True,True,True,True,True,0.53165,0.53165,0.03363038026497333,0.03363038026497333,0.0,0.0
rn1qkb1r/pp3pp1/2p1pn1p/7P/3P4/3Q1NN1/PPP2PP1/R1B1K2R w KQkq -,2200-2399,2,171,c1d2,0.47685185185185186,c1d2,0.54815,False,c1d2,c1d2,True,True,True,True,True,0.54815,0.54815,0.02506640779751604,0.02506640779751604,0.0,0.0
rnb1kb1r/1p3pp1/p2ppn1p/8/3NPP1B/q1N5/P1PQ2PP/1R2KB1R w Kkq -,2200-2399,3,102,h4f6,0.6428571428571429,h4f6,0.5837,False,f4f5,e4e5,False,False,False,False,False,0.4144,0.0019,0.06965980191633103,0.28238785991590337,0.02922077922077926,0.2530266343825666
rnb2rk1/p1p1qpp1/1p5p/3p4/3P4/4PN2/PP3PPP/R2QKB1R w KQ -,2200-2399,2,51,f1d3,0.43103448275862066,f1d3,0.5684,False,a1c1,a1c1,True,False,False,False,False,0.4316,0.4316,0.060918098232865724,0.060918098232865724,0.021943573667711547,0.021943573667711547
rnb2rk1/pp2ppbp/6p1/q7/3PP3/5N2/P3BPPP/1RBQK2R w K -,2200-2399,2,152,d1d2,0.4491525423728814,d1d2,0.9227,True,c1d2,c1d2,True,False,False,False,False,0.0773,0.0773,0.10141477263682114,0.10141477263682114,0.09969017678148351,0.09969017678148351
rnb2rk1/ppp1qpp1/7p/3p4/3P4/2P1PN2/P4PPP/R2QKB1R w KQ -,2200-2399,2,42,d1b3,0.46,d1b3,0.63015,False,d1b3,f1d3,False,True,False,True,False,0.63015,0.36985,0.03453142292398397,0.07868988816368312,0.0,0.0482352941176471
rnbq1k1r/pp3pp1/4p2p/2ppP3/3P2Q1/2PB4/P1PK1PPP/R5NR w - c6,2200-2399,2,75,g1f3,0.44642857142857145,g1f3,0.61565,False,h2h4,h2h4,True,False,False,False,False,0.38435,0.38435,0.06148019481160962,0.06148019481160962,0.03153495440729487,0.03153495440729487
rnbq1rk1/p4pbp/3p2p1/1BpP4/4n3/2N2N1P/PP3PP1/R1BQK2R w KQ -,2200-2399,2,109,c3e4,0.51010101010101,c3e4,0.76935,False,e1g1,c3e4,False,False,True,False,True,0.23065,0.76935,0.11525769445323367,0.018018610236276034,0.11010101010101003,0.0
rnbq1rk1/pp3ppp/4p3/8/3PP3/5N2/P2Q1PPP/R3KB1R w KQ -,2200-2399,4,605,f1c4,0.5393586005830904,f1c4,0.5807,False,f1b5,f1d3,False,False,False,False,False,0.1271,0.25595,0.10406933408125983,0.039653109279325485,0.09108273851412485,0.023973985198475045
rnbqk2r/1p2ppb1/p2p3p/4n1p1/3NP3/2N3BP/PPP2PP1/R2QKB1R w KQkq -,2200-2399,2,33,f2f3,0.675,f2f3,0.7385,False,d4f5,d4f5,True,False,False,False,False,0.2615,0.2615,0.12012765174345932,0.12012765174345932,0.09807692307692317,0.09807692307692317
rnbqr1k1/1p3pbp/p2p1np1/2pP4/P7/2N2NP1/1P2PPBP/R1BQ1RK1 w - -,2200-2399,3,176,c1f4,0.6027397260273972,c1f4,0.63085,False,c1f4,c1f4,True,True,True,True,True,0.63085,0.63085,0.01872246054062723,0.01872246054062723,0.0,0.0
