fen,rating_bucket,move_uci,observations,empirical_score,posterior_mean_score,probability_best,maia_expected_score,stockfish_expected_score,is_maia_choice,is_stockfish_choice
1rbq1rk1/p3ppbp/2Bp1np1/8/2P5/2N3P1/PP2PP1P/R1BQ1RK1 w - -,1400-1599,b2b3,18,0.4722222222222222,0.474563972851714,0.28925,0.6004831708247999,0.509,False,False
1rbq1rk1/p3ppbp/2Bp1np1/8/2P5/2N3P1/PP2PP1P/R1BQ1RK1 w - -,1400-1599,c6g2,28,0.5535714285714286,0.55084009397473,0.71075,0.6489877027270383,0.589,True,True
2bq1rk1/rpp2pp1/p1np1n1p/4p3/2B1P3/P1NP1N1P/1PP2PP1/R2Q1RK1 w - -,1400-1599,c3d5,26,0.5,0.49971786563245296,0.5012,0.4820225363489163,0.4745,False,False
2bq1rk1/rpp2pp1/p1np1n1p/4p3/2B1P3/P1NP1N1P/1PP2PP1/R2Q1RK1 w - -,1400-1599,f3h2,18,0.5,0.5000399728347148,0.4988,0.5078313953154949,0.499,True,True
2kr1b1r/1pp2ppp/p1p2n2/8/6b1/5N2/PPPP1PPP/RNB1RK2 w - -,1400-1599,d2d3,16,0.3125,0.32843147617572943,0.10405,0.294555731779709,0.418,False,False
2kr1b1r/1pp2ppp/p1p2n2/8/6b1/5N2/PPPP1PPP/RNB1RK2 w - -,1400-1599,f3e5,51,0.39215686274509803,0.39529167797890036,0.1902,0.438765616749564,0.4875,True,True
2kr1b1r/1pp2ppp/p1p2n2/8/6b1/5N2/PPPP1PPP/RNB1RK2 w - -,1400-1599,f3g5,11,0.5,0.500704212972477,0.70575,0.41562345975599835,0.485,False,False
2kr1bnr/1pp2ppp/p1p5/8/8/5K1P/PPPP1PP1/RNB4R w - -,1400-1599,b1c3,50,0.51,0.5099327984636379,0.14365,0.5208929524723376,0.4965,False,False
2kr1bnr/1pp2ppp/p1p5/8/8/5K1P/PPPP1PP1/RNB4R w - -,1400-1599,d2d3,100,0.495,0.4944547686215329,0.0672,0.47444330436648213,0.498,False,True
2kr1bnr/1pp2ppp/p1p5/8/8/5K1P/PPPP1PP1/RNB4R w - -,1400-1599,f3g3,15,0.5666666666666667,0.5606186180578533,0.4618,0.3182628306668607,0.032,False,False
2kr1bnr/1pp2ppp/p1p5/8/8/5K1P/PPPP1PP1/RNB4R w - -,1400-1599,g2g3,11,0.5,0.5009102708630684,0.2285,0.2926477419661013,0.497,False,False
2kr1bnr/1pp2ppp/p1p5/8/8/5K1P/PPPP1PP1/RNB4R w - -,1400-1599,h1e1,94,0.5053191489361702,0.50552920983267,0.09885,0.5899777400591086,0.495,True,False
2rq1rk1/pp1bppbp/2np1np1/8/2BNP3/2N1BP2/PPPQ2PP/2KR3R w - -,1400-1599,c1b1,12,0.5416666666666666,0.5379236344515586,0.22085,0.4845893791788934,0.0005,False,False
2rq1rk1/pp1bppbp/2np1np1/8/2BNP3/2N1BP2/PPPQ2PP/2KR3R w - -,1400-1599,c4b3,115,0.6434782608695652,0.6415332760257169,0.7731,0.8078343777494917,0.5875,True,True
2rq1rk1/pp1bppbp/2np1np1/8/2BNP3/2N1BP2/PPPQ2PP/2KR3R w - -,1400-1599,h2h4,11,0.2727272727272727,0.29936766215216987,0.00605,0.39026377402556184,0.0,False,False
r1b1k1nr/pppp2pp/5p2/8/8/2B5/PPP1BPPP/R3K2R w KQkq -,1400-1599,e1c1,136,0.5698529411764706,0.5689767179693223,0.4098,0.7881237305630256,0.5405,True,True
r1b1k1nr/pppp2pp/5p2/8/8/2B5/PPP1BPPP/R3K2R w KQkq -,1400-1599,e1g1,89,0.5224719101123596,0.5222265255432644,0.1166,0.6575619366865236,0.4985,False,False
r1b1k1nr/pppp2pp/5p2/8/8/2B5/PPP1BPPP/R3K2R w KQkq -,1400-1599,e2h5,27,0.5740740740740741,0.5701492929968573,0.4736,0.5644265907287264,0.5045,False,False
r1b1k2r/4qppp/p1np1n2/1p2p1B1/4P3/N7/PPP2PPP/R2QKB1R w KQkq -,1400-1599,c2c3,40,0.4375,0.44025902046667353,0.01865,0.37665082850575315,0.512,False,True
r1b1k2r/4qppp/p1np1n2/1p2p1B1/4P3/N7/PPP2PPP/R2QKB1R w KQkq -,1400-1599,c2c4,33,0.5757575757575758,0.5728311059292381,0.3242,0.5607830518939368,0.5095,True,False
r1b1k2r/4qppp/p1np1n2/1p2p1B1/4P3/N7/PPP2PPP/R2QKB1R w KQkq -,1400-1599,d1d2,10,0.4,0.4129404133793911,0.06785,0.37566084211006656,0.4925,False,False
r1b1k2r/4qppp/p1np1n2/1p2p1B1/4P3/N7/PPP2PPP/R2QKB1R w KQkq -,1400-1599,f1d3,29,0.603448275862069,0.5983119321933718,0.4777,0.4694597128144522,0.502,False,False
r1b1k2r/4qppp/p1np1n2/1p2p1B1/4P3/N7/PPP2PPP/R2QKB1R w KQkq -,1400-1599,f1e2,15,0.4666666666666667,0.4714343116440233,0.1116,0.4226095989089716,0.498,False,False
r1b1k2r/p2pqppp/4p3/3pP3/8/8/PPP2PPP/R2QKB1R w KQkq -,1400-1599,d1d4,10,0.55,0.5429299575611333,0.7186,0.4621920003632101,0.491,False,True
r1b1k2r/p2pqppp/4p3/3pP3/8/8/PPP2PPP/R2QKB1R w KQkq -,1400-1599,d1g4,13,0.3076923076923077,0.32706294715968987,0.07015,0.4736935956312098,0.49,True,False
r1b1k2r/p2pqppp/4p3/3pP3/8/8/PPP2PPP/R2QKB1R w KQkq -,1400-1599,f1b5,29,0.3793103448275862,0.38522862182595796,0.08825,0.10160751104647042,0.0,False,False
r1b1k2r/p2pqppp/4p3/3pP3/8/8/PPP2PPP/R2QKB1R w KQkq -,1400-1599,f1d3,66,0.4166666666666667,0.4182601111676089,0.123,0.21265410158895987,0.047,False,False
r1b1k2r/pp1n1ppp/1qn1p3/3pP3/3P4/3B1N2/PP1QNPPP/R3K2R b KQkq -,1400-1599,b6b4,12,0.6666666666666666,0.6477256708562612,0.9793,0.5938767923073097,0.2025,True,False
r1b1k2r/pp1n1ppp/1qn1p3/3pP3/3P4/3B1N2/PP1QNPPP/R3K2R b KQkq -,1400-1599,e8g8,14,0.2857142857142857,0.3062746082323914,0.0207,0.4614618155112513,0.3295,False,True
r1b1k2r/pp2bppp/1qn1p3/3pP3/1P1P4/P3PN2/6PP/RN1QKB1R w KQkq -,1400-1599,b1c3,23,0.782608695652174,0.7646670739555136,0.9169,0.6185503652865855,0.5725,False,True
r1b1k2r/pp2bppp/1qn1p3/3pP3/1P1P4/P3PN2/6PP/RN1QKB1R w KQkq -,1400-1599,f1d3,25,0.6,0.5932003885552887,0.08035,0.8304713091964001,0.57,True,False
r1b1k2r/pp2bppp/1qn1p3/3pP3/1P1P4/P3PN2/6PP/RN1QKB1R w KQkq -,1400-1599,f1e2,15,0.36666666666666664,0.37794123238904415,0.00275,0.6009580711057032,0.511,False,False
r1b1k2r/pp2bppp/1qn1p3/3pPn2/3P4/P1N2N2/1P2BPPP/R1BQ1RK1 w kq -,1400-1599,b2b4,13,0.3076923076923077,0.3281884731325566,0.0114,0.3713665860178466,0.244,False,False
r1b1k2r/pp2bppp/1qn1p3/3pPn2/3P4/P1N2N2/1P2BPPP/R1BQ1RK1 w kq -,1400-1599,c1e3,19,0.5263157894736842,0.524625001319049,0.2562,0.8469491223628004,0.634,True,False
r1b1k2r/pp2bppp/1qn1p3/3pPn2/3P4/P1N2N2/1P2BPPP/R1BQ1RK1 w kq -,1400-1599,c3a4,41,0.5609756097560976,0.559380302992735,0.3431,0.8247937042711193,0.735,False,True
r1b1k2r/pp2bppp/1qn1p3/3pPn2/3P4/P1N2N2/1P2BPPP/R1BQ1RK1 w kq -,1400-1599,e2b5,29,0.5689655172413793,0.5657093153627368,0.3893,0.5639355412311589,0.612,False,False
r1b1k2r/ppp1bppp/5n2/4p1B1/8/2N5/PPP2PPP/2KR1B1R w - -,1400-1599,c3b5,19,0.5789473684210527,0.5719109534952067,0.3015,0.6415160158427892,0.5,True,False
r1b1k2r/ppp1bppp/5n2/4p1B1/8/2N5/PPP2PPP/2KR1B1R w - -,1400-1599,f1b5,21,0.5,0.5015351398929594,0.0953,0.46989374503201636,0.463,False,False
r1b1k2r/ppp1bppp/5n2/4p1B1/8/2N5/PPP2PPP/2KR1B1R w - -,1400-1599,f1c4,30,0.6333333333333333,0.6268913793273014,0.6021,0.5454965930404815,0.5015,False,True
r1b1k2r/ppp1bppp/5n2/4p1B1/8/2N5/PPP2PPP/2KR1B1R w - -,1400-1599,g5f6,54,0.3888888888888889,0.3919271170363767,0.0011,0.22266393352917577,0.1875,False,False
r1b1k2r/ppp2ppp/1bn5/4P3/2B1n3/5N2/PP3PPP/RNBR2K1 w kq -,1400-1599,c1e3,37,0.43243243243243246,0.43586719737431,0.7731,0.4619954046198802,0.501,True,True
r1b1k2r/ppp2ppp/1bn5/4P3/2B1n3/5N2/PP3PPP/RNBR2K1 w kq -,1400-1599,c4d5,10,0.3,0.326025660482914,0.2269,0.21356398600315013,0.0,False,False
r1b1k2r/pppp1ppp/5n2/8/8/2B5/PPP1BPPP/R3K2R w KQkq -,1400-1599,c3f6,74,0.5405405405405406,0.5392434264520539,0.3235,0.47299906863771274,0.493,False,False
r1b1k2r/pppp1ppp/5n2/8/8/2B5/PPP1BPPP/R3K2R w KQkq -,1400-1599,e1c1,83,0.572289156626506,0.5710620023739155,0.6499,0.7266699619361412,0.4995,True,True
r1b1k2r/pppp1ppp/5n2/8/8/2B5/PPP1BPPP/R3K2R w KQkq -,1400-1599,e1g1,59,0.4406779661016949,0.44158217895104407,0.0266,0.545310759162237,0.4935,False,False
r1b1kb1r/p4pp1/2p2n1p/n3N3/3qp3/8/PPPPBPPP/RNBQK2R w KQkq -,1400-1599,e5f7,15,0.2,0.22619402936321534,0.0029,0.1766679761678637,0.0015,False,False
r1b1kb1r/p4pp1/2p2n1p/n3N3/3qp3/8/PPPPBPPP/RNBQK2R w KQkq -,1400-1599,e5g4,44,0.4772727272727273,0.4780735486335031,0.1723,0.5962591073115356,0.467,False,False
r1b1kb1r/p4pp1/2p2n1p/n3N3/3qp3/8/PPPPBPPP/RNBQK2R w KQkq -,1400-1599,f2f4,60,0.5666666666666667,0.5654053434327387,0.8248,0.8647132227927029,0.52,True,True
r1b1kb1r/pp3ppp/1q2p3/3pP3/3n4/2N5/PP2BPPP/R1BQ1RK1 w kq -,1400-1599,c1e3,62,0.532258064516129,0.5315118702255606,0.98565,0.8747075097946664,0.4915,True,True
r1b1kb1r/pp3ppp/1q2p3/3pP3/3n4/2N5/PP2BPPP/R1BQ1RK1 w kq -,1400-1599,c3a4,15,0.23333333333333334,0.25804699822558447,0.01435,0.11779648349580843,0.22,False,False
r1b1kbnr/pp1p1ppp/3P1qn1/8/5P2/2N5/PPP3PP/R1BQKB1R w KQkq -,1400-1599,c3b5,65,0.5461538461538461,0.5449263377403933,0.3889,0.8130245951518908,0.0285,True,False
r1b1kbnr/pp1p1ppp/3P1qn1/8/5P2/2N5/PPP3PP/R1BQKB1R w KQkq -,1400-1599,d1e2,11,0.5909090909090909,0.581962885649579,0.6111,0.27618338912252843,0.351,False,True
r1b2rk1/pp2bppp/1qn1p3/3pPn2/1P1P4/P4N2/1B2BPPP/RN1Q1RK1 b - -,1400-1599,a7a5,10,0.6,0.586204939703183,0.29085,0.27337032214094004,0.341,False,False
r1b2rk1/pp2bppp/1qn1p3/3pPn2/1P1P4/P4N2/1B2BPPP/RN1Q1RK1 b - -,1400-1599,c8d7,21,0.5,0.49902878604348844,0.0683,0.6019149955533543,0.4995,False,True
r1b2rk1/pp2bppp/1qn1p3/3pPn2/1P1P4/P4N2/1B2BPPP/RN1Q1RK1 b - -,1400-1599,f7f6,13,0.6923076923076923,0.6724966839949977,0.64085,0.7170252925520249,0.459,True,False
r1b2rk1/pp2ppbp/2n3p1/3q4/3N4/4B3/PPP1BPPP/R2Q1RK1 w - -,1400-1599,c2c3,21,0.5238095238095238,0.5219696445988541,0.1133,0.638187993100884,0.4875,False,False
r1b2rk1/pp2ppbp/2n3p1/3q4/3N4/4B3/PPP1BPPP/R2Q1RK1 w - -,1400-1599,d4c6,18,0.6388888888888888,0.6279690697503889,0.47725,0.7312984949430938,0.5105,True,False
r1b2rk1/pp2ppbp/2n3p1/3q4/3N4/4B3/PPP1BPPP/R2Q1RK1 w - -,1400-1599,e2f3,12,0.625,0.6099578437894811,0.40945,0.7062569649771747,0.513,False,True
r1b2rk1/pp2ppbp/2n3p1/3q4/3N4/4BP2/PPPQ2PP/R3KB1R w KQ -,1400-1599,c2c3,10,0.25,0.2823412483666494,0.0173,0.24054455842649133,0.2975,False,False
r1b2rk1/pp2ppbp/2n3p1/3q4/3N4/4BP2/PPPQ2PP/R3KB1R w KQ -,1400-1599,d4c6,25,0.6,0.594607950901834,0.871,0.3653581747952635,0.346,True,True
r1b2rk1/pp2ppbp/2n3p1/3q4/3N4/4BP2/PPPQ2PP/R3KB1R w KQ -,1400-1599,e1c1,20,0.425,0.43026229400073435,0.1117,0.15047053700222035,0.0,False,False
r1b2rk1/pp3ppp/5n2/3pq3/8/2PB4/PP1N1PPP/R2Q1RK1 w - -,1400-1599,d2f3,13,0.7307692307692307,0.7068442323263036,0.8336,0.7349538139995513,0.5185,True,False
r1b2rk1/pp3ppp/5n2/3pq3/8/2PB4/PP1N1PPP/R2Q1RK1 w - -,1400-1599,f1e1,21,0.5714285714285714,0.5668519374469014,0.1664,0.5934136954326159,0.531,False,True
r1b2rk1/ppp1bppp/2np1n2/6B1/8/2NP1N2/PPP1BPPP/R4RK1 w - -,1400-1599,a2a3,11,0.5909090909090909,0.5803923580238348,0.11505,0.4822170315878296,0.501,False,False
r1b2rk1/ppp1bppp/2np1n2/6B1/8/2NP1N2/PPP1BPPP/R4RK1 w - -,1400-1599,c3b5,11,0.7272727272727273,0.701288121370315,0.4663,0.6118310635049397,0.5025,True,True
r1b2rk1/ppp1bppp/2np1n2/6B1/8/2NP1N2/PPP1BPPP/R4RK1 w - -,1400-1599,c3e4,13,0.38461538461538464,0.39756520733313305,0.0033,0.5174478544078532,0.4955,False,False
r1b2rk1/ppp1bppp/2np1n2/6B1/8/2NP1N2/PPP1BPPP/R4RK1 w - -,1400-1599,d3d4,10,0.55,0.542577146381685,0.074,0.4180044733765261,0.499,False,False
r1b2rk1/ppp1bppp/2np1n2/6B1/8/2NP1N2/PPP1BPPP/R4RK1 w - -,1400-1599,f1e1,61,0.47540983606557374,0.47559749086816594,0.00145,0.5295162795714838,0.5015,False,False
r1b2rk1/ppp1bppp/2np1n2/6B1/8/2NP1N2/PPP1BPPP/R4RK1 w - -,1400-1599,g5f6,33,0.5151515151515151,0.514410883373008,0.00925,0.48749551949545994,0.497,False,False
r1b2rk1/ppp1bppp/2np1n2/6B1/8/2NP1N2/PPP1BPPP/R4RK1 w - -,1400-1599,h2h3,13,0.6923076923076923,0.6722782237344385,0.33065,0.5180198576453227,0.501,False,False
r1b2rk1/ppp1qppp/3p4/4n3/1bP2B2/4P3/PP1NBPPP/R2Q1RK1 w - -,1400-1599,a2a3,17,0.35294117647058826,0.36537202242833416,0.00325,0.5938787490989537,0.5385,False,True
r1b2rk1/ppp1qppp/3p4/4n3/1bP2B2/4P3/PP1NBPPP/R2Q1RK1 w - -,1400-1599,d2f3,10,0.85,0.8047311600405885,0.99675,0.7505726695927794,0.5015,True,False
r1b2rk1/ppp2ppp/2n2q2/2p5/2B1P3/2P5/PP3PPP/RN1Q1RK1 w - -,1400-1599,b1d2,25,0.42,0.4247013081122373,0.23215,0.4573793974002462,0.51,False,False
r1b2rk1/ppp2ppp/2n2q2/2p5/2B1P3/2P5/PP3PPP/RN1Q1RK1 w - -,1400-1599,f2f4,10,0.55,0.542803027319435,0.76785,0.46642791813363205,0.537,True,True
r1b2rk1/ppp2ppp/2n2q2/2p5/4P3/2P5/PP2BPPP/RN1Q1RK1 w - -,1400-1599,b1d2,18,0.4166666666666667,0.42418010441418963,0.53215,0.522994524685637,0.5055,True,False
r1b2rk1/ppp2ppp/2n2q2/2p5/4P3/2P5/PP2BPPP/RN1Q1RK1 w - -,1400-1599,f2f4,10,0.4,0.41292057809307764,0.46785,0.49952910215328533,0.5335,False,True
r1b2rk1/ppp2ppp/2n2q2/4p3/3P4/2PB1N2/PP3PPP/R2QK2R w KQ -,1400-1599,d4d5,19,0.3684210526315789,0.37916196183629647,0.02555,0.35999146718271113,0.4885,False,False
r1b2rk1/ppp2ppp/2n2q2/4p3/3P4/2PB1N2/PP3PPP/R2QK2R w KQ -,1400-1599,d4e5,34,0.5294117647058824,0.5279973779000542,0.20755,0.35626055243111343,0.4935,False,True
r1b2rk1/ppp2ppp/2n2q2/4p3/3P4/2PB1N2/PP3PPP/R2QK2R w KQ -,1400-1599,e1g1,24,0.625,0.6174838133984831,0.7669,0.6371824454571816,0.4655,True,False
r1bq1b1r/pp4pp/n1p1k3/3np3/8/PBN2Q2/1PPP1PPP/R1B1K2R w KQ -,1400-1599,c3d5,25,0.48,0.48054097831322823,0.16875,0.4520620374136838,0.6705,False,True
r1bq1b1r/pp4pp/n1p1k3/3np3/8/PBN2Q2/1PPP1PPP/R1B1K2R w KQ -,1400-1599,d2d4,29,0.5172413793103449,0.5163197487285336,0.2982,0.6244648360737951,0.613,True,False
r1bq1b1r/pp4pp/n1p1k3/3np3/8/PBN2Q2/1PPP1PPP/R1B1K2R w KQ -,1400-1599,e1g1,124,0.5564516129032258,0.5553857269923179,0.53305,0.4903306895176079,0.5165,False,False
r1bq1b1r/ppp3pp/4k3/3np3/2B5/P1N2Q2/1P1P1PPP/n1BK3R w - -,1400-1599,c3d5,126,0.4126984126984127,0.41384418535205525,0.29985,0.38419444318988066,0.4995,False,True
r1bq1b1r/ppp3pp/4k3/3np3/2B5/P1N2Q2/1P1P1PPP/n1BK3R w - -,1400-1599,c4d5,112,0.44642857142857145,0.4468784741904933,0.70015,0.6885710887233211,0.0605,True,False
r1bq1r2/p3ppkp/2pp1np1/8/4P3/2N5/PPPQ1PPP/R3KB1R w KQ -,1400-1599,e1c1,126,0.5595238095238095,0.559265429715563,0.29985,0.4203035134021248,0.4895,False,False
r1bq1r2/p3ppkp/2pp1np1/8/4P3/2N5/PPPQ1PPP/R3KB1R w KQ -,1400-1599,f1c4,21,0.4523809523809524,0.4550273035689282,0.0875,0.8236381597282814,0.4975,True,True
r1bq1r2/p3ppkp/2pp1np1/8/4P3/2N5/PPPQ1PPP/R3KB1R w KQ -,1400-1599,f1d3,61,0.5819672131147541,0.5795167080745379,0.51745,0.41719148411457474,0.4845,False,False
r1bq1r2/p3ppkp/2pp1np1/8/4P3/2N5/PPPQ1PPP/R3KB1R w KQ -,1400-1599,f1e2,29,0.41379310344827586,0.41831310612648515,0.0244,0.3910323108336766,0.4965,False,False
r1bq1r2/p3ppkp/2pp1np1/8/4P3/2N5/PPPQ1PPP/R3KB1R w KQ -,1400-1599,h2h4,51,0.49019607843137253,0.490103706996721,0.0708,0.49186420181472423,0.493,False,False
r1bq1rk1/1p2bpp1/p1n1pn1p/3p4/3P3B/2NBPN2/PP3PPP/R2Q1RK1 w - -,1400-1599,a1c1,12,0.75,0.7233201588837028,0.38755,0.6344080401843347,0.584,True,True
r1bq1rk1/1p2bpp1/p1n1pn1p/3p4/3P3B/2NBPN2/PP3PPP/R2Q1RK1 w - -,1400-1599,a2a3,19,0.7894736842105263,0.7679865906380743,0.61245,0.5584586465703913,0.518,False,False
r1bq1rk1/1p2bppp/p1n1pn2/8/2BP4/P1N2N2/1P3PPP/R1BQ1RK1 w - -,1400-1599,b2b4,16,0.40625,0.41399902574625413,0.1632,0.5290083244500277,0.4795,True,False
r1bq1rk1/1p2bppp/p1n1pn2/8/2BP4/P1N2N2/1P3PPP/R1BQ1RK1 w - -,1400-1599,c1e3,10,0.55,0.5435921107270838,0.64075,0.4307681781890779,0.5025,False,False
r1bq1rk1/1p2bppp/p1n1pn2/8/2BP4/P1N2N2/1P3PPP/R1BQ1RK1 w - -,1400-1599,f1e1,11,0.4090909090909091,0.41946380315593834,0.19605,0.4800100257471784,0.503,False,True
r1bq1rk1/1p3ppp/p1np1b2/3Np3/4P3/N7/PPP2PPP/R2QKB1R w KQ -,1400-1599,a3c4,32,0.453125,0.4549702844534307,0.01365,0.5485265001752603,0.549,False,True
r1bq1rk1/1p3ppp/p1np1b2/3Np3/4P3/N7/PPP2PPP/R2QKB1R w KQ -,1400-1599,c2c3,47,0.6276595744680851,0.6231867268290794,0.39425,0.567321372161103,0.5115,True,False
r1bq1rk1/1p3ppp/p1np1b2/3Np3/4P3/N7/PPP2PPP/R2QKB1R w KQ -,1400-1599,c2c4,17,0.5588235294117647,0.5533231338744927,0.18275,0.480757327324614,0.4575,False,False
r1bq1rk1/1p3ppp/p1np1b2/3Np3/4P3/N7/PPP2PPP/R2QKB1R w KQ -,1400-1599,d1f3,10,0.45,0.45745737496141553,0.06855,0.5051593560001156,0.503,False,False
r1bq1rk1/1p3ppp/p1np1b2/3Np3/4P3/N7/PPP2PPP/R2QKB1R w KQ -,1400-1599,d5f6,10,0.6,0.5860060835524011,0.3353,0.47148999344066894,0.4965,False,False
r1bq1rk1/1p3ppp/p1np1b2/3Np3/4P3/N7/PPP2PPP/R2QKB1R w KQ -,1400-1599,f1e2,19,0.3684210526315789,0.37738722671680913,0.0055,0.48271415916185256,0.5095,False,False
r1bq1rk1/1pp1bpp1/p2p1n1p/4p3/4P3/1PNPBN1P/1PP2PP1/R2Q1RK1 w - -,1400-1599,c3e2,10,0.3,0.32496035732405687,0.09855,0.4413570765843985,0.4915,False,False
r1bq1rk1/1pp1bpp1/p2p1n1p/4p3/4P3/1PNPBN1P/1PP2PP1/R2Q1RK1 w - -,1400-1599,d1d2,26,0.4423076923076923,0.445335989473897,0.4059,0.06581193544692297,0.493,False,False
r1bq1rk1/1pp1bpp1/p2p1n1p/4p3/4P3/1PNPBN1P/1PP2PP1/R2Q1RK1 w - -,1400-1599,d3d4,12,0.4583333333333333,0.4631885486566084,0.49555,0.46085997473908813,0.5035,True,True
r1bq1rk1/1pp1npp1/1b1p1n1p/pP2p3/P1B1P3/2PP1N1P/5PP1/RNBQ1RK1 w - -,1400-1599,b1d2,15,0.4,0.40953631445700817,0.0066,0.6235100388831645,0.5145,True,True
r1bq1rk1/1pp1npp1/1b1p1n1p/pP2p3/P1B1P3/2PP1N1P/5PP1/RNBQ1RK1 w - -,1400-1599,c1a3,12,0.4583333333333333,0.46165291452635465,0.02205,0.6057840034117774,0.4225,False,False
r1bq1rk1/1pp1npp1/1b1p1n1p/pP2p3/P1B1P3/2PP1N1P/5PP1/RNBQ1RK1 w - -,1400-1599,c1e3,21,0.7380952380952381,0.7214878736941484,0.6523,0.4750207657750192,0.4955,False,False
r1bq1rk1/1pp1npp1/1b1p1n1p/pP2p3/P1B1P3/2PP1N1P/5PP1/RNBQ1RK1 w - -,1400-1599,d1e2,10,0.55,0.5434608191101333,0.0889,0.4387103964947965,0.432,False,False
r1bq1rk1/1pp1npp1/1b1p1n1p/pP2p3/P1B1P3/2PP1N1P/5PP1/RNBQ1RK1 w - -,1400-1599,f1e1,11,0.6363636363636364,0.6200873424489346,0.23015,0.5091708491789139,0.512,False,False
r1bq1rk1/2p1bppp/p1n5/1p1n4/3p4/1BP2N2/PP3PPP/RNBQR1K1 w - -,1400-1599,c3d4,27,0.6481481481481481,0.6408571113503514,0.9251,0.5806787153120337,0.499,True,True
r1bq1rk1/2p1bppp/p1n5/1p1n4/3p4/1BP2N2/PP3PPP/RNBQR1K1 w - -,1400-1599,f3d4,99,0.494949494949495,0.4946633089272089,0.0749,0.48956461395691464,0.496,False,False
r1bq1rk1/2p1bppp/p7/1p1nR3/8/1BP5/PP1P1PPP/RNBQ2K1 b - -,1400-1599,c7c6,332,0.6490963855421686,0.6484376360982452,0.51485,0.5446755529226219,0.418,False,False
r1bq1rk1/2p1bppp/p7/1p1nR3/8/1BP5/PP1P1PPP/RNBQ2K1 b - -,1400-1599,c8b7,20,0.35,0.3616046390136477,0.0018,0.6797586404522935,0.4595,True,True
r1bq1rk1/2p1bppp/p7/1p1nR3/8/1BP5/PP1P1PPP/RNBQ2K1 b - -,1400-1599,d5f6,78,0.6474358974358975,0.644667541268413,0.48335,0.5504658113620762,0.3765,False,False
r1bq1rk1/2p2pp1/p1np1n1p/1p2p3/2B1P3/P1NPPN1P/1PP3P1/R2Q1RK1 w - b6,1400-1599,c4a2,160,0.559375,0.5588153805753721,0.1828,0.6540515005395665,0.512,True,True
r1bq1rk1/2p2pp1/p1np1n1p/1p2p3/2B1P3/P1NPPN1P/1PP3P1/R2Q1RK1 w - b6,1400-1599,c4b3,33,0.6060606060606061,0.6022239891302297,0.56035,0.583323112751031,0.5115,False,False
r1bq1rk1/2p2pp1/p1np1n1p/1p2p3/2B1P3/P1NPPN1P/1PP3P1/R2Q1RK1 w - b6,1400-1599,c4d5,29,0.5517241379310345,0.5493670880321749,0.25685,0.40967287927233437,0.498,False,False
r1bq1rk1/2p2pp1/p1np1n1p/1pb5/3PP3/1B3N1P/PP3PP1/RNBQR1K1 b - -,1400-1599,c5a7,32,0.546875,0.5458137711189581,0.7222,0.4586338288098213,0.3555,False,False
r1bq1rk1/2p2pp1/p1np1n1p/1pb5/3PP3/1B3N1P/PP3PP1/RNBQR1K1 b - -,1400-1599,c5b4,53,0.4339622641509434,0.4362806456696615,0.09675,0.17296663238093835,0.2115,False,False
r1bq1rk1/2p2pp1/p1np1n1p/1pb5/3PP3/1B3N1P/PP3PP1/RNBQR1K1 b - -,1400-1599,c5b6,54,0.46296296296296297,0.4643495467037789,0.18105,0.4724237902278653,0.394,True,True
r1bq1rk1/2p2ppp/p1np1n2/1p6/1b1PP3/1B3N2/PP3PPP/RNBQR1K1 w - -,1400-1599,b1c3,65,0.5846153846153846,0.5826022488263793,0.87545,0.6416689626922809,0.6755,False,False
r1bq1rk1/2p2ppp/p1np1n2/1p6/1b1PP3/1B3N2/PP3PPP/RNBQR1K1 w - -,1400-1599,c1d2,50,0.48,0.4804141044279934,0.12455,0.6968578172322233,0.7505,True,True
r1bq1rk1/2p2ppp/pbnp1n2/1p6/3PP3/1B3N2/PP3PPP/RNBQR1K1 w - -,1400-1599,b1c3,44,0.5,0.5001598509725024,0.15225,0.5145154177143022,0.541,False,False
r1bq1rk1/2p2ppp/pbnp1n2/1p6/3PP3/1B3N2/PP3PPP/RNBQR1K1 w - -,1400-1599,c1g5,74,0.5135135135135135,0.5142455784606907,0.1668,0.41870103528404545,0.502,False,False
r1bq1rk1/2p2ppp/pbnp1n2/1p6/3PP3/1B3N2/PP3PPP/RNBQR1K1 w - -,1400-1599,d4d5,16,0.4375,0.443432663994066,0.1198,0.4120251860644318,0.517,False,False
r1bq1rk1/2p2ppp/pbnp1n2/1p6/3PP3/1B3N2/PP3PPP/RNBQR1K1 w - -,1400-1599,e4e5,12,0.5,0.49872914909925214,0.2558,0.15790940893379168,0.058,False,False
r1bq1rk1/2p2ppp/pbnp1n2/1p6/3PP3/1B3N2/PP3PPP/RNBQR1K1 w - -,1400-1599,h2h3,31,0.532258064516129,0.5301204580705493,0.30535,0.6067144106864749,0.552,True,True
r1bq1rk1/4bppp/p2p1n2/npp1p3/4P3/2P2N1P/PPBP1PP1/RNBQR1K1 w - c6,1400-1599,a2a3,13,0.5384615384615384,0.5341362292823233,0.4002,0.5253274561847097,0.4765,False,False
r1bq1rk1/4bppp/p2p1n2/npp1p3/4P3/2P2N1P/PPBP1PP1/RNBQR1K1 w - c6,1400-1599,d2d3,29,0.4827586206896552,0.48338415850916044,0.14015,0.5766955476900132,0.5125,False,False
r1bq1rk1/4bppp/p2p1n2/npp1p3/4P3/2P2N1P/PPBP1PP1/RNBQR1K1 w - c6,1400-1599,d2d4,209,0.5598086124401914,0.5596672087403546,0.45965,0.598674693083629,0.5795,True,True
r1bq1rk1/bpp2pp1/p1np1n1p/P3p3/1PB1P3/2PP1N1P/5PP1/RNBQ1RK1 w - -,1400-1599,b1d2,17,0.29411764705882354,0.31110850465974377,0.0095,0.5595889560764937,0.517,True,False
r1bq1rk1/bpp2pp1/p1np1n1p/P3p3/1PB1P3/2PP1N1P/5PP1/RNBQ1RK1 w - -,1400-1599,b4b5,10,0.2,0.2386454243237065,0.00575,0.1431703527114456,0.2565,False,False
r1bq1rk1/bpp2pp1/p1np1n1p/P3p3/1PB1P3/2PP1N1P/5PP1/RNBQ1RK1 w - -,1400-1599,c1e3,35,0.6,0.5959159358628116,0.68635,0.45783502866896564,0.5045,False,False
r1bq1rk1/bpp2pp1/p1np1n1p/P3p3/1PB1P3/2PP1N1P/5PP1/RNBQ1RK1 w - -,1400-1599,d1e2,22,0.5227272727272727,0.5227346735624345,0.26435,0.5375365332705228,0.5065,False,False
r1bq1rk1/bpp2pp1/p1np1n1p/P3p3/1PB1P3/2PP1N1P/5PP1/RNBQ1RK1 w - -,1400-1599,f1e1,15,0.36666666666666664,0.3790171638235441,0.03405,0.5430110867551866,0.532,False,True
r1bq1rk1/p2nbpp1/2p1pn1p/1p6/2BP3B/2N1PN2/PP3PPP/R2Q1RK1 w - b6,1400-1599,c4b3,18,0.5277777777777778,0.5254116040608489,0.2581,0.44719887500386635,0.511,False,False
r1bq1rk1/p2nbpp1/2p1pn1p/1p6/2BP3B/2N1PN2/PP3PPP/R2Q1RK1 w - b6,1400-1599,c4d3,40,0.6125,0.6085656354194463,0.7419,0.7646250682960303,0.5485,True,True
r1bq1rk1/p3bppp/4pn2/3p2B1/8/2NB4/PPP2PPP/R2Q1RK1 w - -,1400-1599,d1f3,23,0.391304347826087,0.3982188562411304,0.04955,0.43906395673233106,0.4585,True,False
r1bq1rk1/p3bppp/4pn2/3p2B1/8/2NB4/PPP2PPP/R2Q1RK1 w - -,1400-1599,f1e1,17,0.6176470588235294,0.6067238916127786,0.77545,0.3139529332409071,0.471,False,True
r1bq1rk1/p3bppp/4pn2/3p2B1/8/2NB4/PPP2PPP/R2Q1RK1 w - -,1400-1599,g5f6,19,0.47368421052631576,0.4757087909561169,0.175,0.0008188813719433276,0.0275,False,False
r1bq1rk1/p3ppbp/2p3p1/3p4/2B1N3/4B3/PPP2PPP/R2Q1RK1 w - -,1400-1599,c4b3,11,0.22727272727272727,0.2610834340370137,0.6188,0.3274724425382215,0.4755,True,True
r1bq1rk1/p3ppbp/2p3p1/3p4/2B1N3/4B3/PPP2PPP/R2Q1RK1 w - -,1400-1599,c4d5,20,0.2,0.22098391366322107,0.3812,0.05968373112435077,0.0405,False,False
r1bq1rk1/p4ppp/2p2n2/3p4/1b6/2NB4/PPPB1PPP/R2Q1RK1 w - -,1400-1599,a2a3,25,0.54,0.5390037338862462,0.58865,0.483598926649732,0.4845,False,False
r1bq1rk1/p4ppp/2p2n2/3p4/1b6/2NB4/PPPB1PPP/R2Q1RK1 w - -,1400-1599,f1e1,10,0.5,0.5018439167655434,0.41135,0.4867814289056196,0.496,True,True
r1bq1rk1/p4ppp/2pp1b2/4p3/2B1P3/2N5/PPP2PPP/R2Q1RK1 w - -,1400-1599,c3e2,16,0.5,0.5002696133985403,0.43955,0.1669571363098722,0.436,False,False
r1bq1rk1/p4ppp/2pp1b2/4p3/2B1P3/2N5/PPP2PPP/R2Q1RK1 w - -,1400-1599,d1d3,10,0.45,0.4578309407368988,0.2812,0.6032718244301597,0.493,True,True
r1bq1rk1/p4ppp/2pp1b2/4p3/2B1P3/2N5/PPP2PPP/R2Q1RK1 w - -,1400-1599,d1f3,20,0.425,0.43079434742006945,0.1671,0.592151726841393,0.4775,False,False
r1bq1rk1/p4ppp/2pp1b2/4p3/2B1P3/2N5/PPP2PPP/R2Q1RK1 w - -,1400-1599,f2f4,27,0.4074074074074074,0.41319891956961163,0.11215,0.10986824496081452,0.001,False,False
r1bq1rk1/p4ppp/4pn2/3p4/1b6/2NB4/PPPB1PPP/R2Q1RK1 w - -,1400-1599,a2a3,49,0.5204081632653061,0.5201856096000891,0.66135,0.43034924088951193,0.4525,False,False
r1bq1rk1/p4ppp/4pn2/3p4/1b6/2NB4/PPPB1PPP/R2Q1RK1 w - -,1400-1599,c3e2,17,0.4117647058823529,0.41885135660550293,0.18995,0.43546954822761935,0.4525,True,False
r1bq1rk1/p4ppp/4pn2/3p4/1b6/2NB4/PPPB1PPP/R2Q1RK1 w - -,1400-1599,d2g5,11,0.36363636363636365,0.38042058788930094,0.1487,0.3849701321391401,0.462,False,True
r1bq1rk1/pp2bppp/2p1pn2/8/2PPB3/5N2/PP3PPP/R1BQ1RK1 w - -,1400-1599,e4c2,17,0.35294117647058826,0.3655002675671459,0.09925,0.7555172006021919,0.603,True,True
r1bq1rk1/pp2bppp/2p1pn2/8/2PPB3/5N2/PP3PPP/R1BQ1RK1 w - -,1400-1599,e4d3,10,0.6,0.5852557906125113,0.90075,0.4818233670387726,0.507,False,False
r1bq1rk1/pp2npbp/2n3p1/1B1p4/3P4/5N2/PP3PPP/RNBQR1K1 w - -,1400-1599,b1c3,30,0.3333333333333333,0.3401465516530411,0.0049,0.26590295246847245,0.439,False,False
r1bq1rk1/pp2npbp/2n3p1/1B1p4/3P4/5N2/PP3PPP/RNBQR1K1 w - -,1400-1599,c1g5,32,0.65625,0.6497561106576455,0.9951,0.7750065717887472,0.483,True,True
r1bq1rk1/pp2ppbp/2n3p1/3n4/3N4/2N1BP2/PPPQ2PP/2KR1B1R w - -,1400-1599,c3d5,18,0.3333333333333333,0.3456380034419142,0.5467,0.5755516517387292,0.4455,False,False
r1bq1rk1/pp2ppbp/2n3p1/3n4/3N4/2N1BP2/PPPQ2PP/2KR1B1R w - -,1400-1599,d4c6,13,0.3076923076923077,0.32835454501819034,0.4533,0.9019601576164247,0.573,True,True
r1bq1rk1/ppp1bpp1/5n1p/4Q3/2B5/2N5/PPP2PPP/R1B2RK1 w - -,1400-1599,c1e3,20,0.55,0.5454947407842808,0.3669,0.3582031604046859,0.502,False,False
r1bq1rk1/ppp1bpp1/5n1p/4Q3/2B5/2N5/PPP2PPP/R1B2RK1 w - -,1400-1599,c1f4,46,0.4782608695652174,0.47881024653612275,0.0868,0.5504937804227498,0.5195,False,True
r1bq1rk1/ppp1bpp1/5n1p/4Q3/2B5/2N5/PPP2PPP/R1B2RK1 w - -,1400-1599,c1h6,10,0.5,0.5004755706312223,0.2775,0.6840471164650154,0.001,True,False
r1bq1rk1/ppp1bpp1/5n1p/4Q3/2B5/2N5/PPP2PPP/R1B2RK1 w - -,1400-1599,c3d5,16,0.5,0.500983102793005,0.21835,0.5521549054714583,0.499,False,False
r1bq1rk1/ppp1bpp1/5n1p/4Q3/2B5/2N5/PPP2PPP/R1B2RK1 w - -,1400-1599,e5g3,44,0.375,0.3798877427389835,0.0068,0.437732712484555,0.4855,False,False
r1bq1rk1/ppp1bpp1/5n1p/4Q3/2B5/2N5/PPP2PPP/R1B2RK1 w - -,1400-1599,f1d1,42,0.42857142857142855,0.4316990951288122,0.0336,0.21735178591537305,0.478,False,False
r1bq1rk1/ppp1bpp1/5n1p/4Q3/2B5/2N5/PPP2PPP/R1B2RK1 w - -,1400-1599,f1e1,50,0.4,0.4025490293415059,0.01005,0.2249143452758085,0.418,False,False
r1bq1rk1/ppp2ppp/1b3n2/3Pp3/2B1P3/2N5/PP3PPP/R1BQ1RK1 w - -,1400-1599,c1e3,10,0.3,0.32596158550163945,0.04445,0.44744636063896254,0.4705,False,False
r1bq1rk1/ppp2ppp/1b3n2/3Pp3/2B1P3/2N5/PP3PPP/R1BQ1RK1 w - -,1400-1599,c1g5,46,0.5,0.5001455204219318,0.36365,0.4581035475232677,0.512,False,True
r1bq1rk1/ppp2ppp/1b3n2/3Pp3/2B1P3/2N5/PP3PPP/R1BQ1RK1 w - -,1400-1599,g1h1,11,0.5454545454545454,0.5395613241759502,0.5919,0.5962583321899954,0.075,True,False
r1bq1rk1/ppp2ppp/2n5/3n4/2BP4/2P2N2/P4PPP/R1BQ1RK1 w - -,1400-1599,c1g5,12,0.625,0.6119317191786161,0.6909,0.6636602758358604,0.576,True,True
r1bq1rk1/ppp2ppp/2n5/3n4/2BP4/2P2N2/P4PPP/R1BQ1RK1 w - -,1400-1599,d1b3,16,0.53125,0.5292363868883302,0.3091,0.525564556355832,0.4655,False,False
r1bq1rk1/ppp2ppp/2n5/3n4/2BP4/5N2/PP1N1PPP/R2Q1RK1 w - -,1400-1599,a1c1,17,0.6470588235294118,0.6340800155435818,0.44445,0.4481197835498946,0.501,False,True
r1bq1rk1/ppp2ppp/2n5/3n4/2BP4/5N2/PP1N1PPP/R2Q1RK1 w - -,1400-1599,a2a3,27,0.24074074074074073,0.25409547014169226,0.0,0.40520329506099106,0.4815,False,False
r1bq1rk1/ppp2ppp/2n5/3n4/2BP4/5N2/PP1N1PPP/R2Q1RK1 w - -,1400-1599,c4d5,18,0.4444444444444444,0.4479122670919041,0.0254,0.11232568060719046,0.437,False,False
r1bq1rk1/ppp2ppp/2n5/3n4/2BP4/5N2/PP1N1PPP/R2Q1RK1 w - -,1400-1599,d1b3,116,0.47844827586206895,0.4789811117826562,0.00175,0.34825608797479984,0.4355,False,False
r1bq1rk1/ppp2ppp/2n5/3n4/2BP4/5N2/PP1N1PPP/R2Q1RK1 w - -,1400-1599,d2b3,34,0.6176470588235294,0.6127677863794047,0.2844,0.5435747739542303,0.488,True,False
r1bq1rk1/ppp2ppp/2n5/3n4/2BP4/5N2/PP1N1PPP/R2Q1RK1 w - -,1400-1599,d2e4,35,0.5428571428571428,0.5404281417072445,0.07035,0.5237097614204118,0.491,False,False
r1bq1rk1/ppp2ppp/2n5/3n4/2BP4/5N2/PP1N1PPP/R2Q1RK1 w - -,1400-1599,f1e1,172,0.36627906976744184,0.3674100737760409,0.0,0.4304533401252132,0.497,False,False
r1bq1rk1/ppp2ppp/2n5/3n4/2BP4/5N2/PP1N1PPP/R2Q1RK1 w - -,1400-1599,f3e5,39,0.5256410256410257,0.5248412698915004,0.04385,0.5411296646159768,0.4895,False,False
r1bq1rk1/ppp2ppp/2n5/3n4/2BP4/5N2/PP1N1PPP/R2Q1RK1 w - -,1400-1599,h2h3,23,0.5652173913043478,0.5614488671468537,0.1298,0.4849730039864976,0.473,False,False
r1bq1rk1/ppp2ppp/2n5/3p4/2BPn3/2P2N2/P4PPP/R1BQR1K1 w - -,1400-1599,c4b3,10,0.4,0.41290290331437457,0.46,0.21025099861689991,0.103,False,False
r1bq1rk1/ppp2ppp/2n5/3p4/2BPn3/2P2N2/P4PPP/R1BQR1K1 w - -,1400-1599,c4d3,32,0.421875,0.42661441103152764,0.54,0.27868619333567923,0.4435,True,True
r1bq1rk1/ppp2ppp/2n5/3p4/2BPn3/2PQ1N2/P4PPP/R1B2RK1 w - d6,1400-1599,c4b3,79,0.4240506329113924,0.424739030312657,0.4739,0.3054798578313853,0.2545,True,True
r1bq1rk1/ppp2ppp/2n5/3p4/2BPn3/2PQ1N2/P4PPP/R1B2RK1 w - d6,1400-1599,c4b5,14,0.42857142857142855,0.43502043875613844,0.5261,0.19612291512284402,0.234,False,False
r1bq1rk1/ppp2ppp/3b1n2/4Q1B1/8/2N5/PPP2PPP/2KR1B1R w - -,1400-1599,e5d4,20,0.475,0.47658853083064195,0.30605,0.5863178794881212,0.605,False,True
r1bq1rk1/ppp2ppp/3b1n2/4Q1B1/8/2N5/PPP2PPP/2KR1B1R w - -,1400-1599,g5f6,67,0.5373134328358209,0.5364556167455724,0.69395,0.7845263828964657,0.509,True,False
r1bq1rk1/ppp2ppp/3b1n2/4Q3/2B5/2N5/PPP2PPP/R1B2RK1 w - -,1400-1599,e5b5,11,0.45454545454545453,0.4599577943539308,0.138,0.2004849694181602,0.4145,False,False
r1bq1rk1/ppp2ppp/3b1n2/4Q3/2B5/2N5/PPP2PPP/R1B2RK1 w - -,1400-1599,e5d4,13,0.34615384615384615,0.3621002840803494,0.0236,0.035475659374060026,0.0,False,False
r1bq1rk1/ppp2ppp/3b1n2/4Q3/2B5/2N5/PPP2PPP/R1B2RK1 w - -,1400-1599,e5e1,16,0.53125,0.528715177680585,0.25565,0.3476087459470653,0.261,False,False
r1bq1rk1/ppp2ppp/3b1n2/4Q3/2B5/2N5/PPP2PPP/R1B2RK1 w - -,1400-1599,e5e2,30,0.6,0.5943938732403433,0.5315,0.42381939135594476,0.489,False,False
r1bq1rk1/ppp2ppp/3b1n2/4Q3/2B5/2N5/PPP2PPP/R1B2RK1 w - -,1400-1599,e5e3,38,0.3815789473684211,0.38627872171063427,0.0064,0.18939333987548007,0.011,False,False
r1bq1rk1/ppp2ppp/3b1n2/4Q3/2B5/2N5/PPP2PPP/R1B2RK1 w - -,1400-1599,e5g5,74,0.4797297297297297,0.4802686322759753,0.04485,0.48288178710355456,0.493,True,True
r1bq1rk1/ppppbppp/2n5/8/2BP4/2P2N2/P4PPP/R1BQR1K1 w - -,1400-1599,c4d3,14,0.4642857142857143,0.4653966921972404,0.1247,0.5448189243341917,0.507,True,False
r1bq1rk1/ppppbppp/2n5/8/2BP4/2P2N2/P4PPP/R1BQR1K1 w - -,1400-1599,d1b3,16,0.4375,0.4428357559655107,0.07745,0.07826145599029266,0.1185,False,False
r1bq1rk1/ppppbppp/2n5/8/2BP4/2P2N2/P4PPP/R1BQR1K1 w - -,1400-1599,d4d5,28,0.6071428571428571,0.6005746560442137,0.59865,0.5065127106238295,0.935,False,True
r1bq1rk1/ppppbppp/2n5/8/2BP4/2P2N2/P4PPP/R1BQR1K1 w - -,1400-1599,f3e5,12,0.5,0.5001440707724166,0.1992,0.30195177176236765,0.476,False,False
r1bq3r/ppp2kpp/8/3p4/1n1Pn3/1Q3N2/PP3PPP/RN2K2R w KQ d6,1400-1599,b3b4,170,0.5529411764705883,0.5524216918290649,0.04035,0.7120665574031138,0.5035,True,False
r1bq3r/ppp2kpp/8/3p4/1n1Pn3/1Q3N2/PP3PPP/RN2K2R w KQ d6,1400-1599,f3e5,82,0.6646341463414634,0.6618499519759434,0.95965,0.6566113295542638,0.512,False,True
r1bqk1nr/ppp3pp/2np4/8/4P3/2Q2N2/P4PPP/RNB2RK1 b - -,1400-1599,c8g4,29,0.3103448275862069,0.32054410660970006,0.11205,0.18310604248555087,0.0,False,False
r1bqk1nr/ppp3pp/2np4/8/4P3/2Q2N2/P4PPP/RNB2RK1 b - -,1400-1599,d8f6,27,0.46296296296296297,0.46460799780892065,0.85075,0.4267330099647743,0.0055,False,False
r1bqk1nr/ppp3pp/2np4/8/4P3/2Q2N2/P4PPP/RNB2RK1 b - -,1400-1599,g8f6,117,0.3076923076923077,0.31022026345073045,0.0372,0.44809067186063195,0.127,True,True
r1bqk2r/5ppp/p1np1b2/1p1Np3/4P3/N7/PPP2PPP/R2QKB1R w KQkq -,1400-1599,c2c3,96,0.5260416666666666,0.5255053551638882,0.0203,0.6086794392958504,0.524,True,True
r1bqk2r/5ppp/p1np1b2/1p1Np3/4P3/N7/PPP2PPP/R2QKB1R w KQkq -,1400-1599,c2c4,57,0.5263157894736842,0.5256540238295341,0.0265,0.5248141274485021,0.5115,False,False
r1bqk2r/5ppp/p1np1b2/1p1Np3/4P3/N7/PPP2PPP/R2QKB1R w KQkq -,1400-1599,d1d2,10,0.75,0.7180110922320777,0.77705,0.2765233082894087,0.437,False,False
r1bqk2r/5ppp/p1np1b2/1p1Np3/4P3/N7/PPP2PPP/R2QKB1R w KQkq -,1400-1599,d5f6,19,0.5263157894736842,0.5225968743729934,0.0714,0.21321168544967878,0.4895,False,False
r1bqk2r/5ppp/p1np1b2/1p1Np3/4P3/N7/PPP2PPP/R2QKB1R w KQkq -,1400-1599,f1e2,18,0.5555555555555556,0.5509393294123328,0.10475,0.4942885632935862,0.5075,False,False
r1bqk2r/p3bpp1/2p2n1p/n7/B3p3/5N2/PPPPQPPP/RNB1K2R w KQkq -,1400-1599,f3d4,91,0.27472527472527475,0.27819937773269915,0.0001,0.007252085539795137,0.0,False,False
r1bqk2r/p3bpp1/2p2n1p/n7/B3p3/5N2/PPPPQPPP/RNB1K2R w KQkq -,1400-1599,f3e5,214,0.48364485981308414,0.48356115934570554,0.7058,0.23488257240212862,0.2755,False,True
r1bqk2r/p3bpp1/2p2n1p/n7/B3p3/5N2/PPPPQPPP/RNB1K2R w KQkq -,1400-1599,f3g1,43,0.43023255813953487,0.43335236607924615,0.25155,0.0737608620624775,0.0045,False,False
r1bqk2r/p3bpp1/2p2n1p/n7/B3p3/5N2/PPPPQPPP/RNB1K2R w KQkq -,1400-1599,f3h4,28,0.32142857142857145,0.33067661031384155,0.04255,0.2530097984359377,0.0045,True,False
r1bqk2r/p4pp1/2p2n1p/n1b1N3/4p3/8/PPPPBPPP/RNBQK2R w KQkq -,1400-1599,c2c3,28,0.35714285714285715,0.364835160778848,0.63675,0.6240317835698331,0.4665,True,False
r1bqk2r/p4pp1/2p2n1p/n1b1N3/4p3/8/PPPPBPPP/RNBQK2R w KQkq -,1400-1599,d2d4,11,0.2727272727272727,0.29959475604360614,0.3024,0.5145366572074646,0.0075,False,False
r1bqk2r/p4pp1/2p2n1p/n1b1N3/4p3/8/PPPPBPPP/RNBQK2R w KQkq -,1400-1599,e1g1,34,0.22058823529411764,0.23194751740459865,0.06085,0.5070311580333969,0.4965,False,True
r1bqk2r/p4pp1/2p2n1p/n1b5/4p3/8/PPPPBPPP/RNBQK1NR w KQkq -,1400-1599,b1c3,32,0.390625,0.39499613327387567,0.20865,0.22324567272134146,0.0,False,False
r1bqk2r/p4pp1/2p2n1p/n1b5/4p3/8/PPPPBPPP/RNBQK1NR w KQkq -,1400-1599,c2c3,17,0.3235294117647059,0.336690181218507,0.11355,0.4040798945275766,0.0385,True,True
r1bqk2r/p4pp1/2p2n1p/n1b5/4p3/8/PPPPBPPP/RNBQK1NR w KQkq -,1400-1599,d2d3,88,0.45454545454545453,0.45486551311162604,0.57365,0.20367863530645042,0.013,False,False
r1bqk2r/p4pp1/2p2n1p/n1b5/4p3/8/PPPPBPPP/RNBQK1NR w KQkq -,1400-1599,h2h3,12,0.2916666666666667,0.314201468484633,0.10415,0.032400692896258645,0.0,False,False
r1bqk2r/p4pp1/2pb1n1p/n3N3/4p3/8/PPPPBPPP/RNBQK2R w KQkq -,1400-1599,d2d4,179,0.5502793296089385,0.549543642517851,0.242,0.6392623716371665,0.5045,True,True
r1bqk2r/p4pp1/2pb1n1p/n3N3/4p3/8/PPPPBPPP/RNBQK2R w KQkq -,1400-1599,e5c4,93,0.5,0.5002682530277525,0.0682,0.1688247359936945,0.169,False,False
r1bqk2r/p4pp1/2pb1n1p/n3N3/4p3/8/PPPPBPPP/RNBQK2R w KQkq -,1400-1599,f2f4,39,0.6025641025641025,0.5979890977623072,0.6898,0.5692070805388363,0.432,False,False
r1bqk2r/ppp2ppp/8/8/1QpPn3/5N2/PP3PPP/RN2K2R w KQkq -,1400-1599,b4c4,65,0.6,0.5979000261325051,0.74835,0.5173367514660423,0.4825,False,False
r1bqk2r/ppp2ppp/8/8/1QpPn3/5N2/PP3PPP/RN2K2R w KQkq -,1400-1599,e1g1,12,0.5,0.5015025862758685,0.25165,0.9441546110510892,0.4865,True,True
r1bqk2r/ppp2ppp/8/n2n4/2BP4/1Q3N2/PP1N1PPP/R3K2R w KQkq -,1400-1599,b3a4,23,0.5217391304347826,0.5193846232172533,0.92175,0.5005860374650104,0.5,False,True
r1bqk2r/ppp2ppp/8/n2n4/2BP4/1Q3N2/PP1N1PPP/R3K2R w KQkq -,1400-1599,b3b5,18,0.3055555555555556,0.320002644542634,0.07825,0.6878995633165712,0.428,True,False
r1bqr1k1/pp1nbpp1/2p2n1p/3p4/3P3B/2NBPN2/PP3PPP/R2Q1RK1 w - -,1400-1599,a1c1,15,0.6666666666666666,0.6499864162385602,0.5383,0.5169421065746269,0.517,True,False
r1bqr1k1/pp1nbpp1/2p2n1p/3p4/3P3B/2NBPN2/PP3PPP/R2Q1RK1 w - -,1400-1599,d1c2,19,0.5526315789473685,0.5490945234830422,0.1516,0.4953004252538807,0.533,False,True
r1bqr1k1/pp1nbpp1/2p2n1p/3p4/3P3B/2NBPN2/PP3PPP/R2Q1RK1 w - -,1400-1599,f1e1,22,0.6136363636363636,0.6070131210609877,0.3101,0.49372927012784346,0.503,False,False
r2k3r/pppbbppp/5n2/4p1B1/8/2N5/PPP2PPP/2KR1B1R w - -,1400-1599,c3d5,31,0.3064516129032258,0.3144647352084432,0.002,0.127284468500573,0.0,False,False
r2k3r/pppbbppp/5n2/4p1B1/8/2N5/PPP2PPP/2KR1B1R w - -,1400-1599,f1b5,53,0.5566037735849056,0.5554151514306531,0.48945,0.3839605022003305,0.499,False,False
r2k3r/pppbbppp/5n2/4p1B1/8/2N5/PPP2PPP/2KR1B1R w - -,1400-1599,f1c4,45,0.5444444444444444,0.5422583846847671,0.3908,0.7426487557162109,0.5015,True,True
r2k3r/pppbbppp/5n2/4p1B1/8/2N5/PPP2PPP/2KR1B1R w - -,1400-1599,g5f6,65,0.49230769230769234,0.49253740373274013,0.11775,0.14042258520928558,0.478,False,False
r2q1r2/pbpnnpkp/1p1pp1p1/8/3PP3/2NB1N2/PPPQ1PPP/R4RK1 w - -,1400-1599,d2g5,21,0.35714285714285715,0.3671577039153752,0.0062,0.46941232133918337,0.509,False,False
r2q1r2/pbpnnpkp/1p1pp1p1/8/3PP3/2NB1N2/PPPQ1PPP/R4RK1 w - -,1400-1599,f1e1,22,0.5454545454545454,0.5426680878384638,0.16835,0.48148444472326274,0.6345,False,True
r2q1r2/pbpnnpkp/1p1pp1p1/8/3PP3/2NB1N2/PPPQ1PPP/R4RK1 w - -,1400-1599,f3g5,16,0.53125,0.5275564054341291,0.15285,0.5168755393920765,0.5105,False,False
r2q1r2/pbpnnpkp/1p1pp1p1/8/3PP3/2NB1N2/PPPQ1PPP/R4RK1 w - -,1400-1599,h2h3,11,0.45454545454545453,0.45961025424815627,0.08505,0.39277125745233693,0.614,False,False
r2q1r2/pbpnnpkp/1p1pp1p1/8/3PP3/2NB1N2/PPPQ1PPP/R4RK1 w - -,1400-1599,h2h4,20,0.65,0.6393314610654436,0.58755,0.6469473928147472,0.5715,True,False
r2q1rk1/1b2bppp/p1nppn2/1pp3B1/4P3/P1NP1N1P/BPP2PP1/R2Q1RK1 w - -,1400-1599,c3e2,35,0.4857142857142857,0.48638002436183625,0.00885,0.2830690312022975,0.4515,False,True
r2q1rk1/1b2bppp/p1nppn2/1pp3B1/4P3/P1NP1N1P/BPP2PP1/R2Q1RK1 w - -,1400-1599,d1d2,32,0.71875,0.7087259239411331,0.7744,0.48583848865978474,0.417,False,False
r2q1rk1/1b2bppp/p1nppn2/1pp3B1/4P3/P1NP1N1P/BPP2PP1/R2Q1RK1 w - -,1400-1599,d3d4,10,0.5,0.5009498610873595,0.0807,0.4765613953397134,0.378,False,False
r2q1rk1/1b2bppp/p1nppn2/1pp3B1/4P3/P1NP1N1P/BPP2PP1/R2Q1RK1 w - -,1400-1599,f1e1,57,0.43859649122807015,0.4404964133161563,0.0007,0.5028511340020242,0.4515,True,False
r2q1rk1/1b2bppp/p1nppn2/1pp3B1/4P3/P1NP1N1P/BPP2PP1/R2Q1RK1 w - -,1400-1599,f3h2,59,0.6186440677966102,0.6146618628703961,0.13535,0.48774568020278236,0.108,False,False
r2q1rk1/1b2bppp/p1nppn2/1pp5/4P3/P1NP3P/BPP2PPN/R1BQ1RK1 w - -,1400-1599,c3e2,11,0.45454545454545453,0.45984182046409205,0.18255,0.3603768196067674,0.309,False,False
r2q1rk1/1b2bppp/p1nppn2/1pp5/4P3/P1NP3P/BPP2PPN/R1BQ1RK1 w - -,1400-1599,f2f4,119,0.5798319327731093,0.5789087835574884,0.6298,0.4788050622098623,0.455,True,True
r2q1rk1/1b2bppp/p1nppn2/1pp5/4P3/P1NP3P/BPP2PPN/R1BQ1RK1 w - -,1400-1599,h2g4,24,0.5,0.49994195728219665,0.18765,0.4010798265563661,0.452,False,False
r2q1rk1/1b2bppp/p1nppn2/1pp5/4P3/P1NPBN1P/BPP2PP1/R2Q1RK1 w - -,1400-1599,b2b4,13,0.3076923076923077,0.3280443337912886,0.02145,0.13961999622373744,0.107,False,False
r2q1rk1/1b2bppp/p1nppn2/1pp5/4P3/P1NPBN1P/BPP2PP1/R2Q1RK1 w - -,1400-1599,c3e2,47,0.48936170212765956,0.49018496092158276,0.10725,0.38976568350784585,0.455,False,False
r2q1rk1/1b2bppp/p1nppn2/1pp5/4P3/P1NPBN1P/BPP2PP1/R2Q1RK1 w - -,1400-1599,d1d2,39,0.5384615384615384,0.5356325394498865,0.2996,0.3358899615590346,0.421,False,False
r2q1rk1/1b2bppp/p1nppn2/1pp5/4P3/P1NPBN1P/BPP2PP1/R2Q1RK1 w - -,1400-1599,d1e2,10,0.3,0.32622577401301545,0.02975,0.34188842822515125,0.434,False,False
r2q1rk1/1b2bppp/p1nppn2/1pp5/4P3/P1NPBN1P/BPP2PP1/R2Q1RK1 w - -,1400-1599,d3d4,18,0.25,0.26846602343430664,0.00225,0.2822293890680902,0.4275,False,False
r2q1rk1/1b2bppp/p1nppn2/1pp5/4P3/P1NPBN1P/BPP2PP1/R2Q1RK1 w - -,1400-1599,f1e1,20,0.575,0.571624948759237,0.52905,0.4280915561146401,0.458,True,True
r2q1rk1/1b2bppp/p1nppn2/1pp5/4P3/P1NPBN1P/BPP2PP1/R2Q1RK1 w - -,1400-1599,f3h2,27,0.35185185185185186,0.3598791412626971,0.01065,0.40444172022497854,0.3565,False,False
r2q1rk1/1bp1bpp1/p1np1n1p/1p2p3/3PP3/1BP2N1P/PP3PP1/RNBQR1K1 w - -,1400-1599,b1d2,15,0.5666666666666667,0.5617312468187341,0.4435,0.804749883443047,0.609,True,True
r2q1rk1/1bp1bpp1/p1np1n1p/1p2p3/3PP3/1BP2N1P/PP3PP1/RNBQR1K1 w - -,1400-1599,d4d5,10,0.6,0.5852771954248874,0.5565,0.35305586698414954,0.511,False,False
r2q1rk1/1bp1bppp/p1np1n2/1p6/3PP3/1B3N1P/PP3PP1/RNBQR1K1 b - -,1400-1599,c6a5,90,0.34444444444444444,0.3476841381520138,0.41145,0.46014099149422516,0.328,True,False
r2q1rk1/1bp1bppp/p1np1n2/1p6/3PP3/1B3N1P/PP3PP1/RNBQR1K1 b - -,1400-1599,d6d5,13,0.3076923076923077,0.32883146514457173,0.3674,0.3929076256470505,0.192,False,False
r2q1rk1/1bp1bppp/p1np1n2/1p6/3PP3/1B3N1P/PP3PP1/RNBQR1K1 b - -,1400-1599,f8e8,21,0.2857142857142857,0.2996377830546757,0.22115,0.32917964342845046,0.3535,False,True
r2q1rk1/1bp1bppp/p1np1n2/1p6/3PP3/1B3N2/PP3PPP/RNBQR1K1 w - -,1400-1599,b1c3,59,0.5338983050847458,0.5330947086176175,0.17435,0.6555249754361239,0.683,True,True
r2q1rk1/1bp1bppp/p1np1n2/1p6/3PP3/1B3N2/PP3PPP/RNBQR1K1 w - -,1400-1599,b1d2,29,0.5689655172413793,0.5649293891459545,0.38855,0.6491675011188752,0.6075,False,False
r2q1rk1/1bp1bppp/p1np1n2/1p6/3PP3/1B3N2/PP3PPP/RNBQR1K1 w - -,1400-1599,c1g5,31,0.5483870967741935,0.5461172855441097,0.2774,0.5654463725876254,0.21,False,False
r2q1rk1/1bp1bppp/p1np1n2/1p6/3PP3/1B3N2/PP3PPP/RNBQR1K1 w - -,1400-1599,d4d5,31,0.46774193548387094,0.4688351587740384,0.06835,0.49961529196286175,0.5525,False,False
r2q1rk1/1bp1bppp/p1np1n2/1p6/3PP3/1B3N2/PP3PPP/RNBQR1K1 w - -,1400-1599,e4e5,12,0.4166666666666667,0.42619290600716714,0.09135,0.5541079367785207,0.498,False,False
r2q1rk1/1p1bppbp/p1np1np1/8/2PNP3/2N1BP2/PP2B1PP/R2Q1RK1 w - -,1400-1599,a1c1,10,0.6,0.5880755998364228,0.09555,0.4317924810190261,0.541,False,False
r2q1rk1/1p1bppbp/p1np1np1/8/2PNP3/2N1BP2/PP2B1PP/R2Q1RK1 w - -,1400-1599,d1d2,20,0.8,0.779699387624153,0.90445,0.5981103258488358,0.612,True,True
r2q1rk1/1p1nbppp/p2pbn2/4p3/4P3/1NN1BP2/PPPQ2PP/2KR1B1R w - -,1400-1599,c1b1,14,0.6428571428571429,0.6284125893561474,0.5734,0.6396004480658074,0.506,False,False
r2q1rk1/1p1nbppp/p2pbn2/4p3/4P3/1NN1BP2/PPPQ2PP/2KR1B1R w - -,1400-1599,g2g4,46,0.6086956521739131,0.6056785686982347,0.4266,0.6971828423239277,0.5525,True,True
r2q1rk1/1p2bppp/p1npbn2/4p3/4P3/1NN1BP2/PPPQB1PP/R3K2R w KQ -,1400-1599,e1c1,28,0.6964285714285714,0.6864951543081594,0.8087,0.8206247942355687,0.62,True,True
r2q1rk1/1p2bppp/p1npbn2/4p3/4P3/1NN1BP2/PPPQB1PP/R3K2R w KQ -,1400-1599,e1g1,12,0.375,0.3880828702351451,0.01625,0.5350617969123441,0.499,False,False
r2q1rk1/1p2bppp/p1npbn2/4p3/4P3/1NN1BP2/PPPQB1PP/R3K2R w KQ -,1400-1599,g2g4,20,0.575,0.5683776525832605,0.17505,0.4817131492977652,0.4765,False,False
r2q1rk1/1pp2pp1/1pnpbn1p/4p3/2B1P3/P1NP1N1P/1PP2PP1/R2Q1RK1 w - -,1400-1599,c3d5,23,0.5869565217391305,0.5812522512184641,0.5417,0.6635355461769791,0.4305,True,False
r2q1rk1/1pp2pp1/1pnpbn1p/4p3/2B1P3/P1NP1N1P/1PP2PP1/R2Q1RK1 w - -,1400-1599,c4a2,15,0.5666666666666667,0.5597781971043931,0.42065,0.5281204815226096,0.4925,False,True
r2q1rk1/1pp2pp1/1pnpbn1p/4p3/2B1P3/P1NP1N1P/1PP2PP1/R2Q1RK1 w - -,1400-1599,c4e6,34,0.4264705882352941,0.42956677692747863,0.03765,0.5858644379249773,0.4885,False,False
r2q1rk1/1pp2pp1/1pnpbn1p/4p3/2B1P3/P2P1N1P/1PP2PP1/R1BQ1RK1 w - -,1400-1599,c4a2,28,0.5,0.4991266301777985,0.1847,0.5116625086028284,0.477,False,False
r2q1rk1/1pp2pp1/1pnpbn1p/4p3/2B1P3/P2P1N1P/1PP2PP1/R1BQ1RK1 w - -,1400-1599,c4e6,61,0.5901639344262295,0.5887545737036852,0.8153,0.5380181587271088,0.5095,True,True
r2q1rk1/1pp2pp1/p1npbn1p/4p3/2B1P3/P1NPPN1P/1PP3P1/R2Q1RK1 w - -,1400-1599,c3d5,50,0.58,0.5774425326968456,0.0867,0.6028863511556509,0.49,True,False
r2q1rk1/1pp2pp1/p1npbn1p/4p3/2B1P3/P1NPPN1P/1PP3P1/R2Q1RK1 w - -,1400-1599,c4a2,30,0.6,0.594351107139473,0.16455,0.4138863419768585,0.5,False,False
r2q1rk1/1pp2pp1/p1npbn1p/4p3/2B1P3/P1NPPN1P/1PP3P1/R2Q1RK1 w - -,1400-1599,c4e6,21,0.7142857142857143,0.7008804262761934,0.74875,0.4891330997361919,0.502,False,True
r2q1rk1/2p1bpp1/p1np1n1p/1p2p3/4P1b1/1BPP1N2/PP1N1PPP/R1BQR1K1 w - -,1400-1599,d2f1,50,0.52,0.518994383295071,0.06285,0.6412619829336743,0.5775,False,False
r2q1rk1/2p1bpp1/p1np1n1p/1p2p3/4P1b1/1BPP1N2/PP1N1PPP/R1BQR1K1 w - -,1400-1599,h2h3,16,0.71875,0.7003169579039668,0.93715,0.7615143843531776,0.6015,True,True
r2q1rk1/2p1bppp/p1np1n2/1p2p2b/3PP3/1BP2N1P/PP3PP1/RNBQR1K1 w - -,1400-1599,b1d2,28,0.6428571428571429,0.6364423125247847,0.6384,0.4120003305518869,0.4045,False,False
r2q1rk1/2p1bppp/p1np1n2/1p2p2b/3PP3/1BP2N1P/PP3PP1/RNBQR1K1 w - -,1400-1599,c1g5,17,0.23529411764705882,0.2565747028944227,0.00045,0.383026788797108,0.484,False,False
r2q1rk1/2p1bppp/p1np1n2/1p2p2b/3PP3/1BP2N1P/PP3PP1/RNBQR1K1 w - -,1400-1599,d1d3,13,0.5384615384615384,0.5365086150306524,0.22105,0.4773953473591337,0.4795,False,False
r2q1rk1/2p1bppp/p1np1n2/1p2p2b/3PP3/1BP2N1P/PP3PP1/RNBQR1K1 w - -,1400-1599,d4d5,38,0.5131578947368421,0.5129267995300704,0.07945,0.5369141025783193,0.5265,False,False
r2q1rk1/2p1bppp/p1np1n2/1p2p2b/3PP3/1BP2N1P/PP3PP1/RNBQR1K1 w - -,1400-1599,d4e5,17,0.38235294117647056,0.3912283477654866,0.0169,0.4048213307367109,0.5035,False,False
r2q1rk1/2p1bppp/p1np1n2/1p2p2b/3PP3/1BP2N1P/PP3PP1/RNBQR1K1 w - -,1400-1599,g2g4,22,0.45454545454545453,0.45734655103989896,0.04375,0.7668054304631872,0.5555,True,True
r2q1rk1/2p1bppp/p1np1n2/1p2p2b/4P3/1BPP1N1P/PP3PP1/RNBQR1K1 w - -,1400-1599,b1d2,68,0.5220588235294118,0.5214544369000002,0.44125,0.6589531897294,0.621,True,True
r2q1rk1/2p1bppp/p1np1n2/1p2p2b/4P3/1BPP1N1P/PP3PP1/RNBQR1K1 w - -,1400-1599,c1e3,11,0.5454545454545454,0.5405075674125595,0.55875,0.48592302872949505,0.5435,False,False
r2q1rk1/2p1bppp/p1np1n2/1p2p2b/B3P3/2PP1N1P/PP1N1PP1/R1BQR1K1 w - b6,1400-1599,a4b3,45,0.5888888888888889,0.5857410595988974,0.7187,0.6479853357546562,0.609,False,False
r2q1rk1/2p1bppp/p1np1n2/1p2p2b/B3P3/2PP1N1P/PP1N1PP1/R1BQR1K1 w - b6,1400-1599,a4c2,49,0.5306122448979592,0.5295723464348737,0.2813,0.6776840496869748,0.615,True,True
r2q1rk1/2p1bppp/p1np1n2/1p2p3/3PP3/1BP2b1P/PP3PP1/RNBQR1K1 w - -,1400-1599,d1f3,51,0.46078431372549017,0.4615381413925642,0.71,0.3261348143552525,0.452,False,False
r2q1rk1/2p1bppp/p1np1n2/1p2p3/3PP3/1BP2b1P/PP3PP1/RNBQR1K1 w - -,1400-1599,g2f3,12,0.375,0.3870050941560027,0.29,0.4819105844998129,0.488,True,True
r2q1rk1/2p1bppp/p1np1n2/1p6/3PP1b1/1B3N2/PP3PPP/RNBQR1K1 w - -,1400-1599,b1c3,38,0.4605263157894737,0.46168062814229377,0.0077,0.3415177795528456,0.567,False,False
r2q1rk1/2p1bppp/p1np1n2/1p6/3PP1b1/1B3N2/PP3PPP/RNBQR1K1 w - -,1400-1599,b1d2,24,0.6875,0.6778358262321688,0.68935,0.3999290597201355,0.144,False,False
r2q1rk1/2p1bppp/p1np1n2/1p6/3PP1b1/1B3N2/PP3PPP/RNBQR1K1 w - -,1400-1599,c1e3,21,0.47619047619047616,0.47793253286948173,0.02995,0.8910203962607375,0.53,True,False
r2q1rk1/2p1bppp/p1np1n2/1p6/3PP1b1/1B3N2/PP3PPP/RNBQR1K1 w - -,1400-1599,c1g5,17,0.3235294117647059,0.3380511875715625,0.0025,0.21040033954339246,0.514,False,False
r2q1rk1/2p1bppp/p1np1n2/1p6/3PP1b1/1B3N2/PP3PPP/RNBQR1K1 w - -,1400-1599,d1d3,22,0.6136363636363636,0.6052661187488334,0.26305,0.30677249030370757,0.492,False,False
r2q1rk1/2p1bppp/p1np1n2/1p6/3PP1b1/1B3N2/PP3PPP/RNBQR1K1 w - -,1400-1599,d4d5,51,0.3137254901960784,0.3194718734367857,0.0,0.6267542929664792,0.511,False,False
r2q1rk1/2p1bppp/p1np1n2/1p6/3PP1b1/1B3N2/PP3PPP/RNBQR1K1 w - -,1400-1599,e4e5,13,0.34615384615384615,0.3611845695316895,0.00745,0.45237191109132996,0.441,False,False
r2q1rk1/2p1bppp/p1np1n2/1p6/3PP1b1/1B3N2/PP3PPP/RNBQR1K1 w - -,1400-1599,h2h3,75,0.3466666666666667,0.3503620729357918,0.0,0.22610668774831946,0.591,False,True
r2q1rk1/p1p1b1pp/2pppn2/6B1/4P3/2N5/PPP2PPP/R2Q1RK1 w - -,1400-1599,d1e2,14,0.39285714285714285,0.40213102657996935,0.01465,0.7619021506274599,0.522,True,True
r2q1rk1/p1p1b1pp/2pppn2/6B1/4P3/2N5/PPP2PPP/R2Q1RK1 w - -,1400-1599,d1f3,11,0.7272727272727273,0.6996011165347925,0.7732,0.6328090550775861,0.505,False,False
r2q1rk1/p1p1b1pp/2pppn2/6B1/4P3/2N5/PPP2PPP/R2Q1RK1 w - -,1400-1599,f1e1,51,0.4215686274509804,0.4238185643443904,0.0047,0.6630233393483316,0.496,False,False
r2q1rk1/p1p1b1pp/2pppn2/6B1/4P3/2N5/PPP2PPP/R2Q1RK1 w - -,1400-1599,f2f4,28,0.5892857142857143,0.5853149992372877,0.2054,0.4966397219953028,0.506,False,False
r2q1rk1/p1p1b1pp/2pppn2/6B1/4P3/2N5/PPP2PPP/R2Q1RK1 w - -,1400-1599,g5f6,19,0.3157894736842105,0.32783165834951133,0.00205,0.5462733484768317,0.501,False,False
r2q1rk1/p1p1bppp/2pp1n2/6B1/4P3/2N5/PPP2PPP/R2Q1RK1 w - -,1400-1599,d1d2,24,0.625,0.6173475100423477,0.57155,0.4779914908633112,0.501,False,False
r2q1rk1/p1p1bppp/2pp1n2/6B1/4P3/2N5/PPP2PPP/R2Q1RK1 w - -,1400-1599,d1e2,27,0.5,0.5008296583278454,0.08995,0.5026526448554736,0.512,False,True
r2q1rk1/p1p1bppp/2pp1n2/6B1/4P3/2N5/PPP2PPP/R2Q1RK1 w - -,1400-1599,d1f3,168,0.5327380952380952,0.5324667253516051,0.0404,0.5339695532281902,0.5045,True,False
r2q1rk1/p1p1bppp/2pp1n2/6B1/4P3/2N5/PPP2PPP/R2Q1RK1 w - -,1400-1599,e4e5,20,0.4,0.40758034120176956,0.02305,0.40509758410420144,0.492,False,False
r2q1rk1/p1p1bppp/2pp1n2/6B1/4P3/2N5/PPP2PPP/R2Q1RK1 w - -,1400-1599,f1e1,285,0.5491228070175439,0.5489626852443878,0.06825,0.5240696600376253,0.5045,False,False
r2q1rk1/p1p1bppp/2pp1n2/6B1/4P3/2N5/PPP2PPP/R2Q1RK1 w - -,1400-1599,f2f3,18,0.4722222222222222,0.47526027606952076,0.0786,0.4771965172243614,0.498,False,False
r2q1rk1/p1p1bppp/2pp1n2/6B1/4P3/2N5/PPP2PPP/R2Q1RK1 w - -,1400-1599,f2f4,88,0.42613636363636365,0.42683765394718065,0.00065,0.515564498154235,0.485,False,False
r2q1rk1/p1p1bppp/2pp1n2/6B1/4P3/2N5/PPP2PPP/R2Q1RK1 w - -,1400-1599,g5f6,49,0.5408163265306123,0.5401043495617832,0.12755,0.5202795561057941,0.4905,False,False
r2q1rk1/p1p1bppp/2pp1n2/6B1/4P3/8/PPP2PPP/RN1QR1K1 w - -,1400-1599,b1c3,106,0.4528301886792453,0.45339475011915265,0.0542,0.5158477622682324,0.5075,True,True
r2q1rk1/p1p1bppp/2pp1n2/6B1/4P3/8/PPP2PPP/RN1QR1K1 w - -,1400-1599,b1d2,17,0.5588235294117647,0.5541543242401152,0.5342,0.5057165530554171,0.507,False,False
r2q1rk1/p1p1bppp/2pp1n2/6B1/4P3/8/PPP2PPP/RN1QR1K1 w - -,1400-1599,c2c3,10,0.45,0.458334309653011,0.2104,0.5117284378944011,0.5015,False,False
r2q1rk1/p1p1bppp/2pp1n2/6B1/4P3/8/PPP2PPP/RN1QR1K1 w - -,1400-1599,c2c4,15,0.4,0.40820998953307036,0.08405,0.4902699697879078,0.498,False,False
r2q1rk1/p1p1bppp/2pp1n2/6B1/4P3/8/PPP2PPP/RN1QR1K1 w - -,1400-1599,e4e5,32,0.453125,0.45586473608847056,0.11715,0.36545458594504077,0.4925,False,False
r2q1rk1/p1p1bppp/2pp1n2/8/4P3/2N5/PPP2PPP/R1BQR1K1 w - -,1400-1599,b2b3,40,0.7375,0.7297074201107997,0.8048,0.5515967990988829,0.517,False,False
r2q1rk1/p1p1bppp/2pp1n2/8/4P3/2N5/PPP2PPP/R1BQR1K1 w - -,1400-1599,c1e3,34,0.6470588235294118,0.6412018368550096,0.18345,0.5493880928879136,0.517,False,False
r2q1rk1/p1p1bppp/2pp1n2/8/4P3/2N5/PPP2PPP/R1BQR1K1 w - -,1400-1599,c1f4,137,0.5291970802919708,0.5287221809444933,0.001,0.6395746007026747,0.516,True,False
r2q1rk1/p1p1bppp/2pp1n2/8/4P3/2N5/PPP2PPP/R1BQR1K1 w - -,1400-1599,c1g5,236,0.4322033898305085,0.4327935324206608,0.0,0.5155089171227636,0.5075,False,False
r2q1rk1/p1p1bppp/2pp1n2/8/4P3/2N5/PPP2PPP/R1BQR1K1 w - -,1400-1599,d1f3,89,0.4550561797752809,0.4557726664912798,0.0001,0.6389715793728433,0.506,False,False
r2q1rk1/p1p1bppp/2pp1n2/8/4P3/2N5/PPP2PPP/R1BQR1K1 w - -,1400-1599,e4e5,140,0.4107142857142857,0.4113251780267813,0.0,0.519197214653984,0.507,False,False
r2q1rk1/p1p1bppp/2pp1n2/8/4P3/2N5/PPP2PPP/R1BQR1K1 w - -,1400-1599,f2f4,25,0.5,0.500054397164112,0.01065,0.5065178523780113,0.5535,False,True
r2q1rk1/p1p1bppp/2pp1n2/8/4PB2/2N5/PPP2PPP/R2Q1RK1 w - -,1400-1599,d1f3,22,0.5,0.500429557372046,0.09615,0.7964230585147624,0.5075,True,False
r2q1rk1/p1p1bppp/2pp1n2/8/4PB2/2N5/PPP2PPP/R2Q1RK1 w - -,1400-1599,e4e5,47,0.5638297872340425,0.5617395352465484,0.18895,0.6566553899847818,0.508,False,False
r2q1rk1/p1p1bppp/2pp1n2/8/4PB2/2N5/PPP2PPP/R2Q1RK1 w - -,1400-1599,f1e1,43,0.6395348837209303,0.6345813640941258,0.7149,0.6312741847963861,0.5105,False,True
r2q1rk1/p1p1bppp/2pp1n2/8/4PP2/2N5/PPP3PP/R1BQ1RK1 w - -,1400-1599,c1e3,32,0.703125,0.6941472207888542,0.9759,0.6643452373863378,0.555,False,False
r2q1rk1/p1p1bppp/2pp1n2/8/4PP2/2N5/PPP3PP/R1BQ1RK1 w - -,1400-1599,d1f3,35,0.4714285714285714,0.47206121395693806,0.02255,0.6723032046786784,0.5985,True,True
r2q1rk1/p1p1bppp/2pp1n2/8/4PP2/2N5/PPP3PP/R1BQ1RK1 w - -,1400-1599,e4e5,53,0.39622641509433965,0.3991299594450445,0.00155,0.3766992393100139,0.378,False,False
r2q1rk1/pb1p1ppp/2p2b2/4p3/2B1P3/2N5/PPP2PPP/R2Q1RK1 w - -,1400-1599,a2a3,10,0.5,0.499787903775239,0.1496,0.7330024763041368,0.491,False,False
r2q1rk1/pb1p1ppp/2p2b2/4p3/2B1P3/2N5/PPP2PPP/R2Q1RK1 w - -,1400-1599,c3a4,14,0.35714285714285715,0.3721871710436048,0.01775,0.1728240353296063,0.4825,False,False
r2q1rk1/pb1p1ppp/2p2b2/4p3/2B1P3/2N5/PPP2PPP/R2Q1RK1 w - -,1400-1599,c3e2,14,0.0,0.04850015878102749,0.0,0.046487266263452884,0.278,False,False
r2q1rk1/pb1p1ppp/2p2b2/4p3/2B1P3/2N5/PPP2PPP/R2Q1RK1 w - -,1400-1599,d1d6,11,0.6363636363636364,0.6197915126552194,0.48525,0.7503438909664255,0.4895,False,False
r2q1rk1/pb1p1ppp/2p2b2/4p3/2B1P3/2N5/PPP2PPP/R2Q1RK1 w - -,1400-1599,d1f3,17,0.5294117647058824,0.5275197467675851,0.1529,0.9735474363899904,0.495,True,True
r2q1rk1/pb1p1ppp/2p2b2/4p3/2B1P3/2N5/PPP2PPP/R2Q1RK1 w - -,1400-1599,d1g4,11,0.5,0.49778129910939106,0.12635,0.4237655048540913,0.489,False,False
r2q1rk1/pb1p1ppp/2p2b2/4p3/2B1P3/2N5/PPP2PPP/R2Q1RK1 w - -,1400-1599,f1e1,16,0.46875,0.4712614185107004,0.06805,0.821695226474879,0.489,False,False
r2q1rk1/pb1p1ppp/2p2b2/4p3/2B1P3/2N5/PPP2PPP/R2Q1RK1 w - -,1400-1599,f2f4,30,0.23333333333333334,0.24614720691217049,0.0001,0.4249129043236303,0.0355,False,False
r2q1rk1/pp1n1ppp/2pb1n2/3p2B1/3P4/2NB1Q1P/PPP2PP1/R4RK1 w - -,1400-1599,a1e1,15,0.4,0.41017608774269404,0.11745,0.373755861175889,0.507,False,False
r2q1rk1/pp1n1ppp/2pb1n2/3p2B1/3P4/2NB1Q1P/PPP2PP1/R4RK1 w - -,1400-1599,c3e2,12,0.5,0.4986395998213521,0.3899,0.5827241212825864,0.515,False,True
r2q1rk1/pp1n1ppp/2pb1n2/3p2B1/3P4/2NB1Q1P/PPP2PP1/R4RK1 w - -,1400-1599,d3f5,12,0.4166666666666667,0.42643526444604524,0.157,0.6507452953504713,0.499,True,False
r2q1rk1/pp1n1ppp/2pb1n2/3p2B1/3P4/2NB1Q1P/PPP2PP1/R4RK1 w - -,1400-1599,f1e1,31,0.5,0.5005407906902412,0.33565,0.39573904038867136,0.5035,False,False
r2q1rk1/pp1n1ppp/2pb1n2/3p2Bb/3P4/2N2N1P/PPP1BPP1/R2Q1RK1 w - -,1400-1599,d1d2,20,0.325,0.33686306374040725,0.04555,0.1123132861884717,0.3115,False,False
r2q1rk1/pp1n1ppp/2pb1n2/3p2Bb/3P4/2N2N1P/PPP1BPP1/R2Q1RK1 w - -,1400-1599,d1d3,38,0.27631578947368424,0.2848036915516888,0.00355,0.23590079933454416,0.214,False,False
r2q1rk1/pp1n1ppp/2pb1n2/3p2Bb/3P4/2N2N1P/PPP1BPP1/R2Q1RK1 w - -,1400-1599,f1e1,42,0.30952380952380953,0.3160889391413701,0.0104,0.31698596433457465,0.4305,False,False
r2q1rk1/pp1n1ppp/2pb1n2/3p2Bb/3P4/2N2N1P/PPP1BPP1/R2Q1RK1 w - -,1400-1599,f3d2,12,0.4166666666666667,0.4253118143849848,0.23585,0.4877864541708101,0.3195,True,False
r2q1rk1/pp1n1ppp/2pb1n2/3p2Bb/3P4/2N2N1P/PPP1BPP1/R2Q1RK1 w - -,1400-1599,f3e5,36,0.3888888888888889,0.39389711565351104,0.08045,0.4119431728731759,0.2965,False,False
r2q1rk1/pp1n1ppp/2pb1n2/3p2Bb/3P4/2N2N1P/PPP1BPP1/R2Q1RK1 w - -,1400-1599,f3h2,24,0.5208333333333334,0.5204325130988159,0.6199,0.3536926081585512,0.386,False,False
r2q1rk1/pp1n1ppp/2pb1n2/3p2Bb/3P4/2N2N1P/PPP1BPP1/R2Q1RK1 w - -,1400-1599,f3h4,14,0.17857142857142858,0.2094311087985356,0.0043,0.4730744511032781,0.47,False,True
r2q1rk1/pp1n1ppp/2pb1n2/3p2Bb/3P4/2NB1N1P/PPP2PP1/R2QR1K1 w - -,1400-1599,a2a3,10,0.2,0.23939580168289948,0.01235,0.3037870869909089,0.3725,False,False
r2q1rk1/pp1n1ppp/2pb1n2/3p2Bb/3P4/2NB1N1P/PPP2PP1/R2QR1K1 w - -,1400-1599,d1d2,12,0.5833333333333334,0.5736350369814243,0.66475,0.5698455731253452,0.228,True,False
r2q1rk1/pp1n1ppp/2pb1n2/3p2Bb/3P4/2NB1N1P/PPP2PP1/R2QR1K1 w - -,1400-1599,d3e2,64,0.28125,0.28599854496352284,0.0006,0.3028373133874229,0.3995,False,False
r2q1rk1/pp1n1ppp/2pb1n2/3p2Bb/3P4/2NB1N1P/PPP2PP1/R2QR1K1 w - -,1400-1599,d3f5,18,0.2777777777777778,0.29418601893159846,0.01235,0.3485795758513783,0.443,False,False
r2q1rk1/pp1n1ppp/2pb1n2/3p2Bb/3P4/2NB1N1P/PPP2PP1/R2QR1K1 w - -,1400-1599,e1e3,20,0.475,0.4765821595972834,0.23555,0.28071547446956313,0.424,False,False
r2q1rk1/pp1n1ppp/2pb1n2/3p2Bb/3P4/2NB1N1P/PPP2PP1/R2QR1K1 w - -,1400-1599,g2g4,48,0.4270833333333333,0.4291384564092812,0.0744,0.23548464992329302,0.4575,False,True
r2q1rk1/pp1n1ppp/2pb1n2/3p2Bb/3P4/2PB1N1P/PP1N1PP1/R2Q1RK1 w - -,1400-1599,d1c2,66,0.44696969696969696,0.4483338026017117,0.84645,0.5228670871721999,0.506,True,True
r2q1rk1/pp1n1ppp/2pb1n2/3p2Bb/3P4/2PB1N1P/PP1N1PP1/R2Q1RK1 w - -,1400-1599,f1e1,16,0.3125,0.3286336691092967,0.15355,0.5087186370400552,0.5055,False,False
r2q1rk1/pp1nbppp/2p2n2/3p2B1/3P4/2NQPN2/PP3PPP/R4RK1 w - -,1400-1599,a1c1,11,0.45454545454545453,0.46013610241793784,0.5552,0.38407188203551856,0.4965,True,False
r2q1rk1/pp1nbppp/2p2n2/3p2B1/3P4/2NQPN2/PP3PPP/R4RK1 w - -,1400-1599,a2a3,12,0.25,0.27917501135269984,0.07905,0.3782751249868592,0.4985,False,True
r2q1rk1/pp1nbppp/2p2n2/3p2B1/3P4/2NQPN2/PP3PPP/R4RK1 w - -,1400-1599,f1e1,10,0.4,0.4131963356575821,0.36575,0.29914062598951907,0.4935,False,False
r2q1rk1/pp1nbppp/2p2n2/3p2Bb/3P4/2NB1N1P/PPP2PP1/R2QR1K1 w - -,1400-1599,d1e2,12,0.25,0.2780297305061779,0.025,0.5746992842075226,0.4505,True,False
r2q1rk1/pp1nbppp/2p2n2/3p2Bb/3P4/2NB1N1P/PPP2PP1/R2QR1K1 w - -,1400-1599,d3e2,16,0.5,0.500602479146483,0.4337,0.4395354702414638,0.459,False,False
r2q1rk1/pp1nbppp/2p2n2/3p2Bb/3P4/2NB1N1P/PPP2PP1/R2QR1K1 w - -,1400-1599,g2g4,22,0.5227272727272727,0.5218717293611752,0.5413,0.4024396084741582,0.4645,False,True
r2q1rk1/pp1nbppp/2p2n2/3p2Bb/3P4/2NBPN1P/PP3PP1/R2Q1RK1 w - -,1400-1599,d3e2,20,0.6,0.5924996506625511,0.93715,0.49162949452842325,0.498,False,True
r2q1rk1/pp1nbppp/2p2n2/3p2Bb/3P4/2NBPN1P/PP3PP1/R2Q1RK1 w - -,1400-1599,g2g4,19,0.3684210526315789,0.37852049611151395,0.06285,0.4979388497114043,0.486,True,False
r2q1rk1/pp2bppp/2n1pn2/1B1p2B1/3P4/2N2Q1P/PPP2PP1/R4RK1 w - -,1400-1599,a1d1,21,0.2857142857142857,0.30086386491983674,0.0012,0.4169354796066525,0.468,False,False
r2q1rk1/pp2bppp/2n1pn2/1B1p2B1/3P4/2N2Q1P/PPP2PP1/R4RK1 w - -,1400-1599,a2a3,10,0.15,0.19617481063691145,0.0005,0.036606959760699255,0.0045,False,False
r2q1rk1/pp2bppp/2n1pn2/1B1p2B1/3P4/2N2Q1P/PPP2PP1/R4RK1 w - -,1400-1599,b5c6,39,0.44871794871794873,0.45097751687354576,0.01725,0.35639632656819453,0.4925,False,True
r2q1rk1/pp2bppp/2n1pn2/1B1p2B1/3P4/2N2Q1P/PPP2PP1/R4RK1 w - -,1400-1599,b5d3,20,0.3,0.3146786267355995,0.00235,0.3896394237382125,0.021,False,False
r2q1rk1/pp2bppp/2n1pn2/1B1p2B1/3P4/2N2Q1P/PPP2PP1/R4RK1 w - -,1400-1599,c3e2,11,0.6363636363636364,0.6219842600542527,0.4444,0.4334486047936477,0.485,True,False
r2q1rk1/pp2bppp/2n1pn2/1B1p2B1/3P4/2N2Q1P/PPP2PP1/R4RK1 w - -,1400-1599,f1e1,45,0.36666666666666664,0.371115877301592,0.0015,0.04145096646651499,0.006,False,False
r2q1rk1/pp2bppp/2n1pn2/1B1p2B1/3P4/2N2Q1P/PPP2PP1/R4RK1 w - -,1400-1599,f3g3,13,0.6538461538461539,0.6373474199169342,0.5192,0.3510554425561044,0.0065,False,False
r2q1rk1/pp2bppp/2n1pn2/1B1p2B1/3P4/2N2Q1P/PPP2PP1/R4RK1 w - -,1400-1599,g5f6,12,0.3333333333333333,0.35023885427058704,0.0136,0.31831449767265446,0.1355,False,False
r2q1rk1/pp2bppp/2n1pn2/3p2Bb/3P4/2P2N1P/PP1NBPP1/R2Q1RK1 w - -,1400-1599,f1e1,13,0.5384615384615384,0.5340005507776077,0.8021,0.5258205144120895,0.513,False,True
r2q1rk1/pp2bppp/2n1pn2/3p2Bb/3P4/2P2N1P/PP1NBPP1/R2Q1RK1 w - -,1400-1599,f3e5,13,0.38461538461538464,0.3959982343024042,0.1979,0.5431173718801875,0.511,True,False
r2q1rk1/pp2ppbp/3p1np1/2pPn3/2P1P3/2NB1Q1P/PP3PP1/R1B2RK1 w - -,1400-1599,f3d1,22,0.4772727272727273,0.48034370430001044,0.1633,0.5111049097783106,0.618,False,True
r2q1rk1/pp2ppbp/3p1np1/2pPn3/2P1P3/2NB1Q1P/PP3PP1/R1B2RK1 w - -,1400-1599,f3e2,62,0.5241935483870968,0.523848426458691,0.2457,0.5361846124518354,0.5895,True,False
r2q1rk1/pp2ppbp/3p1np1/2pPn3/2P1P3/2NB1Q1P/PP3PP1/R1B2RK1 w - -,1400-1599,f3e3,11,0.5909090909090909,0.5809995137439867,0.591,0.4598694069517496,0.606,False,False
r2q1rk1/pp3ppp/2n2n2/1Bbp3b/8/2N1PN1P/PP3PP1/R1BQ1RK1 w - -,1400-1599,b5e2,34,0.47058823529411764,0.471916706413514,0.12165,0.5373984356814197,0.487,True,True
r2q1rk1/pp3ppp/2n2n2/1Bbp3b/8/2N1PN1P/PP3PP1/R1BQ1RK1 w - -,1400-1599,g2g4,12,0.6666666666666666,0.6476639754202939,0.87835,0.437720875529567,0.325,False,False
r2q1rk1/pp3ppp/2nbpn2/3p3b/3P4/2PB1N1P/PP1N1PP1/R1BQR1K1 w - -,1400-1599,d1c2,10,0.35,0.3693430837754003,0.26015,0.5182423178155459,0.3735,True,False
r2q1rk1/pp3ppp/2nbpn2/3p3b/3P4/2PB1N1P/PP1N1PP1/R1BQR1K1 w - -,1400-1599,d2f1,19,0.47368421052631576,0.4764273580582288,0.73985,0.4522777741815284,0.4645,False,True
r2q1rk1/ppp1b1pp/3ppn2/6B1/3QP3/2N5/PPP2PPP/2KR3R w - -,1400-1599,d4c4,10,0.45,0.457758205637225,0.03365,0.8277797537895263,0.5365,False,False
r2q1rk1/ppp1b1pp/3ppn2/6B1/3QP3/2N5/PPP2PPP/2KR3R w - -,1400-1599,e4e5,88,0.5965909090909091,0.5950825726078907,0.11935,0.9207288375576331,0.555,True,True
r2q1rk1/ppp1b1pp/3ppn2/6B1/3QP3/2N5/PPP2PPP/2KR3R w - -,1400-1599,f2f3,27,0.7037037037037037,0.6928966248124568,0.79365,0.475149330902112,0.5045,False,False
r2q1rk1/ppp1b1pp/3ppn2/6B1/3QP3/2N5/PPP2PPP/2KR3R w - -,1400-1599,f2f4,52,0.5480769230769231,0.5478801495135432,0.047,0.4894020645140389,0.5395,False,False
r2q1rk1/ppp1b1pp/3ppn2/6B1/3QP3/2N5/PPP2PPP/2KR3R w - -,1400-1599,h1e1,13,0.34615384615384615,0.36206709664019765,0.00525,0.4141230649648465,0.5065,False,False
r2q1rk1/ppp1b1pp/3ppn2/6B1/3QP3/2N5/PPP2PPP/2KR3R w - -,1400-1599,h2h4,58,0.4396551724137931,0.44073753275929384,0.0011,0.23369527067867985,0.5005,False,False
r2q1rk1/ppp1b1pp/3ppn2/6B1/3QP3/2N5/PPP2PPP/R4RK1 w - -,1400-1599,a1d1,77,0.44805194805194803,0.44926710676674814,0.0247,0.3974668331736119,0.5215,False,False
r2q1rk1/ppp1b1pp/3ppn2/6B1/3QP3/2N5/PPP2PPP/R4RK1 w - -,1400-1599,d4c4,23,0.43478260869565216,0.43922284030513903,0.07,0.7619079210847601,0.505,True,False
r2q1rk1/ppp1b1pp/3ppn2/6B1/3QP3/2N5/PPP2PPP/R4RK1 w - -,1400-1599,d4e3,12,0.5833333333333334,0.573547436711329,0.54895,0.33255616563426343,0.4995,False,False
r2q1rk1/ppp1b1pp/3ppn2/6B1/3QP3/2N5/PPP2PPP/R4RK1 w - -,1400-1599,e4e5,60,0.475,0.47533857327767554,0.0702,0.7406422715079531,0.543,False,True
r2q1rk1/ppp1b1pp/3ppn2/6B1/3QP3/2N5/PPP2PPP/R4RK1 w - -,1400-1599,f1e1,29,0.3103448275862069,0.3193150409399222,0.00245,0.44431363033389754,0.4995,False,False
r2q1rk1/ppp1b1pp/3ppn2/6B1/3QP3/2N5/PPP2PPP/R4RK1 w - -,1400-1599,f2f4,56,0.5357142857142857,0.5344073562641799,0.26585,0.4779513398154227,0.501,False,False
r2q1rk1/ppp1b1pp/3ppn2/6B1/3QP3/2N5/PPP2PPP/R4RK1 w - -,1400-1599,g5f6,18,0.3333333333333333,0.345492623765202,0.01785,0.5378514160271481,0.4995,False,False
r2q1rk1/ppp1bpp1/3pbn1p/8/2BQP2B/2N5/PPP2PPP/R4RK1 w - -,1400-1599,a1d1,12,0.75,0.7219283174833366,0.9825,0.8007961936195025,0.5465,True,True
r2q1rk1/ppp1bpp1/3pbn1p/8/2BQP2B/2N5/PPP2PPP/R4RK1 w - -,1400-1599,c4e6,22,0.4090909090909091,0.41537749859007306,0.0175,0.7419718934953544,0.5255,False,False
r2q1rk1/ppp1bppp/2b2n2/4Q1B1/8/2N2N2/PPP2PPP/2KR3R b - -,1400-1599,d8e8,42,0.2857142857142857,0.2924383827039534,0.0295,0.5048077186321789,0.008,True,False
r2q1rk1/ppp1bppp/2b2n2/4Q1B1/8/2N2N2/PPP2PPP/2KR3R b - -,1400-1599,e7d6,35,0.4857142857142857,0.4854015028279053,0.9705,0.32251548284352466,0.4715,False,True
r2q1rk1/ppp1bppp/3p1n2/6B1/2Q1P3/2N5/PPP2PPP/R4RK1 w - -,1400-1599,a1d1,78,0.5897435897435898,0.5877355991523133,0.5859,0.7915698438636357,0.525,True,True
r2q1rk1/ppp1bppp/3p1n2/6B1/2Q1P3/2N5/PPP2PPP/R4RK1 w - -,1400-1599,c3d5,12,0.2916666666666667,0.31545581430213876,0.012,0.17196143641915831,0.0,False,False
r2q1rk1/ppp1bppp/3p1n2/6B1/2Q1P3/2N5/PPP2PPP/R4RK1 w - -,1400-1599,f1e1,24,0.5208333333333334,0.5187753617832059,0.1992,0.6678828295548009,0.518,False,False
r2q1rk1/ppp1bppp/3p1n2/6B1/2Q1P3/2N5/PPP2PPP/R4RK1 w - -,1400-1599,f2f4,18,0.4722222222222222,0.4742981453888965,0.1167,0.46975069464546226,0.4945,False,False
r2q1rk1/ppp1bppp/3p1n2/6B1/2Q1P3/2N5/PPP2PPP/R4RK1 w - -,1400-1599,g5f6,17,0.4411764705882353,0.44601914145705535,0.0862,0.6661478523787744,0.494,False,False
r2q1rk1/ppp2pp1/2np1n1p/8/2BPP1b1/2N2N2/PPP3PP/R2Q1RK1 w - -,1400-1599,c4e2,11,0.5909090909090909,0.5804456126057073,0.23105,0.45441431785244396,0.4805,False,False
r2q1rk1/ppp2pp1/2np1n1p/8/2BPP1b1/2N2N2/PPP3PP/R2Q1RK1 w - -,1400-1599,d1d2,17,0.7058823529411765,0.6898302959724942,0.705,0.8178521618314222,0.5,True,False
r2q1rk1/ppp2pp1/2np1n1p/8/2BPP1b1/2N2N2/PPP3PP/R2Q1RK1 w - -,1400-1599,d1d3,32,0.484375,0.48464931558845753,0.0265,0.7617668664422848,0.5005,False,False
r2q1rk1/ppp2pp1/2np1n1p/8/2BPP1b1/2N2N2/PPP3PP/R2Q1RK1 w - -,1400-1599,d4d5,52,0.49038461538461536,0.49047343901552987,0.01745,0.5045688636557063,0.304,False,False
r2q1rk1/ppp2pp1/2np1n1p/8/2BPP1b1/2N2N2/PPP3PP/R2Q1RK1 w - -,1400-1599,e4e5,13,0.3076923076923077,0.32671789311372024,0.0026,0.4197241777449809,0.1105,False,False
r2q1rk1/ppp2pp1/2np1n1p/8/2BPP1b1/2N2N2/PPP3PP/R2Q1RK1 w - -,1400-1599,h2h3,68,0.5,0.4998429321132916,0.0174,0.4599019550497999,0.503,False,True
r2q1rk1/ppp2ppp/2np1n2/8/2BPP1b1/5N2/PP1N1PPP/R2QR1K1 w - -,1400-1599,d1b3,49,0.5408163265306123,0.5400667542416553,0.0491,0.6625403838887602,0.493,False,False
r2q1rk1/ppp2ppp/2np1n2/8/2BPP1b1/5N2/PP1N1PPP/R2QR1K1 w - -,1400-1599,d1c2,28,0.6607142857142857,0.6532106653548596,0.55595,0.9172003401795791,0.5275,True,False
r2q1rk1/ppp2ppp/2np1n2/8/2BPP1b1/5N2/PP1N1PPP/R2QR1K1 w - -,1400-1599,d4d5,15,0.43333333333333335,0.43863122606626676,0.0274,0.5595324586344348,0.524,False,False
r2q1rk1/ppp2ppp/2np1n2/8/2BPP1b1/5N2/PP1N1PPP/R2QR1K1 w - -,1400-1599,e4e5,18,0.5833333333333334,0.5758773956987895,0.21335,0.6730124038171731,0.5625,False,False
r2q1rk1/ppp2ppp/2np1n2/8/2BPP1b1/5N2/PP1N1PPP/R2QR1K1 w - -,1400-1599,h2h3,113,0.6017699115044248,0.6003686593829018,0.1542,0.7768072051462874,0.574,False,True
r2q1rk1/ppp3p1/1bnppn1p/4p3/1P2P3/P1NP1N1P/2P2PP1/R1BQ1RK1 w - -,1400-1599,a3a4,12,0.25,0.27655378699812866,0.01015,0.3829358236940351,0.384,False,False
r2q1rk1/ppp3p1/1bnppn1p/4p3/1P2P3/P1NP1N1P/2P2PP1/R1BQ1RK1 w - -,1400-1599,b4b5,28,0.375,0.38127665080883016,0.02975,0.3127141522482994,0.39,False,False
r2q1rk1/ppp3p1/1bnppn1p/4p3/1P2P3/P1NP1N1P/2P2PP1/R1BQ1RK1 w - -,1400-1599,c1b2,31,0.5483870967741935,0.547557775821153,0.5913,0.5706784705534453,0.4665,True,False
r2q1rk1/ppp3p1/1bnppn1p/4p3/1P2P3/P1NP1N1P/2P2PP1/R1BQ1RK1 w - -,1400-1599,c1e3,12,0.2916666666666667,0.3149506337904958,0.0279,0.5130784378132209,0.499,False,False
r2q1rk1/ppp3p1/1bnppn1p/4p3/1P2P3/P1NP1N1P/2P2PP1/R1BQ1RK1 w - -,1400-1599,c3a4,48,0.4895833333333333,0.4900374143239333,0.22215,0.5252574497818182,0.5155,False,True
r2q1rk1/ppp3p1/1bnppn1p/4p3/1P2P3/P1NP1N1P/2P2PP1/R1BQ1RK1 w - -,1400-1599,c3e2,18,0.4166666666666667,0.42375361085269025,0.11875,0.4977642130441468,0.484,False,False
r2q3r/ppp2k1p/2npb1p1/8/2QpP3/8/PPP2PPP/RNB1K2R w KQ -,1400-1599,c4d3,58,0.5172413793103449,0.5175170437189645,0.71995,0.42964505689607235,0.502,False,False
r2q3r/ppp2k1p/2npb1p1/8/2QpP3/8/PPP2PPP/RNB1K2R w KQ -,1400-1599,c4e2,55,0.4636363636363636,0.46509470682859627,0.28005,0.5099846468374698,0.5105,True,True
r2qk1nr/p2b1pbp/4p1p1/1B1p4/8/2N5/PPP2PPP/R1BQ1RK1 w kq -,1400-1599,b5d7,84,0.4166666666666667,0.4181740744387139,0.2257,0.2496541652302434,0.429,False,False
r2qk1nr/p2b1pbp/4p1p1/1B1p4/8/2N5/PPP2PPP/R1BQ1RK1 w kq -,1400-1599,d1d3,15,0.4,0.40966048664307775,0.2971,0.15417152572143544,0.394,False,False
r2qk1nr/p2b1pbp/4p1p1/1B1p4/8/2N5/PPP2PPP/R1BQ1RK1 w kq -,1400-1599,d1e2,19,0.4473684210526316,0.45176132670007946,0.45985,0.17818303563234897,0.407,False,False
r2qk1nr/p2b1pbp/4p1p1/1B1p4/8/2N5/PPP2PPP/R1BQ1RK1 w kq -,1400-1599,f1e1,17,0.23529411764705882,0.2557074819053798,0.01735,0.33903912868030434,0.437,True,True
r2qk2r/1p3ppp/p1npbb2/3Np3/4P3/N7/PPP2PPP/R2QKB1R w KQkq -,1400-1599,c2c3,12,0.4583333333333333,0.46438436932519433,0.50065,0.44889786209093735,0.5155,True,True
r2qk2r/1p3ppp/p1npbb2/3Np3/4P3/N7/PPP2PPP/R2QKB1R w KQkq -,1400-1599,c2c4,12,0.4583333333333333,0.464930191468869,0.49935,0.3695928972448866,0.453,False,False
r2qk2r/p1p1bpp1/2pp1n1p/6B1/4P3/2N5/PPP2PPP/R2Q1RK1 w kq -,1400-1599,g5e3,11,0.5,0.49826420490136053,0.4097,0.5826922471917979,0.539,False,True
r2qk2r/p1p1bpp1/2pp1n1p/6B1/4P3/2N5/PPP2PPP/R2Q1RK1 w kq -,1400-1599,g5f6,40,0.3375,0.34255050499316647,0.00615,0.4925851732815576,0.5005,False,False
r2qk2r/p1p1bpp1/2pp1n1p/6B1/4P3/2N5/PPP2PPP/R2Q1RK1 w kq -,1400-1599,g5h4,117,0.5299145299145299,0.5298896676522606,0.58415,0.6786096480922055,0.5095,True,False
r2qk2r/p2bbppp/2Q2n2/4p1N1/8/8/PPPP1PPP/RNB1K2R w KQkq -,1400-1599,c6c3,25,0.34,0.3486126647150832,0.1115,0.25394075330424537,0.022,False,False
r2qk2r/p2bbppp/2Q2n2/4p1N1/8/8/PPPP1PPP/RNB1K2R w KQkq -,1400-1599,c6c4,94,0.32978723404255317,0.33285210275719157,0.0172,0.26491746911024855,0.165,False,False
r2qk2r/p2bbppp/2Q2n2/4p1N1/8/8/PPPP1PPP/RNB1K2R w KQkq -,1400-1599,c6f3,106,0.4669811320754717,0.4673799343576604,0.8713,0.5265366857665854,0.403,True,True
r2qk2r/p2bbppp/4pn2/1B1p2B1/8/2N5/PPP2PPP/R2Q1RK1 w kq -,1400-1599,a2a4,10,0.5,0.4995528698295153,0.63995,0.38620349663485637,0.4695,False,True
r2qk2r/p2bbppp/4pn2/1B1p2B1/8/2N5/PPP2PPP/R2Q1RK1 w kq -,1400-1599,b5d7,49,0.40816326530612246,0.41085406595982105,0.2009,0.5308541333548153,0.3555,True,False
r2qk2r/p2bbppp/4pn2/1B1p2B1/8/2N5/PPP2PPP/R2Q1RK1 w kq -,1400-1599,f1e1,25,0.38,0.3862194291957494,0.15915,0.42926710702535864,0.411,False,False
r2qk2r/p3bppp/2pp1n2/4p1B1/4P3/2N5/PPP2PPP/R2Q1RK1 w kq -,1400-1599,d1d2,27,0.5370370370370371,0.5352963167682817,0.3126,0.5829503019280328,0.511,True,False
r2qk2r/p3bppp/2pp1n2/4p1B1/4P3/2N5/PPP2PPP/R2Q1RK1 w kq -,1400-1599,d1e2,10,0.45,0.45680343568129445,0.16775,0.48301515245427135,0.51,False,False
r2qk2r/p3bppp/2pp1n2/4p1B1/4P3/2N5/PPP2PPP/R2Q1RK1 w kq -,1400-1599,d1f3,22,0.5454545454545454,0.5430740570465741,0.3737,0.5325274987731744,0.506,False,False
r2qk2r/p3bppp/2pp1n2/4p1B1/4P3/2N5/PPP2PPP/R2Q1RK1 w kq -,1400-1599,f1e1,26,0.38461538461538464,0.3913276579941661,0.0262,0.5379884681156437,0.5095,False,False
r2qk2r/p3bppp/2pp1n2/4p1B1/4P3/2N5/PPP2PPP/R2Q1RK1 w kq -,1400-1599,f2f4,35,0.4,0.40477088745201334,0.02335,0.33266874347513975,0.4385,False,False
r2qk2r/p3bppp/2pp1n2/4p1B1/4P3/2N5/PPP2PPP/R2Q1RK1 w kq -,1400-1599,g5f6,38,0.47368421052631576,0.47464139332649036,0.0964,0.15678322889218874,0.513,False,True
r2qk2r/p3bppp/2pppn2/6B1/4P3/2N5/PPP2PPP/R2Q1RK1 w kq -,1400-1599,d1d2,12,0.375,0.3885521234220205,0.1069,0.46529655929488734,0.4895,False,False
r2qk2r/p3bppp/2pppn2/6B1/4P3/2N5/PPP2PPP/R2Q1RK1 w kq -,1400-1599,d1e2,14,0.42857142857142855,0.4349979937007295,0.19415,0.47280180077995976,0.4925,False,False
r2qk2r/p3bppp/2pppn2/6B1/4P3/2N5/PPP2PPP/R2Q1RK1 w kq -,1400-1599,d1f3,20,0.45,0.4544539112261036,0.2013,0.3785007781919903,0.4955,False,True
r2qk2r/p3bppp/2pppn2/6B1/4P3/2N5/PPP2PPP/R2Q1RK1 w kq -,1400-1599,f1e1,35,0.3142857142857143,0.3211193714762279,0.00695,0.48881354117951453,0.4935,True,False
r2qk2r/p3bppp/2pppn2/6B1/4P3/2N5/PPP2PPP/R2Q1RK1 w kq -,1400-1599,f2f4,17,0.29411764705882354,0.3113643317705456,0.01705,0.26505128800410566,0.4855,False,False
r2qk2r/p3bppp/2pppn2/6B1/4P3/2N5/PPP2PPP/R2Q1RK1 w kq -,1400-1599,g5f6,23,0.5217391304347826,0.5205293919381662,0.47365,0.25738152969373035,0.475,False,False
r2qk2r/p3ppbp/2pp1np1/6B1/4P3/2N5/PPP2PPP/R2Q1RK1 w kq -,1400-1599,d1d2,49,0.5204081632653061,0.518906663895465,0.49425,0.5204092227902232,0.5025,False,True
r2qk2r/p3ppbp/2pp1np1/6B1/4P3/2N5/PPP2PPP/R2Q1RK1 w kq -,1400-1599,d1f3,28,0.42857142857142855,0.4320561703887621,0.1379,0.5279737364074505,0.499,True,False
r2qk2r/p3ppbp/2pp1np1/6B1/4P3/2N5/PPP2PPP/R2Q1RK1 w kq -,1400-1599,f1e1,36,0.375,0.3797000979144633,0.0311,0.5011609929524827,0.4975,False,False
r2qk2r/p3ppbp/2pp1np1/6B1/4P3/2N5/PPP2PPP/R2Q1RK1 w kq -,1400-1599,f2f4,19,0.34210526315789475,0.3536393084211784,0.0443,0.420836770832621,0.493,False,False
r2qk2r/p3ppbp/2pp1np1/6B1/4P3/2N5/PPP2PPP/R2Q1RK1 w kq -,1400-1599,g5f6,11,0.45454545454545453,0.45804768364595955,0.29245,0.33791101334188883,0.4905,False,False
r2qk2r/p3ppbp/2pp1np1/8/4P3/2N1B3/PPP2PPP/R2Q1RK1 w kq -,1400-1599,d1d2,31,0.5645161290322581,0.5619721488478928,0.10645,0.484536899282693,0.5005,False,True
r2qk2r/p3ppbp/2pp1np1/8/4P3/2N1B3/PPP2PPP/R2Q1RK1 w kq -,1400-1599,d1f3,11,0.45454545454545453,0.46002978047692694,0.05255,0.4687619764331638,0.498,False,False
r2qk2r/p3ppbp/2pp1np1/8/4P3/2N1B3/PPP2PPP/R2Q1RK1 w kq -,1400-1599,e3d4,14,0.14285714285714285,0.17723340286953354,0.0001,0.4794290487598019,0.499,False,False
r2qk2r/p3ppbp/2pp1np1/8/4P3/2N1B3/PPP2PPP/R2Q1RK1 w kq -,1400-1599,e4e5,12,0.20833333333333334,0.24046554823125543,0.00055,0.5165455606828757,0.482,True,False
r2qk2r/p3ppbp/2pp1np1/8/4P3/2N1B3/PPP2PPP/R2Q1RK1 w kq -,1400-1599,f1e1,12,0.5833333333333334,0.573786474216029,0.1933,0.2563475206382357,0.499,False,False
r2qk2r/p3ppbp/2pp1np1/8/4P3/2N1B3/PPP2PPP/R2Q1RK1 w kq -,1400-1599,f2f3,12,0.7083333333333334,0.6844236982041031,0.64335,0.37152009101047434,0.496,False,False
r2qk2r/p3ppbp/2pp1np1/8/4P3/2N1B3/PPP2PPP/R2Q1RK1 w kq -,1400-1599,f2f4,25,0.4,0.40540666412164544,0.0037,0.4639181195140466,0.498,False,False
r2qk2r/pp1nbppp/2p1pn2/6B1/3P4/3Q1NN1/PPP2PPP/R4RK1 w kq -,1400-1599,a1d1,19,0.5263157894736842,0.5245617354010639,0.0248,0.5699903931725507,0.5085,True,False
r2qk2r/pp1nbppp/2p1pn2/6B1/3P4/3Q1NN1/PPP2PPP/R4RK1 w kq -,1400-1599,c2c3,10,0.85,0.8035832639866419,0.947,0.5065904453552565,0.5,False,False
r2qk2r/pp1nbppp/2p1pn2/6B1/3P4/3Q1NN1/PPP2PPP/R4RK1 w kq -,1400-1599,c2c4,13,0.5,0.4983191555683179,0.02685,0.508766713853213,0.5115,False,True
r2qk2r/pp1nbppp/2p1pn2/6B1/3P4/3Q1NN1/PPP2PPP/R4RK1 w kq -,1400-1599,f1e1,30,0.4,0.40559019432799426,0.00135,0.5617289762437903,0.5075,False,False
r2qkb1r/5ppp/p1p1pn2/3p4/3P4/2N2Q1P/PPP2PP1/R1B2RK1 w kq -,1400-1599,c1g5,55,0.4090909090909091,0.41212611573591784,0.4817,0.49624503802958764,0.5055,True,False
r2qkb1r/5ppp/p1p1pn2/3p4/3P4/2N2Q1P/PPP2PP1/R1B2RK1 w kq -,1400-1599,f1e1,11,0.4090909090909091,0.4200830128804212,0.5183,0.4900751669094823,0.506,False,True
r2qkb1r/pp1nppp1/2p2n1p/7P/3P4/3Q1NN1/PPP2PP1/R1B1K2R w KQkq -,1400-1599,c1d2,85,0.5058823529411764,0.5060035143247017,0.00405,0.5389628962097321,0.5225,False,False
r2qkb1r/pp1nppp1/2p2n1p/7P/3P4/3Q1NN1/PPP2PP1/R1B1K2R w KQkq -,1400-1599,c1e3,30,0.4666666666666667,0.46755096887392367,0.009,0.5450771286666583,0.5215,False,False
r2qkb1r/pp1nppp1/2p2n1p/7P/3P4/3Q1NN1/PPP2PP1/R1B1K2R w KQkq -,1400-1599,c1f4,97,0.5773195876288659,0.5757522710446792,0.04165,0.6140290156280218,0.526,False,True
r2qkb1r/pp1nppp1/2p2n1p/7P/3P4/3Q1NN1/PPP2PP1/R1B1K2R w KQkq -,1400-1599,c2c3,12,0.75,0.7217092484411585,0.655,0.5253908592213,0.502,False,False
r2qkb1r/pp1nppp1/2p2n1p/7P/3P4/3Q1NN1/PPP2PP1/R1B1K2R w KQkq -,1400-1599,e1g1,22,0.5,0.5002891584436818,0.0271,0.6401186578040224,0.511,True,False
r2qkb1r/pp1nppp1/2p2n1p/7P/3P4/3Q1NN1/PPP2PP1/R1B1K2R w KQkq -,1400-1599,g3e4,10,0.65,0.6313080611240691,0.2632,0.5216556855513461,0.52,False,False
r2qkbnr/pp1n1pp1/2p1p2p/7P/3P4/3Q1NN1/PPP2PP1/R1B1K2R w KQkq -,1400-1599,c1d2,58,0.5,0.5001537490645677,0.1261,0.521703734438085,0.5205,False,True
r2qkbnr/pp1n1pp1/2p1p2p/7P/3P4/3Q1NN1/PPP2PP1/R1B1K2R w KQkq -,1400-1599,c1e3,30,0.5,0.49959693822419077,0.164,0.565773114267875,0.514,False,False
r2qkbnr/pp1n1pp1/2p1p2p/7P/3P4/3Q1NN1/PPP2PP1/R1B1K2R w KQkq -,1400-1599,c1f4,94,0.4627659574468085,0.4629251918622576,0.0355,0.5747299031031248,0.52,True,False
r2qkbnr/pp1n1pp1/2p1p2p/7P/3P4/3Q1NN1/PPP2PP1/R1B1K2R w KQkq -,1400-1599,e1g1,19,0.6052631578947368,0.598011523178727,0.6744,0.5436469981819898,0.503,False,False
r3k1nr/pp1b1ppp/4p3/3pP3/1b1q4/2NB4/PP3PPP/R1BQ1RK1 w kq -,1400-1599,c1e3,20,0.475,0.4770939170980456,0.0358,0.7880147229696629,0.372,False,False
r3k1nr/pp1b1ppp/4p3/3pP3/1b1q4/2NB4/PP3PPP/R1BQ1RK1 w kq -,1400-1599,c3b5,23,0.7391304347826086,0.7241304363274824,0.9642,0.9715533762387575,0.957,True,True
r3k2r/1pp1bppp/p1p1bn2/8/8/5N2/PPPP1PPP/RNB1RK2 w kq -,1400-1599,b1c3,38,0.5131578947368421,0.5130608004316773,0.1857,0.5977639915798826,0.4985,False,False
r3k2r/1pp1bppp/p1p1bn2/8/8/5N2/PPPP1PPP/RNB1RK2 w kq -,1400-1599,d2d3,38,0.4342105263157895,0.43634342193833836,0.03375,0.3949251920688109,0.5015,False,True
r3k2r/1pp1bppp/p1p1bn2/8/8/5N2/PPPP1PPP/RNB1RK2 w kq -,1400-1599,d2d4,21,0.40476190476190477,0.41059181274171913,0.0388,0.3053069169753509,0.362,False,False
r3k2r/1pp1bppp/p1p1bn2/8/8/5N2/PPPP1PPP/RNB1RK2 w kq -,1400-1599,f3d4,11,0.5909090909090909,0.5789493043093566,0.55395,0.9221259884794805,0.496,True,False
r3k2r/1pp1bppp/p1p1bn2/8/8/5N2/PPPP1PPP/RNB1RK2 w kq -,1400-1599,f3g5,45,0.5222222222222223,0.5213291150784395,0.1878,0.6602006697189367,0.4925,False,False
r3k2r/1pp2ppp/p1p1bn2/2b5/8/5N2/PPPP1PPP/RNB1RK2 w kq -,1400-1599,b1c3,22,0.5681818181818182,0.563876640239946,0.30715,0.5224466440257208,0.501,True,False
r3k2r/1pp2ppp/p1p1bn2/2b5/8/5N2/PPPP1PPP/RNB1RK2 w kq -,1400-1599,d2d4,72,0.5,0.499736917180242,0.03845,0.49757638016070477,0.4955,False,False
r3k2r/1pp2ppp/p1p1bn2/2b5/8/5N2/PPPP1PPP/RNB1RK2 w kq -,1400-1599,f3g5,40,0.625,0.6208775059878093,0.6544,0.21476948026508,0.5245,False,True
r3k2r/1pp2ppp/p1pbbn2/8/8/5N2/PPPP1PPP/RNB1RK2 w kq -,1400-1599,b1c3,35,0.45714285714285713,0.4587980848424596,0.0227,0.48650633848063973,0.497,False,False
r3k2r/1pp2ppp/p1pbbn2/8/8/5N2/PPPP1PPP/RNB1RK2 w kq -,1400-1599,d2d3,27,0.6111111111111112,0.6062893976092489,0.4405,0.48824600245592575,0.501,False,False
r3k2r/1pp2ppp/p1pbbn2/8/8/5N2/PPPP1PPP/RNB1RK2 w kq -,1400-1599,d2d4,39,0.38461538461538464,0.3887541341307542,0.00205,0.37665799811835415,0.464,False,False
r3k2r/1pp2ppp/p1pbbn2/8/8/5N2/PPPP1PPP/RNB1RK2 w kq -,1400-1599,f1g1,30,0.5,0.5001333328784889,0.06075,0.458339791120984,0.489,False,False
r3k2r/1pp2ppp/p1pbbn2/8/8/5N2/PPPP1PPP/RNB1RK2 w kq -,1400-1599,f3d4,28,0.5892857142857143,0.583822568415338,0.32065,0.5477265322017483,0.5185,True,True
r3k2r/1pp2ppp/p1pbbn2/8/8/5N2/PPPP1PPP/RNB1RK2 w kq -,1400-1599,f3g5,69,0.391304347826087,0.3938479506154891,0.00065,0.51090157125594,0.517,False,False
r3k2r/1pp2ppp/p1pbbn2/8/8/5N2/PPPP1PPP/RNB1RK2 w kq -,1400-1599,h2h3,18,0.5277777777777778,0.5261980256132606,0.1527,0.46955993902610765,0.4985,False,False
r3k2r/pp1bbppp/1qn1p3/3pPn2/3P4/5N2/PPN1BPPP/R1BQ1RK1 w kq -,1400-1599,a2a3,12,0.7083333333333334,0.6848817157739253,0.7621,0.8187925844139419,0.4865,True,False
r3k2r/pp1bbppp/1qn1p3/3pPn2/3P4/5N2/PPN1BPPP/R1BQ1RK1 w kq -,1400-1599,b2b3,13,0.5769230769230769,0.5685815650167575,0.2379,0.4821902632114354,0.5095,False,True
r3k2r/pppqbpp1/3p1n1p/6B1/3QP3/2N5/PPP2PPP/R4RK1 w kq -,1400-1599,g5f6,21,0.4523809523809524,0.45576361779001806,0.1823,0.5252139709591295,0.493,False,False
r3k2r/pppqbpp1/3p1n1p/6B1/3QP3/2N5/PPP2PPP/R4RK1 w kq -,1400-1599,g5h4,93,0.5483870967741935,0.5475201520719822,0.8177,0.7324318325881802,0.5255,True,True
r3k2r/pppqbppp/5n2/4Q3/8/8/PPP2PPP/RNB2RK1 w kq -,1400-1599,b1c3,18,0.3888888888888889,0.39604821965075926,0.1084,0.49022125803193484,0.4995,False,False
r3k2r/pppqbppp/5n2/4Q3/8/8/PPP2PPP/RNB2RK1 w kq -,1400-1599,c1g5,26,0.5384615384615384,0.5367377809558932,0.66585,0.44787025936352637,0.5,False,True
r3k2r/pppqbppp/5n2/4Q3/8/8/PPP2PPP/RNB2RK1 w kq -,1400-1599,f1e1,50,0.47,0.4696842282165557,0.22575,0.6424733979222638,0.492,True,False
r3k2r/pppqbppp/5n2/4p3/3Q4/8/PPP2PPP/RNB1R1K1 w kq -,1400-1599,d4d7,60,0.275,0.28100724121987253,0.0,0.1055299443707672,0.0065,False,False
r3k2r/pppqbppp/5n2/4p3/3Q4/8/PPP2PPP/RNB1R1K1 w kq -,1400-1599,d4e5,68,0.5955882352941176,0.5930304846162592,1.0,0.6297674382867108,0.4895,True,True
r3kb1r/1bp2ppp/p1Np1n2/3P4/8/8/PPP1KPPP/RNB4R w kq -,1400-1599,b1c3,45,0.4,0.40335155054964733,0.00045,0.8977644874184156,0.501,True,False
r3kb1r/1bp2ppp/p1Np1n2/3P4/8/8/PPP1KPPP/RNB4R w kq -,1400-1599,c2c4,95,0.6894736842105263,0.6866272436074975,0.9901,0.8311052937683655,0.6655,False,True
r3kb1r/1bp2ppp/p1Np1n2/3P4/8/8/PPP1KPPP/RNB4R w kq -,1400-1599,h1e1,17,0.4117647058823529,0.419609636175363,0.00945,0.4683724230541242,0.4985,False,False
r3kb1r/p2q1ppp/4pn2/3p4/8/2N5/PPP2PPP/R1BQ1RK1 w kq -,1400-1599,c1f4,17,0.23529411764705882,0.25637259721868894,0.02865,0.2904112753685922,0.4095,False,False
r3kb1r/p2q1ppp/4pn2/3p4/8/2N5/PPP2PPP/R1BQ1RK1 w kq -,1400-1599,c1g5,165,0.30606060606060603,0.3078858949340564,0.0069,0.0182814185219581,0.4255,False,False
r3kb1r/p2q1ppp/4pn2/3p4/8/2N5/PPP2PPP/R1BQ1RK1 w kq -,1400-1599,d1f3,11,0.4090909090909091,0.42032938729565195,0.33695,0.28941842068592294,0.402,False,False
r3kb1r/p2q1ppp/4pn2/3p4/8/2N5/PPP2PPP/R1BQ1RK1 w kq -,1400-1599,f1e1,51,0.3627450980392157,0.3665178714328219,0.09415,0.45184837264014627,0.4485,True,True
r3kb1r/p2q1ppp/4pn2/3p4/8/2N5/PPP2PPP/R1BQ1RK1 w kq -,1400-1599,h2h3,14,0.4642857142857143,0.4679184989270004,0.53335,0.34837332804556864,0.4265,False,False
r3kb1r/p2q1ppp/4pn2/3p4/8/2N5/PPP2PPP/R1BQK2R w KQkq -,1400-1599,c1g5,52,0.3269230769230769,0.3317620831659704,0.12745,0.23163573515323171,0.2625,False,False
r3kb1r/p2q1ppp/4pn2/3p4/8/2N5/PPP2PPP/R1BQK2R w KQkq -,1400-1599,e1g1,114,0.4166666666666667,0.4175815626918978,0.87255,0.29834408300531934,0.3565,True,True
r3kb1r/p2q1ppp/4pn2/3p4/8/8/PPP2PPP/RNBQ1RK1 w kq -,1400-1599,b1c3,72,0.4652777777777778,0.46572546365953665,0.6043,0.3125957481762369,0.3565,True,False
r3kb1r/p2q1ppp/4pn2/3p4/8/8/PPP2PPP/RNBQ1RK1 w kq -,1400-1599,c1g5,112,0.42857142857142855,0.42947655735187706,0.25385,0.13903949249804726,0.4705,False,True
r3kb1r/p2q1ppp/4pn2/3p4/8/8/PPP2PPP/RNBQ1RK1 w kq -,1400-1599,f1e1,20,0.35,0.36002667332046,0.14185,0.26993426828798883,0.449,False,False
r3kb1r/p2q1ppp/5n2/3pp3/8/8/PPP2PPP/RNBQ1RK1 w kq -,1400-1599,b1c3,25,0.28,0.29261519295785365,0.00395,0.48635256608370003,0.4885,False,False
r3kb1r/p2q1ppp/5n2/3pp3/8/8/PPP2PPP/RNBQ1RK1 w kq -,1400-1599,c1g5,36,0.5138888888888888,0.5141426296060977,0.2919,0.5445231198950264,0.465,False,False
r3kb1r/p2q1ppp/5n2/3pp3/8/8/PPP2PPP/RNBQ1RK1 w kq -,1400-1599,f1e1,39,0.5769230769230769,0.5743811323378837,0.70415,0.5570554449999565,0.5105,True,True
r3kb1r/pp1b1ppp/1qn5/3pPp2/3P4/5N2/PP3PPP/RNBQ1RK1 w kq -,1400-1599,a2a3,13,0.6538461538461539,0.6376220080358266,0.48805,0.7094608562201786,0.5125,False,False
r3kb1r/pp1b1ppp/1qn5/3pPp2/3P4/5N2/PP3PPP/RNBQ1RK1 w kq -,1400-1599,b1c3,66,0.5833333333333334,0.5809011962021452,0.1664,0.9007096184715242,0.529,True,True
r3kb1r/pp1b1ppp/1qn5/3pPp2/3P4/5N2/PP3PPP/RNBQ1RK1 w kq -,1400-1599,b2b3,12,0.4166666666666667,0.4259902234385977,0.03015,0.6452789469829255,0.511,False,False
r3kb1r/pp1b1ppp/1qn5/3pPp2/3P4/5N2/PP3PPP/RNBQ1RK1 w kq -,1400-1599,f1e1,10,0.6,0.5867737480306884,0.3154,0.6745566526872454,0.5195,False,False
r3kb1r/pp1b1ppp/1qn5/3pPp2/3P4/P4N2/1P3PPP/RNBQK2R w KQkq -,1400-1599,b1c3,18,0.4444444444444444,0.44806553741002636,0.17105,0.8175484978415074,0.518,True,False
r3kb1r/pp1b1ppp/1qn5/3pPp2/3P4/P4N2/1P3PPP/RNBQK2R w KQkq -,1400-1599,b2b4,15,0.5666666666666667,0.5610828398494357,0.65915,0.4351417018903148,0.4435,False,False
r3kb1r/pp1b1ppp/1qn5/3pPp2/3P4/P4N2/1P3PPP/RNBQK2R w KQkq -,1400-1599,e1g1,17,0.4411764705882353,0.446069738649795,0.1698,0.7297440753264411,0.5255,False,True
r3kb1r/pp1bnppp/4p3/3pP3/3q4/2NB4/PP3PPP/R1BQ1RK1 w kq -,1400-1599,c1e3,12,0.5416666666666666,0.5369627168507767,0.1801,0.4791128592955892,0.29,False,False
r3kb1r/pp1bnppp/4p3/3pP3/3q4/2NB4/PP3PPP/R1BQ1RK1 w kq -,1400-1599,c3b5,10,0.7,0.6736432827403938,0.69685,0.997142999632056,0.527,True,True
r3kb1r/pp1bnppp/4p3/3pP3/3q4/2NB4/PP3PPP/R1BQ1RK1 w kq -,1400-1599,f1e1,12,0.5,0.4979477231098603,0.12305,0.45995232812194514,0.3315,False,False
r3kb1r/pp3ppp/1qn1b3/3pPp2/3P4/2N2N2/PP3PPP/R1BQ1RK1 w kq -,1400-1599,a2a3,13,0.6153846153846154,0.6031647182681819,0.3651,0.5346438076550142,0.512,True,True
r3kb1r/pp3ppp/1qn1b3/3pPp2/3P4/2N2N2/PP3PPP/R1BQ1RK1 w kq -,1400-1599,f3g5,11,0.6818181818181818,0.6604095810922531,0.6349,0.46113607422447134,0.4175,False,False
r3kb1r/ppqb1ppp/2n1p3/3pPn2/N2P4/5N2/PP2BPPP/R1BQ1RK1 w kq -,1400-1599,a4c5,14,0.39285714285714285,0.4031932766670787,0.1177,0.3078049679967904,0.065,False,False
r3kb1r/ppqb1ppp/2n1p3/3pPn2/N2P4/5N2/PP2BPPP/R1BQ1RK1 w kq -,1400-1599,b2b3,11,0.5909090909090909,0.5805576100526778,0.84385,0.7232600609273203,0.532,True,False
r3kb1r/ppqb1ppp/2n1p3/3pPn2/N2P4/5N2/PP2BPPP/R1BQ1RK1 w kq -,1400-1599,c1e3,20,0.325,0.3364571059135013,0.03845,0.6135956305063004,0.579,False,True
r3kbnr/1p1b1ppp/p3p3/3pP3/3q4/2NB4/PP3PPP/R1BQ1RK1 w kq -,1400-1599,c1e3,18,0.3611111111111111,0.37281144795634147,0.7274,0.7171762556367751,0.005,True,False
r3kbnr/1p1b1ppp/p3p3/3pP3/3q4/2NB4/PP3PPP/R1BQ1RK1 w kq -,1400-1599,f1e1,25,0.28,0.29314433527456196,0.2726,0.6188079284898901,0.3355,False,True
r3kbnr/1pp2ppp/p1p3b1/8/6P1/5N1P/PPPPKP2/RNB4R w kq -,1400-1599,d2d3,91,0.4340659340659341,0.43492593966258436,0.77335,0.47796640433921667,0.4825,True,True
r3kbnr/1pp2ppp/p1p3b1/8/6P1/5N1P/PPPPKP2/RNB4R w kq -,1400-1599,f3e5,10,0.2,0.2394661546647589,0.0657,0.3872239673685054,0.0,False,False
r3kbnr/1pp2ppp/p1p3b1/8/6P1/5N1P/PPPPKP2/RNB4R w kq -,1400-1599,h1e1,16,0.3125,0.32902965836230536,0.16095,0.22188009292076813,0.0,False,False
r3kbnr/pp1b1ppp/4p3/3pq3/8/2NB4/PP3PPP/R1BQ1RK1 w kq -,1400-1599,d3b5,16,0.59375,0.5866626212474922,0.40105,0.41952456077664085,0.15,False,False
r3kbnr/pp1b1ppp/4p3/3pq3/8/2NB4/PP3PPP/R1BQ1RK1 w kq -,1400-1599,f1e1,219,0.6118721461187214,0.6108309951950734,0.5003,0.8032325214253643,0.5,True,True
r3kbnr/pp1b1ppp/4p3/3pq3/8/2NB4/PP3PPP/R1BQ1RK1 w kq -,1400-1599,f2f4,14,0.32142857142857145,0.33863846606355663,0.00725,0.49725543459342364,0.0055,False,False
r3kbnr/pp1b1ppp/4p3/3pq3/8/2NB4/PP3PPP/R1BQ1RK1 w kq -,1400-1599,g2g3,12,0.4583333333333333,0.46281414601658455,0.0914,0.6445933374719994,0.0825,False,False
r3kbnr/pp3ppp/2n1p3/3pP3/3P4/4BB2/Pq1N1PPP/R2Q1RK1 b kq -,1400-1599,b2b6,20,0.475,0.47552514633267845,0.25575,0.2760876708046519,0.469,False,True
r3kbnr/pp3ppp/2n1p3/3pP3/3P4/4BB2/Pq1N1PPP/R2Q1RK1 b kq -,1400-1599,c6d4,10,0.6,0.5888775057552433,0.74425,0.3426431243423399,0.001,True,False
r4b1r/p1p2k1p/2p1bp2/4p3/8/8/PPPP1PPP/RNB1K2R w KQ -,1400-1599,b1c3,60,0.55,0.5486593744097323,0.0723,0.5012235181600401,0.525,False,False
r4b1r/p1p2k1p/2p1bp2/4p3/8/8/PPPP1PPP/RNB1K2R w KQ -,1400-1599,d2d3,51,0.6764705882352942,0.6716044881088585,0.92565,0.690046694476416,0.5295,True,True
r4b1r/p1p2k1p/2p1bp2/4p3/8/8/PPPP1PPP/RNB1K2R w KQ -,1400-1599,e1g1,113,0.4690265486725664,0.46930402577886626,0.00205,0.4755424413696556,0.501,False,False
r4b1r/ppp4p/2n1kp2/4p3/8/8/PPPP1PPP/RNB1K2R w KQ -,1400-1599,b1c3,124,0.4475806451612903,0.44876609298492004,0.0156,0.527562794511102,0.5165,False,True
r4b1r/ppp4p/2n1kp2/4p3/8/8/PPPP1PPP/RNB1K2R w KQ -,1400-1599,c2c3,44,0.6136363636363636,0.6100760360483611,0.9644,0.5719224170227296,0.4955,True,False
r4b1r/ppp4p/2n1kp2/4p3/8/8/PPPP1PPP/RNB1K2R w KQ -,1400-1599,e1g1,237,0.46624472573839665,0.4660845192716988,0.02,0.27178332734241806,0.0605,False,False
r4bnr/pp1k1ppp/4p3/3pP3/3q4/8/PP1N1PPP/R1BQK2R w KQ -,1400-1599,d1e2,17,0.47058823529411764,0.4737693533113861,0.3183,0.8139117221457274,0.2165,True,False
r4bnr/pp1k1ppp/4p3/3pP3/3q4/8/PP1N1PPP/R1BQK2R w KQ -,1400-1599,d2f3,21,0.42857142857142855,0.43294905816041207,0.141,0.06456548637229782,0.0005,False,False
r4bnr/pp1k1ppp/4p3/3pP3/3q4/8/PP1N1PPP/R1BQK2R w KQ -,1400-1599,e1g1,147,0.5204081632653061,0.5204611381765447,0.5407,0.7623864708854713,0.282,False,True
r4rk1/pp3ppp/2nqpn2/3p4/3P2b1/2PB1N2/PP1N1PPP/R2Q1RK1 w - -,1400-1599,d1c2,21,0.6190476190476191,0.6110019921094441,0.75615,0.6129066779777251,0.51,True,False
r4rk1/pp3ppp/2nqpn2/3p4/3P2b1/2PB1N2/PP1N1PPP/R2Q1RK1 w - -,1400-1599,f1e1,18,0.5,0.5013321387687752,0.2043,0.5604804052845531,0.515,False,True
r4rk1/pp3ppp/2nqpn2/3p4/3P2b1/2PB1N2/PP1N1PPP/R2Q1RK1 w - -,1400-1599,h2h3,14,0.35714285714285715,0.3705091162518983,0.03955,0.5623787864289005,0.5045,False,False
r4rk1/pppqbppp/3p1n2/6B1/3QP3/2N5/PPP2PPP/R4RK1 w - -,1400-1599,a1d1,143,0.5384615384615384,0.537910291628122,0.0015,0.7209198302120648,0.509,False,False
r4rk1/pppqbppp/3p1n2/6B1/3QP3/2N5/PPP2PPP/R4RK1 w - -,1400-1599,a1e1,19,0.47368421052631576,0.47558164710078055,0.0199,0.6739945254569514,0.506,False,False
r4rk1/pppqbppp/3p1n2/6B1/3QP3/2N5/PPP2PPP/R4RK1 w - -,1400-1599,c3d5,49,0.37755102040816324,0.3813503075496449,0.0,0.3588054813810306,0.484,False,False
r4rk1/pppqbppp/3p1n2/6B1/3QP3/2N5/PPP2PPP/R4RK1 w - -,1400-1599,e4e5,87,0.7183908045977011,0.7145588266452041,0.9711,0.7574542011099262,0.593,True,True
r4rk1/pppqbppp/3p1n2/6B1/3QP3/2N5/PPP2PPP/R4RK1 w - -,1400-1599,f1e1,113,0.5221238938053098,0.5218494641314863,0.00115,0.7150809409356215,0.518,False,False
r4rk1/pppqbppp/3p1n2/6B1/3QP3/2N5/PPP2PPP/R4RK1 w - -,1400-1599,f2f4,41,0.5,0.500746019837734,0.00555,0.6544433846798309,0.498,False,False
r4rk1/pppqbppp/3p1n2/6B1/3QP3/2N5/PPP2PPP/R4RK1 w - -,1400-1599,g5f6,26,0.38461538461538464,0.39118303064449444,0.0008,0.4271327732175319,0.477,False,False
r4rk1/pppqbppp/3p1n2/8/3QP3/2N4P/PPP2PP1/R1B2RK1 w - -,1400-1599,c1e3,19,0.631578947368421,0.6215100802204576,0.3604,0.5734001987401351,0.519,False,True
r4rk1/pppqbppp/3p1n2/8/3QP3/2N4P/PPP2PP1/R1B2RK1 w - -,1400-1599,c1f4,15,0.6666666666666666,0.6511030850402463,0.5206,0.7160784919224286,0.514,True,False
r4rk1/pppqbppp/3p1n2/8/3QP3/2N4P/PPP2PP1/R1B2RK1 w - -,1400-1599,c1g5,29,0.39655172413793105,0.4018071468158388,0.0039,0.6085539788376976,0.5105,False,False
r4rk1/pppqbppp/3p1n2/8/3QP3/2N4P/PPP2PP1/R1B2RK1 w - -,1400-1599,c3d5,13,0.4230769230769231,0.43083469009891023,0.03125,0.4951740370670131,0.4965,False,False
r4rk1/pppqbppp/3p1n2/8/3QP3/2N4P/PPP2PP1/R1B2RK1 w - -,1400-1599,e4e5,15,0.4666666666666667,0.4698390623203506,0.0355,0.2707473169802885,0.494,False,False
r4rk1/pppqbppp/3p1n2/8/3QP3/2N4P/PPP2PP1/R1B2RK1 w - -,1400-1599,f1e1,24,0.5,0.4987971286483217,0.04835,0.4282162549148204,0.514,False,False
r4rk1/pppqbppp/3p1n2/8/3QP3/2N5/PPP2PPP/R1B1R1K1 w - -,1400-1599,b2b3,13,0.5384615384615384,0.5349640093565081,0.13555,0.5895249999745146,0.5085,False,False
r4rk1/pppqbppp/3p1n2/8/3QP3/2N5/PPP2PPP/R1B1R1K1 w - -,1400-1599,c1e3,13,0.6153846153846154,0.6033960279939514,0.2808,0.6080561336437295,0.518,False,False
r4rk1/pppqbppp/3p1n2/8/3QP3/2N5/PPP2PPP/R1B1R1K1 w - -,1400-1599,c1f4,59,0.5847457627118644,0.581932955795541,0.114,0.5717810597394258,0.516,False,False
r4rk1/pppqbppp/3p1n2/8/3QP3/2N5/PPP2PPP/R1B1R1K1 w - -,1400-1599,c1g5,133,0.5375939849624061,0.5370505718067512,0.0146,0.6598665363834837,0.5215,True,True
r4rk1/pppqbppp/3p1n2/8/3QP3/2N5/PPP2PPP/R1B1R1K1 w - -,1400-1599,c3d5,69,0.4492753623188406,0.4498924032226046,0.00105,0.513103558960611,0.5015,False,False
r4rk1/pppqbppp/3p1n2/8/3QP3/2N5/PPP2PPP/R1B1R1K1 w - -,1400-1599,e4e5,144,0.4479166666666667,0.4483367001821619,0.0001,0.134489567300113,0.493,False,False
r4rk1/pppqbppp/3p1n2/8/3QP3/2N5/PPP2PPP/R1B1R1K1 w - -,1400-1599,h2h3,19,0.6578947368421053,0.6460498261789236,0.4539,0.5960706957029989,0.518,False,False
r4rk1/pppqbppp/3p1n2/8/3QPB2/2N5/PPP2PPP/R4RK1 w - -,1400-1599,a1d1,41,0.5609756097560976,0.5584292098193154,0.9049,0.6623818243222396,0.5255,True,True
r4rk1/pppqbppp/3p1n2/8/3QPB2/2N5/PPP2PPP/R4RK1 w - -,1400-1599,e4e5,17,0.38235294117647056,0.3922390333880458,0.0905,0.35748061625498745,0.5025,False,False
r4rk1/pppqbppp/3p1n2/8/3QPB2/2N5/PPP2PPP/R4RK1 w - -,1400-1599,f1e1,23,0.2608695652173913,0.2754621790856856,0.0046,0.5687218436064354,0.509,False,False
r4rk1/ppqn1ppp/2pb1n2/3p2B1/3P2b1/2PB1N2/PP1N1PPP/R2QR1K1 w - -,1400-1599,d1c2,23,0.2826086956521739,0.29639539682448673,0.27235,0.5055027911555982,0.505,True,False
r4rk1/ppqn1ppp/2pb1n2/3p2B1/3P2b1/2PB1N2/PP1N1PPP/R2QR1K1 w - -,1400-1599,h2h3,16,0.375,0.3842463062828981,0.72765,0.4488790636173367,0.5075,False,True
r4rk1/ppqn1ppp/2pb1n2/3p2B1/3P2b1/2PB1N2/PPQN1PPP/R4RK1 w - -,1400-1599,f1e1,24,0.3541666666666667,0.362078187273627,0.1008,0.485107484051679,0.5075,True,False
r4rk1/ppqn1ppp/2pb1n2/3p2B1/3P2b1/2PB1N2/PPQN1PPP/R4RK1 w - -,1400-1599,h2h3,40,0.5125,0.5116525629308687,0.8992,0.4778606964547804,0.511,False,True
rn1q1rk1/1b2bppp/p2ppn2/1p6/3NP3/1BN1BP2/PPPQ2PP/R3K2R w KQ -,1400-1599,e1c1,56,0.375,0.3783095319624696,0.05335,0.4885062431419347,0.5,False,True
rn1q1rk1/1b2bppp/p2ppn2/1p6/3NP3/1BN1BP2/PPPQ2PP/R3K2R w KQ -,1400-1599,g2g4,13,0.6153846153846154,0.6049461337762132,0.94665,0.5526764030903959,0.489,True,False
rn1q1rk1/pp2n1pp/2pb1p2/3p4/3P3B/2NQ1N2/PPP2PPP/R3R1K1 b - -,1400-1599,b8d7,13,0.38461538461538464,0.39501485830284216,0.6364,0.5664029590030043,0.482,True,True
rn1q1rk1/pp2n1pp/2pb1p2/3p4/3P3B/2NQ1N2/PPP2PPP/R3R1K1 b - -,1400-1599,e7g6,30,0.3333333333333333,0.3409467772523265,0.3636,0.5531839298948045,0.4805,False,False
rn1q1rk1/pp3pp1/2p2b1p/3p4/3P2b1/2NBPN2/PP3PPP/R2Q1RK1 w - -,1400-1599,d3e2,10,0.55,0.5419462092859032,0.67795,0.4543899293617205,0.4915,False,False
rn1q1rk1/pp3pp1/2p2b1p/3p4/3P2b1/2NBPN2/PP3PPP/R2Q1RK1 w - -,1400-1599,h2h3,32,0.46875,0.4701173723093993,0.32205,0.5025938154086048,0.514,True,True
rn1q1rk1/pp3ppp/2pb1nb1/3p2B1/3P2P1/2NB1N1P/PPP2P2/R2Q1RK1 w - -,1400-1599,d3g6,100,0.315,0.31747270509463016,0.0002,0.3664945037277295,0.438,False,False
rn1q1rk1/pp3ppp/2pb1nb1/3p2B1/3P2P1/2NB1N1P/PPP2P2/R2Q1RK1 w - -,1400-1599,f3e5,35,0.6285714285714286,0.6233872059740229,0.94775,0.5216137577595554,0.4735,True,True
rn1q1rk1/pp3ppp/2pb1nb1/3p2B1/3P2P1/2NB1N1P/PPP2P2/R2Q1RK1 w - -,1400-1599,f3h4,24,0.4166666666666667,0.42087848881725415,0.05205,0.3948424176055626,0.4725,False,False
rn1qkb1r/pp3pp1/2p1pn1p/7P/3P4/3Q1NN1/PPP2PP1/R1B1K2R w KQkq -,1400-1599,c1d2,148,0.5912162162162162,0.59014257121527,0.16725,0.5506325904158551,0.517,False,True
rn1qkb1r/pp3pp1/2p1pn1p/7P/3P4/3Q1NN1/PPP2PP1/R1B1K2R w KQkq -,1400-1599,c1e3,64,0.5859375,0.5834735955723462,0.1889,0.5548559076088518,0.5045,True,False
rn1qkb1r/pp3pp1/2p1pn1p/7P/3P4/3Q1NN1/PPP2PP1/R1B1K2R w KQkq -,1400-1599,c1f4,169,0.47633136094674555,0.476305516483642,0.00035,0.5420658193097616,0.5065,False,False
rn1qkb1r/pp3pp1/2p1pn1p/7P/3P4/3Q1NN1/PPP2PP1/R1B1K2R w KQkq -,1400-1599,c2c3,19,0.631578947368421,0.621472619106419,0.4886,0.3545800842117663,0.5005,False,False
rn1qkb1r/pp3pp1/2p1pn1p/7P/3P4/3Q1NN1/PPP2PP1/R1B1K2R w KQkq -,1400-1599,e1g1,44,0.5568181818181818,0.5552335099118113,0.11745,0.41940267815818444,0.4935,False,False
rn1qkb1r/pp3pp1/2p1pn1p/7P/3P4/3Q1NN1/PPP2PP1/R1B1K2R w KQkq -,1400-1599,f3e5,38,0.5,0.5010644489062563,0.03745,0.5156366827253247,0.499,False,False
rn1qkb1r/pp3ppn/2p1p2p/7P/3P4/5NN1/PPP2PP1/R1BQK2R w KQkq -,1400-1599,c1e3,11,0.5454545454545454,0.540650880016825,0.2927,0.49076457634148907,0.5105,False,False
rn1qkb1r/pp3ppn/2p1p2p/7P/3P4/5NN1/PPP2PP1/R1BQK2R w KQkq -,1400-1599,c1f4,18,0.6388888888888888,0.6283098513163965,0.66725,0.5058106795924849,0.5255,False,True
rn1qkb1r/pp3ppn/2p1p2p/7P/3P4/5NN1/PPP2PP1/R1BQK2R w KQkq -,1400-1599,d1d3,12,0.375,0.38866452383773514,0.04005,0.5946319121115298,0.518,True,False
rn2kb1r/ppq2ppp/2p1pn2/4N3/3P4/2N4P/PPPBQPP1/R4RK1 b kq -,1400-1599,b8d7,51,0.5294117647058824,0.5283415089901979,0.70625,0.46154786599774617,0.4775,False,True
rn2kb1r/ppq2ppp/2p1pn2/4N3/3P4/2N4P/PPPBQPP1/R4RK1 b kq -,1400-1599,f8d6,40,0.475,0.4746694305508426,0.29375,0.4675859796507311,0.476,True,False
rnb1r3/ppp2kpp/5n2/8/4P3/8/PB1N1PPP/R3K1NR w KQ -,1400-1599,b2f6,10,0.35,0.3691315128203104,0.04665,0.41195551653892426,0.4945,False,False
rnb1r3/ppp2kpp/5n2/8/4P3/8/PB1N1PPP/R3K1NR w KQ -,1400-1599,e4e5,12,0.6666666666666666,0.6492089747144094,0.89615,0.4554511770416209,0.1395,False,False
rnb1r3/ppp2kpp/5n2/8/4P3/8/PB1N1PPP/R3K1NR w KQ -,1400-1599,f2f3,35,0.34285714285714286,0.34980542174077667,0.0107,0.6458983761815633,0.5005,False,True
rnb1r3/ppp2kpp/5n2/8/4P3/8/PB1N1PPP/R3K1NR w KQ -,1400-1599,g1f3,10,0.35,0.3701987826615769,0.0465,0.7612295875869501,0.4995,True,False
rnb2rk1/ppp1q1p1/4p2p/5p2/2PPp3/4P3/PP1N1PPP/R2QKB1R w KQ f6,1400-1599,c4c5,11,0.5909090909090909,0.5816215221496883,0.7396,0.5380219610830967,0.354,True,False
rnb2rk1/ppp1q1p1/4p2p/5p2/2PPp3/4P3/PP1N1PPP/R2QKB1R w KQ f6,1400-1599,f1e2,33,0.48484848484848486,0.4860630008621784,0.2604,0.3557972807840037,0.471,False,True
rnb2rk1/ppp1qpp1/7p/3p4/3P4/2P1PN2/P4PPP/R2QKB1R w KQ -,1400-1599,c3c4,13,0.46153846153846156,0.46542794146033595,0.0827,0.5831004404667377,0.502,False,False
rnb2rk1/ppp1qpp1/7p/3p4/3P4/2P1PN2/P4PPP/R2QKB1R w KQ -,1400-1599,f1d3,36,0.5555555555555556,0.5540953595367424,0.20795,0.5502706430161576,0.507,False,True
rnb2rk1/ppp1qpp1/7p/3p4/3P4/2P1PN2/P4PPP/R2QKB1R w KQ -,1400-1599,f1e2,12,0.6666666666666666,0.6483735908537539,0.70935,0.6008001805170383,0.5,True,False
rnbq1rk1/pp3ppp/4p3/8/3PP3/5N2/P2Q1PPP/R3KB1R w KQ -,1400-1599,f1c4,18,0.6666666666666666,0.6543778780429801,0.9035,0.5746703125770899,0.512,False,False
rnbq1rk1/pp3ppp/4p3/8/3PP3/5N2/P2Q1PPP/R3KB1R w KQ -,1400-1599,f1d3,38,0.47368421052631576,0.47487656948779366,0.0807,0.26382486810648104,0.5145,False,True
rnbq1rk1/pp3ppp/4p3/8/3PP3/5N2/P2Q1PPP/R3KB1R w KQ -,1400-1599,f1e2,14,0.32142857142857145,0.33866685752699105,0.0158,0.8067767514809897,0.503,True,False
1rbq1rk1/p3ppbp/2Bp1np1/8/2P5/2N3P1/PP2PP1P/R1BQ1RK1 w - -,1600-1799,a1b1,16,0.5,0.49876417978226356,0.0831,0.7036040498961663,0.486,True,False
1rbq1rk1/p3ppbp/2Bp1np1/8/2P5/2N3P1/PP2PP1P/R1BQ1RK1 w - -,1600-1799,b2b3,29,0.5689655172413793,0.5650772149737516,0.14455,0.591503558852838,0.509,False,False
1rbq1rk1/p3ppbp/2Bp1np1/8/2P5/2N3P1/PP2PP1P/R1BQ1RK1 w - -,1600-1799,c1e3,13,0.38461538461538464,0.3945449448229951,0.0172,0.3031757199944587,0.47,False,False
1rbq1rk1/p3ppbp/2Bp1np1/8/2P5/2N3P1/PP2PP1P/R1BQ1RK1 w - -,1600-1799,c6g2,100,0.645,0.6431182460876916,0.48415,0.6625329163581106,0.589,False,True
1rbq1rk1/p3ppbp/2Bp1np1/8/2P5/2N3P1/PP2PP1P/R1BQ1RK1 w - -,1600-1799,d1a4,10,0.4,0.4139730573721688,0.0266,0.5166264716559869,0.5225,False,False
1rbq1rk1/p3ppbp/2Bp1np1/8/2P5/2N3P1/PP2PP1P/R1BQ1RK1 w - -,1600-1799,d1c2,21,0.5952380952380952,0.590068233960032,0.2444,0.46221563874782745,0.5125,False,False
1rbqk2r/p2pppbp/6p1/3QP3/8/4B3/PPP2PPP/R3KB1R w KQk -,1600-1799,e1c1,10,0.8,0.7614395327390723,0.74965,0.8274249180553382,0.7025,True,True
1rbqk2r/p2pppbp/6p1/3QP3/8/4B3/PPP2PPP/R3KB1R w KQk -,1600-1799,e3d4,10,0.4,0.4126363546344607,0.013,0.4410256524333152,0.5335,False,False
1rbqk2r/p2pppbp/6p1/3QP3/8/4B3/PPP2PPP/R3KB1R w KQk -,1600-1799,f1c4,23,0.6739130434782609,0.6646179916884953,0.23735,0.6193234982421347,0.504,False,False
1rbqkb1r/p2n1ppp/2Q5/4p1N1/8/8/PPPP1PPP/RNB1K2R w KQk -,1600-1799,d2d3,67,0.4701492537313433,0.4711191145822779,0.0231,0.5862728694639393,0.3825,True,True
1rbqkb1r/p2n1ppp/2Q5/4p1N1/8/8/PPPP1PPP/RNB1K2R w KQk -,1600-1799,d2d4,11,0.7727272727272727,0.7389301970960953,0.9761,0.5687458916302885,0.1365,False,False
1rbqkb1r/p2n1ppp/2Q5/4p1N1/8/8/PPPP1PPP/RNB1K2R w KQk -,1600-1799,g5e4,17,0.23529411764705882,0.25696165679446425,0.0008,0.3726209063281343,0.0295,False,False
2bq1rk1/rpp2pp1/p1np1n1p/4p3/2B1P3/P1NP1N1P/1PP2PP1/R2Q1RK1 w - -,1600-1799,c3d5,33,0.3484848484848485,0.35443520938291556,0.0131,0.47572865267780634,0.4745,False,False
2bq1rk1/rpp2pp1/p1np1n1p/4p3/2B1P3/P1NP1N1P/1PP2PP1/R2Q1RK1 w - -,1600-1799,c3e2,10,0.35,0.36817573649022006,0.08695,0.5161703283821972,0.5035,False,False
2bq1rk1/rpp2pp1/p1np1n1p/4p3/2B1P3/P1NP1N1P/1PP2PP1/R2Q1RK1 w - -,1600-1799,d3d4,12,0.4583333333333333,0.46313434548888655,0.2381,0.5674224593460581,0.507,True,True
2bq1rk1/rpp2pp1/p1np1n1p/4p3/2B1P3/P1NP1N1P/1PP2PP1/R2Q1RK1 w - -,1600-1799,f3h2,64,0.546875,0.5452194199945477,0.66185,0.5035821807656623,0.499,False,False
2kr1bnr/1pp2ppp/p1p5/8/8/5K1P/PPPP1PP1/RNB4R w - -,1600-1799,b1c3,25,0.4,0.40657322974441845,0.08035,0.5288504017523273,0.4965,False,False
2kr1bnr/1pp2ppp/p1p5/8/8/5K1P/PPPP1PP1/RNB4R w - -,1600-1799,d2d3,100,0.47,0.4705163879081968,0.14665,0.49545748049312227,0.498,False,True
2kr1bnr/1pp2ppp/p1p5/8/8/5K1P/PPPP1PP1/RNB4R w - -,1600-1799,h1e1,58,0.5431034482758621,0.5422839567544395,0.773,0.5648999950402784,0.495,True,False
2kr3r/pppqn1pp/2nb1p2/3p4/3P2bB/2PB1N2/PP1N1PPP/R2Q1RK1 w - -,1600-1799,b2b4,38,0.5263157894736842,0.5243594991116254,0.5171,0.4944845875563644,0.4795,False,False
2kr3r/pppqn1pp/2nb1p2/3p4/3P2bB/2PB1N2/PP1N1PPP/R2Q1RK1 w - -,1600-1799,d1a4,12,0.4166666666666667,0.42814069685640116,0.1916,0.38313146183986113,0.466,False,False
2kr3r/pppqn1pp/2nb1p2/3p4/3P2bB/2PB1N2/PP1N1PPP/R2Q1RK1 w - -,1600-1799,d1c2,35,0.3,0.30878660586318535,0.0055,0.5314823234732989,0.484,True,False
2kr3r/pppqn1pp/2nb1p2/3p4/3P2bB/2PB1N2/PP1N1PPP/R2Q1RK1 w - -,1600-1799,h4g3,13,0.46153846153846156,0.4664186540144204,0.2858,0.5132000833673431,0.502,False,True
2kr3r/pppqn1pp/2nb1p2/3p4/3P2bB/2PB1N2/PP3PPP/RN1QR1K1 w - -,1600-1799,b1d2,64,0.53125,0.5299768810052652,0.44595,0.5318814001648731,0.41,True,False
2kr3r/pppqn1pp/2nb1p2/3p4/3P2bB/2PB1N2/PP3PPP/RN1QR1K1 w - -,1600-1799,b2b4,23,0.5,0.5000076393966169,0.3147,0.3901552822414095,0.388,False,False
2kr3r/pppqn1pp/2nb1p2/3p4/3P2bB/2PB1N2/PP3PPP/RN1QR1K1 w - -,1600-1799,h4g3,10,0.45,0.4581767862897491,0.23935,0.5019094916571363,0.506,False,True
2r1kb1r/pp1b1ppp/1qn1p3/3pPn2/1P1P4/P4N2/1B2BPPP/RN1Q1RK1 b k -,1600-1799,a7a5,35,0.37142857142857144,0.37715467267233,0.02165,0.04544029339650135,0.0215,False,False
2r1kb1r/pp1b1ppp/1qn1p3/3pPn2/1P1P4/P4N2/1B2BPPP/RN1Q1RK1 b k -,1600-1799,a7a6,23,0.5217391304347826,0.5204050102070724,0.37235,0.7877327579466911,0.4765,True,False
2r1kb1r/pp1b1ppp/1qn1p3/3pPn2/1P1P4/P4N2/1B2BPPP/RN1Q1RK1 b k -,1600-1799,c6a5,19,0.5526315789473685,0.5496800328755368,0.534,0.5107410656836255,0.364,False,False
2r1kb1r/pp1b1ppp/1qn1p3/3pPn2/1P1P4/P4N2/1B2BPPP/RN1Q1RK1 b k -,1600-1799,f8e7,90,0.45555555555555555,0.4571316441585654,0.072,0.4882609296160043,0.5,False,True
2r1kbnr/pp1b1ppp/1q2p3/3pP3/3P4/5N2/PPQ2PPP/RNB2RK1 w k -,1600-1799,b1c3,52,0.49038461538461536,0.49091095799847,0.9684,0.5364270536116378,0.4915,True,True
2r1kbnr/pp1b1ppp/1q2p3/3pP3/3P4/5N2/PPQ2PPP/RNB2RK1 w k -,1600-1799,c2d1,29,0.29310344827586204,0.30285489317207,0.0316,0.3675358395265948,0.481,False,False
2rq1rk1/pp1bppbp/2np1np1/8/2BNP3/2N1BP2/PPPQ2PP/2KR3R w - -,1600-1799,c1b1,54,0.4166666666666667,0.41848185487066036,0.04545,0.5540146751327815,0.0005,False,False
2rq1rk1/pp1bppbp/2np1np1/8/2BNP3/2N1BP2/PPPQ2PP/2KR3R w - -,1600-1799,c4b3,594,0.531986531986532,0.5320747491595466,0.8575,0.7403758554207036,0.5875,True,True
2rq1rk1/pp1bppbp/2np1np1/8/2BNP3/2N1BP2/PPPQ2PP/2KR3R w - -,1600-1799,g2g4,28,0.4107142857142857,0.4154860436687896,0.09705,0.5588277079458499,0.0,False,False
2rq1rk1/pp1bppbp/2np1np1/8/2PNP3/2N1B3/PP2BPPP/2RQ1RK1 w - -,1600-1799,a2a3,12,0.75,0.7229889615025888,0.70275,0.5693343727865918,0.5775,False,False
2rq1rk1/pp1bppbp/2np1np1/8/2PNP3/2N1B3/PP2BPPP/2RQ1RK1 w - -,1600-1799,b2b3,27,0.42592592592592593,0.4297654637220111,0.00465,0.5214751495770532,0.599,False,True
2rq1rk1/pp1bppbp/2np1np1/8/2PNP3/2N1B3/PP2BPPP/2RQ1RK1 w - -,1600-1799,f2f3,13,0.6538461538461539,0.6378640513065755,0.2926,0.5896473335776048,0.5915,True,False
2rq1rk1/pp1bppbp/2np1np1/8/2PNP3/2N1BP2/PP1QB1PP/R3K2R w KQ -,1600-1799,a1c1,11,0.45454545454545453,0.4593306540984409,0.74685,0.6786859539317729,0.5855,False,False
2rq1rk1/pp1bppbp/2np1np1/8/2PNP3/2N1BP2/PP1QB1PP/R3K2R w KQ -,1600-1799,e1g1,33,0.3484848484848485,0.35496465363116964,0.25315,0.7778030808728319,0.621,True,True
2rq1rk1/pp1bppbp/2np1np1/8/2PNP3/2N1BP2/PP2B1PP/R2Q1RK1 w - -,1600-1799,a1c1,49,0.3979591836734694,0.40030000619606815,0.017,0.5597885691721202,0.566,False,False
2rq1rk1/pp1bppbp/2np1np1/8/2PNP3/2N1BP2/PP2B1PP/R2Q1RK1 w - -,1600-1799,b2b3,21,0.5476190476190477,0.545850715322506,0.48045,0.6175262456643592,0.576,False,False
2rq1rk1/pp1bppbp/2np1np1/8/2PNP3/2N1BP2/PP2B1PP/R2Q1RK1 w - -,1600-1799,d1d2,59,0.5508474576271186,0.5498573215562622,0.50255,0.7748364891633075,0.634,True,True
2rq1rk1/pp1bppbp/2np1np1/8/3NP3/1BN1BP2/PPPQ2PP/R3K2R w KQ -,1600-1799,d4c6,11,0.45454545454545453,0.46041947018299534,0.14115,0.45143704249657246,0.5175,False,False
2rq1rk1/pp1bppbp/2np1np1/8/3NP3/1BN1BP2/PPPQ2PP/R3K2R w KQ -,1600-1799,e1c1,179,0.5335195530726257,0.5336278959254995,0.11735,0.7771187060543527,0.633,False,True
2rq1rk1/pp1bppbp/2np1np1/8/3NP3/1BN1BP2/PPPQ2PP/R3K2R w KQ -,1600-1799,g2g4,24,0.6041666666666666,0.599639086035539,0.5774,0.9084268123986831,0.6015,True,False
2rq1rk1/pp1bppbp/2np1np1/8/3NP3/1BN1BP2/PPPQ2PP/R3K2R w KQ -,1600-1799,h2h4,29,0.5172413793103449,0.5164291480625735,0.1641,0.6915742041827212,0.6245,False,False
r1b1k1nr/pp1p1ppp/8/q3p3/N2QP3/2P5/PP3PPP/R3KB1R w KQkq -,1600-1799,d4b4,38,0.6447368421052632,0.6385252772157902,0.8801,0.518231771247459,0.495,False,False
r1b1k1nr/pp1p1ppp/8/q3p3/N2QP3/2P5/PP3PPP/R3KB1R w KQkq -,1600-1799,d4c4,11,0.45454545454545453,0.4608744259664122,0.10585,0.812727878789378,0.483,True,False
r1b1k1nr/pp1p1ppp/8/q3p3/N2QP3/2P5/PP3PPP/R3KB1R w KQkq -,1600-1799,d4d1,27,0.3888888888888889,0.3954905179906894,0.01405,0.4717022902285272,0.5035,False,True
r1b1k1nr/pppp2pp/5p2/8/8/2B5/PPP1BPPP/R3K2R w KQkq -,1600-1799,e1c1,87,0.5287356321839081,0.528530869659242,0.17955,0.6827952835973559,0.5405,True,True
r1b1k1nr/pppp2pp/5p2/8/8/2B5/PPP1BPPP/R3K2R w KQkq -,1600-1799,e1g1,37,0.5405405405405406,0.5388081234982434,0.27725,0.56412979925524,0.4985,False,False
r1b1k1nr/pppp2pp/5p2/8/8/2B5/PPP1BPPP/R3K2R w KQkq -,1600-1799,e2h5,17,0.5882352941176471,0.5815062034713109,0.5432,0.5830110870946646,0.5045,False,False
r1b1k2r/1pq1bppp/p1nppn2/8/2B1PB2/2N2N2/PP2QPPP/R2R2K1 w kq -,1600-1799,a1c1,166,0.5572289156626506,0.5567202095675451,0.68415,0.5549533212998179,0.5,True,True
r1b1k2r/1pq1bppp/p1nppn2/8/2B1PB2/2N2N2/PP2QPPP/R2R2K1 w kq -,1600-1799,e4e5,66,0.5227272727272727,0.5226386575225604,0.31585,0.5498588867827965,0.4725,False,False
r1b1k2r/1pqnbpp1/p2ppn1p/6B1/3NPPP1/2N2Q2/PPP4P/2KR1B1R w kq -,1600-1799,g5f6,20,0.7,0.6859485062813786,0.9479,0.4439506349862746,0.64,True,True
r1b1k2r/1pqnbpp1/p2ppn1p/6B1/3NPPP1/2N2Q2/PPP4P/2KR1B1R w kq -,1600-1799,g5h4,12,0.4166666666666667,0.42777569659900483,0.0521,0.40610478560853897,0.53,False,False
r1b1k2r/1pqnbpp1/p2ppn1p/8/3NPP1B/2N2Q2/PPP3PP/2KR1B1R w kq -,1600-1799,f1d3,15,0.7333333333333333,0.7129522653856891,0.99605,0.7056100156924277,0.5315,True,False
r1b1k2r/1pqnbpp1/p2ppn1p/8/3NPP1B/2N2Q2/PPP3PP/2KR1B1R w kq -,1600-1799,g2g4,22,0.29545454545454547,0.30931748040008067,0.00395,0.3136587435282867,0.5335,False,True
r1b1k2r/2q1bppp/p2p1n2/npp1p3/3PP3/2P2N2/PPB2PPP/RNBQR1K1 w kq -,1600-1799,b1d2,21,0.47619047619047616,0.47698856460543804,0.07865,0.52703037185656,0.559,False,False
r1b1k2r/2q1bppp/p2p1n2/npp1p3/3PP3/2P2N2/PPB2PPP/RNBQR1K1 w kq -,1600-1799,c1g5,19,0.5526315789473685,0.5480024571784368,0.2703,0.540954453253965,0.521,False,False
r1b1k2r/2q1bppp/p2p1n2/npp1p3/3PP3/2P2N2/PPB2PPP/RNBQR1K1 w kq -,1600-1799,d4d5,19,0.5,0.49931402098494426,0.13675,0.6958910853536685,0.655,True,True
r1b1k2r/2q1bppp/p2p1n2/npp1p3/3PP3/2P2N2/PPB2PPP/RNBQR1K1 w kq -,1600-1799,d4e5,18,0.2777777777777778,0.29401689033661005,0.0019,0.49202468731231364,0.483,False,False
r1b1k2r/2q1bppp/p2p1n2/npp1p3/3PP3/2P2N2/PPB2PPP/RNBQR1K1 w kq -,1600-1799,h2h3,28,0.6071428571428571,0.6011919996705768,0.5124,0.6017409720150132,0.602,False,False
r1b1k2r/2qnbppp/p2ppn2/1p4B1/3NPP2/2NB1Q2/PPP3PP/2KR3R w kq b6,1600-1799,e4e5,14,0.4642857142857143,0.4675487634109969,0.1284,0.6218666195729649,0.379,False,False
r1b1k2r/2qnbppp/p2ppn2/1p4B1/3NPP2/2NB1Q2/PPP3PP/2KR3R w kq b6,1600-1799,g2g4,14,0.4642857142857143,0.468214521911001,0.1297,0.3233784154588747,0.4745,False,False
r1b1k2r/2qnbppp/p2ppn2/1p4B1/3NPP2/2NB1Q2/PPP3PP/2KR3R w kq b6,1600-1799,h1e1,33,0.6212121212121212,0.6156949809724516,0.7419,0.7366140838297167,0.5145,True,True
r1b1k2r/2qnbppp/p2ppn2/1p4B1/3NPPP1/2N2Q2/PPP4P/2KR1B1R w kq b6,1600-1799,a2a3,15,0.43333333333333335,0.4374865912400109,0.0456,0.5248191103886087,0.5475,True,False
r1b1k2r/2qnbppp/p2ppn2/1p4B1/3NPPP1/2N2Q2/PPP4P/2KR1B1R w kq b6,1600-1799,f1d3,12,0.6666666666666666,0.6478581324855194,0.6536,0.337552203138182,0.4615,False,False
r1b1k2r/2qnbppp/p2ppn2/1p4B1/3NPPP1/2N2Q2/PPP4P/2KR1B1R w kq b6,1600-1799,f1g2,13,0.46153846153846156,0.4655123587204634,0.0845,0.5123902408185464,0.521,False,False
r1b1k2r/2qnbppp/p2ppn2/1p4B1/3NPPP1/2N2Q2/PPP4P/2KR1B1R w kq b6,1600-1799,g5f6,109,0.5779816513761468,0.5762106498371683,0.2163,0.4259688288209285,0.587,False,True
r1b1k2r/4qppp/p1np1n2/1p2p1B1/4P3/N7/PPP2PPP/R2QKB1R w KQkq -,1600-1799,c2c3,159,0.5094339622641509,0.5094487446078504,0.13735,0.41009516803418866,0.512,False,True
r1b1k2r/4qppp/p1np1n2/1p2p1B1/4P3/N7/PPP2PPP/R2QKB1R w KQkq -,1600-1799,c2c4,150,0.49666666666666665,0.4964876348882037,0.0845,0.6595298474168059,0.5095,True,False
r1b1k2r/4qppp/p1np1n2/1p2p1B1/4P3/N7/PPP2PPP/R2QKB1R w KQkq -,1600-1799,d1d2,40,0.3375,0.3437647430760735,0.0019,0.41648751756445657,0.4925,False,False
r1b1k2r/4qppp/p1np1n2/1p2p1B1/4P3/N7/PPP2PPP/R2QKB1R w KQkq -,1600-1799,f1d3,100,0.54,0.5390944098922178,0.3885,0.43251610387544415,0.502,False,False
r1b1k2r/4qppp/p1np1n2/1p2p1B1/4P3/N7/PPP2PPP/R2QKB1R w KQkq -,1600-1799,f1e2,43,0.36046511627906974,0.3642007808835318,0.0051,0.431677121076827,0.498,False,False
r1b1k2r/4qppp/p1np1n2/1p2p1B1/4P3/N7/PPP2PPP/R2QKB1R w KQkq -,1600-1799,f2f3,41,0.43902439024390244,0.4410534233313667,0.05505,0.38194457495475015,0.4825,False,False
r1b1k2r/4qppp/p1np1n2/1p2p1B1/4P3/N7/PPP2PPP/R2QKB1R w KQkq -,1600-1799,g5f6,29,0.5172413793103449,0.5167546821207143,0.3276,0.2560577807003239,0.4925,False,False
r1b1k2r/p2pqppp/4p3/3pP3/8/8/PPP2PPP/R2QKB1R w KQkq -,1600-1799,c2c3,12,0.375,0.38924574226691866,0.22705,0.43474461122661373,0.4895,True,True
r1b1k2r/p2pqppp/4p3/3pP3/8/8/PPP2PPP/R2QKB1R w KQkq -,1600-1799,f1b5,15,0.4,0.4079602903773628,0.25345,0.059165151075573304,0.0,False,False
r1b1k2r/p2pqppp/4p3/3pP3/8/8/PPP2PPP/R2QKB1R w KQkq -,1600-1799,f1d3,86,0.46511627906976744,0.4657626903674319,0.5195,0.2145199906114286,0.047,False,False
r1b1k2r/pp1n1ppp/1qn1p3/3pP3/3P4/3B1N2/PP1QNPPP/R3K2R b KQkq -,1600-1799,b6b4,74,0.4594594594594595,0.46068615210086117,0.07545,0.535277768339766,0.2025,True,False
r1b1k2r/pp1n1ppp/1qn1p3/3pP3/3P4/3B1N2/PP1QNPPP/R3K2R b KQkq -,1600-1799,c6b4,45,0.3333333333333333,0.3387955620245103,0.004,0.12596230570800768,0.0245,False,False
r1b1k2r/pp1n1ppp/1qn1p3/3pP3/3P4/3B1N2/PP1QNPPP/R3K2R b KQkq -,1600-1799,e8g8,129,0.3449612403100775,0.3470273157280068,0.00045,0.4597142714538347,0.3295,False,False
r1b1k2r/pp1n1ppp/1qn1p3/3pP3/3P4/3B1N2/PP1QNPPP/R3K2R b KQkq -,1600-1799,f7f6,16,0.625,0.6133005456039851,0.79865,0.5072352005342486,0.339,False,True
r1b1k2r/pp1n1ppp/1qn1p3/3pP3/3P4/3B1N2/PP1QNPPP/R3K2R b KQkq -,1600-1799,h7h6,21,0.4523809523809524,0.4559532696836454,0.12145,0.2774430188149088,0.035,False,False
r1b1k2r/pp1p1ppp/4pn2/q7/N2QP3/2P5/PP3PPP/R3KB1R w KQkq -,1600-1799,a4c5,23,0.43478260869565216,0.43817058386049373,0.01555,0.4558092509301602,0.5685,False,True
r1b1k2r/pp1p1ppp/4pn2/q7/N2QP3/2P5/PP3PPP/R3KB1R w KQkq -,1600-1799,b2b3,10,0.35,0.3692430955845072,0.01435,0.4311072368607786,0.489,False,False
r1b1k2r/pp1p1ppp/4pn2/q7/N2QP3/2P5/PP3PPP/R3KB1R w KQkq -,1600-1799,e1c1,11,0.5454545454545454,0.5394869193336478,0.17565,0.5095054424322227,0.4575,False,False
r1b1k2r/pp1p1ppp/4pn2/q7/N2QP3/2P5/PP3PPP/R3KB1R w KQkq -,1600-1799,e4e5,13,0.5384615384615384,0.5335831122677062,0.14295,0.8595956261734999,0.5685,True,False
r1b1k2r/pp1p1ppp/4pn2/q7/N2QP3/2P5/PP3PPP/R3KB1R w KQkq -,1600-1799,f1d3,41,0.6219512195121951,0.6176253034943199,0.29225,0.5570153508708998,0.4895,False,False
r1b1k2r/pp1p1ppp/4pn2/q7/N2QP3/2P5/PP3PPP/R3KB1R w KQkq -,1600-1799,f1e2,27,0.6296296296296297,0.6236435248082352,0.35925,0.5791508718232152,0.447,False,False
r1b1k2r/pp2bppp/1qn1p3/3pP3/1P1P4/P3PN2/6PP/RN1QKB1R w KQkq -,1600-1799,b1c3,60,0.55,0.5487346039113248,0.2777,0.6282306115680838,0.5725,False,True
r1b1k2r/pp2bppp/1qn1p3/3pP3/1P1P4/P3PN2/6PP/RN1QKB1R w KQkq -,1600-1799,f1d3,112,0.5357142857142857,0.5350371398484821,0.15825,0.7961627152110581,0.57,True,False
r1b1k2r/pp2bppp/1qn1p3/3pP3/1P1P4/P3PN2/6PP/RN1QKB1R w KQkq -,1600-1799,f1e2,39,0.5897435897435898,0.585928729131004,0.56405,0.6650594907511315,0.511,False,False
r1b1k2r/pp2bppp/1qn1p3/3pPn2/3P4/P1N2N2/1P2BPPP/R1BQ1RK1 w kq -,1600-1799,c1e3,31,0.3870967741935484,0.392092762707964,0.05785,0.8335209009416773,0.634,True,False
r1b1k2r/pp2bppp/1qn1p3/3pPn2/3P4/P1N2N2/1P2BPPP/R1BQ1RK1 w kq -,1600-1799,c3a4,68,0.5367647058823529,0.5362710357307399,0.7188,0.8206371052903993,0.735,False,True
r1b1k2r/pp2bppp/1qn1p3/3pPn2/3P4/P1N2N2/1P2BPPP/R1BQ1RK1 w kq -,1600-1799,e2b5,60,0.475,0.47644573693541914,0.22335,0.5878082694504788,0.612,False,False
r1b1k2r/ppp1bppp/5n2/4p1B1/8/2N5/PPP2PPP/2KR1B1R w - -,1600-1799,c3b5,13,0.5769230769230769,0.5682827155562423,0.70325,0.5958393760207839,0.5,True,False
r1b1k2r/ppp1bppp/5n2/4p1B1/8/2N5/PPP2PPP/2KR1B1R w - -,1600-1799,f1c4,14,0.4642857142857143,0.46796888319023455,0.2581,0.553319892709033,0.5015,False,True
r1b1k2r/ppp1bppp/5n2/4p1B1/8/2N5/PPP2PPP/2KR1B1R w - -,1600-1799,g5f6,44,0.375,0.3802215236357224,0.03865,0.18021607495717287,0.1875,False,False
r1b1k2r/ppp1q1pp/2np1n2/8/2P2B2/2PQ1N2/P3PPPP/R3KB1R w KQkq -,1600-1799,e2e3,86,0.5232558139534884,0.5227550469179023,0.01635,0.6760863301976376,0.5195,False,False
r1b1k2r/ppp1q1pp/2np1n2/8/2P2B2/2PQ1N2/P3PPPP/R3KB1R w KQkq -,1600-1799,g2g3,41,0.7195121951219512,0.7114653583444893,0.98365,0.7160253784760098,0.5455,True,True
r1b1k2r/ppp1qppp/3p4/4n3/2P2B2/4P3/PP1QBPPP/R4RK1 b kq -,1600-1799,c8e6,19,0.5526315789473685,0.5482637891511222,0.5823,0.26421708805082295,0.2695,False,False
r1b1k2r/ppp1qppp/3p4/4n3/2P2B2/4P3/PP1QBPPP/R4RK1 b kq -,1600-1799,e8g8,41,0.524390243902439,0.523569429261913,0.4177,0.30932639332984335,0.4775,True,True
r1b1k2r/ppp1qppp/3p4/4n3/2P2B2/P3P3/1P1Q1PPP/R3KB1R w KQkq -,1600-1799,d2c3,10,0.5,0.5001480300419289,0.1853,0.5250061681982616,0.511,False,False
r1b1k2r/ppp1qppp/3p4/4n3/2P2B2/P3P3/1P1Q1PPP/R3KB1R w KQkq -,1600-1799,f1e2,196,0.6326530612244898,0.6320879672043498,0.8147,0.5942589956941574,0.525,True,True
r1b1k2r/ppp2ppp/1bn5/4P3/2B1n3/5N2/PP3PPP/RNBR2K1 w kq -,1600-1799,c1e3,87,0.4540229885057471,0.4544460510639865,0.4595,0.4643778946847467,0.501,True,True
r1b1k2r/ppp2ppp/1bn5/4P3/2B1n3/5N2/PP3PPP/RNBR2K1 w kq -,1600-1799,c4d5,16,0.15625,0.18624744804551804,0.00305,0.14023483453831642,0.0,False,False
r1b1k2r/ppp2ppp/1bn5/4P3/2B1n3/5N2/PP3PPP/RNBR2K1 w kq -,1600-1799,d1f1,28,0.4642857142857143,0.4647684658710029,0.53745,0.4581945223334534,0.328,False,False
r1b1k2r/pppp1ppp/5n2/8/8/2B5/PPP1BPPP/R3K2R w KQkq -,1600-1799,c3f6,50,0.43,0.4317839768516816,0.05355,0.49969379709827116,0.493,False,False
r1b1k2r/pppp1ppp/5n2/8/8/2B5/PPP1BPPP/R3K2R w KQkq -,1600-1799,e1c1,39,0.5897435897435898,0.585576694497969,0.92305,0.6677751233121679,0.4995,True,True
r1b1k2r/pppp1ppp/5n2/8/8/2B5/PPP1BPPP/R3K2R w KQkq -,1600-1799,e1g1,22,0.3409090909090909,0.3506227835473631,0.0234,0.5532407223750209,0.4935,False,False
r1b1k2r/pppp1ppp/8/4q3/2P5/P7/1P1QPPPP/R3KB1R w KQkq -,1600-1799,a1d1,12,0.5416666666666666,0.5378396657618839,0.44135,0.48515373105994386,0.5,False,False
r1b1k2r/pppp1ppp/8/4q3/2P5/P7/1P1QPPPP/R3KB1R w KQkq -,1600-1799,e2e3,245,0.5510204081632653,0.5506290218806748,0.45045,0.5246411876176047,0.5005,False,False
r1b1k2r/pppp1ppp/8/4q3/2P5/P7/1P1QPPPP/R3KB1R w KQkq -,1600-1799,g2g3,22,0.45454545454545453,0.4583095371306754,0.1082,0.5292298443460955,0.504,True,True
r1b1k2r/ppq1bppp/2np1n2/4p3/2B1PB2/2N2N2/PP2QPPP/R2R2K1 w kq -,1600-1799,c3b5,12,0.5833333333333334,0.5745638215412918,0.45165,0.7310028527129833,0.5665,True,True
r1b1k2r/ppq1bppp/2np1n2/4p3/2B1PB2/2N2N2/PP2QPPP/R2R2K1 w kq -,1600-1799,f4e3,32,0.53125,0.5302915888643743,0.198,0.5601437752794637,0.5095,False,False
r1b1k2r/ppq1bppp/2np1n2/4p3/2B1PB2/2N2N2/PP2QPPP/R2R2K1 w kq -,1600-1799,f4g3,31,0.41935483870967744,0.4235584690736828,0.02375,0.41114782094667796,0.4725,False,False
r1b1k2r/ppq1bppp/2np1n2/4p3/2B1PB2/2N2N2/PP2QPPP/R2R2K1 w kq -,1600-1799,f4g5,38,0.5657894736842105,0.5632888215013815,0.3266,0.3990258811903739,0.5055,False,False
r1b1kb1r/p4pp1/2p2n1p/n3N3/3qp3/8/PPPPBPPP/RNBQK2R w KQkq -,1600-1799,e5g4,133,0.5939849624060151,0.5927379221331358,0.98595,0.6237834317311685,0.467,False,False
r1b1kb1r/p4pp1/2p2n1p/n3N3/3qp3/8/PPPPBPPP/RNBQK2R w KQkq -,1600-1799,f2f4,244,0.47950819672131145,0.4800320650300201,0.01405,0.8562025541857267,0.52,True,True
r1b1kb1r/pp3ppp/1q2p3/3pP3/3n4/2N5/PP2BPPP/R1BQ1RK1 w kq -,1600-1799,c1e3,130,0.4807692307692308,0.4811898995497407,0.60035,0.8475444311555327,0.4915,True,True
r1b1kb1r/pp3ppp/1q2p3/3pP3/3n4/2N5/PP2BPPP/R1BQ1RK1 w kq -,1600-1799,c3a4,20,0.35,0.3607759401504987,0.09405,0.12143651807733737,0.22,False,False
r1b1kb1r/pp3ppp/1q2p3/3pP3/3n4/2N5/PP2BPPP/R1BQ1RK1 w kq -,1600-1799,e2b5,13,0.3076923076923077,0.3279454722771508,0.0914,0.16854010929808289,0.0,False,False
r1b1kb1r/pp3ppp/1q2p3/3pP3/3n4/2N5/PP2BPPP/R1BQ1RK1 w kq -,1600-1799,e2d3,20,0.4,0.4060882733119462,0.2142,0.7808124438560473,0.3765,False,False
r1b1kb1r/pp3ppp/2n1p3/3pP3/3q4/2N5/PP2BPPP/R1BQ1RK1 w kq -,1600-1799,c1e3,11,0.18181818181818182,0.22158004638152248,0.00665,0.20049334661933624,0.008,False,False
r1b1kb1r/pp3ppp/2n1p3/3pP3/3q4/2N5/PP2BPPP/R1BQ1RK1 w kq -,1600-1799,c3b5,26,0.46153846153846156,0.46444479275739176,0.1862,0.2957382379181737,0.2465,False,True
r1b1kb1r/pp3ppp/2n1p3/3pP3/3q4/2N5/PP2BPPP/R1BQ1RK1 w kq -,1600-1799,d1b3,21,0.5476190476190477,0.5436292740397587,0.5547,0.3590561240738391,0.0035,False,False
r1b1kb1r/pp3ppp/2n1p3/3pP3/3q4/2N5/PP2BPPP/R1BQ1RK1 w kq -,1600-1799,d1c2,12,0.4166666666666667,0.4270599769939575,0.1646,0.5329234385564191,0.005,True,False
r1b1kb1r/pp3ppp/2n1p3/3pP3/3q4/2N5/PP2BPPP/R1BQ1RK1 w kq -,1600-1799,d1d4,81,0.345679012345679,0.3489993641287859,0.0023,0.1390473333032883,0.0815,False,False
r1b1kb1r/pp3ppp/2n1p3/3pP3/3q4/2N5/PP2BPPP/R1BQ1RK1 w kq -,1600-1799,e2b5,20,0.4,0.4079701320982061,0.08555,0.49212956008567976,0.004,False,False
r1b2rk1/1p3ppp/p1nqpn2/3p4/3P4/2NBPN2/PP3PPP/R2Q1RK1 w - -,1600-1799,a1c1,41,0.4268292682926829,0.4291488403598662,0.4187,0.5089256666831052,0.5145,True,False
r1b2rk1/1p3ppp/p1nqpn2/3p4/3P4/2NBPN2/PP3PPP/R2Q1RK1 w - -,1600-1799,a2a3,56,0.44642857142857145,0.447624196432609,0.5813,0.5087932170463875,0.5155,False,True
r1b2rk1/1pq1bppp/p1nppn2/8/2PNP3/2N1BP2/PP2B1PP/R2Q1RK1 w - -,1600-1799,a1c1,49,0.47959183673469385,0.48011586687766566,0.0,0.6413132265146239,0.6895,False,True
r1b2rk1/1pq1bppp/p1nppn2/8/2PNP3/2N1BP2/PP2B1PP/R2Q1RK1 w - -,1600-1799,a2a3,10,0.65,0.6313575920914554,0.04275,0.5393619774557137,0.62,False,False
r1b2rk1/1pq1bppp/p1nppn2/8/2PNP3/2N1BP2/PP2B1PP/R2Q1RK1 w - -,1600-1799,b2b3,16,0.875,0.8418957945042077,0.6883,0.5765563422741523,0.508,False,False
r1b2rk1/1pq1bppp/p1nppn2/8/2PNP3/2N1BP2/PP2B1PP/R2Q1RK1 w - -,1600-1799,d1d2,30,0.8,0.7862021326759242,0.26895,0.6970424320913867,0.632,True,False
r1b2rk1/1pq1bppp/p1nppn2/8/3NP3/1BN1BP2/PPPQ2PP/R3K2R w KQ -,1600-1799,e1c1,119,0.6386554621848739,0.6366441654461672,0.6502,0.5404003321864593,0.5,False,False
r1b2rk1/1pq1bppp/p1nppn2/8/3NP3/1BN1BP2/PPPQ2PP/R3K2R w KQ -,1600-1799,g2g4,20,0.6,0.5929826199937688,0.3498,0.746763060567633,0.508,True,True
r1b2rk1/1pq1bppp/p1nppn2/8/3NP3/2N1BP2/PPPQ2PP/1K1R1B1R w - -,1600-1799,g2g4,86,0.5930232558139535,0.5907719969664685,0.3089,0.7632882851016306,0.65,True,False
r1b2rk1/1pq1bppp/p1nppn2/8/3NP3/2N1BP2/PPPQ2PP/1K1R1B1R w - -,1600-1799,h2h4,16,0.65625,0.643609574462895,0.6911,0.6334741285051857,0.659,False,True
r1b2rk1/1pq1bppp/p1nppn2/8/3NPP2/1BN1B3/PPP3PP/R2Q1RK1 w - -,1600-1799,a2a3,10,0.5,0.49943516200981164,0.1398,0.43973419194090074,0.5095,False,False
r1b2rk1/1pq1bppp/p1nppn2/8/3NPP2/1BN1B3/PPP3PP/R2Q1RK1 w - -,1600-1799,d1f3,25,0.56,0.5567536397805094,0.20325,0.47049100605015476,0.52,False,False
r1b2rk1/1pq1bppp/p1nppn2/8/3NPP2/1BN1B3/PPP3PP/R2Q1RK1 w - -,1600-1799,d4c6,15,0.5333333333333333,0.5305123017704917,0.1693,0.37634914903446365,0.4355,False,False
r1b2rk1/1pq1bppp/p1nppn2/8/3NPP2/1BN1B3/PPP3PP/R2Q1RK1 w - -,1600-1799,f4f5,57,0.6228070175438597,0.6192460772378384,0.48445,0.6707042271897004,0.528,True,True
r1b2rk1/1pq1bppp/p1nppn2/8/3NPP2/1BN1B3/PPP3PP/R2Q1RK1 w - -,1600-1799,g1h1,13,0.2692307692307692,0.29284248143571195,0.0032,0.5030268519199459,0.486,False,False
r1b2rk1/1pq1bppp/p1nppn2/8/3NPP2/2N1B3/PPP1B1PP/R2Q1R1K w - -,1600-1799,a2a3,20,0.45,0.4545272063829936,0.0233,0.4738871984566983,0.516,False,False
r1b2rk1/1pq1bppp/p1nppn2/8/3NPP2/2N1B3/PPP1B1PP/R2Q1R1K w - -,1600-1799,d1e1,46,0.5869565217391305,0.5842631922205378,0.13895,0.49444938728817545,0.565,False,True
r1b2rk1/1pq1bppp/p1nppn2/8/3NPP2/2N1B3/PPP1B1PP/R2Q1R1K w - -,1600-1799,d4c6,10,0.7,0.6737888666930361,0.5777,0.4826459452139701,0.498,False,False
r1b2rk1/1pq1bppp/p1nppn2/8/3NPP2/2N1B3/PPP1B1PP/R2Q1R1K w - -,1600-1799,d4f3,10,0.25,0.28357062115566095,0.002,0.26238658621202243,0.492,False,False
r1b2rk1/1pq1bppp/p1nppn2/8/3NPP2/2N1B3/PPP1B1PP/R2Q1R1K w - -,1600-1799,e2f3,33,0.3484848484848485,0.3554979223486608,0.0007,0.6803149844030864,0.513,True,False
r1b2rk1/1pq1bppp/p1nppn2/8/3NPP2/2N1B3/PPP1B1PP/R2Q1R1K w - -,1600-1799,f4f5,29,0.3793103448275862,0.38403765886463553,0.00265,0.5401756893169539,0.5,False,False
r1b2rk1/1pq1bppp/p1nppn2/8/3NPP2/2N1B3/PPP1B1PP/R2Q1R1K w - -,1600-1799,g2g4,10,0.6,0.5870200000902684,0.2547,0.5814854790376689,0.495,False,False
r1b2rk1/1pq1bppp/p1nppn2/8/3NPP2/2N1BB2/PPP3PP/R2Q1RK1 w - -,1600-1799,d1d2,19,0.7894736842105263,0.7682102342702225,0.564,0.5183257866742583,0.4915,False,False
r1b2rk1/1pq1bppp/p1nppn2/8/3NPP2/2N1BB2/PPP3PP/R2Q1RK1 w - -,1600-1799,d1e1,24,0.625,0.618021456546563,0.0396,0.4818792835938143,0.489,False,False
r1b2rk1/1pq1bppp/p1nppn2/8/3NPP2/2N1BB2/PPP3PP/R2Q1RK1 w - -,1600-1799,d1e2,13,0.34615384615384615,0.3631304269628144,0.0002,0.5286211568361484,0.4725,False,False
r1b2rk1/1pq1bppp/p1nppn2/8/3NPP2/2N1BB2/PPP3PP/R2Q1RK1 w - -,1600-1799,d4c6,14,0.7142857142857143,0.693775580274276,0.2145,0.5136212508417863,0.5565,False,True
r1b2rk1/1pq1bppp/p1nppn2/8/3NPP2/2N1BB2/PPP3PP/R2Q1RK1 w - -,1600-1799,g1h1,11,0.6818181818181818,0.6598151738353141,0.16415,0.6796623737963434,0.511,True,False
r1b2rk1/1pq1bppp/p1nppn2/8/3NPP2/2N1BB2/PPP3PP/R2Q1RK1 w - -,1600-1799,g2g4,14,0.5357142857142857,0.5322113248200225,0.01755,0.5778783655591474,0.483,False,False
r1b2rk1/1pq1bppp/p1nppn2/8/3NPP2/P1N1B3/1PP1B1PP/R2Q1RK1 w - -,1600-1799,e2f3,10,0.45,0.4572237974676053,0.1331,0.47144314735646664,0.5055,False,False
r1b2rk1/1pq1bppp/p1nppn2/8/3NPP2/P1N1B3/1PP1B1PP/R2Q1RK1 w - -,1600-1799,f4f5,11,0.6363636363636364,0.6201789115088353,0.65745,0.5331196638606484,0.499,True,False
r1b2rk1/1pq1bppp/p1nppn2/8/3NPP2/P1N1B3/1PP1B1PP/R2Q1RK1 w - -,1600-1799,g1h1,12,0.5,0.499080527959548,0.20945,0.48136676276299845,0.5095,False,True
r1b2rk1/1pq1bppp/p1nppn2/8/P2NPP2/2N1B3/1PP1B1PP/R2Q1RK1 w - -,1600-1799,d4c6,10,0.75,0.7178799802197047,0.8075,0.5528654784540478,0.469,True,False
r1b2rk1/1pq1bppp/p1nppn2/8/P2NPP2/2N1B3/1PP1B1PP/R2Q1RK1 w - -,1600-1799,g1h1,12,0.5833333333333334,0.5741052971757524,0.1925,0.5128994266361642,0.5255,False,True
r1b2rk1/2p1bppp/p1n2n2/1p2p3/4P3/2P2N2/PP3PPP/RNBBR1K1 b - -,1600-1799,c8b7,28,0.5535714285714286,0.5520601734972895,0.2993,0.4963146926391974,0.5005,True,False
r1b2rk1/2p1bppp/p1n2n2/1p2p3/4P3/2P2N2/PP3PPP/RNBBR1K1 b - -,1600-1799,c8g4,45,0.6,0.5969959353858924,0.573,0.4509541005796971,0.5015,False,True
r1b2rk1/2p1bppp/p1n2n2/1p2p3/4P3/2P2N2/PP3PPP/RNBBR1K1 b - -,1600-1799,e7c5,12,0.4583333333333333,0.4632906316926537,0.1277,0.3792791364580952,0.501,False,False
r1b2rk1/pp1n1ppp/1qn1p3/3pP3/1b1P4/3B1N2/PP1BNPPP/R2QK2R w KQ -,1600-1799,a2a3,37,0.5,0.5007214391428418,0.17085,0.4655171238696456,0.6295,False,False
r1b2rk1/pp1n1ppp/1qn1p3/3pP3/1b1P4/3B1N2/PP1BNPPP/R2QK2R w KQ -,1600-1799,e1g1,219,0.5776255707762558,0.5773881701907744,0.82915,0.6014474571111066,0.6425,True,True
r1b2rk1/pp1nq1pp/2p1p3/3pNp2/2PPn3/2NBP3/PP3PPP/R2Q1RK1 w - -,1600-1799,c4d5,10,0.6,0.5852907690386655,0.43695,0.38107844828015136,0.5095,False,False
r1b2rk1/pp1nq1pp/2p1p3/3pNp2/2PPn3/2NBP3/PP3PPP/R2Q1RK1 w - -,1600-1799,e5d7,21,0.5714285714285714,0.5681165573721694,0.30865,0.414197463262468,0.5435,False,True
r1b2rk1/pp1nq1pp/2p1p3/3pNp2/2PPn3/2NBP3/PP3PPP/R2Q1RK1 w - -,1600-1799,f2f3,13,0.2692307692307692,0.29245488256161367,0.00515,0.46806890284566566,0.371,True,False
r1b2rk1/pp1nq1pp/2p1p3/3pNp2/2PPn3/2NBP3/PP3PPP/R2Q1RK1 w - -,1600-1799,f2f4,18,0.5555555555555556,0.5502424660111881,0.24925,0.4430278063182958,0.514,False,False
r1b2rk1/pp1nqppp/2p1p3/3n4/2BP4/2N1PN2/PP3PPP/2RQK2R w K -,1600-1799,c3d5,11,0.6363636363636364,0.620048949468585,0.6011,0.5192319302788926,0.502,False,False
r1b2rk1/pp1nqppp/2p1p3/3n4/2BP4/2N1PN2/PP3PPP/2RQK2R w K -,1600-1799,e1g1,62,0.5806451612903226,0.5786912370394924,0.33035,0.6588938947811985,0.5255,True,True
r1b2rk1/pp1nqppp/2p1p3/3n4/2BP4/2N1PN2/PP3PPP/2RQK2R w K -,1600-1799,e3e4,10,0.4,0.41429878602920645,0.06855,0.513487064128601,0.505,False,False
r1b2rk1/pp1nqppp/2p1p3/3n4/2BP4/2N1PN2/PP3PPP/R2Q1RK1 w - -,1600-1799,a1c1,64,0.6328125,0.6300606104887727,0.35145,0.6745943836123919,0.5275,False,False
r1b2rk1/pp1nqppp/2p1p3/3n4/2BP4/2N1PN2/PP3PPP/R2Q1RK1 w - -,1600-1799,a2a3,35,0.4142857142857143,0.4178986826235018,0.002,0.6269260649618199,0.5115,False,False
r1b2rk1/pp1nqppp/2p1p3/3n4/2BP4/2N1PN2/PP3PPP/R2Q1RK1 w - -,1600-1799,c3d5,51,0.46078431372549017,0.46230773581181683,0.00435,0.5266916288190384,0.5085,False,False
r1b2rk1/pp1nqppp/2p1p3/3n4/2BP4/2N1PN2/PP3PPP/R2Q1RK1 w - -,1600-1799,c3e4,11,0.45454545454545453,0.4596894545780709,0.0626,0.6925941428998004,0.5315,True,True
r1b2rk1/pp1nqppp/2p1p3/3n4/2BP4/2N1PN2/PP3PPP/R2Q1RK1 w - -,1600-1799,c4b3,15,0.5666666666666667,0.5604260504605971,0.18655,0.6475342547146404,0.511,False,False
r1b2rk1/pp1nqppp/2p1p3/3n4/2BP4/2N1PN2/PP3PPP/R2Q1RK1 w - -,1600-1799,c4d3,23,0.15217391304347827,0.1742451955804402,0.0,0.5212867179712105,0.5165,False,False
r1b2rk1/pp1nqppp/2p1p3/3n4/2BP4/2N1PN2/PP3PPP/R2Q1RK1 w - -,1600-1799,d1c2,14,0.6071428571428571,0.5967580616292071,0.3031,0.5918999398247116,0.52,False,False
r1b2rk1/pp1nqppp/2p1p3/3n4/2BP4/2N1PN2/PP3PPP/R2Q1RK1 w - -,1600-1799,e3e4,82,0.4329268292682927,0.4334742780376549,0.00025,0.543638195384343,0.5225,False,False
r1b2rk1/pp1nqppp/2p1p3/3n4/2BP4/2N1PN2/PP3PPP/R2Q1RK1 w - -,1600-1799,f1e1,14,0.5,0.4997132421062666,0.0897,0.5966073648776611,0.527,False,False
r1b2rk1/pp2bppp/1qn1p3/3pPn2/1P1P4/P4N2/1B2BPPP/RN1Q1RK1 b - -,1600-1799,a7a5,12,0.4166666666666667,0.42547536741965925,0.1046,0.04573978213258222,0.341,False,False
r1b2rk1/pp2bppp/1qn1p3/3pPn2/1P1P4/P4N2/1B2BPPP/RN1Q1RK1 b - -,1600-1799,a7a6,14,0.39285714285714285,0.4023581634866529,0.05515,0.7225580371429587,0.4945,False,False
r1b2rk1/pp2bppp/1qn1p3/3pPn2/1P1P4/P4N2/1B2BPPP/RN1Q1RK1 b - -,1600-1799,c8d7,59,0.5254237288135594,0.525184644861151,0.1902,0.6023756931668349,0.4995,False,True
r1b2rk1/pp2bppp/1qn1p3/3pPn2/1P1P4/P4N2/1B2BPPP/RN1Q1RK1 b - -,1600-1799,f7f6,54,0.5925925925925926,0.5903188218218759,0.65005,0.7814582077621312,0.459,True,False
r1b2rk1/pp2ppbp/2N2np1/8/4p3/2N1BP2/PPPq2PP/2KR1B1R w - -,1600-1799,d1d2,92,0.42391304347826086,0.42504038488567997,0.7873,0.40997409276648894,0.4,True,False
r1b2rk1/pp2ppbp/2N2np1/8/4p3/2N1BP2/PPPq2PP/2KR1B1R w - -,1600-1799,e3d2,17,0.3235294117647059,0.3373003400952781,0.2127,0.35063667922116826,0.4985,False,True
r1b2rk1/pp2ppbp/2n3p1/2q5/8/4PN2/PP2BPPP/R1BQ1RK1 w - -,1600-1799,a1b1,43,0.29069767441860467,0.2975341183804013,0.0423,0.13261996063930423,0.0085,False,False
r1b2rk1/pp2ppbp/2n3p1/2q5/8/4PN2/PP2BPPP/R1BQ1RK1 w - -,1600-1799,a2a3,21,0.23809523809523808,0.25595862112369516,0.0334,0.21137760589248042,0.043,False,False
r1b2rk1/pp2ppbp/2n3p1/2q5/8/4PN2/PP2BPPP/R1BQ1RK1 w - -,1600-1799,d1b3,18,0.5,0.5003175052883203,0.9243,0.32029940113659244,0.1255,True,True
r1b2rk1/pp2ppbp/2n3p1/3q4/3N4/4B3/PPP1BPPP/R2Q1RK1 w - -,1600-1799,c2c3,82,0.5304878048780488,0.530096285125972,0.21575,0.6161647918203973,0.4875,False,False
r1b2rk1/pp2ppbp/2n3p1/3q4/3N4/4B3/PPP1BPPP/R2Q1RK1 w - -,1600-1799,d4c6,118,0.5720338983050848,0.5712175349293813,0.6166,0.6719821185352185,0.5105,False,False
r1b2rk1/pp2ppbp/2n3p1/3q4/3N4/4B3/PPP1BPPP/R2Q1RK1 w - -,1600-1799,e2f3,63,0.5158730158730159,0.515088497812863,0.16765,0.6933506233443002,0.513,True,True
r1b2rk1/pp2ppbp/2n3p1/3q4/3N4/4B3/PPPQBPPP/R3K2R w KQ -,1600-1799,c2c3,14,0.17857142857142858,0.20986455038787308,0.00145,0.05683551040625825,0.001,False,False
r1b2rk1/pp2ppbp/2n3p1/3q4/3N4/4B3/PPPQBPPP/R3K2R w KQ -,1600-1799,d4c6,45,0.4111111111111111,0.41384875393849735,0.0662,0.35462644715793223,0.49,False,False
r1b2rk1/pp2ppbp/2n3p1/3q4/3N4/4B3/PPPQBPPP/R3K2R w KQ -,1600-1799,e1c1,16,0.59375,0.5861193132770509,0.8298,0.081312376459545,0.0,False,False
r1b2rk1/pp2ppbp/2n3p1/3q4/3N4/4B3/PPPQBPPP/R3K2R w KQ -,1600-1799,e2f3,36,0.4305555555555556,0.4341901675895872,0.10255,0.47173576642184845,0.497,True,True
r1b2rk1/pp2ppbp/2n3p1/3q4/3N4/4BP2/PPPQ2PP/R3KB1R w KQ -,1600-1799,c2c3,94,0.3776595744680851,0.3797037985520809,0.44945,0.27222936254689845,0.2975,False,False
r1b2rk1/pp2ppbp/2n3p1/3q4/3N4/4BP2/PPPQ2PP/R3KB1R w KQ -,1600-1799,d4c6,186,0.3844086021505376,0.38577609744219693,0.54195,0.33240742298306253,0.346,True,True
r1b2rk1/pp2ppbp/2n3p1/3q4/3N4/4BP2/PPPQ2PP/R3KB1R w KQ -,1600-1799,e1c1,83,0.26506024096385544,0.269371228625394,0.0086,0.15633247840985418,0.0,False,False
r1b2rk1/pp2ppbp/2n3p1/q1p5/2BPP3/2P1B3/P3NPPP/R2Q1RK1 w - -,1600-1799,a1b1,16,0.53125,0.5287561296065364,0.51335,0.6840741136004654,0.603,True,True
r1b2rk1/pp2ppbp/2n3p1/q1p5/2BPP3/2P1B3/P3NPPP/R2Q1RK1 w - -,1600-1799,a1c1,14,0.21428571428571427,0.24148963661775974,0.0035,0.6131824570851718,0.5305,False,False
r1b2rk1/pp2ppbp/2n3p1/q1p5/2BPP3/2P1B3/P3NPPP/R2Q1RK1 w - -,1600-1799,d1b3,17,0.3235294117647059,0.337118528511511,0.03365,0.5126954164786094,0.514,False,False
r1b2rk1/pp2ppbp/2n3p1/q1p5/2BPP3/2P1B3/P3NPPP/R2Q1RK1 w - -,1600-1799,d1c2,12,0.4583333333333333,0.46296691572271265,0.2736,0.5619309101877552,0.5155,False,False
r1b2rk1/pp2ppbp/2n3p1/q1p5/2BPP3/2P1B3/P3NPPP/R2Q1RK1 w - -,1600-1799,d1d2,10,0.4,0.4135092418981717,0.1759,0.4746545964577153,0.466,False,False
r1b2rk1/pp3ppp/2n1pn2/3q4/3P4/2P2N2/P3BPPP/R1BQ1RK1 w - -,1600-1799,a2a4,11,0.5909090909090909,0.5810010141515017,0.423,0.768242569959432,0.6515,False,False
r1b2rk1/pp3ppp/2n1pn2/3q4/3P4/2P2N2/P3BPPP/R1BQ1RK1 w - -,1600-1799,c1g5,18,0.5833333333333334,0.5766535439336196,0.37545,0.6517480499008378,0.502,False,False
r1b2rk1/pp3ppp/2n1pn2/3q4/3P4/2P2N2/P3BPPP/R1BQ1RK1 w - -,1600-1799,c3c4,38,0.5,0.4999305358474575,0.0916,0.525172493517617,0.681,False,True
r1b2rk1/pp3ppp/2n1pn2/3q4/3P4/2P2N2/P3BPPP/R1BQ1RK1 w - -,1600-1799,f1e1,10,0.45,0.45605603763295577,0.10995,0.8955903850328122,0.6625,True,False
r1b2rk1/pp3ppp/5n2/3pq3/8/2PB4/PP1N1PPP/R2Q1RK1 w - -,1600-1799,d2f3,52,0.5865384615384616,0.5839176232255385,0.96755,0.7523507258007899,0.5185,True,False
r1b2rk1/pp3ppp/5n2/3pq3/8/2PB4/PP1N1PPP/R2Q1RK1 w - -,1600-1799,f1e1,56,0.41964285714285715,0.42156640424687003,0.03245,0.5943514941527773,0.531,False,True
r1b2rk1/ppp1bppp/2np1n2/6B1/8/2NP1N2/PPP1BPPP/R4RK1 w - -,1600-1799,a2a3,12,0.4583333333333333,0.463018294624328,0.0374,0.49209859623301455,0.501,False,False
r1b2rk1/ppp1bppp/2np1n2/6B1/8/2NP1N2/PPP1BPPP/R4RK1 w - -,1600-1799,c3e4,11,0.7727272727272727,0.740446870708545,0.8843,0.5761076044305887,0.4955,True,False
r1b2rk1/ppp1bppp/2np1n2/6B1/8/2NP1N2/PPP1BPPP/R4RK1 w - -,1600-1799,d3d4,11,0.45454545454545453,0.4591634936860004,0.0277,0.4178720110978502,0.499,False,False
r1b2rk1/ppp1bppp/2np1n2/6B1/8/2NP1N2/PPP1BPPP/R4RK1 w - -,1600-1799,f1e1,43,0.47674418604651164,0.4774407765090313,0.0137,0.5014811474298991,0.5015,False,True
r1b2rk1/ppp1bppp/2np1n2/6B1/8/2NP1N2/PPP1BPPP/R4RK1 w - -,1600-1799,g5f6,17,0.47058823529411764,0.4742945437575334,0.0369,0.48371857143054336,0.497,False,False
r1b2rk1/ppp1qppp/3p4/4n3/1bP2B2/4P3/PP1NBPPP/R2Q1RK1 w - -,1600-1799,a2a3,79,0.5443037974683544,0.5439420065813824,0.0792,0.5923355456574061,0.5385,False,True
r1b2rk1/ppp1qppp/3p4/4n3/1bP2B2/4P3/PP1NBPPP/R2Q1RK1 w - -,1600-1799,d2b3,64,0.6328125,0.6293679647793455,0.62615,0.7085918921793766,0.535,False,False
r1b2rk1/ppp1qppp/3p4/4n3/1bP2B2/4P3/PP1NBPPP/R2Q1RK1 w - -,1600-1799,d2f3,25,0.58,0.576382202390926,0.29465,0.7538594777616947,0.5015,True,False
r1b2rk1/ppp2ppp/2n2q2/2p5/2B1P3/2P5/PP3PPP/RN1Q1RK1 w - -,1600-1799,b1a3,14,0.6428571428571429,0.6281743103466362,0.31895,0.48773863813087986,0.502,False,False
r1b2rk1/ppp2ppp/2n2q2/2p5/2B1P3/2P5/PP3PPP/RN1Q1RK1 w - -,1600-1799,b1d2,79,0.4873417721518987,0.4878125453435839,0.0085,0.5223075930152576,0.51,False,False
r1b2rk1/ppp2ppp/2n2q2/2p5/2B1P3/2P5/PP3PPP/RN1Q1RK1 w - -,1600-1799,d1d5,14,0.7142857142857143,0.6938985050932226,0.63155,0.47451969429454127,0.4915,False,False
r1b2rk1/ppp2ppp/2n2q2/2p5/2B1P3/2P5/PP3PPP/RN1Q1RK1 w - -,1600-1799,d1e2,13,0.23076923076923078,0.2584421492483042,0.00045,0.5416194432566995,0.495,True,False
r1b2rk1/ppp2ppp/2n2q2/2p5/2B1P3/2P5/PP3PPP/RN1Q1RK1 w - -,1600-1799,f2f4,29,0.5172413793103449,0.5170588370524554,0.04055,0.4980645702642526,0.537,False,True
r1b2rk1/ppp2ppp/2n2q2/2p5/4P3/2P5/PP2BPPP/RN1Q1RK1 w - -,1600-1799,b1a3,11,0.6363636363636364,0.6190371017676888,0.43585,0.5661789823706219,0.509,True,False
r1b2rk1/ppp2ppp/2n2q2/2p5/4P3/2P5/PP2BPPP/RN1Q1RK1 w - -,1600-1799,b1d2,59,0.5423728813559322,0.5413063305276351,0.0665,0.5587556129821255,0.5055,False,False
r1b2rk1/ppp2ppp/2n2q2/2p5/4P3/2P5/PP2BPPP/RN1Q1RK1 w - -,1600-1799,d1c2,31,0.5161290322580645,0.5153823760496568,0.0686,0.5633410249473878,0.502,False,False
r1b2rk1/ppp2ppp/2n2q2/2p5/4P3/2P5/PP2BPPP/RN1Q1RK1 w - -,1600-1799,d1d5,21,0.5,0.5002420768246839,0.07275,0.32377055805287797,0.5035,False,False
r1b2rk1/ppp2ppp/2n2q2/2p5/4P3/2P5/PP2BPPP/RN1Q1RK1 w - -,1600-1799,e2f3,11,0.5909090909090909,0.5813854484432216,0.30135,0.30549549633357054,0.463,False,False
r1b2rk1/ppp2ppp/2n2q2/2p5/4P3/2P5/PP2BPPP/RN1Q1RK1 w - -,1600-1799,f2f4,37,0.5135135135135135,0.5129303837862461,0.05495,0.5456736054647431,0.5335,False,True
r1b2rk1/ppp2ppp/2n2q2/4p3/3P4/2PB1N2/PP3PPP/R2QK2R w KQ -,1600-1799,d1c2,12,0.5833333333333334,0.5745712053508699,0.7022,0.1755912129300714,0.4845,False,False
r1b2rk1/ppp2ppp/2n2q2/4p3/3P4/2PB1N2/PP3PPP/R2QK2R w KQ -,1600-1799,d4d5,38,0.40789473684210525,0.41040474181688513,0.0626,0.3515978743453905,0.4885,False,False
r1b2rk1/ppp2ppp/2n2q2/4p3/3P4/2PB1N2/PP3PPP/R2QK2R w KQ -,1600-1799,d4e5,68,0.4117647058823529,0.4145969558960893,0.0384,0.3686837470734668,0.4935,False,True
r1b2rk1/ppp2ppp/2n2q2/4p3/3P4/2PB1N2/PP3PPP/R2QK2R w KQ -,1600-1799,e1g1,34,0.47058823529411764,0.47253727915740074,0.1968,0.49282090193341227,0.4655,True,False
r1b4r/ppp2kpp/2n2n2/8/4P3/8/PB1N1PPP/R3K1NR w KQ -,1600-1799,b2f6,15,0.5,0.5004440132094595,0.5926,0.4175794366792376,0.396,False,False
r1b4r/ppp2kpp/2n2n2/8/4P3/8/PB1N1PPP/R3K1NR w KQ -,1600-1799,g1e2,12,0.4166666666666667,0.4257865707935668,0.24825,0.5995845569594449,0.4995,False,True
r1b4r/ppp2kpp/2n2n2/8/4P3/8/PB1N1PPP/R3K1NR w KQ -,1600-1799,g1f3,106,0.42452830188679247,0.4256072131730245,0.15915,0.6978491799045168,0.4995,True,False
r1bq1b1r/pp4pp/n1p1k3/3np3/8/PBN2Q2/1PPP1PPP/R1B1K2R w KQ -,1600-1799,d2d4,29,0.5689655172413793,0.5664749130865452,0.5031,0.5839686409981786,0.613,True,True
r1bq1b1r/pp4pp/n1p1k3/3np3/8/PBN2Q2/1PPP1PPP/R1B1K2R w KQ -,1600-1799,e1g1,103,0.5679611650485437,0.5669645436634021,0.4969,0.5593591555214528,0.5165,False,False
r1bq1b1r/ppp3pp/4k3/3np3/2B5/P1N2Q2/1P1P1PPP/n1BK3R w - -,1600-1799,c3d5,120,0.3875,0.38863253650593793,0.93825,0.5313587146752452,0.4995,False,True
r1bq1b1r/ppp3pp/4k3/3np3/2B5/P1N2Q2/1P1P1PPP/n1BK3R w - -,1600-1799,c4d5,86,0.28488372093023256,0.28802260492626136,0.06175,0.6946873369554171,0.0605,True,False
r1bq1r2/p3ppkp/2pp1np1/8/4P3/2N5/PPPQ1PPP/R3KB1R w KQ -,1600-1799,e1c1,82,0.4573170731707317,0.4581409624666042,0.0301,0.36212185261528773,0.4895,False,False
r1bq1r2/p3ppkp/2pp1np1/8/4P3/2N5/PPPQ1PPP/R3KB1R w KQ -,1600-1799,f1c4,19,0.5789473684210527,0.5723988361130133,0.57375,0.8067067605427519,0.4975,True,True
r1bq1r2/p3ppkp/2pp1np1/8/4P3/2N5/PPPQ1PPP/R3KB1R w KQ -,1600-1799,f1d3,90,0.5222222222222223,0.5215280165180372,0.20685,0.4516741726419832,0.4845,False,False
r1bq1r2/p3ppkp/2pp1np1/8/4P3/2N5/PPPQ1PPP/R3KB1R w KQ -,1600-1799,f1e2,56,0.41964285714285715,0.42243247792383415,0.01945,0.3607717164329723,0.4965,False,False
r1bq1r2/p3ppkp/2pp1np1/8/4P3/2N5/PPPQ1PPP/R3KB1R w KQ -,1600-1799,f2f3,23,0.4782608695652174,0.4793629499712222,0.15795,0.4675696890909978,0.495,False,False
r1bq1r2/p3ppkp/2pp1np1/8/4P3/2N5/PPPQ1PPP/R3KB1R w KQ -,1600-1799,h2h4,81,0.42592592592592593,0.4274987254427975,0.0119,0.4250713125816497,0.493,False,False
r1bq1rk1/1p1nbpp1/p3pn1p/3p4/3P3B/2NBPN2/PP3PPP/R2Q1RK1 w - -,1600-1799,a1c1,57,0.42105263157894735,0.42324290249832885,0.19325,0.5629036293675899,0.5955,True,True
r1bq1rk1/1p1nbpp1/p3pn1p/3p4/3P3B/2NBPN2/PP3PPP/R2Q1RK1 w - -,1600-1799,a2a3,24,0.5,0.5005786189916858,0.67035,0.5127273618156013,0.5385,False,False
r1bq1rk1/1p1nbpp1/p3pn1p/3p4/3P3B/2NBPN2/PP3PPP/R2Q1RK1 w - -,1600-1799,d1c2,13,0.34615384615384615,0.3630172818549829,0.1364,0.5039717222688209,0.549,False,False
r1bq1rk1/1p2bpp1/p1n1pn1p/3p4/3P3B/2NBPN2/PP3PPP/R2Q1RK1 w - -,1600-1799,a1c1,34,0.5588235294117647,0.5567956592986264,0.3407,0.5993511060365356,0.584,True,True
r1bq1rk1/1p2bpp1/p1n1pn1p/3p4/3P3B/2NBPN2/PP3PPP/R2Q1RK1 w - -,1600-1799,a2a3,50,0.56,0.5585533210982226,0.3209,0.5687797003636026,0.518,False,False
r1bq1rk1/1p2bpp1/p1n1pn1p/3p4/3P3B/2NBPN2/PP3PPP/R2Q1RK1 w - -,1600-1799,d1c2,11,0.5454545454545454,0.5405120013204824,0.3384,0.5226720236175676,0.494,False,False
r1bq1rk1/1p2bppp/p1n1pn2/6B1/2BP4/2N2N2/PP3PPP/R2Q1RK1 w - -,1600-1799,a1c1,21,0.6666666666666666,0.654662544018509,0.88395,0.420933218067158,0.476,False,False
r1bq1rk1/1p2bppp/p1n1pn2/6B1/2BP4/2N2N2/PP3PPP/R2Q1RK1 w - -,1600-1799,a2a3,32,0.421875,0.42500188753779183,0.0233,0.4760213792903335,0.4845,False,False
r1bq1rk1/1p2bppp/p1n1pn2/6B1/2BP4/2N2N2/PP3PPP/R2Q1RK1 w - -,1600-1799,a2a4,26,0.4423076923076923,0.4459477520036998,0.04675,0.4917435109850839,0.4905,True,True
r1bq1rk1/1p2bppp/p1n1pn2/6B1/2BP4/2N2N2/PP3PPP/R2Q1RK1 w - -,1600-1799,f1e1,27,0.4444444444444444,0.4466720951440605,0.046,0.41234539261090086,0.4875,False,False
r1bq1rk1/1p2bppp/p1n1pn2/6B1/2BP4/2N2N2/PP3PPP/R2QR1K1 w - -,1600-1799,a1c1,17,0.47058823529411764,0.472847118732268,0.52605,0.4288206578198099,0.518,False,True
r1bq1rk1/1p2bppp/p1n1pn2/6B1/2BP4/2N2N2/PP3PPP/R2QR1K1 w - -,1600-1799,a2a3,16,0.4375,0.4433871463246974,0.37625,0.4991186185194818,0.5045,True,False
r1bq1rk1/1p2bppp/p1n1pn2/6B1/2BP4/2N2N2/PP3PPP/R2QR1K1 w - -,1600-1799,a2a4,18,0.3333333333333333,0.3461461261246748,0.0977,0.4799242124757302,0.5095,False,False
r1bq1rk1/1p2bppp/p1n1pn2/8/2BP4/P1N2N2/1P3PPP/R1BQ1RK1 w - -,1600-1799,b2b4,26,0.5961538461538461,0.5909979621061074,0.15835,0.5161029844317019,0.4795,True,False
r1bq1rk1/1p2bppp/p1n1pn2/8/2BP4/P1N2N2/1P3PPP/R1BQ1RK1 w - -,1600-1799,c1e3,19,0.5,0.499140715477512,0.04555,0.4173621413293352,0.5025,False,False
r1bq1rk1/1p2bppp/p1n1pn2/8/2BP4/P1N2N2/1P3PPP/R1BQ1RK1 w - -,1600-1799,c1g5,13,0.5384615384615384,0.5347528593148798,0.11265,0.4490723566414694,0.4895,False,False
r1bq1rk1/1p2bppp/p1n1pn2/8/2BP4/P1N2N2/1P3PPP/R1BQ1RK1 w - -,1600-1799,c4b3,11,0.5454545454545454,0.5390482507367919,0.1319,0.4610407260169471,0.4985,False,False
r1bq1rk1/1p2bppp/p1n1pn2/8/2BP4/P1N2N2/1P3PPP/R1BQ1RK1 w - -,1600-1799,d4d5,10,0.7,0.6745332886436983,0.54605,0.47505077544163404,0.4995,False,False
r1bq1rk1/1p2bppp/p1n1pn2/8/2BP4/P1N2N2/1P3PPP/R1BQ1RK1 w - -,1600-1799,f1e1,24,0.3958333333333333,0.40211468046374105,0.00385,0.47708009435401694,0.503,False,True
r1bq1rk1/1p2bppp/p1n1pn2/8/2BP4/P1N2N2/1P3PPP/R1BQ1RK1 w - -,1600-1799,h2h3,25,0.36,0.3672619665678984,0.00165,0.42406546319201466,0.494,False,False
r1bq1rk1/1p2ppbp/p2p1np1/8/2BBP3/2N2P2/PPPQ2PP/2KR3R b - -,1600-1799,b7b5,292,0.3698630136986301,0.3706343260605535,0.33745,0.2773040962916049,0.2025,True,False
r1bq1rk1/1p2ppbp/p2p1np1/8/2BBP3/2N2P2/PPPQ2PP/2KR3R b - -,1600-1799,c8e6,12,0.4166666666666667,0.42593543496854025,0.66255,0.16382487999813244,0.2145,False,True
r1bq1rk1/1p3ppp/p1np1b2/3Np3/4P3/N7/PPP2PPP/R2QKB1R w KQ -,1600-1799,a3c4,126,0.5753968253968254,0.5748339425935703,0.4637,0.5239609323478382,0.549,False,True
r1bq1rk1/1p3ppp/p1np1b2/3Np3/4P3/N7/PPP2PPP/R2QKB1R w KQ -,1600-1799,c2c3,267,0.5617977528089888,0.561211228138915,0.26145,0.5591727984922721,0.5115,True,False
r1bq1rk1/1p3ppp/p1np1b2/3Np3/4P3/N7/PPP2PPP/R2QKB1R w KQ -,1600-1799,c2c4,84,0.4880952380952381,0.4880764129179274,0.0295,0.4710213376715076,0.4575,False,False
r1bq1rk1/1p3ppp/p1np1b2/3Np3/4P3/N7/PPP2PPP/R2QKB1R w KQ -,1600-1799,d5f6,30,0.3,0.3096054035151942,0.0006,0.4739892722622798,0.4965,False,False
r1bq1rk1/1p3ppp/p1np1b2/3Np3/4P3/N7/PPP2PPP/R2QKB1R w KQ -,1600-1799,f1d3,59,0.5254237288135594,0.5248467269524097,0.15855,0.5307202720760189,0.496,False,False
r1bq1rk1/1p3ppp/p1np1b2/3Np3/4P3/N7/PPP2PPP/R2QKB1R w KQ -,1600-1799,f1e2,87,0.5172413793103449,0.5171901726733846,0.0862,0.4719491376194226,0.5095,False,False
r1bq1rk1/1pp1bpp1/p2p1n1p/4p3/4P3/1PNPBN1P/1PP2PP1/R2Q1RK1 w - -,1600-1799,b3b4,10,0.4,0.41402697148100187,0.0728,0.4658102280020093,0.4965,False,False
r1bq1rk1/1pp1bpp1/p2p1n1p/4p3/4P3/1PNPBN1P/1PP2PP1/R2Q1RK1 w - -,1600-1799,c3d5,14,0.32142857142857145,0.33775508442598795,0.0088,0.060190119525689464,0.0845,False,False
r1bq1rk1/1pp1bpp1/p2p1n1p/4p3/4P3/1PNPBN1P/1PP2PP1/R2Q1RK1 w - -,1600-1799,c3e2,24,0.5208333333333334,0.5197939198071463,0.1991,0.4929557429506927,0.4915,False,False
r1bq1rk1/1pp1bpp1/p2p1n1p/4p3/4P3/1PNPBN1P/1PP2PP1/R2Q1RK1 w - -,1600-1799,d1d2,61,0.45081967213114754,0.45202989022341317,0.01885,0.2301000660986925,0.493,False,False
r1bq1rk1/1pp1bpp1/p2p1n1p/4p3/4P3/1PNPBN1P/1PP2PP1/R2Q1RK1 w - -,1600-1799,d3d4,29,0.3103448275862069,0.3194786806593038,0.00145,0.4654821777842251,0.5035,False,True
r1bq1rk1/1pp1bpp1/p2p1n1p/4p3/4P3/1PNPBN1P/1PP2PP1/R2Q1RK1 w - -,1600-1799,f1e1,13,0.38461538461538464,0.3966249950532336,0.041,0.5034753793728219,0.4965,True,False
r1bq1rk1/1pp1bpp1/p2p1n1p/4p3/4P3/1PNPBN1P/1PP2PP1/R2Q1RK1 w - -,1600-1799,f3h2,37,0.6081081081081081,0.6041155928274347,0.658,0.49164374724940985,0.471,False,False
r1bq1rk1/1pp1bppp/p1p1n3/4N3/3P4/2P5/PP3PPP/RNBQR1K1 w - -,1600-1799,b1d2,75,0.4066666666666667,0.40892635339444755,0.7225,0.5146493836556237,0.472,True,False
r1bq1rk1/1pp1bppp/p1p1n3/4N3/3P4/2P5/PP3PPP/RNBQR1K1 w - -,1600-1799,c1e3,14,0.32142857142857145,0.3387881665386624,0.2775,0.48328526429182755,0.492,False,True
r1bq1rk1/1pp1npp1/1b1p1n1p/pP2p3/P1B1P3/2PP1N1P/5PP1/RNBQ1RK1 w - -,1600-1799,b1d2,21,0.4523809523809524,0.45561193895160923,0.06805,0.5955631809486,0.5145,True,True
r1bq1rk1/1pp1npp1/1b1p1n1p/pP2p3/P1B1P3/2PP1N1P/5PP1/RNBQ1RK1 w - -,1600-1799,c1a3,10,0.4,0.41358853853010985,0.0745,0.5594797511866128,0.4225,False,False
r1bq1rk1/1pp1npp1/1b1p1n1p/pP2p3/P1B1P3/2PP1N1P/5PP1/RNBQ1RK1 w - -,1600-1799,c1e3,53,0.4056603773584906,0.40793566707320406,0.00775,0.5041726542597854,0.4955,False,False
r1bq1rk1/1pp1npp1/1b1p1n1p/pP2p3/P1B1P3/2PP1N1P/5PP1/RNBQ1RK1 w - -,1600-1799,c4b3,14,0.6071428571428571,0.5971878450119383,0.51285,0.48631533075620464,0.4875,False,False
r1bq1rk1/1pp1npp1/1b1p1n1p/pP2p3/P1B1P3/2PP1N1P/5PP1/RNBQ1RK1 w - -,1600-1799,d1b3,10,0.35,0.36793526912171953,0.03335,0.5624734118235885,0.458,False,False
r1bq1rk1/1pp1npp1/1b1p1n1p/pP2p3/P1B1P3/2PP1N1P/5PP1/RNBQ1RK1 w - -,1600-1799,f1e1,18,0.5555555555555556,0.5509276054111251,0.3035,0.524845744323672,0.512,False,False
r1bq1rk1/1pp2pb1/3p1npp/p1nPp1B1/2P1P3/2N2N2/PPQ1BPPP/R4RK1 w - -,1600-1799,g5e3,29,0.5862068965517241,0.5820429464511664,0.89275,0.48913708376701204,0.532,True,True
r1bq1rk1/1pp2pb1/3p1npp/p1nPp1B1/2P1P3/2N2N2/PPQ1BPPP/R4RK1 w - -,1600-1799,g5f6,15,0.4,0.40892294662847906,0.09305,0.3854394769912779,0.473,False,False
r1bq1rk1/1pp2pb1/3p1npp/p1nPp1B1/2P1P3/2N2N2/PPQ1BPPP/R4RK1 w - -,1600-1799,g5h4,19,0.2894736842105263,0.30460874516390607,0.0142,0.2887472184647086,0.445,False,False
r1bq1rk1/2p1bppp/p1n5/1p1n4/3p4/1BP2N2/PP3PPP/RNBQR1K1 w - -,1600-1799,c3d4,73,0.6095890410958904,0.6072484938401836,0.9871,0.5784934058274219,0.499,True,True
r1bq1rk1/2p1bppp/p1n5/1p1n4/3p4/1BP2N2/PP3PPP/RNBQR1K1 w - -,1600-1799,f3d4,289,0.47058823529411764,0.47067381811913894,0.0129,0.5023642787610247,0.496,False,False
r1bq1rk1/2p1bppp/p7/1p1nR3/8/1B5P/PPPP1PP1/RNBQ2K1 b - -,1600-1799,c7c6,50,0.44,0.4417003137377086,0.8077,0.4434528744820102,0.253,False,False
r1bq1rk1/2p1bppp/p7/1p1nR3/8/1B5P/PPPP1PP1/RNBQ2K1 b - -,1600-1799,d5f6,28,0.3392857142857143,0.34739339216979326,0.1923,0.5597631969203248,0.438,True,True
r1bq1rk1/2p1bppp/p7/1p1nR3/8/1BP5/PP1P1PPP/RNBQ2K1 b - -,1600-1799,c7c6,1659,0.6494876431585292,0.649348776826043,0.71715,0.48402511930630343,0.418,False,True
r1bq1rk1/2p1bppp/p7/1p1nR3/8/1BP5/PP1P1PPP/RNBQ2K1 b - -,1600-1799,d5f6,422,0.6350710900473934,0.6346516976344976,0.28285,0.5836194902841284,0.3765,True,False
r1bq1rk1/2p2pp1/p1np1n1p/1p2p3/2B1P3/P1NPPN1P/1PP3P1/R2Q1RK1 w - b6,1600-1799,c4a2,130,0.6,0.598908897638057,0.3619,0.6421580519334611,0.512,True,True
r1bq1rk1/2p2pp1/p1np1n1p/1p2p3/2B1P3/P1NPPN1P/1PP3P1/R2Q1RK1 w - b6,1600-1799,c4b3,21,0.6428571428571429,0.6334742541007559,0.6381,0.5746513995919982,0.5115,False,False
r1bq1rk1/2p2pp1/p1np1n1p/1pb5/3PP3/1B3N1P/PP3PP1/RNBQR1K1 b - -,1600-1799,c5a7,41,0.3780487804878049,0.38240372570608044,0.0288,0.42623560391724763,0.3555,False,False
r1bq1rk1/2p2pp1/p1np1n1p/1pb5/3PP3/1B3N1P/PP3PP1/RNBQR1K1 b - -,1600-1799,c5b4,80,0.525,0.524633652268515,0.57325,0.23418534635297825,0.2115,False,False
r1bq1rk1/2p2pp1/p1np1n1p/1pb5/3PP3/1B3N1P/PP3PP1/RNBQR1K1 b - -,1600-1799,c5b6,105,0.5095238095238095,0.5088994556916367,0.39795,0.4471106700583243,0.394,True,True
r1bq1rk1/2p2pp1/pbnp1n1p/1p2p3/3PP3/1BP2N1P/PP3PP1/RNBQR1K1 w - -,1600-1799,a2a4,11,0.6363636363636364,0.6178492335340476,0.6781,0.5751434467825522,0.514,False,False
r1bq1rk1/2p2pp1/pbnp1n1p/1p2p3/3PP3/1BP2N1P/PP3PP1/RNBQR1K1 w - -,1600-1799,b1d2,17,0.5294117647058824,0.5279432388130609,0.278,0.41903655847474475,0.347,False,False
r1bq1rk1/2p2pp1/pbnp1n1p/1p2p3/3PP3/1BP2N1P/PP3PP1/RNBQR1K1 w - -,1600-1799,c1e3,13,0.34615384615384615,0.36205446225157334,0.0326,0.6150593889510666,0.5415,True,True
r1bq1rk1/2p2pp1/pbnp1n1p/1p2p3/3PP3/1BP2N1P/PP3PP1/RNBQR1K1 w - -,1600-1799,d4d5,22,0.3181818181818182,0.32969320329294677,0.0113,0.4460695223222335,0.45,False,False
r1bq1rk1/2p2ppp/p1np1n2/1p6/1b1PP3/1B3N2/PP3PPP/RNBQR1K1 w - -,1600-1799,b1c3,89,0.4943820224719101,0.49527093949538503,0.0517,0.6642793765569524,0.6755,False,False
r1bq1rk1/2p2ppp/p1np1n2/1p6/1b1PP3/1B3N2/PP3PPP/RNBQR1K1 w - -,1600-1799,c1d2,40,0.6375,0.6323523567587832,0.87015,0.6894213184707607,0.7505,True,True
r1bq1rk1/2p2ppp/p1np1n2/1p6/1b1PP3/1B3N2/PP3PPP/RNBQR1K1 w - -,1600-1799,e1e2,10,0.4,0.41168343534773477,0.07815,0.5916532119422656,0.558,False,False
r1bq1rk1/2p2ppp/pbnp1n2/1p6/3PP3/1B3N2/PP3PPP/RNBQR1K1 w - -,1600-1799,b1c3,39,0.3974358974358974,0.40147809226459696,0.05835,0.5550917009871482,0.541,False,False
r1bq1rk1/2p2ppp/pbnp1n2/1p6/3PP3/1B3N2/PP3PPP/RNBQR1K1 w - -,1600-1799,c1g5,83,0.5120481927710844,0.5110599105618164,0.52335,0.4275069593495845,0.502,False,False
r1bq1rk1/2p2ppp/pbnp1n2/1p6/3PP3/1B3N2/PP3PPP/RNBQR1K1 w - -,1600-1799,h2h3,56,0.5,0.500122911455477,0.4183,0.5952802408910446,0.552,True,True
r1bq1rk1/2pnbppp/p2p1n2/1p2p3/3PP3/1BP2N1P/PP3PP1/RNBQR1K1 w - -,1600-1799,a2a4,13,0.5769230769230769,0.5685155110288607,0.5043,0.5765679979393203,0.533,False,False
r1bq1rk1/2pnbppp/p2p1n2/1p2p3/3PP3/1BP2N1P/PP3PP1/RNBQR1K1 w - -,1600-1799,b1d2,170,0.5205882352941177,0.5202719931706715,0.1566,0.616694585399382,0.564,True,True
r1bq1rk1/2pnbppp/p2p1n2/1p2p3/3PP3/1BP2N1P/PP3PP1/RNBQR1K1 w - -,1600-1799,c1g5,42,0.47619047619047616,0.47780093199811435,0.0959,0.4269404669987292,0.511,False,False
r1bq1rk1/2pnbppp/p2p1n2/1p2p3/3PP3/1BP2N1P/PP3PP1/RNBQR1K1 w - -,1600-1799,d4e5,13,0.5,0.5010490446721771,0.2432,0.49232321065944146,0.506,False,False
r1bq1rk1/3nbppp/p1p1pn2/1p4B1/3P4/2NBPN2/PP3PPP/R2Q1RK1 w - -,1600-1799,a1c1,40,0.45,0.4513461396423834,0.08995,0.5793881329407468,0.505,False,False
r1bq1rk1/3nbppp/p1p1pn2/1p4B1/3P4/2NBPN2/PP3PPP/R2Q1RK1 w - -,1600-1799,a2a3,43,0.5116279069767442,0.5113582720068689,0.2692,0.5761386230602509,0.4775,False,False
r1bq1rk1/3nbppp/p1p1pn2/1p4B1/3P4/2NBPN2/PP3PPP/R2Q1RK1 w - -,1600-1799,d1c2,18,0.5555555555555556,0.5507706362883148,0.51125,0.6232496840509655,0.6615,False,True
r1bq1rk1/3nbppp/p1p1pn2/1p4B1/3P4/2NBPN2/PP3PPP/R2Q1RK1 w - -,1600-1799,e3e4,10,0.4,0.41272382769950183,0.1296,0.6886937887898776,0.5425,True,False
r1bq1rk1/3nbppp/p3pn2/1p1p2B1/3P4/2NBPN2/PP3PPP/2RQ1RK1 w - b6,1600-1799,a2a3,63,0.5317460317460317,0.5305857572906181,0.8351,0.5059973838758899,0.5405,False,False
r1bq1rk1/3nbppp/p3pn2/1p1p2B1/3P4/2NBPN2/PP3PPP/2RQ1RK1 w - b6,1600-1799,d3b1,25,0.42,0.42461229830990005,0.1649,0.6367019069129425,0.5975,True,True
r1bq1rk1/4bppp/p2p1n2/npp1p3/4P3/2P2N1P/PPBP1PP1/RNBQR1K1 w - -,1600-1799,d2d3,12,0.5416666666666666,0.5372698382350268,0.4528,0.5792295249587753,0.5125,True,False
r1bq1rk1/4bppp/p2p1n2/npp1p3/4P3/2P2N1P/PPBP1PP1/RNBQR1K1 w - -,1600-1799,d2d4,91,0.554945054945055,0.5541935220648144,0.5472,0.5765231534927298,0.5795,False,True
r1bq1rk1/4bppp/p2p1n2/npp1p3/4P3/2P2N1P/PPBP1PP1/RNBQR1K1 w - c6,1600-1799,a2a4,56,0.5357142857142857,0.5347006142971398,0.50175,0.5300534309139292,0.506,False,False
r1bq1rk1/4bppp/p2p1n2/npp1p3/4P3/2P2N1P/PPBP1PP1/RNBQR1K1 w - c6,1600-1799,d2d3,160,0.5125,0.512497772047976,0.22545,0.5805279173083991,0.5125,False,False
r1bq1rk1/4bppp/p2p1n2/npp1p3/4P3/2P2N1P/PPBP1PP1/RNBQR1K1 w - c6,1600-1799,d2d4,1075,0.5232558139534884,0.5231395609305982,0.2728,0.5908785926834211,0.5795,True,True
r1bq1rk1/4bppp/p2p1n2/npp1p3/4P3/2PP1N1P/PPB2PP1/RNBQ1RK1 w - c6,1600-1799,a2a3,20,0.55,0.5456116543453161,0.2146,0.5413585366717478,0.4995,False,False
r1bq1rk1/4bppp/p2p1n2/npp1p3/4P3/2PP1N1P/PPB2PP1/RNBQ1RK1 w - c6,1600-1799,a2a4,22,0.5454545454545454,0.5418114721154695,0.1909,0.31626835082955745,0.506,False,False
r1bq1rk1/4bppp/p2p1n2/npp1p3/4P3/2PP1N1P/PPB2PP1/RNBQ1RK1 w - c6,1600-1799,b1d2,70,0.5428571428571428,0.5415858442650506,0.1006,0.581992898945643,0.512,False,True
r1bq1rk1/4bppp/p2p1n2/npp1p3/4P3/2PP1N1P/PPB2PP1/RNBQ1RK1 w - c6,1600-1799,b2b4,30,0.4,0.40483396372704245,0.00665,0.5720790772690764,0.476,False,False
r1bq1rk1/4bppp/p2p1n2/npp1p3/4P3/2PP1N1P/PPB2PP1/RNBQ1RK1 w - c6,1600-1799,c1e3,40,0.475,0.4753246610180917,0.0257,0.5221886529598085,0.5085,False,False
r1bq1rk1/4bppp/p2p1n2/npp1p3/4P3/2PP1N1P/PPB2PP1/RNBQ1RK1 w - c6,1600-1799,c1g5,23,0.6086956521739131,0.6017455460380036,0.42725,0.5166579257249639,0.4915,False,False
r1bq1rk1/4bppp/p2p1n2/npp1p3/4P3/2PP1N1P/PPB2PP1/RNBQ1RK1 w - c6,1600-1799,d3d4,41,0.47560975609756095,0.4760673073316243,0.02815,0.5185118821621254,0.509,False,False
r1bq1rk1/4bppp/p2p1n2/npp1p3/4P3/2PP1N1P/PPB2PP1/RNBQ1RK1 w - c6,1600-1799,f1e1,81,0.46296296296296297,0.46387822916804344,0.00615,0.585675992398506,0.511,True,False
r1bq1rk1/4bppp/p2p1n2/npp1p3/4P3/2PP1N2/PPB2PPP/RNBQR1K1 w - c6,1600-1799,b1d2,130,0.5961538461538461,0.595019430766223,0.4002,0.6099793204711039,0.5125,True,False
r1bq1rk1/4bppp/p2p1n2/npp1p3/4P3/2PP1N2/PPB2PPP/RNBQR1K1 w - c6,1600-1799,b2b4,10,0.1,0.15239090114496318,0.0002,0.4276184619675942,0.4415,False,False
r1bq1rk1/4bppp/p2p1n2/npp1p3/4P3/2PP1N2/PPB2PPP/RNBQR1K1 w - c6,1600-1799,c1g5,11,0.4090909090909091,0.4212611485900521,0.06215,0.5120331228547415,0.4805,False,False
r1bq1rk1/4bppp/p2p1n2/npp1p3/4P3/2PP1N2/PPB2PPP/RNBQR1K1 w - c6,1600-1799,d3d4,15,0.5,0.5008261962851565,0.15225,0.5185526364800862,0.511,False,False
r1bq1rk1/4bppp/p2p1n2/npp1p3/4P3/2PP1N2/PPB2PPP/RNBQR1K1 w - c6,1600-1799,h2h3,28,0.5892857142857143,0.5849141122190495,0.3852,0.5688084304244599,0.514,False,True
r1bq1rk1/bpp2pp1/p1np1n1p/P3p3/1PB1P3/2PP1N1P/5PP1/RNBQ1RK1 w - -,1600-1799,b1d2,17,0.5294117647058824,0.5277002163218968,0.30955,0.5039328947464031,0.517,False,False
r1bq1rk1/bpp2pp1/p1np1n1p/P3p3/1PB1P3/2PP1N1P/5PP1/RNBQ1RK1 w - -,1600-1799,b4b5,10,0.25,0.28278920094421545,0.01255,0.14124693026448465,0.2565,False,False
r1bq1rk1/bpp2pp1/p1np1n1p/P3p3/1PB1P3/2PP1N1P/5PP1/RNBQ1RK1 w - -,1600-1799,c1e3,67,0.4552238805970149,0.45559271246905647,0.0455,0.4810028462167103,0.5045,False,False
r1bq1rk1/bpp2pp1/p1np1n1p/P3p3/1PB1P3/2PP1N1P/5PP1/RNBQ1RK1 w - -,1600-1799,d1b3,16,0.59375,0.5844630724767581,0.5669,0.4665750038801225,0.5,False,False
r1bq1rk1/bpp2pp1/p1np1n1p/P3p3/1PB1P3/2PP1N1P/5PP1/RNBQ1RK1 w - -,1600-1799,f1e1,16,0.40625,0.4136222226499176,0.0655,0.5450983678366192,0.532,True,True
r1bq1rk1/p2nbpp1/2p1pn1p/1p6/2BP3B/2N1PN2/PP3PPP/R2Q1RK1 w - b6,1600-1799,c4b3,76,0.48026315789473684,0.48051217903821564,0.47225,0.5004880365943795,0.511,False,False
r1bq1rk1/p2nbpp1/2p1pn1p/1p6/2BP3B/2N1PN2/PP3PPP/R2Q1RK1 w - b6,1600-1799,c4d3,101,0.43564356435643564,0.4363906684047326,0.15745,0.6690765020090292,0.5485,True,False
r1bq1rk1/p2nbpp1/2p1pn1p/1p6/2BP3B/2N1PN2/PP3PPP/R2Q1RK1 w - b6,1600-1799,c4e2,23,0.45652173913043476,0.45794302887416777,0.3703,0.6077382300612927,0.552,False,True
r1bq1rk1/p2nppbp/2p3p1/3pP3/8/2N1BP2/PPPQ2PP/R3KB1R w KQ -,1600-1799,e3h6,15,0.4666666666666667,0.47019059947686753,0.4598,0.18726140683047537,0.0045,False,False
r1bq1rk1/p2nppbp/2p3p1/3pP3/8/2N1BP2/PPPQ2PP/R3KB1R w KQ -,1600-1799,f3f4,194,0.48195876288659795,0.4815630565672553,0.5402,0.5738184705019457,0.3785,True,True
r1bq1rk1/p3bppp/4pn2/3p2B1/8/2NB4/PPP2PPP/R2Q1RK1 w - -,1600-1799,a2a3,15,0.43333333333333335,0.43976149405175163,0.0798,0.38295874869920565,0.455,False,False
r1bq1rk1/p3bppp/4pn2/3p2B1/8/2NB4/PPP2PPP/R2Q1RK1 w - -,1600-1799,c3e2,28,0.4107142857142857,0.41526574476091466,0.034,0.3233503397312697,0.3595,False,False
r1bq1rk1/p3bppp/4pn2/3p2B1/8/2NB4/PPP2PPP/R2Q1RK1 w - -,1600-1799,d1f3,33,0.42424242424242425,0.4268548679013915,0.034,0.4368344506076445,0.4585,True,False
r1bq1rk1/p3bppp/4pn2/3p2B1/8/2NB4/PPP2PPP/R2Q1RK1 w - -,1600-1799,f1e1,34,0.4852941176470588,0.48631572655349165,0.11635,0.3292681339825436,0.471,False,True
r1bq1rk1/p3bppp/4pn2/3p2B1/8/2NB4/PPP2PPP/R2Q1RK1 w - -,1600-1799,f2f4,19,0.39473684210526316,0.4020152173465729,0.0403,0.10915181646809725,0.354,False,False
r1bq1rk1/p3bppp/4pn2/3p2B1/8/2NB4/PPP2PPP/R2Q1RK1 w - -,1600-1799,g1h1,11,0.4090909090909091,0.4190462814152761,0.0916,0.2792266827916288,0.412,False,False
r1bq1rk1/p3bppp/4pn2/3p2B1/8/2NB4/PPP2PPP/R2Q1RK1 w - -,1600-1799,g5f6,37,0.3783783783783784,0.38327775830291,0.0092,0.001166805406117867,0.0275,False,False
r1bq1rk1/p3bppp/4pn2/3p2B1/8/2NB4/PPP2PPP/R2Q1RK1 w - -,1600-1799,h2h3,15,0.6,0.5922712913137089,0.59475,0.34202399800583655,0.4465,False,False
r1bq1rk1/p3ppbp/2p2np1/3p4/4P3/2N1BP2/PPPQ2PP/2KR1B1R w - -,1600-1799,e3h6,30,0.5,0.49993240978208214,0.4646,0.6467079128510702,0.56,False,True
r1bq1rk1/p3ppbp/2p2np1/3p4/4P3/2N1BP2/PPPQ2PP/2KR1B1R w - -,1600-1799,e4d5,138,0.4673913043478261,0.4677395376156359,0.16435,0.8732418921524524,0.5165,True,False
r1bq1rk1/p3ppbp/2p2np1/3p4/4P3/2N1BP2/PPPQ2PP/2KR1B1R w - -,1600-1799,e4e5,77,0.4935064935064935,0.4929969119216272,0.37105,0.6290786015791451,0.508,False,False
r1bq1rk1/p3ppbp/2p3p1/3n4/8/2N1B3/PPP1BPPP/R2Q1RK1 w - -,1600-1799,c3d5,77,0.4805194805194805,0.4803545951306479,0.42205,0.41243351241657666,0.4925,False,True
r1bq1rk1/p3ppbp/2p3p1/3n4/8/2N1B3/PPP1BPPP/R2Q1RK1 w - -,1600-1799,e3d4,33,0.5,0.5002988832397616,0.57795,0.4753492508926031,0.4815,True,False
r1bq1rk1/p3ppbp/2p3p1/3n4/8/2N1B3/PPPQBPPP/R3K2R w KQ -,1600-1799,c3d5,55,0.4727272727272727,0.4736143180045804,0.94145,0.47022702167231595,0.491,False,True
r1bq1rk1/p3ppbp/2p3p1/3n4/8/2N1B3/PPPQBPPP/R3K2R w KQ -,1600-1799,e1c1,11,0.22727272727272727,0.26189638417184635,0.05855,0.5901569621940828,0.0,True,False
r1bq1rk1/p3ppbp/2p3p1/3n4/8/2N1BP2/PPPQ2PP/R3KB1R w KQ -,1600-1799,c3d5,218,0.47477064220183485,0.47502003920947,0.55585,0.28615698321736366,0.3035,False,True
r1bq1rk1/p3ppbp/2p3p1/3n4/8/2N1BP2/PPPQ2PP/R3KB1R w KQ -,1600-1799,e1c1,34,0.3235294117647059,0.3315329934426158,0.0266,0.3959562641642096,0.0,True,False
r1bq1rk1/p3ppbp/2p3p1/3n4/8/2N1BP2/PPPQ2PP/R3KB1R w KQ -,1600-1799,e3d4,50,0.46,0.46091854825474127,0.41755,0.3539841121326576,0.055,False,False
r1bq1rk1/p3ppbp/2p3p1/3p4/2B1N3/4B3/PPP2PPP/R2Q1RK1 w - -,1600-1799,c4b3,14,0.4642857142857143,0.4666219001740767,0.1648,0.29136134963666344,0.4755,False,False
r1bq1rk1/p3ppbp/2p3p1/3p4/2B1N3/4B3/PPP2PPP/R2Q1RK1 w - -,1600-1799,c4d3,34,0.5,0.49921027641259597,0.22015,0.6868998880958528,0.5045,True,True
r1bq1rk1/p3ppbp/2p3p1/3p4/2B1N3/4B3/PPP2PPP/R2Q1RK1 w - -,1600-1799,c4d5,50,0.37,0.37314300484223173,0.00995,0.046743162685617415,0.0405,False,False
r1bq1rk1/p3ppbp/2p3p1/3p4/2B1N3/4B3/PPP2PPP/R2Q1RK1 w - -,1600-1799,e3d4,13,0.5769230769230769,0.5685189700577635,0.6051,0.3376578686874876,0.4605,False,False
r1bq1rk1/p3ppbp/5np1/3p4/8/2N1BP2/PPPQ2PP/R3KB1R w KQ -,1600-1799,e1c1,90,0.37777777777777777,0.3797296564843917,0.1942,0.3895429878302322,0.3305,True,True
r1bq1rk1/p3ppbp/5np1/3p4/8/2N1BP2/PPPQ2PP/R3KB1R w KQ -,1600-1799,e3d4,21,0.38095238095238093,0.38863367924533493,0.3038,0.09013124842172243,0.004,False,False
r1bq1rk1/p3ppbp/5np1/3p4/8/2N1BP2/PPPQ2PP/R3KB1R w KQ -,1600-1799,e3h6,19,0.42105263157894735,0.42824269651762215,0.502,0.10749709231115713,0.087,False,False
r1bq1rk1/p4ppp/2p2n2/3p2B1/1b6/2NB4/PPP2PPP/R2Q1RK1 w - -,1600-1799,a2a3,30,0.4166666666666667,0.42049079905582365,0.08195,0.4756862900086449,0.5,False,False
r1bq1rk1/p4ppp/2p2n2/3p2B1/1b6/2NB4/PPP2PPP/R2Q1RK1 w - -,1600-1799,c3e2,28,0.39285714285714285,0.3971967317080449,0.04625,0.5282499056131655,0.492,False,False
r1bq1rk1/p4ppp/2p2n2/3p2B1/1b6/2NB4/PPP2PPP/R2Q1RK1 w - -,1600-1799,d1f3,121,0.5454545454545454,0.5449252802011227,0.8028,0.7662829567456503,0.5035,True,True
r1bq1rk1/p4ppp/2p2n2/3p2B1/1b6/2NB4/PPP2PPP/R2Q1RK1 w - -,1600-1799,h2h3,23,0.391304347826087,0.39855319548304236,0.069,0.4878948132364769,0.502,False,False
r1bq1rk1/p4ppp/2p2n2/3p4/1b6/2NB4/PPPB1PPP/R2Q1RK1 w - -,1600-1799,a2a3,106,0.4716981132075472,0.4715336997015591,0.03015,0.4600169329742794,0.4845,False,False
r1bq1rk1/p4ppp/2p2n2/3p4/1b6/2NB4/PPPB1PPP/R2Q1RK1 w - -,1600-1799,c3e2,22,0.38636363636363635,0.3929574847654358,0.0177,0.4826196211895952,0.4975,True,False
r1bq1rk1/p4ppp/2p2n2/3p4/1b6/2NB4/PPPB1PPP/R2Q1RK1 w - -,1600-1799,d2g5,16,0.65625,0.643142341890025,0.79295,0.39781655470349414,0.486,False,False
r1bq1rk1/p4ppp/2p2n2/3p4/1b6/2NB4/PPPB1PPP/R2Q1RK1 w - -,1600-1799,f1e1,20,0.425,0.4312491602990753,0.0447,0.45049769796545597,0.496,False,False
r1bq1rk1/p4ppp/2p2n2/3p4/1b6/2NB4/PPPB1PPP/R2Q1RK1 w - -,1600-1799,h2h3,10,0.45,0.4568758941872221,0.1145,0.4008644750694205,0.5,False,True
r1bq1rk1/p4ppp/2pp1b2/4p3/2B1P3/2N5/PPP2PPP/R2Q1RK1 w - -,1600-1799,c3e2,12,0.125,0.16749340771820495,0.0004,0.17394336596329812,0.436,False,False
r1bq1rk1/p4ppp/2pp1b2/4p3/2B1P3/2N5/PPP2PPP/R2Q1RK1 w - -,1600-1799,d1f3,17,0.5294117647058824,0.5264216135324367,0.3496,0.42921735939175715,0.4775,False,True
r1bq1rk1/p4ppp/2pp1b2/4p3/2B1P3/2N5/PPP2PPP/R2Q1RK1 w - -,1600-1799,f2f4,33,0.4090909090909091,0.41335974950019555,0.0506,0.038875944292117756,0.001,False,False
r1bq1rk1/p4ppp/2pp1b2/4p3/2B1P3/2N5/PPP2PPP/R2Q1RK1 w - -,1600-1799,h2h3,11,0.5909090909090909,0.5790403650387566,0.5994,0.6088526083623981,0.462,True,False
r1bq1rk1/p4ppp/4pn2/3p4/1b6/2NB4/PPPB1PPP/R2Q1RK1 w - -,1600-1799,a2a3,119,0.38235294117647056,0.3835269108045229,0.03485,0.44943265381875297,0.4525,False,False
r1bq1rk1/p4ppp/4pn2/3p4/1b6/2NB4/PPPB1PPP/R2Q1RK1 w - -,1600-1799,c3e2,22,0.4318181818181818,0.4356337004341616,0.2321,0.4262683160981716,0.4525,False,False
r1bq1rk1/p4ppp/4pn2/3p4/1b6/2NB4/PPPB1PPP/R2Q1RK1 w - -,1600-1799,d2g5,19,0.42105263157894735,0.42668873884663583,0.2175,0.46286804322030145,0.462,False,False
r1bq1rk1/p4ppp/4pn2/3p4/1b6/2NB4/PPPB1PPP/R2Q1RK1 w - -,1600-1799,f1e1,11,0.5,0.4994927204415404,0.51555,0.4968110384701979,0.474,True,True
r1bq1rk1/pp1nbpp1/2p1p2p/3n4/2BP3B/2N1PN2/PP3PPP/R2Q1RK1 w - -,1600-1799,h4e7,163,0.5613496932515337,0.5610997852667782,0.1756,0.5190174560627856,0.537,False,False
r1bq1rk1/pp1nbpp1/2p1p2p/3n4/2BP3B/2N1PN2/PP3PPP/R2Q1RK1 w - -,1600-1799,h4g3,49,0.6326530612244898,0.6286919846425307,0.8244,0.754984383835442,0.616,True,True
r1bq1rk1/pp2bpp1/2n1pn1p/8/2BP3B/2N2N2/PP3PPP/R2Q1RK1 b - -,1600-1799,a7a6,54,0.48148148148148145,0.4823618471361344,0.0015,0.6086805946772892,0.5185,False,False
r1bq1rk1/pp2bpp1/2n1pn1p/8/2BP3B/2N2N2/PP3PPP/R2Q1RK1 b - -,1600-1799,b7b6,14,0.5,0.5009604376057467,0.0226,0.7018738372755491,0.52,True,True
r1bq1rk1/pp2bpp1/2n1pn1p/8/2BP3B/2N2N2/PP3PPP/R2Q1RK1 b - -,1600-1799,d8b6,10,0.8,0.7603730870101539,0.66765,0.6787642421752658,0.506,False,False
r1bq1rk1/pp2bpp1/2n1pn1p/8/2BP3B/2N2N2/PP3PPP/R2Q1RK1 b - -,1600-1799,f6d5,26,0.7115384615384616,0.700178423938888,0.30825,0.5315253062108285,0.4945,False,False
r1bq1rk1/pp2bppp/2n1pn2/6B1/2BP4/2N2N2/PP3PPP/R2Q1RK1 w - -,1600-1799,a1c1,13,0.46153846153846156,0.46627800723595575,0.1095,0.5210352063399208,0.508,False,False
r1bq1rk1/pp2bppp/2n1pn2/6B1/2BP4/2N2N2/PP3PPP/R2Q1RK1 w - -,1600-1799,a2a3,15,0.3333333333333333,0.3500104014225127,0.01855,0.5257227703201355,0.5135,True,True
r1bq1rk1/pp2bppp/2n1pn2/6B1/2BP4/2N2N2/PP3PPP/R2Q1RK1 w - -,1600-1799,c4b3,10,0.65,0.6313096523293038,0.68475,0.43761886221372653,0.4985,False,False
r1bq1rk1/pp2bppp/2n1pn2/6B1/2BP4/2N2N2/PP3PPP/R2Q1RK1 w - -,1600-1799,d4d5,14,0.39285714285714285,0.40301214407771546,0.0428,0.22769966269207126,0.436,False,False
r1bq1rk1/pp2bppp/2n1pn2/6B1/2BP4/2N2N2/PP3PPP/R2Q1RK1 w - -,1600-1799,f1e1,35,0.5142857142857142,0.5139340734357967,0.1444,0.4822227601459267,0.5075,False,False
r1bq1rk1/pp2bppp/2np1n2/4p1B1/2B1P3/2N2N2/PP2QPPP/R2R2K1 w - -,1600-1799,a1c1,32,0.46875,0.4701708173925552,0.7655,0.2347402493910077,0.465,False,True
r1bq1rk1/pp2bppp/2np1n2/4p1B1/2B1P3/2N2N2/PP2QPPP/R2R2K1 w - -,1600-1799,g5f6,10,0.35,0.3704663479393886,0.2345,0.23650660882922087,0.464,True,False
r1bq1rk1/pp2bppp/2np1n2/4p3/2B1P3/2N2N1P/PP2QPP1/R1BR2K1 w - -,1600-1799,c1e3,35,0.5571428571428572,0.5545513431138251,0.7887,0.45198986247150585,0.4805,True,True
r1bq1rk1/pp2bppp/2np1n2/4p3/2B1P3/2N2N1P/PP2QPP1/R1BR2K1 w - -,1600-1799,c1g5,19,0.4473684210526316,0.45143319758821154,0.2113,0.4183947758729857,0.4615,False,False
r1bq1rk1/pp2bppp/2p1pn2/8/2PPB3/5N2/PP3PPP/R1BQ1RK1 w - -,1600-1799,e4c2,83,0.5903614457831325,0.588684760203982,0.9923,0.7467014533903301,0.603,True,True
r1bq1rk1/pp2bppp/2p1pn2/8/2PPB3/5N2/PP3PPP/R1BQ1RK1 w - -,1600-1799,e4d3,10,0.2,0.24016995685905645,0.0077,0.4998477700914082,0.507,False,False
r1bq1rk1/pp2npbp/2n3p1/1B1p4/3P4/5N2/PP3PPP/RNBQR1K1 w - -,1600-1799,b1c3,81,0.43209876543209874,0.4338623367034039,0.0819,0.2528705404772574,0.439,False,False
r1bq1rk1/pp2npbp/2n3p1/1B1p4/3P4/5N2/PP3PPP/RNBQR1K1 w - -,1600-1799,b5c6,20,0.4,0.4062405631748156,0.13635,0.4090090747856037,0.496,False,True
r1bq1rk1/pp2npbp/2n3p1/1B1p4/3P4/5N2/PP3PPP/RNBQR1K1 w - -,1600-1799,c1e3,11,0.2727272727272727,0.30055238294943615,0.04855,0.34292378258334705,0.437,False,False
r1bq1rk1/pp2npbp/2n3p1/1B1p4/3P4/5N2/PP3PPP/RNBQR1K1 w - -,1600-1799,c1g5,108,0.5185185185185185,0.5185767149415542,0.7332,0.5651812358979789,0.483,True,False
r1bq1rk1/pp2ppbp/2n3p1/3n4/3N4/2N1BP2/PPPQ2PP/2KR1B1R w - -,1600-1799,c3d5,111,0.4594594594594595,0.45997989406119405,0.6699,0.5715584342185058,0.4455,False,False
r1bq1rk1/pp2ppbp/2n3p1/3n4/3N4/2N1BP2/PPPQ2PP/2KR1B1R w - -,1600-1799,d4c6,126,0.43253968253968256,0.43346401764231934,0.3301,0.8127021555547427,0.573,True,True
r1bq1rk1/pp2ppbp/2n3p1/8/2BPP3/4B3/P3NPPP/R2Q1RK1 b - -,1600-1799,a7a6,20,0.525,0.5229332906882749,0.14055,0.24430128963619782,0.4445,False,False
r1bq1rk1/pp2ppbp/2n3p1/8/2BPP3/4B3/P3NPPP/R2Q1RK1 b - -,1600-1799,c6a5,27,0.5925925925925926,0.5873687626306141,0.33295,0.4632264674536939,0.4735,False,True
r1bq1rk1/pp2ppbp/2n3p1/8/2BPP3/4B3/P3NPPP/R2Q1RK1 b - -,1600-1799,c8g4,50,0.35,0.353984799732096,0.00035,0.4993178337294567,0.4695,True,False
r1bq1rk1/pp2ppbp/2n3p1/8/2BPP3/4B3/P3NPPP/R2Q1RK1 b - -,1600-1799,e7e5,11,0.36363636363636365,0.3803418735529607,0.0303,0.12655261508011614,0.274,False,False
r1bq1rk1/pp2ppbp/2n3p1/8/2BPP3/4B3/P3NPPP/R2Q1RK1 b - -,1600-1799,e7e6,24,0.625,0.6170283999243222,0.49585,0.42334237023223087,0.35,False,False
r1bq1rk1/pp2ppbp/2n3p1/8/2BPP3/8/P3NPPP/R1BQ1RK1 w - -,1600-1799,c1b2,15,0.7333333333333333,0.7114050963414567,0.9287,0.527363276692483,0.5,False,False
r1bq1rk1/pp2ppbp/2n3p1/8/2BPP3/8/P3NPPP/R1BQ1RK1 w - -,1600-1799,c1e3,86,0.5465116279069767,0.5463373288759624,0.0713,0.6216511420906988,0.516,True,True
r1bq1rk1/pp2ppbp/3p1np1/8/3NP3/1nN1BP2/PPPQ2PP/R3K2R w KQ -,1600-1799,a2b3,48,0.6458333333333334,0.6409103567879791,0.5547,0.687648570483607,0.622,True,True
r1bq1rk1/pp2ppbp/3p1np1/8/3NP3/1nN1BP2/PPPQ2PP/R3K2R w KQ -,1600-1799,c2b3,18,0.5555555555555556,0.551054182444641,0.18425,0.6099536694579313,0.566,False,False
r1bq1rk1/pp2ppbp/3p1np1/8/3NP3/1nN1BP2/PPPQ2PP/R3K2R w KQ -,1600-1799,d4b3,31,0.5967741935483871,0.592658323197405,0.26105,0.6494916499447148,0.5235,False,False
r1bq1rk1/pp3pbp/2n1p1p1/3n4/3P4/2N2NP1/PP3PBP/R1BQ1RK1 w - -,1600-1799,c1g5,26,0.4423076923076923,0.4454221045268163,0.2315,0.37858412947708053,0.5135,False,False
r1bq1rk1/pp3pbp/2n1p1p1/3n4/3P4/2N2NP1/PP3PBP/R1BQ1RK1 w - -,1600-1799,c3d5,50,0.52,0.5190510996521459,0.7156,0.5528432256667453,0.4905,True,False
r1bq1rk1/pp3pbp/2n1p1p1/3n4/3P4/2N2NP1/PP3PBP/R1BQ1RK1 w - -,1600-1799,f1e1,16,0.3125,0.32892318797263664,0.0529,0.5098898812184177,0.5195,False,True
r1bq1rk1/pp3ppp/2n1p3/2b5/4B3/2P2N2/PP3PPP/R1BQ1RK1 b - -,1600-1799,c8d7,11,0.5,0.5001587976182192,0.26365,0.3582279423710186,0.2325,False,False
r1bq1rk1/pp3ppp/2n1p3/2b5/4B3/2P2N2/PP3PPP/R1BQ1RK1 b - -,1600-1799,d8b6,13,0.5,0.5005388543253679,0.27415,0.2792451417778151,0.1695,False,False
r1bq1rk1/pp3ppp/2n1p3/2b5/4B3/2P2N2/PP3PPP/R1BQ1RK1 b - -,1600-1799,d8c7,11,0.5454545454545454,0.5398132582857125,0.41935,0.45586843636595525,0.433,True,False
r1bq1rk1/pp3ppp/2n1p3/2b5/4B3/2P2N2/PP3PPP/R1BQ1RK1 b - -,1600-1799,d8d1,29,0.39655172413793105,0.40309841832947924,0.04285,0.12322241903751939,0.4415,False,True
r1bq1rk1/pp3ppp/2pbpn2/8/2PPB3/5N2/PP3PPP/R1BQ1RK1 w - -,1600-1799,c1g5,13,0.7692307692307693,0.7420546882972026,0.8078,0.7431658623812976,0.634,False,False
r1bq1rk1/pp3ppp/2pbpn2/8/2PPB3/5N2/PP3PPP/R1BQ1RK1 w - -,1600-1799,e4c2,83,0.5783132530120482,0.5772147363621649,0.04435,0.8162205486780896,0.74,True,True
r1bq1rk1/pp3ppp/2pbpn2/8/2PPB3/5N2/PP3PPP/R1BQ1RK1 w - -,1600-1799,e4d3,10,0.6,0.5870603857754589,0.14785,0.6610283323738565,0.5155,False,False
r1bq1rk1/ppp1bpp1/5n1p/4Q3/2B5/2N5/PPP2PPP/R1B2RK1 w - -,1600-1799,c1e3,13,0.2692307692307692,0.29485619426971915,0.00765,0.2956012393408665,0.502,False,False
r1bq1rk1/ppp1bpp1/5n1p/4Q3/2B5/2N5/PPP2PPP/R1B2RK1 w - -,1600-1799,c1f4,30,0.5833333333333334,0.5785371488982565,0.5172,0.5399114910295646,0.5195,True,True
r1bq1rk1/ppp1bpp1/5n1p/4Q3/2B5/2N5/PPP2PPP/R1B2RK1 w - -,1600-1799,e5g3,17,0.5294117647058824,0.5256581616087753,0.27765,0.44174849223688345,0.4855,False,False
r1bq1rk1/ppp1bpp1/5n1p/4Q3/2B5/2N5/PPP2PPP/R1B2RK1 w - -,1600-1799,f1d1,31,0.46774193548387094,0.46851172638710475,0.07785,0.24177449983240631,0.478,False,False
r1bq1rk1/ppp1bpp1/5n1p/4Q3/2B5/2N5/PPP2PPP/R1B2RK1 w - -,1600-1799,f1e1,45,0.5,0.4999734072615327,0.11965,0.34505571268925944,0.418,False,False
r1bq1rk1/ppp2ppp/1b3n2/3Pp3/2B1P3/2N5/PP3PPP/R1BQ1RK1 w - -,1600-1799,c1e3,17,0.5294117647058824,0.5277912564538069,0.2477,0.49147531768392083,0.4705,False,False
r1bq1rk1/ppp2ppp/1b3n2/3Pp3/2B1P3/2N5/PP3PPP/R1BQ1RK1 w - -,1600-1799,c1g5,79,0.6012658227848101,0.5990531883242253,0.55975,0.4969836262626279,0.512,False,False
r1bq1rk1/ppp2ppp/1b3n2/3Pp3/2B1P3/2N5/PP3PPP/R1BQ1RK1 w - -,1600-1799,g1h1,37,0.5135135135135135,0.5133096355515582,0.1216,0.4514932124411831,0.075,False,False
r1bq1rk1/ppp2ppp/1b3n2/3Pp3/2B1P3/2N5/PP3PPP/R1BQ1RK1 w - -,1600-1799,h2h3,15,0.43333333333333335,0.43752307196193085,0.07095,0.6218332348443938,0.515,True,True
r1bq1rk1/ppp2ppp/2n5/1B1p4/3Pn3/2P2N2/P4PPP/R1BQ1RK1 w - -,1600-1799,b5c6,63,0.29365079365079366,0.29856187223025865,0.0175,0.5465247836731448,0.366,True,True
r1bq1rk1/ppp2ppp/2n5/1B1p4/3Pn3/2P2N2/P4PPP/R1BQ1RK1 w - -,1600-1799,c1b2,20,0.45,0.45201898267199986,0.5353,0.10085695287849081,0.0575,False,False
r1bq1rk1/ppp2ppp/2n5/1B1p4/3Pn3/2P2N2/P4PPP/R1BQ1RK1 w - -,1600-1799,c3c4,10,0.35,0.3685959882004723,0.23075,0.21963669333346425,0.2545,False,False
r1bq1rk1/ppp2ppp/2n5/1B1p4/3Pn3/2P2N2/P4PPP/R1BQ1RK1 w - -,1600-1799,d1c2,20,0.35,0.3606699476961746,0.1684,0.45595575087674695,0.361,False,False
r1bq1rk1/ppp2ppp/2n5/1B1p4/3Pn3/2P2N2/P4PPP/R1BQ1RK1 w - -,1600-1799,f1e1,13,0.23076923076923078,0.2588872752058876,0.04805,0.04699945091686887,0.0125,False,False
r1bq1rk1/ppp2ppp/2n5/1B1pP3/1b1P4/5N2/PP1N1PPP/R2QK2R w KQ -,1600-1799,a2a3,17,0.38235294117647056,0.39119645668836206,0.09305,0.5888119123937916,0.5205,False,True
r1bq1rk1/ppp2ppp/2n5/1B1pP3/1b1P4/5N2/PP1N1PPP/R2QK2R w KQ -,1600-1799,b5c6,23,0.5434782608695652,0.5402660418808394,0.62035,0.6381894809465215,0.5095,True,False
r1bq1rk1/ppp2ppp/2n5/1B1pP3/1b1P4/5N2/PP1N1PPP/R2QK2R w KQ -,1600-1799,e1g1,26,0.4807692307692308,0.4821626538623874,0.2866,0.5922720048438069,0.5165,False,False
r1bq1rk1/ppp2ppp/2n5/3n4/2BP4/2P2N2/P4PPP/R1BQ1RK1 w - -,1600-1799,c1a3,16,0.3125,0.3290631908729543,0.00025,0.5170005876000499,0.5325,False,False
r1bq1rk1/ppp2ppp/2n5/3n4/2BP4/2P2N2/P4PPP/R1BQ1RK1 w - -,1600-1799,c1b2,17,0.5882352941176471,0.580310996661979,0.04525,0.6305966116476662,0.5195,False,False
r1bq1rk1/ppp2ppp/2n5/3n4/2BP4/2P2N2/P4PPP/R1BQ1RK1 w - -,1600-1799,c1d2,12,0.7916666666666666,0.7573447139506304,0.6314,0.6680219371108435,0.6395,False,False
r1bq1rk1/ppp2ppp/2n5/3n4/2BP4/2P2N2/P4PPP/R1BQ1RK1 w - -,1600-1799,c1g5,35,0.6428571428571429,0.6367418331545377,0.0711,0.5790387981077842,0.576,False,False
r1bq1rk1/ppp2ppp/2n5/3n4/2BP4/2P2N2/P4PPP/R1BQ1RK1 w - -,1600-1799,d1b3,36,0.2916666666666667,0.3011996290685031,0.0,0.5393683999501123,0.4655,False,False
r1bq1rk1/ppp2ppp/2n5/3n4/2BP4/2P2N2/P4PPP/R1BQ1RK1 w - -,1600-1799,d1c2,25,0.66,0.651489308469685,0.1246,0.8632084828072476,0.6115,False,False
r1bq1rk1/ppp2ppp/2n5/3n4/2BP4/2P2N2/P4PPP/R1BQ1RK1 w - -,1600-1799,d1d3,20,0.6,0.5931008050048907,0.0481,0.967487410326274,0.5775,True,False
r1bq1rk1/ppp2ppp/2n5/3n4/2BP4/2P2N2/P4PPP/R1BQ1RK1 w - -,1600-1799,f1e1,14,0.6071428571428571,0.5977719324763144,0.0793,0.8248494042407669,0.819,False,True
r1bq1rk1/ppp2ppp/2n5/3n4/2BP4/5N2/PP1N1PPP/R2Q1RK1 w - -,1600-1799,a1c1,36,0.5,0.4998787615275033,0.35285,0.4445380921511859,0.501,False,True
r1bq1rk1/ppp2ppp/2n5/3n4/2BP4/5N2/PP1N1PPP/R2Q1RK1 w - -,1600-1799,a2a3,98,0.47959183673469385,0.47986815020300744,0.15045,0.3876256498591188,0.4815,False,False
r1bq1rk1/ppp2ppp/2n5/3n4/2BP4/5N2/PP1N1PPP/R2Q1RK1 w - -,1600-1799,d1b3,183,0.42349726775956287,0.42440318155404366,0.0056,0.32775012262618447,0.4355,False,False
r1bq1rk1/ppp2ppp/2n5/3n4/2BP4/5N2/PP1N1PPP/R2Q1RK1 w - -,1600-1799,d2b3,75,0.4866666666666667,0.48744767238871084,0.21215,0.5246180484262698,0.488,False,False
r1bq1rk1/ppp2ppp/2n5/3n4/2BP4/5N2/PP1N1PPP/R2Q1RK1 w - -,1600-1799,d2e4,89,0.46629213483146065,0.46756004020445746,0.1048,0.4975306454293216,0.491,False,False
r1bq1rk1/ppp2ppp/2n5/3n4/2BP4/5N2/PP1N1PPP/R2Q1RK1 w - -,1600-1799,f1e1,303,0.45544554455445546,0.45554635118927383,0.02065,0.4302307888228558,0.497,False,False
r1bq1rk1/ppp2ppp/2n5/3n4/2BP4/5N2/PP1N1PPP/R2Q1RK1 w - -,1600-1799,f3e5,77,0.44155844155844154,0.4435764821765643,0.05675,0.541482422725084,0.4895,True,False
r1bq1rk1/ppp2ppp/2n5/3n4/2BP4/5N2/PP1N1PPP/R2Q1RK1 w - -,1600-1799,h2h3,76,0.4605263157894737,0.4610716283490678,0.09675,0.45720212658627435,0.473,False,False
r1bq1rk1/ppp2ppp/2n5/3p4/2BPn3/2P2N2/P4PPP/R1BQR1K1 w - -,1600-1799,c4b3,41,0.3170731707317073,0.3237985416944925,0.01925,0.1876611296935744,0.103,False,False
r1bq1rk1/ppp2ppp/2n5/3p4/2BPn3/2P2N2/P4PPP/R1BQR1K1 w - -,1600-1799,c4b5,14,0.25,0.2744894213957906,0.02465,0.04405437109174541,0.0165,False,False
r1bq1rk1/ppp2ppp/2n5/3p4/2BPn3/2P2N2/P4PPP/R1BQR1K1 w - -,1600-1799,c4d3,119,0.41596638655462187,0.4166847602014626,0.10875,0.30755448989889894,0.4435,False,True
r1bq1rk1/ppp2ppp/2n5/3p4/2BPn3/2P2N2/P4PPP/R1BQR1K1 w - -,1600-1799,d1c2,22,0.5454545454545454,0.5417490898900188,0.84735,0.43513294981281403,0.4355,True,False
r1bq1rk1/ppp2ppp/2n5/3p4/2BPn3/2PQ1N2/P4PPP/R1B2RK1 w - d6,1600-1799,c4b3,139,0.4316546762589928,0.4325302412181624,0.94205,0.34324308269538484,0.2545,True,True
r1bq1rk1/ppp2ppp/2n5/3p4/2BPn3/2PQ1N2/P4PPP/R1B2RK1 w - d6,1600-1799,c4b5,23,0.2608695652173913,0.2751540812271636,0.05795,0.18456539397511093,0.234,False,False
r1bq1rk1/ppp2ppp/2n5/3p4/3Pn3/2PB1N2/P4PPP/R1BQ1RK1 w - -,1600-1799,c1b2,19,0.2894736842105263,0.304649172906662,0.0664,0.10064944259043852,0.1205,False,False
r1bq1rk1/ppp2ppp/2n5/3p4/3Pn3/2PB1N2/P4PPP/R1BQ1RK1 w - -,1600-1799,c3c4,21,0.3333333333333333,0.34453980114597793,0.1117,0.5997043696764764,0.1595,True,False
r1bq1rk1/ppp2ppp/2n5/3p4/3Pn3/2PB1N2/P4PPP/R1BQ1RK1 w - -,1600-1799,d1c2,105,0.4380952380952381,0.4385199298500718,0.44565,0.5102533834403516,0.4435,False,True
r1bq1rk1/ppp2ppp/2n5/3p4/3Pn3/2PB1N2/P4PPP/R1BQ1RK1 w - -,1600-1799,d3e4,30,0.4,0.4047709093559008,0.26735,0.24499487332618416,0.3505,False,False
r1bq1rk1/ppp2ppp/2n5/3p4/3Pn3/2PB1N2/P4PPP/R1BQ1RK1 w - -,1600-1799,f1e1,25,0.34,0.3498096091027496,0.1089,0.30036840900908596,0.4395,False,False
r1bq1rk1/ppp2ppp/3b1n2/4Q1B1/8/2N5/PPP2PPP/2KR1B1R w - -,1600-1799,e5d4,17,0.5294117647058824,0.5278365249825998,0.32935,0.6420911838610962,0.605,False,True
r1bq1rk1/ppp2ppp/3b1n2/4Q1B1/8/2N5/PPP2PPP/2KR1B1R w - -,1600-1799,g5f6,109,0.5779816513761468,0.5769413220120372,0.67065,0.6987003733809886,0.509,True,False
r1bq1rk1/ppp2ppp/3b1n2/4Q3/2B5/2N5/PPP2PPP/R1B2RK1 w - -,1600-1799,e5e1,19,0.47368421052631576,0.4760747712286676,0.30045,0.3271078061169119,0.261,False,False
r1bq1rk1/ppp2ppp/3b1n2/4Q3/2B5/2N5/PPP2PPP/R1B2RK1 w - -,1600-1799,e5e2,43,0.5,0.4987273638106488,0.35665,0.4397207553085333,0.489,False,False
r1bq1rk1/ppp2ppp/3b1n2/4Q3/2B5/2N5/PPP2PPP/R1B2RK1 w - -,1600-1799,e5e3,25,0.3,0.3117035370835027,0.0094,0.18728675256311655,0.011,False,False
r1bq1rk1/ppp2ppp/3b1n2/4Q3/2B5/2N5/PPP2PPP/R1B2RK1 w - -,1600-1799,e5g5,160,0.503125,0.5029594038309332,0.3335,0.5147448181070402,0.493,True,True
r1bq1rk1/pppnn1bp/3p2p1/3Ppp2/2P1P3/2N1BP2/PP2B1PP/R2QNRK1 b - -,1600-1799,d7f6,13,0.2692307692307692,0.29387710211670764,0.04465,0.470432918721887,0.2215,True,False
r1bq1rk1/pppnn1bp/3p2p1/3Ppp2/2P1P3/2N1BP2/PP2B1PP/R2QNRK1 b - -,1600-1799,f5f4,104,0.5048076923076923,0.5046837031955244,0.95535,0.4108873551260594,0.3705,False,True
r1bq1rk1/pppnn1bp/3p2p1/3Ppp2/2P1P3/2N2P2/PP2B1PP/R1BQNRK1 w - f6,1600-1799,c1e3,25,0.56,0.5570338291828997,0.6545,0.6406692733873659,0.6165,True,True
r1bq1rk1/pppnn1bp/3p2p1/3Ppp2/2P1P3/2N2P2/PP2B1PP/R1BQNRK1 w - f6,1600-1799,g2g4,18,0.5,0.5010992598502105,0.3455,0.6172198438818749,0.538,False,False
r1bq1rk1/pppnn1bp/3p2p1/3Ppp2/2P1P3/2NN4/PP2BPPP/R1BQ1RK1 w - f6,1600-1799,c1d2,15,0.3,0.3192924568195632,0.09935,0.5827030686412205,0.537,False,False
r1bq1rk1/pppnn1bp/3p2p1/3Ppp2/2P1P3/2NN4/PP2BPPP/R1BQ1RK1 w - f6,1600-1799,f2f3,44,0.48863636363636365,0.4884450110703569,0.90065,0.6827466876772312,0.614,True,True
r1bq1rk1/ppppbppp/2n5/8/2BP4/2P2N2/P4PPP/R1BQR1K1 w - -,1600-1799,a2a4,15,0.5,0.49900971918327025,0.09345,0.5931670650213088,0.4795,False,False
r1bq1rk1/ppppbppp/2n5/8/2BP4/2P2N2/P4PPP/R1BQR1K1 w - -,1600-1799,c1f4,17,0.6176470588235294,0.6078823733492519,0.37765,0.4897918706619558,0.494,False,False
r1bq1rk1/ppppbppp/2n5/8/2BP4/2P2N2/P4PPP/R1BQR1K1 w - -,1600-1799,c4b3,10,0.4,0.4135339236840602,0.0432,0.5013028420878607,0.497,False,False
r1bq1rk1/ppppbppp/2n5/8/2BP4/2P2N2/P4PPP/R1BQR1K1 w - -,1600-1799,c4d3,26,0.38461538461538464,0.3913974489181813,0.00555,0.5033629858375753,0.507,False,False
r1bq1rk1/ppppbppp/2n5/8/2BP4/2P2N2/P4PPP/R1BQR1K1 w - -,1600-1799,d1b3,14,0.35714285714285715,0.3712745012773849,0.01395,0.0697742633513834,0.1185,False,False
r1bq1rk1/ppppbppp/2n5/8/2BP4/2P2N2/P4PPP/R1BQR1K1 w - -,1600-1799,d1c2,16,0.40625,0.41424416159508776,0.01665,0.390352861275271,0.484,False,False
r1bq1rk1/ppppbppp/2n5/8/2BP4/2P2N2/P4PPP/R1BQR1K1 w - -,1600-1799,d1e2,23,0.3695652173913043,0.37688009676320455,0.00395,0.45427957531979185,0.473,False,False
r1bq1rk1/ppppbppp/2n5/8/2BP4/2P2N2/P4PPP/R1BQR1K1 w - -,1600-1799,d4d5,43,0.4418604651162791,0.4433334955186082,0.0086,0.7062344035026178,0.935,True,True
r1bq1rk1/ppppbppp/2n5/8/2BP4/2P2N2/P4PPP/R1BQR1K1 w - -,1600-1799,f3e5,15,0.6333333333333333,0.6216338658353732,0.437,0.2955459866613928,0.476,False,False
r1bq3r/ppp2kpp/8/3p4/1n1Pn3/1Q3N2/PP3PPP/RN2K2R w KQ d6,1600-1799,b3b4,398,0.5791457286432161,0.5787610811050353,0.1922,0.646593885413224,0.5035,False,False
r1bq3r/ppp2kpp/8/3p4/1n1Pn3/1Q3N2/PP3PPP/RN2K2R w KQ d6,1600-1799,f3e5,182,0.6153846153846154,0.614439373968857,0.8078,0.7392338876409952,0.512,True,True
r1bqk1nr/ppp3pp/2np4/8/4P3/2Q2N2/P4PPP/RNB2RK1 b - -,1600-1799,c8g4,10,0.4,0.41410835677331853,0.31325,0.18029863361538154,0.0,False,False
r1bqk1nr/ppp3pp/2np4/8/4P3/2Q2N2/P4PPP/RNB2RK1 b - -,1600-1799,d8f6,40,0.4875,0.4875311035731547,0.68645,0.3512689493136237,0.0055,False,False
r1bqk1nr/ppp3pp/2np4/8/4P3/2Q2N2/P4PPP/RNB2RK1 b - -,1600-1799,g8f6,91,0.23076923076923078,0.23516572725178952,0.0003,0.43063258645999086,0.127,True,True
r1bqk2r/1p3ppp/p1np4/3Np1b1/4P3/N7/PPP2PPP/R2QKB1R w KQkq -,1600-1799,a3c4,40,0.5375,0.5359670665181585,0.1926,0.5237903933568802,0.535,False,True
r1bqk2r/1p3ppp/p1np4/3Np1b1/4P3/N7/PPP2PPP/R2QKB1R w KQkq -,1600-1799,c2c3,75,0.56,0.5590447315098692,0.25115,0.5351255765670532,0.5105,False,False
r1bqk2r/1p3ppp/p1np4/3Np1b1/4P3/N7/PPP2PPP/R2QKB1R w KQkq -,1600-1799,c2c4,10,0.5,0.499362995893416,0.2221,0.4983271550332918,0.48,False,False
r1bqk2r/1p3ppp/p1np4/3Np1b1/4P3/N7/PPP2PPP/R2QKB1R w KQkq -,1600-1799,f1d3,12,0.5,0.5004686355987159,0.20735,0.5798835040235418,0.491,True,False
r1bqk2r/1p3ppp/p1np4/3Np1b1/4P3/N7/PPP2PPP/R2QKB1R w KQkq -,1600-1799,f1e2,24,0.5,0.49937867741347225,0.1268,0.4847270025244778,0.508,False,False
r1bqk2r/4np1p/p2p1p2/1p2p3/4P3/N7/PPP2PPP/R2QKB1R w KQkq -,1600-1799,c2c3,27,0.37037037037037035,0.37733135492988784,0.006,0.4128458736613145,0.4995,False,False
r1bqk2r/4np1p/p2p1p2/1p2p3/4P3/N7/PPP2PPP/R2QKB1R w KQkq -,1600-1799,c2c4,28,0.30357142857142855,0.31411838455683344,0.00115,0.5361112898952235,0.501,False,True
r1bqk2r/4np1p/p2p1p2/1p2p3/4P3/N7/PPP2PPP/R2QKB1R w KQkq -,1600-1799,d1d2,17,0.35294117647058826,0.36460332683419017,0.01315,0.5052722644385277,0.499,False,False
r1bqk2r/4np1p/p2p1p2/1p2p3/4P3/N7/PPP2PPP/R2QKB1R w KQkq -,1600-1799,d1f3,17,0.5588235294117647,0.5547962753959574,0.2443,0.6671790966812876,0.491,True,False
r1bqk2r/4np1p/p2p1p2/1p2p3/4P3/N7/PPP2PPP/R2QKB1R w KQkq -,1600-1799,f1d3,19,0.6578947368421053,0.6454852822448203,0.68495,0.3721494641453663,0.4925,False,False
r1bqk2r/4np1p/p2p1p2/1p2p3/4P3/N7/PPP2PPP/R2QKB1R w KQkq -,1600-1799,f1e2,16,0.4375,0.4427205497692916,0.05045,0.5457420284329298,0.499,False,False
r1bqk2r/5pbp/p1np1p2/1p1Np3/4P3/N7/PPP2PPP/R2QKB1R w KQkq -,1600-1799,c2c3,79,0.4873417721518987,0.48750008090340524,0.08575,0.5120880884622706,0.5165,False,True
r1bqk2r/5pbp/p1np1p2/1p1Np3/4P3/N7/PPP2PPP/R2QKB1R w KQkq -,1600-1799,c2c4,50,0.45,0.4510373450876251,0.0441,0.7153207198055782,0.498,True,False
r1bqk2r/5pbp/p1np1p2/1p1Np3/4P3/N7/PPP2PPP/R2QKB1R w KQkq -,1600-1799,f1d3,25,0.58,0.5765002260208366,0.57495,0.6795648142277212,0.511,False,False
r1bqk2r/5pbp/p1np1p2/1p1Np3/4P3/N7/PPP2PPP/R2QKB1R w KQkq -,1600-1799,f1e2,21,0.5238095238095238,0.5215931447753037,0.2952,0.5955655745901481,0.5035,False,False
r1bqk2r/5ppp/p1np1b2/1p1Np3/4P3/N7/PPP2PPP/R2QKB1R w KQkq -,1600-1799,c2c3,879,0.5477815699658704,0.5477106641084921,0.03565,0.5493138416407128,0.524,True,True
r1bqk2r/5ppp/p1np1b2/1p1Np3/4P3/N7/PPP2PPP/R2QKB1R w KQkq -,1600-1799,c2c4,269,0.5985130111524164,0.5977660725026421,0.74955,0.5322795022382985,0.5115,False,False
r1bqk2r/5ppp/p1np1b2/1p1Np3/4P3/N7/PPP2PPP/R2QKB1R w KQkq -,1600-1799,d5f6,86,0.46511627906976744,0.46641424038586,0.00705,0.2676315386622821,0.4895,False,False
r1bqk2r/5ppp/p1np1b2/1p1Np3/4P3/N7/PPP2PPP/R2QKB1R w KQkq -,1600-1799,f1e2,78,0.5512820512820513,0.5502751784623987,0.20775,0.527983607167055,0.5075,False,False
r1bqk2r/p3bpp1/2p2n1p/n7/B3p3/5N2/PPPPQPPP/RNB1K2R w KQkq -,1600-1799,f3d4,105,0.21428571428571427,0.21819166526617165,0.0,0.0376541594614507,0.0,False,False
r1bqk2r/p3bpp1/2p2n1p/n7/B3p3/5N2/PPPPQPPP/RNB1K2R w KQkq -,1600-1799,f3e5,416,0.4735576923076923,0.4736731277807327,0.98705,0.20870002362843676,0.2755,True,True
r1bqk2r/p3bpp1/2p2n1p/n7/B3p3/5N2/PPPPQPPP/RNB1K2R w KQkq -,1600-1799,f3g1,90,0.26666666666666666,0.2703861282583471,0.00015,0.0806771119275942,0.0045,False,False
r1bqk2r/p3bpp1/2p2n1p/n7/B3p3/5N2/PPPPQPPP/RNB1K2R w KQkq -,1600-1799,f3h4,43,0.3023255813953488,0.3094441651379077,0.0128,0.15020572886451142,0.0045,False,False
r1bqk2r/p4pp1/2p2n1p/n1b1N3/4p3/8/PPPPBPPP/RNBQK2R w KQkq -,1600-1799,c2c3,75,0.42,0.4215563800449593,0.0959,0.614235143108619,0.4665,True,False
r1bqk2r/p4pp1/2p2n1p/n1b1N3/4p3/8/PPPPBPPP/RNBQK2R w KQkq -,1600-1799,d2d3,10,0.55,0.5430442492857324,0.67755,0.34349044271882534,0.4265,False,False
r1bqk2r/p4pp1/2p2n1p/n1b1N3/4p3/8/PPPPBPPP/RNBQK2R w KQkq -,1600-1799,d2d4,31,0.2903225806451613,0.29995315891882335,0.0102,0.4998567481723403,0.0075,False,False
r1bqk2r/p4pp1/2p2n1p/n1b1N3/4p3/8/PPPPBPPP/RNBQK2R w KQkq -,1600-1799,e1g1,94,0.43617021276595747,0.4368741371175793,0.12675,0.49592974185671623,0.4965,False,True
r1bqk2r/p4pp1/2p2n1p/n1b1N3/4p3/8/PPPPBPPP/RNBQK2R w KQkq -,1600-1799,e5c4,12,0.3333333333333333,0.3520974298097848,0.0896,0.20043170379103292,0.001,False,False
r1bqk2r/p4pp1/2p2n1p/n1b5/4p3/8/PPPPBPPP/RNBQK1NR w KQkq -,1600-1799,b1c3,36,0.3888888888888889,0.3931739437236092,0.44245,0.17698274406880907,0.0,False,False
r1bqk2r/p4pp1/2p2n1p/n1b5/4p3/8/PPPPBPPP/RNBQK1NR w KQkq -,1600-1799,c2c3,53,0.32075471698113206,0.3259365216289831,0.10045,0.37174182507282705,0.0385,False,False
r1bqk2r/p4pp1/2p2n1p/n1b5/4p3/8/PPPPBPPP/RNBQK1NR w KQkq -,1600-1799,d2d3,118,0.3516949152542373,0.35367782698614075,0.15065,0.1903431741493748,0.013,False,False
r1bqk2r/p4pp1/2p2n1p/n1b5/4p3/8/PPPPBPPP/RNBQK1NR w KQkq -,1600-1799,d2d4,20,0.35,0.36124607644716766,0.30645,0.48247537044807076,0.15,True,True
r1bqk2r/p4pp1/2pb1n1p/n3N3/4p3/8/PPPPBPPP/RNBQK2R w KQkq -,1600-1799,d2d4,443,0.5,0.5000241378744051,0.38965,0.5980470074544407,0.5045,True,True
r1bqk2r/p4pp1/2pb1n1p/n3N3/4p3/8/PPPPBPPP/RNBQK2R w KQkq -,1600-1799,e5c4,165,0.41818181818181815,0.4185863160972319,0.00955,0.19069376640033484,0.169,False,False
r1bqk2r/p4pp1/2pb1n1p/n3N3/4p3/8/PPPPBPPP/RNBQK2R w KQkq -,1600-1799,f2f4,105,0.5142857142857142,0.5133715640385964,0.6008,0.5049212309826296,0.432,False,False
r1bqk2r/pp1n1ppp/4p3/3pP3/3Q1P2/2N5/PPP3PP/R3KB1R b KQkq -,1600-1799,d8b6,18,0.4722222222222222,0.47384429731154726,0.65045,0.5103586890287148,0.433,True,True
r1bqk2r/pp1n1ppp/4p3/3pP3/3Q1P2/2N5/PPP3PP/R3KB1R b KQkq -,1600-1799,e8g8,10,0.4,0.4135761715809569,0.34955,0.3511183307528105,0.409,False,False
r1bqk2r/pp4pp/2nbpn2/3p4/3P4/3B1N2/PP1N1PPP/R1BQ1RK1 w kq -,1600-1799,d2b3,12,0.5,0.49906911550107796,0.6638,0.6756926375621474,0.5505,True,False
r1bqk2r/pp4pp/2nbpn2/3p4/3P4/3B1N2/PP1N1PPP/R1BQ1RK1 w kq -,1600-1799,f1e1,36,0.4305555555555556,0.432772067434182,0.3362,0.6442798026107601,0.5555,False,True
r1bqk2r/ppp2ppp/8/8/1QpPn3/5N2/PP3PPP/RN2K2R w KQkq -,1600-1799,b4c4,133,0.45864661654135336,0.45889757837178824,0.10355,0.5080181819524574,0.4825,False,False
r1bqk2r/ppp2ppp/8/8/1QpPn3/5N2/PP3PPP/RN2K2R w KQkq -,1600-1799,e1g1,36,0.5694444444444444,0.567264708121796,0.89645,0.8855636378475966,0.4865,True,True
r1bqk2r/ppp2ppp/8/n2n4/2BP4/1Q3N2/PP1N1PPP/R3K2R w KQkq -,1600-1799,b3a4,56,0.5267857142857143,0.5252393909390669,0.9636,0.4911859798856073,0.5,False,True
r1bqk2r/ppp2ppp/8/n2n4/2BP4/1Q3N2/PP1N1PPP/R3K2R w KQkq -,1600-1799,b3b5,39,0.34615384615384615,0.35244464336637304,0.0364,0.5985305899625036,0.428,True,False
r1bqk2r/pppp1ppp/8/3P4/2n1n3/2P2N2/P4PPP/R1BQ1RK1 w kq -,1600-1799,d1d4,168,0.3958333333333333,0.39722533308625163,0.2261,0.5343687246737414,0.4835,False,True
r1bqk2r/pppp1ppp/8/3P4/2n1n3/2P2N2/P4PPP/R1BQ1RK1 w kq -,1600-1799,f1e1,11,0.5,0.4997931269791705,0.7739,0.5481326699057191,0.3635,True,False
r1bqk2r/ppppnppp/5b2/3P4/2B1R3/5N2/PP3PPP/R1BQ2K1 b kq -,1600-1799,d7d6,52,0.5769230769230769,0.5752840797982116,0.0898,0.6783730048431924,0.527,True,True
r1bqk2r/ppppnppp/5b2/3P4/2B1R3/5N2/PP3PPP/R1BQ2K1 b kq -,1600-1799,e8g8,10,0.8,0.7614318514402081,0.9102,0.5090470058936981,0.5115,False,False
r1bqkb1r/4nppp/p2p4/1p1Pp3/8/N3B3/PPP2PPP/R2QKB1R w KQkq -,1600-1799,c2c4,69,0.5362318840579711,0.5358935464485055,0.86305,0.7177533651088487,0.5185,True,True
r1bqkb1r/4nppp/p2p4/1p1Pp3/8/N3B3/PPP2PPP/R2QKB1R w KQkq -,1600-1799,f1e2,20,0.4,0.40666685236362077,0.13695,0.6122341092188053,0.5075,False,False
r1bqkb1r/5p1p/p1np4/1p1Npp2/4P3/N7/PPP2PPP/R2QKB1R w KQkq -,1600-1799,c2c3,15,0.6333333333333333,0.6212983807448162,0.33415,0.4865150914701555,0.5145,False,False
r1bqkb1r/5p1p/p1np4/1p1Npp2/4P3/N7/PPP2PPP/R2QKB1R w KQkq -,1600-1799,c2c4,12,0.5833333333333334,0.5746907618140371,0.22115,0.7309196807199748,0.5055,False,False
r1bqkb1r/5p1p/p1np4/1p1Npp2/4P3/N7/PPP2PPP/R2QKB1R w KQkq -,1600-1799,d1f3,10,0.55,0.544826170264602,0.1538,0.7397935505250685,0.4395,False,False
r1bqkb1r/5p1p/p1np4/1p1Npp2/4P3/N7/PPP2PPP/R2QKB1R w KQkq -,1600-1799,e4f5,35,0.6,0.5966737464039673,0.18235,0.6479847575143102,0.511,False,False
r1bqkb1r/5p1p/p1np4/1p1Npp2/4P3/N7/PPP2PPP/R2QKB1R w KQkq -,1600-1799,f1b5,11,0.5,0.5011322669857395,0.08425,0.48340958490456243,0.529,False,True
r1bqkb1r/5p1p/p1np4/1p1Npp2/4P3/N7/PPP2PPP/R2QKB1R w KQkq -,1600-1799,f1d3,117,0.5256410256410257,0.5249919521789862,0.0125,0.8616580171709944,0.5155,True,False
r1bqkb1r/5p1p/p1np4/1p1Npp2/4P3/N7/PPP2PPP/R2QKB1R w KQkq -,1600-1799,f2f3,26,0.4423076923076923,0.4453298266137248,0.0118,0.049563346402580644,0.138,False,False
r1bqkb1r/p2n1p2/2p1pn2/1p2P1B1/2pP4/2N5/PP3PPP/R2QKB1R w KQkq -,1600-1799,d1f3,14,0.32142857142857145,0.3386152816916104,0.02755,0.7768658620263756,0.5055,True,False
r1bqkb1r/p2n1p2/2p1pn2/1p2P1B1/2pP4/2N5/PP3PPP/R2QKB1R w KQkq -,1600-1799,e5f6,58,0.4224137931034483,0.42467484699724445,0.0513,0.448834221782957,0.5545,False,False
r1bqkb1r/p2n1p2/2p1pn2/1p2P1B1/2pP4/2N5/PP3PPP/R2QKB1R w KQkq -,1600-1799,g2g3,12,0.6666666666666666,0.6480121984395246,0.92115,0.617229880971492,0.57,False,True
r1bqnrk1/pp2bppp/2npp3/4P3/2B5/2N2N2/PP2QPPP/R1BR2K1 w - -,1600-1799,c1f4,16,0.625,0.6145165447746626,0.315,0.4115692707127589,0.492,False,False
r1bqnrk1/pp2bppp/2npp3/4P3/2B5/2N2N2/PP2QPPP/R1BR2K1 w - -,1600-1799,e5d6,135,0.6777777777777778,0.675522513428371,0.685,0.7424909356433484,0.6425,True,True
r1bqnrk1/ppp1n1bp/3p2p1/2PPpp2/1P2P3/2N2N2/P3BPPP/R1BQ1RK1 w - f6,1600-1799,f3d2,19,0.47368421052631576,0.47509810473812486,0.366,0.6921374735545327,0.7005,False,True
r1bqnrk1/ppp1n1bp/3p2p1/2PPpp2/1P2P3/2N2N2/P3BPPP/R1BQ1RK1 w - f6,1600-1799,f3g5,15,0.5333333333333333,0.5307838591907444,0.634,0.8583146879437588,0.561,True,False
r1bqnrk1/ppp1n1bp/3p2p1/3Ppp2/2P1P3/2N1BP2/PP2B1PP/R2QNRK1 b - -,1600-1799,e8f6,16,0.28125,0.2996420198872525,0.0093,0.45983071579601725,0.1915,True,False
r1bqnrk1/ppp1n1bp/3p2p1/3Ppp2/2P1P3/2N1BP2/PP2B1PP/R2QNRK1 b - -,1600-1799,f5f4,137,0.572992700729927,0.5718664880439205,0.9907,0.41485769189602234,0.324,False,True
r1bqnrk1/ppp1n1bp/3p2p1/3Ppp2/2P1P3/2NN4/PP2BPPP/R1BQ1RK1 w - f6,1600-1799,c1d2,16,0.59375,0.584853869871158,0.6744,0.6181322399636249,0.5315,False,False
r1bqnrk1/ppp1n1bp/3p2p1/3Ppp2/2P1P3/2NN4/PP2BPPP/R1BQ1RK1 w - f6,1600-1799,f2f3,36,0.5277777777777778,0.5268834482314281,0.3256,0.6863079203943739,0.608,True,True
r1bqr1k1/2p1bpp1/p1np1n1p/1p2p3/3PP3/1BP2N1P/PP3PP1/RNBQR1K1 w - -,1600-1799,b1d2,40,0.5125,0.51267218474598,0.07835,0.7222277388209278,0.6005,True,True
r1bqr1k1/2p1bpp1/p1np1n1p/1p2p3/3PP3/1BP2N1P/PP3PP1/RNBQR1K1 w - -,1600-1799,d4d5,10,0.75,0.7183322794401155,0.92165,0.4792059387171285,0.465,False,False
r1bqr1k1/pp1n1pp1/2pb1n1p/3p4/3P3B/2NBPN2/PPQ2PPP/R3K2R w KQ -,1600-1799,e1c1,11,0.5,0.4998290848519123,0.3783,0.5916260973410334,0.521,False,False
r1bqr1k1/pp1n1pp1/2pb1n1p/3p4/3P3B/2NBPN2/PPQ2PPP/R3K2R w KQ -,1600-1799,e1g1,31,0.5483870967741935,0.545494017415096,0.6217,0.5966041565239284,0.563,True,True
r1bqr1k1/pp1nbpp1/2p2n1p/3p2B1/3P4/2NBPN2/PPQ2PPP/R4RK1 w - -,1600-1799,g5f4,12,0.375,0.3890695035713279,0.1721,0.44427168132416556,0.5715,False,True
r1bqr1k1/pp1nbpp1/2p2n1p/3p2B1/3P4/2NBPN2/PPQ2PPP/R4RK1 w - -,1600-1799,g5h4,42,0.5238095238095238,0.5227911724110562,0.8279,0.5731683015373585,0.528,True,False
r1bqr1k1/pp1nbpp1/2p2n1p/3p4/3P3B/2NBP3/PP2NPPP/R2Q1RK1 w - -,1600-1799,d1c2,22,0.5227272727272727,0.5200882430833554,0.2649,0.5647648406892659,0.526,False,True
r1bqr1k1/pp1nbpp1/2p2n1p/3p4/3P3B/2NBP3/PP2NPPP/R2Q1RK1 w - -,1600-1799,f2f3,16,0.625,0.613433840774322,0.7351,0.6374696179224554,0.513,True,False
r1bqr1k1/pp1nbpp1/2p2n1p/3p4/3P3B/2NBP3/PPQ1NPPP/R3K2R w KQ -,1600-1799,e1g1,142,0.528169014084507,0.5276183563914886,0.68435,0.6006276306253832,0.5275,False,True
r1bqr1k1/pp1nbpp1/2p2n1p/3p4/3P3B/2NBP3/PPQ1NPPP/R3K2R w KQ -,1600-1799,f2f3,11,0.45454545454545453,0.45962745017241596,0.31565,0.6419351952830129,0.507,True,False
r1bqr1k1/pp1nbpp1/2p2n1p/3p4/3P3B/2NBPN2/PP3PPP/R2Q1RK1 w - -,1600-1799,a1b1,27,0.6666666666666666,0.6569125071507637,0.5781,0.539031420041176,0.501,False,False
r1bqr1k1/pp1nbpp1/2p2n1p/3p4/3P3B/2NBPN2/PP3PPP/R2Q1RK1 w - -,1600-1799,a1c1,65,0.4153846153846154,0.4170444268968108,0.0004,0.5203134408920438,0.517,False,False
r1bqr1k1/pp1nbpp1/2p2n1p/3p4/3P3B/2NBPN2/PP3PPP/R2Q1RK1 w - -,1600-1799,a2a3,27,0.3148148148148148,0.32485792410606995,0.00025,0.5273734639169403,0.5045,False,False
r1bqr1k1/pp1nbpp1/2p2n1p/3p4/3P3B/2NBPN2/PP3PPP/R2Q1RK1 w - -,1600-1799,d1c2,66,0.5,0.4995854472438275,0.0133,0.5340546985558282,0.533,False,True
r1bqr1k1/pp1nbpp1/2p2n1p/3p4/3P3B/2NBPN2/PP3PPP/R2Q1RK1 w - -,1600-1799,d3c2,19,0.42105263157894735,0.42728627246785006,0.01685,0.5056455644396403,0.499,False,False
r1bqr1k1/pp1nbpp1/2p2n1p/3p4/3P3B/2NBPN2/PP3PPP/R2Q1RK1 w - -,1600-1799,f1e1,48,0.5104166666666666,0.5098287677620338,0.02385,0.5134572103777849,0.503,False,False
r1bqr1k1/pp1nbpp1/2p2n1p/3p4/3P3B/2NBPN2/PP3PPP/R2Q1RK1 w - -,1600-1799,h2h3,33,0.5454545454545454,0.5434501476292638,0.0874,0.5390536913472013,0.511,True,False
r1bqr1k1/pp1nbpp1/2p2n1p/3p4/3P3B/2NBPN2/PP3PPP/R2Q1RK1 w - -,1600-1799,h4g3,15,0.6,0.5898439753822486,0.27985,0.34042783086897505,0.5235,False,False
r1bqr1k1/pp1nbpp1/2p2n1p/3p4/3P3B/2NBPN2/PPQ2PPP/R3K2R w KQ -,1600-1799,e1c1,23,0.5434782608695652,0.5404158918701011,0.401,0.3743637614551551,0.4655,False,False
r1bqr1k1/pp1nbpp1/2p2n1p/3p4/3P3B/2NBPN2/PPQ2PPP/R3K2R w KQ -,1600-1799,e1g1,188,0.5372340425531915,0.5366240036178649,0.3006,0.6057045520292919,0.5315,False,True
r1bqr1k1/pp1nbpp1/2p2n1p/3p4/3P3B/2NBPN2/PPQ2PPP/R3K2R w KQ -,1600-1799,h2h3,12,0.5,0.5004696004600826,0.2984,0.6534454160028573,0.5095,True,False
r1bqrnk1/pp2bppp/2p2n2/3p2B1/3P4/2NBP3/PPQ1NPPP/R4RK1 w - -,1600-1799,a1b1,11,0.6363636363636364,0.620319058519382,0.21345,0.5955630901250089,0.5255,False,False
r1bqrnk1/pp2bppp/2p2n2/3p2B1/3P4/2NBP3/PPQ1NPPP/R4RK1 w - -,1600-1799,a1d1,18,0.75,0.731060531657191,0.72505,0.5634532840530115,0.524,False,False
r1bqrnk1/pp2bppp/2p2n2/3p2B1/3P4/2NBP3/PPQ1NPPP/R4RK1 w - -,1600-1799,a2a3,10,0.5,0.5000368724116916,0.0612,0.6138165580374992,0.514,False,False
r1bqrnk1/pp2bppp/2p2n2/3p2B1/3P4/2NBP3/PPQ1NPPP/R4RK1 w - -,1600-1799,f2f3,32,0.34375,0.35069558991895783,0.0003,0.6194521745020909,0.532,True,True
r1bqrnk1/pp2bppp/2p2n2/3p2B1/3P4/2NBPN2/PP3PPP/2RQ1RK1 w - -,1600-1799,a2a3,19,0.34210526315789475,0.35354584038625814,0.0013,0.5037100799066814,0.512,False,False
r1bqrnk1/pp2bppp/2p2n2/3p2B1/3P4/2NBPN2/PP3PPP/2RQ1RK1 w - -,1600-1799,d1c2,10,0.85,0.8038229033012443,0.9666,0.6739203391808927,0.5265,True,False
r1bqrnk1/pp2bppp/2p2n2/3p2B1/3P4/2NBPN2/PP3PPP/2RQ1RK1 w - -,1600-1799,d3b1,25,0.54,0.5368399809910478,0.03115,0.49305109339661696,0.499,False,False
r1bqrnk1/pp2bppp/2p2n2/3p2B1/3P4/2NBPN2/PP3PPP/2RQ1RK1 w - -,1600-1799,f3e5,17,0.3235294117647059,0.3377358511795613,0.00095,0.5524752866217693,0.528,False,True
r1bqrnk1/pp2bppp/2p2n2/3p2B1/3P4/2NBPN2/PPQ2PPP/R4RK1 w - -,1600-1799,a1b1,38,0.6052631578947368,0.6011870325783352,0.1825,0.6304118437894538,0.54,False,False
r1bqrnk1/pp2bppp/2p2n2/3p2B1/3P4/2NBPN2/PPQ2PPP/R4RK1 w - -,1600-1799,a2a3,15,0.6333333333333333,0.6224543296648126,0.33525,0.6406062618743992,0.528,False,False
r1bqrnk1/pp2bppp/2p2n2/3p2B1/3P4/2NBPN2/PPQ2PPP/R4RK1 w - -,1600-1799,f1e1,13,0.46153846153846156,0.4658037048614268,0.0477,0.5792267810793432,0.5275,False,False
r1bqrnk1/pp2bppp/2p2n2/3p2B1/3P4/2NBPN2/PPQ2PPP/R4RK1 w - -,1600-1799,f3e5,48,0.4270833333333333,0.4290993473858248,0.001,0.4416154579120587,0.527,False,False
r1bqrnk1/pp2bppp/2p2n2/3p2B1/3P4/2NBPN2/PPQ2PPP/R4RK1 w - -,1600-1799,g5f6,17,0.6470588235294118,0.6356734394704469,0.384,0.4292504570884262,0.488,False,False
r1bqrnk1/pp2bppp/2p2n2/3p2B1/3P4/2NBPN2/PPQ2PPP/R4RK1 w - -,1600-1799,h2h3,26,0.5192307692307693,0.5190115520175023,0.04955,0.6887212333478832,0.566,True,True
r1br2k1/ppp2pbp/5np1/4p1B1/2P5/2N3P1/PP2PPBP/R4RK1 b - -,1600-1799,c7c6,34,0.36764705882352944,0.3729779937103826,0.02035,0.36415069832292873,0.0,False,False
r1br2k1/ppp2pbp/5np1/4p1B1/2P5/2N3P1/PP2PPBP/R4RK1 b - -,1600-1799,h7h6,32,0.59375,0.5890165868706865,0.97965,0.4014177192868973,0.3745,True,True
r1br2k1/ppp2pbp/5np1/4p3/2P1P3/2N5/PP2BPPP/R1B2RK1 w - -,1600-1799,c1g5,86,0.5697674418604651,0.568584506068677,0.8112,0.5603702358597431,0.4985,False,False
r1br2k1/ppp2pbp/5np1/4p3/2P1P3/2N5/PP2BPPP/R1B2RK1 w - -,1600-1799,c3d5,19,0.47368421052631576,0.47543160625701747,0.1888,0.5920273032139494,0.499,True,True
r1q2rk1/pp2bppp/2n1pn2/3p4/3P1Bb1/1QPB1N2/PP1N1PPP/R4RK1 w - -,1600-1799,a1e1,12,0.375,0.3893774445674227,0.00075,0.5734622831757821,0.541,False,True
r1q2rk1/pp2bppp/2n1pn2/3p4/3P1Bb1/1QPB1N2/PP1N1PPP/R4RK1 w - -,1600-1799,f1e1,12,0.375,0.39017008885174553,0.0008,0.6041063990618469,0.532,True,False
r1q2rk1/pp2bppp/2n1pn2/3p4/3P1Bb1/1QPB1N2/PP1N1PPP/R4RK1 w - -,1600-1799,f3e5,12,0.9166666666666666,0.8702260192719128,0.9032,0.5810648562781878,0.5305,False,False
r1q2rk1/pp2bppp/2n1pn2/3p4/3P1Bb1/1QPB1N2/PP1N1PPP/R4RK1 w - -,1600-1799,h2h3,10,0.7,0.6741275607414291,0.09525,0.5637707360503242,0.5315,False,False
r2k3r/pppbbppp/5n2/4p1B1/8/2N5/PPP2PPP/2KR1B1R w - -,1600-1799,f1b5,26,0.5,0.498720421465172,0.2532,0.39275434993029384,0.499,False,False
r2k3r/pppbbppp/5n2/4p1B1/8/2N5/PPP2PPP/2KR1B1R w - -,1600-1799,f1c4,30,0.5666666666666667,0.5632316693267244,0.6097,0.7148562715265524,0.5015,True,True
r2k3r/pppbbppp/5n2/4p1B1/8/2N5/PPP2PPP/2KR1B1R w - -,1600-1799,g5f6,22,0.45454545454545453,0.4563339996716656,0.1371,0.1503371439351783,0.478,False,False
r2q1r2/pbpnnpkp/1p1pp1p1/8/3PP3/2NB1N2/PPPQ1PPP/R4RK1 w - -,1600-1799,a1d1,14,0.6785714285714286,0.6625384784959423,0.58195,0.5835505630194912,0.6515,False,True
r2q1r2/pbpnnpkp/1p1pp1p1/8/3PP3/2NB1N2/PPPQ1PPP/R4RK1 w - -,1600-1799,d2g5,23,0.45652173913043476,0.4609650551046772,0.0242,0.44689935767238825,0.509,False,False
r2q1r2/pbpnnpkp/1p1pp1p1/8/3PP3/2NB1N2/PPPQ1PPP/R4RK1 w - -,1600-1799,e4e5,17,0.4117647058823529,0.4203424472259167,0.01535,0.37117582202502086,0.2125,False,False
r2q1r2/pbpnnpkp/1p1pp1p1/8/3PP3/2NB1N2/PPPQ1PPP/R4RK1 w - -,1600-1799,f1e1,20,0.45,0.4527051594781434,0.02825,0.49105801187735754,0.6345,False,False
r2q1r2/pbpnnpkp/1p1pp1p1/8/3PP3/2NB1N2/PPPQ1PPP/R4RK1 w - -,1600-1799,f3g5,10,0.5,0.4999132163636517,0.1124,0.5315634930022038,0.5105,False,False
r2q1r2/pbpnnpkp/1p1pp1p1/8/3PP3/2NB1N2/PPPQ1PPP/R4RK1 w - -,1600-1799,h2h3,17,0.5588235294117647,0.5545866087913811,0.14255,0.4797209525481595,0.614,False,False
r2q1r2/pbpnnpkp/1p1pp1p1/8/3PP3/2NB1N2/PPPQ1PPP/R4RK1 w - -,1600-1799,h2h4,25,0.54,0.5378801827344232,0.0953,0.6801105706523072,0.5715,True,False
r2q1rk1/1b2bppp/p1nppn2/1pp3B1/4P3/P1NP1N1P/BPP2PP1/R2Q1RK1 w - -,1600-1799,c3e2,54,0.5185185185185185,0.5177162087028184,0.1461,0.4045536276380134,0.4515,False,True
r2q1rk1/1b2bppp/p1nppn2/1pp3B1/4P3/P1NP1N1P/BPP2PP1/R2Q1RK1 w - -,1600-1799,d1d2,33,0.5303030303030303,0.5289474748652607,0.2322,0.5997020632215497,0.417,True,False
r2q1rk1/1b2bppp/p1nppn2/1pp3B1/4P3/P1NP1N1P/BPP2PP1/R2Q1RK1 w - -,1600-1799,d3d4,14,0.5357142857142857,0.5317943778057038,0.3241,0.46296341863511065,0.378,False,False
r2q1rk1/1b2bppp/p1nppn2/1pp3B1/4P3/P1NP1N1P/BPP2PP1/R2Q1RK1 w - -,1600-1799,f1e1,80,0.45,0.4505678979047529,0.0123,0.48628408096499515,0.4515,False,False
r2q1rk1/1b2bppp/p1nppn2/1pp3B1/4P3/P1NP1N1P/BPP2PP1/R2Q1RK1 w - -,1600-1799,f3h2,103,0.5533980582524272,0.5530510975886191,0.2853,0.48395492221921116,0.108,False,False
r2q1rk1/1b2bppp/p1nppn2/1pp5/4P3/P1NP3P/BPP2PPN/R1BQ1RK1 w - -,1600-1799,f2f4,304,0.53125,0.5311974799649472,0.20375,0.4772634280583657,0.455,True,True
r2q1rk1/1b2bppp/p1nppn2/1pp5/4P3/P1NP3P/BPP2PPN/R1BQ1RK1 w - -,1600-1799,h2g4,63,0.5873015873015873,0.5848142615226589,0.79625,0.4097450886244662,0.452,False,False
r2q1rk1/1b2bppp/p1nppn2/1pp5/4P3/P1NPBN1P/BPP2PP1/R2Q1RK1 w - -,1600-1799,c3e2,48,0.40625,0.4086164079033001,0.0019,0.3598072965191785,0.455,False,False
r2q1rk1/1b2bppp/p1nppn2/1pp5/4P3/P1NPBN1P/BPP2PP1/R2Q1RK1 w - -,1600-1799,d1d2,30,0.48333333333333334,0.4831681444516036,0.02815,0.3008370151669534,0.421,False,False
r2q1rk1/1b2bppp/p1nppn2/1pp5/4P3/P1NPBN1P/BPP2PP1/R2Q1RK1 w - -,1600-1799,d3d4,12,0.75,0.7239196379657653,0.8683,0.2591039380205723,0.4275,False,False
r2q1rk1/1b2bppp/p1nppn2/1pp5/4P3/P1NPBN1P/BPP2PP1/R2Q1RK1 w - -,1600-1799,f1e1,15,0.5333333333333333,0.5294288959020039,0.09955,0.4065188074380683,0.458,True,True
r2q1rk1/1b2bppp/p1nppn2/1pp5/4P3/P1NPBN1P/BPP2PP1/R2Q1RK1 w - -,1600-1799,f3h2,46,0.40217391304347827,0.4052974430369744,0.0021,0.38888669381213287,0.3565,False,False
r2q1rk1/1bp1bpp1/p1np1n1p/1p2p3/3PP3/1BP2N1P/PP3PP1/RNBQR1K1 w - -,1600-1799,b1d2,65,0.5384615384615384,0.5376516257532336,0.6312,0.8259044509881792,0.609,True,True
r2q1rk1/1bp1bpp1/p1np1n1p/1p2p3/3PP3/1BP2N1P/PP3PP1/RNBQR1K1 w - -,1600-1799,d4d5,22,0.5,0.49917365608549935,0.3688,0.3650206404430356,0.511,False,False
r2q1rk1/1bp1bppp/p1np1n2/1p6/3PP3/1B3N1P/PP3PP1/RNBQR1K1 b - -,1600-1799,c6a5,218,0.48853211009174313,0.48859688110022914,0.4982,0.43969035974154974,0.328,True,False
r2q1rk1/1bp1bppp/p1np1n2/1p6/3PP3/1B3N1P/PP3PP1/RNBQR1K1 b - -,1600-1799,c6b8,12,0.25,0.27866445101689635,0.02265,0.25521623428942414,0.313,False,False
r2q1rk1/1bp1bppp/p1np1n2/1p6/3PP3/1B3N1P/PP3PP1/RNBQR1K1 b - -,1600-1799,f8e8,38,0.34210526315789475,0.34840852838313396,0.02185,0.26817945345934935,0.3535,False,True
r2q1rk1/1bp1bppp/p1np1n2/1p6/3PP3/1B3N1P/PP3PP1/RNBQR1K1 b - -,1600-1799,h7h6,27,0.48148148148148145,0.48268855350016554,0.4573,0.265312968445957,0.313,False,False
r2q1rk1/1bp1bppp/p1np1n2/1p6/3PP3/1B3N2/PP3PPP/RNBQR1K1 w - -,1600-1799,a2a3,22,0.6590909090909091,0.6485069058060479,0.42865,0.5541899675225183,0.571,False,False
r2q1rk1/1bp1bppp/p1np1n2/1p6/3PP3/1B3N2/PP3PPP/RNBQR1K1 w - -,1600-1799,b1c3,80,0.5875,0.5859844733147627,0.0767,0.6210811377361226,0.683,False,True
r2q1rk1/1bp1bppp/p1np1n2/1p6/3PP3/1B3N2/PP3PPP/RNBQR1K1 w - -,1600-1799,b1d2,33,0.5909090909090909,0.5862971441717816,0.13,0.6932653543541512,0.6075,True,False
r2q1rk1/1bp1bppp/p1np1n2/1p6/3PP3/1B3N2/PP3PPP/RNBQR1K1 w - -,1600-1799,c1g5,31,0.5806451612903226,0.5761016347713558,0.1194,0.6117233591297844,0.21,False,False
r2q1rk1/1bp1bppp/p1np1n2/1p6/3PP3/1B3N2/PP3PPP/RNBQR1K1 w - -,1600-1799,d4d5,32,0.5,0.501002144499256,0.0234,0.5033330175880815,0.5525,False,False
r2q1rk1/1bp1bppp/p1np1n2/1p6/3PP3/1B3N2/PP3PPP/RNBQR1K1 w - -,1600-1799,e4e5,11,0.5909090909090909,0.5789137780427553,0.22185,0.5326548313826566,0.498,False,False
r2q1rk1/1bpnbppp/p3pn2/1p4B1/3P4/1BN1PN2/PP3PPP/R2Q1RK1 w - -,1600-1799,a1c1,35,0.4142857142857143,0.41841650886167947,0.3641,0.37239033752977485,0.4315,False,False
r2q1rk1/1bpnbppp/p3pn2/1p4B1/3P4/1BN1PN2/PP3PPP/R2Q1RK1 w - -,1600-1799,b3c2,34,0.38235294117647056,0.3877412465382898,0.2316,0.33559513850547923,0.444,False,True
r2q1rk1/1bpnbppp/p3pn2/1p4B1/3P4/1BN1PN2/PP3PPP/R2Q1RK1 w - -,1600-1799,f1e1,23,0.41304347826086957,0.41901512552032993,0.3874,0.3637193210726008,0.435,False,False
r2q1rk1/1bpnbppp/p3pn2/1p4B1/3P4/1BN1PN2/PP3PPP/R2Q1RK1 w - -,1600-1799,f3e5,10,0.15,0.19684502388647607,0.0169,0.5068886389179453,0.3715,True,False
r2q1rk1/1bpnbppp/p3pn2/1p4B1/3P4/2NBPN2/PP3PPP/2RQ1RK1 w - -,1600-1799,a2a3,16,0.5,0.5013063027627652,0.06595,0.5340667851578199,0.478,False,False
r2q1rk1/1bpnbppp/p3pn2/1p4B1/3P4/2NBPN2/PP3PPP/2RQ1RK1 w - -,1600-1799,d1c2,16,0.5625,0.5571229753483069,0.1386,0.5938408718013861,0.502,True,True
r2q1rk1/1bpnbppp/p3pn2/1p4B1/3P4/2NBPN2/PP3PPP/2RQ1RK1 w - -,1600-1799,d3b1,24,0.3958333333333333,0.4029929181443454,0.0052,0.4659153016666189,0.4725,False,False
r2q1rk1/1bpnbppp/p3pn2/1p4B1/3P4/2NBPN2/PP3PPP/2RQ1RK1 w - -,1600-1799,e3e4,11,0.6818181818181818,0.6594320428471141,0.516,0.4786340970370555,0.4705,False,False
r2q1rk1/1bpnbppp/p3pn2/1p4B1/3P4/2NBPN2/PP3PPP/2RQ1RK1 w - -,1600-1799,f1e1,13,0.6153846153846154,0.6043661920139334,0.27425,0.47437142729676207,0.47,False,False
r2q1rk1/1bpnbppp/p3pn2/1p4B1/3P4/2NBPN2/PP3PPP/R2Q1RK1 w - -,1600-1799,a1c1,57,0.5,0.5002812402562523,0.193,0.4101715914307915,0.4565,False,False
r2q1rk1/1bpnbppp/p3pn2/1p4B1/3P4/2NBPN2/PP3PPP/R2Q1RK1 w - -,1600-1799,a2a3,50,0.52,0.5190737382143736,0.2882,0.45189864346489894,0.455,True,False
r2q1rk1/1bpnbppp/p3pn2/1p4B1/3P4/2NBPN2/PP3PPP/R2Q1RK1 w - -,1600-1799,d1c2,20,0.3,0.31416164873707736,0.0072,0.4334222031204276,0.4905,False,True
r2q1rk1/1bpnbppp/p3pn2/1p4B1/3P4/2NBPN2/PP3PPP/R2Q1RK1 w - -,1600-1799,d1e2,11,0.5,0.5008963400627037,0.3311,0.3248803491937216,0.467,False,False
r2q1rk1/1bpnbppp/p3pn2/1p4B1/3P4/2NBPN2/PP3PPP/R2Q1RK1 w - -,1600-1799,e3e4,25,0.32,0.3311214581263831,0.00715,0.40807144319913086,0.366,False,False
r2q1rk1/1bpnbppp/p3pn2/1p4B1/3P4/2NBPN2/PP3PPP/R2Q1RK1 w - -,1600-1799,f1e1,37,0.4864864864864865,0.4866750628324392,0.17335,0.4023420168708627,0.4245,False,False
r2q1rk1/1p1bppbp/p1np1np1/8/2PNP3/2N1B2P/PP2BPP1/R2Q1RK1 w - -,1600-1799,a1c1,16,0.53125,0.5283489404185315,0.06265,0.5708895917946365,0.534,False,False
r2q1rk1/1p1bppbp/p1np1np1/8/2PNP3/2N1B2P/PP2BPP1/R2Q1RK1 w - -,1600-1799,d1d2,29,0.7241379310344828,0.7135446313740533,0.7538,0.6675995397840051,0.543,True,True
r2q1rk1/1p1bppbp/p1np1np1/8/2PNP3/2N1B2P/PP2BPP1/R2Q1RK1 w - -,1600-1799,f2f4,21,0.6190476190476191,0.6122465216897497,0.18355,0.5883722598254255,0.533,False,False
r2q1rk1/1p1bppbp/p1np1np1/8/2PNP3/2N1B3/PP1QBPPP/R4RK1 w - -,1600-1799,a1d1,17,0.5,0.4989339650715356,0.13975,0.5594621695688686,0.5395,False,False
r2q1rk1/1p1bppbp/p1np1np1/8/2PNP3/2N1B3/PP1QBPPP/R4RK1 w - -,1600-1799,d4c6,11,0.45454545454545453,0.4597202108835154,0.11605,0.4940894502833816,0.5925,False,False
r2q1rk1/1p1bppbp/p1np1np1/8/2PNP3/2N1B3/PP1QBPPP/R4RK1 w - -,1600-1799,f1d1,19,0.631578947368421,0.6210514512910887,0.60705,0.5978135238659653,0.5355,False,False
r2q1rk1/1p1bppbp/p1np1np1/8/2PNP3/2N1B3/PP1QBPPP/R4RK1 w - -,1600-1799,f2f3,20,0.5,0.5008122573217891,0.13715,0.7160230645136207,0.6075,True,True
r2q1rk1/1p1bppbp/p1np1np1/8/2PNP3/2N1B3/PP2BPPP/2RQ1RK1 w - -,1600-1799,a2a3,17,0.6176470588235294,0.6068046893539873,0.31,0.5464917021346872,0.5355,False,True
r2q1rk1/1p1bppbp/p1np1np1/8/2PNP3/2N1B3/PP2BPPP/2RQ1RK1 w - -,1600-1799,b2b3,34,0.45588235294117646,0.45751980527386266,0.0077,0.6317003350118292,0.53,False,False
r2q1rk1/1p1bppbp/p1np1np1/8/2PNP3/2N1B3/PP2BPPP/2RQ1RK1 w - -,1600-1799,d1d2,18,0.5,0.500383524955273,0.05575,0.638665781020819,0.5335,True,False
r2q1rk1/1p1bppbp/p1np1np1/8/2PNP3/2N1B3/PP2BPPP/2RQ1RK1 w - -,1600-1799,f2f3,20,0.6,0.5932424902502906,0.23525,0.6145668103644552,0.533,False,False
r2q1rk1/1p1bppbp/p1np1np1/8/2PNP3/2N1B3/PP2BPPP/2RQ1RK1 w - -,1600-1799,f2f4,28,0.6428571428571429,0.6347273458882099,0.3913,0.49665588006407707,0.5255,False,False
r2q1rk1/1p1bppbp/p1np1np1/8/2PNP3/2N1BP2/PP1QB1PP/R3K2R w KQ -,1600-1799,a1c1,15,0.6,0.5919841428107606,0.26255,0.7116567775528715,0.5295,False,False
r2q1rk1/1p1bppbp/p1np1np1/8/2PNP3/2N1BP2/PP1QB1PP/R3K2R w KQ -,1600-1799,e1c1,16,0.5625,0.5582550654860033,0.17725,0.42322487809665377,0.545,False,False
r2q1rk1/1p1bppbp/p1np1np1/8/2PNP3/2N1BP2/PP1QB1PP/R3K2R w KQ -,1600-1799,e1g1,85,0.6588235294117647,0.6555047373280217,0.5602,0.7323818315467904,0.6025,True,True
r2q1rk1/1p1bppbp/p1np1np1/8/2PNP3/2N1BP2/PP2B1PP/R2Q1RK1 w - -,1600-1799,a1c1,57,0.5701754385964912,0.5685074558918897,0.1867,0.5329962514352861,0.541,False,False
r2q1rk1/1p1bppbp/p1np1np1/8/2PNP3/2N1BP2/PP2B1PP/R2Q1RK1 w - -,1600-1799,a2a3,33,0.42424242424242425,0.4273795923442255,0.0092,0.6093426163064016,0.5555,False,False
r2q1rk1/1p1bppbp/p1np1np1/8/2PNP3/2N1BP2/PP2B1PP/R2Q1RK1 w - -,1600-1799,a2a4,13,0.38461538461538464,0.39644010179975997,0.0205,0.7328098742360302,0.5315,False,False
r2q1rk1/1p1bppbp/p1np1np1/8/2PNP3/2N1BP2/PP2B1PP/R2Q1RK1 w - -,1600-1799,b2b3,19,0.5263157894736842,0.5233636262148996,0.14315,0.6160041709601176,0.5575,False,False
r2q1rk1/1p1bppbp/p1np1np1/8/2PNP3/2N1BP2/PP2B1PP/R2Q1RK1 w - -,1600-1799,c3d5,13,0.5384615384615384,0.5340295604253168,0.2169,0.5575425670155373,0.5025,False,False
r2q1rk1/1p1bppbp/p1np1np1/8/2PNP3/2N1BP2/PP2B1PP/R2Q1RK1 w - -,1600-1799,d1d2,126,0.5476190476190477,0.5465919804282384,0.07135,0.737083640934609,0.612,True,True
r2q1rk1/1p1bppbp/p1np1np1/8/2PNP3/2N1BP2/PP2B1PP/R2Q1RK1 w - -,1600-1799,g1h1,17,0.5882352941176471,0.5821304984882578,0.3522,0.6155767668572605,0.567,False,False
r2q1rk1/1p1nbppp/p2pbn2/4p3/4P3/1NN1BP2/PPP1B1PP/R2Q1RK1 w - -,1600-1799,a1c1,10,0.2,0.24018797409322543,0.00235,0.4669947960130238,0.401,False,False
r2q1rk1/1p1nbppp/p2pbn2/4p3/4P3/1NN1BP2/PPP1B1PP/R2Q1RK1 w - -,1600-1799,c3d5,30,0.6833333333333333,0.6749024031773275,0.96625,0.4926342245034107,0.4835,False,True
r2q1rk1/1p1nbppp/p2pbn2/4p3/4P3/1NN1BP2/PPP1B1PP/R2Q1RK1 w - -,1600-1799,d1d2,39,0.4358974358974359,0.4383039343794484,0.0173,0.37713990544810344,0.459,False,False
r2q1rk1/1p1nbppp/p2pbn2/4p3/4P3/1NN1BP2/PPP1B1PP/R2Q1RK1 w - -,1600-1799,d1e1,14,0.32142857142857145,0.33898314843300414,0.00935,0.5055850330206243,0.4265,True,False
r2q1rk1/1p1nbppp/p2pbn2/4p3/4P3/1NN1BP2/PPP1B1PP/R2Q1RK1 w - -,1600-1799,g1h1,12,0.25,0.27822900108643495,0.00475,0.4285353224713061,0.4785,False,False
r2q1rk1/1p1nbppp/p2pbn2/4p3/4P3/1NN1BP2/PPPQ2PP/2KR1B1R w - -,1600-1799,c1b1,73,0.5616438356164384,0.5603004547739173,0.5254,0.650921171626229,0.506,True,False
r2q1rk1/1p1nbppp/p2pbn2/4p3/4P3/1NN1BP2/PPPQ2PP/2KR1B1R w - -,1600-1799,g2g4,255,0.5372549019607843,0.5372223317156406,0.24785,0.6396062186431314,0.5525,False,True
r2q1rk1/1p1nbppp/p2pbn2/4p3/4P3/1NN1BP2/PPPQ2PP/2KR1B1R w - -,1600-1799,h2h4,22,0.5,0.5001217270066345,0.22675,0.4998791645510993,0.533,False,False
r2q1rk1/1p1nbppp/p2pbn2/4p3/4P3/1NN1BP2/PPPQB1PP/R3K2R w KQ -,1600-1799,e1c1,68,0.5661764705882353,0.5641252615769126,0.9456,0.5678371547152161,0.4,True,False
r2q1rk1/1p1nbppp/p2pbn2/4p3/4P3/1NN1BP2/PPPQB1PP/R3K2R w KQ -,1600-1799,e1g1,16,0.3125,0.32914194231530763,0.02485,0.38639518732131317,0.46,False,False
r2q1rk1/1p1nbppp/p2pbn2/4p3/4P3/1NN1BP2/PPPQB1PP/R3K2R w KQ -,1600-1799,g2g4,31,0.3709677419354839,0.37608902488011053,0.02955,0.5005113570212736,0.4915,False,True
r2q1rk1/1p1nbppp/p2pbn2/4p3/P3P3/1NN1B3/1PP1BPPP/R2Q1RK1 w - -,1600-1799,a4a5,17,0.4117647058823529,0.4189687872871608,0.1275,0.5290534285825923,0.5265,False,True
r2q1rk1/1p1nbppp/p2pbn2/4p3/P3P3/1NN1B3/1PP1BPPP/R2Q1RK1 w - -,1600-1799,f2f3,17,0.5588235294117647,0.5530199402636747,0.61845,0.5913417483688516,0.507,True,False
r2q1rk1/1p1nbppp/p2pbn2/4p3/P3P3/1NN1B3/1PP1BPPP/R2Q1RK1 w - -,1600-1799,f2f4,16,0.46875,0.4713981862028152,0.25405,0.4638159917792747,0.504,False,False
r2q1rk1/1p2bppp/p1npbn2/4p3/4P3/1NN1BP2/PPP1B1PP/R2Q1RK1 w - -,1600-1799,c3d5,48,0.5208333333333334,0.5202719123140324,0.03425,0.7218930740758016,0.555,True,True
r2q1rk1/1p2bppp/p1npbn2/4p3/4P3/1NN1BP2/PPP1B1PP/R2Q1RK1 w - -,1600-1799,d1d2,44,0.5227272727272727,0.5214953280448854,0.04125,0.7145858160713443,0.491,False,False
r2q1rk1/1p2bppp/p1npbn2/4p3/4P3/1NN1BP2/PPP1B1PP/R2Q1RK1 w - -,1600-1799,d1e1,17,0.5588235294117647,0.5530497582199834,0.1323,0.648137048924042,0.464,False,False
r2q1rk1/1p2bppp/p1npbn2/4p3/4P3/1NN1BP2/PPP1B1PP/R2Q1RK1 w - -,1600-1799,g1h1,13,0.7307692307692307,0.706818654311079,0.7922,0.6091207991470837,0.51,False,False
r2q1rk1/1p2bppp/p1npbn2/4p3/4P3/1NN1BP2/PPPQB1PP/R3K2R w KQ -,1600-1799,e1c1,79,0.6455696202531646,0.642892775769946,0.5061,0.7801104228939074,0.62,True,True
r2q1rk1/1p2bppp/p1npbn2/4p3/4P3/1NN1BP2/PPPQB1PP/R3K2R w KQ -,1600-1799,e1g1,26,0.5961538461538461,0.591095891149784,0.25375,0.6701575635730664,0.499,False,False
r2q1rk1/1p2bppp/p1npbn2/4p3/4P3/1NN1BP2/PPPQB1PP/R3K2R w KQ -,1600-1799,g2g4,55,0.6090909090909091,0.6069401085448557,0.24015,0.4627834546405261,0.4765,False,False
r2q1rk1/1p2bppp/p1npbn2/4p3/P3P3/1NN1B3/1PP1BPPP/R2Q1RK1 w - -,1600-1799,a4a5,14,0.5,0.4992870186114357,0.151,0.5491495774877554,0.4965,False,True
r2q1rk1/1p2bppp/p1npbn2/4p3/P3P3/1NN1B3/1PP1BPPP/R2Q1RK1 w - -,1600-1799,c3d5,10,0.3,0.32584029411771687,0.0158,0.3309800582413412,0.3325,False,False
r2q1rk1/1p2bppp/p1npbn2/4p3/P3P3/1NN1B3/1PP1BPPP/R2Q1RK1 w - -,1600-1799,f2f3,31,0.6129032258064516,0.6069229893673384,0.4824,0.5591433346155052,0.3745,True,False
r2q1rk1/1p2bppp/p1npbn2/4p3/P3P3/1NN1B3/1PP1BPPP/R2Q1RK1 w - -,1600-1799,f2f4,18,0.5833333333333334,0.5762127672506528,0.3508,0.5481446016418917,0.47,False,False
r2q1rk1/1pp2pp1/1pnpbn1p/4p3/2B1P3/P1NP1N1P/1PP2PP1/R2Q1RK1 w - -,1600-1799,c3d5,89,0.5168539325842697,0.5174922896269544,0.48085,0.5954951371357209,0.4305,True,False
r2q1rk1/1pp2pp1/1pnpbn1p/4p3/2B1P3/P1NP1N1P/1PP2PP1/R2Q1RK1 w - -,1600-1799,c4a2,53,0.46226415094339623,0.4635060156709429,0.1491,0.5304057363665916,0.4925,False,True
r2q1rk1/1pp2pp1/1pnpbn1p/4p3/2B1P3/P1NP1N1P/1PP2PP1/R2Q1RK1 w - -,1600-1799,c4e6,76,0.506578947368421,0.506043749966801,0.37005,0.5896395889220755,0.4885,False,False
r2q1rk1/1pp2pp1/1pnpbn1p/4p3/2B1P3/P2P1N1P/1PP2PP1/R1BQ1RK1 w - -,1600-1799,c4a2,80,0.4375,0.4391430752446955,0.0664,0.5779412161698494,0.477,True,False
r2q1rk1/1pp2pp1/1pnpbn1p/4p3/2B1P3/P2P1N1P/1PP2PP1/R1BQ1RK1 w - -,1600-1799,c4b5,22,0.38636363636363635,0.39351060876287924,0.0635,0.39468491278236434,0.498,False,False
r2q1rk1/1pp2pp1/1pnpbn1p/4p3/2B1P3/P2P1N1P/1PP2PP1/R1BQ1RK1 w - -,1600-1799,c4e6,122,0.4672131147540984,0.46739539652249906,0.13055,0.49330729205665297,0.5095,False,True
r2q1rk1/1pp2pp1/1pnpbn1p/4p3/2B1P3/P2P1N1P/1PP2PP1/R1BQ1RK1 w - -,1600-1799,f3d2,11,0.5909090909090909,0.5798232199855646,0.73955,0.5010461683013459,0.483,False,False
r2q1rk1/1pp2pp1/p1npbn1p/4p3/2B1P3/P1NPPN1P/1PP3P1/R2Q1RK1 w - -,1600-1799,c3d5,110,0.55,0.5491540565065574,0.3466,0.5670190840856688,0.49,True,False
r2q1rk1/1pp2pp1/p1npbn1p/4p3/2B1P3/P1NPPN1P/1PP3P1/R2Q1RK1 w - -,1600-1799,c4a2,73,0.4383561643835616,0.4395705126437057,0.0145,0.43248561916064227,0.5,False,False
r2q1rk1/1pp2pp1/p1npbn1p/4p3/2B1P3/P1NPPN1P/1PP3P1/R2Q1RK1 w - -,1600-1799,c4d5,15,0.5666666666666667,0.561171549162951,0.4975,0.5596250997999781,0.49,False,False
r2q1rk1/1pp2pp1/p1npbn1p/4p3/2B1P3/P1NPPN1P/1PP3P1/R2Q1RK1 w - -,1600-1799,c4e6,36,0.5,0.5002178150374418,0.1414,0.4854972946644061,0.502,False,True
r2q1rk1/2p1bpp1/p1np1n1p/1p2p3/4P1b1/1BPP1N2/PP1N1PPP/R1BQR1K1 w - -,1600-1799,d2f1,94,0.5478723404255319,0.5473255627508035,0.01565,0.6435316695590166,0.5775,False,False
r2q1rk1/2p1bpp1/p1np1n1p/1p2p3/4P1b1/1BPP1N2/PP1N1PPP/R1BQR1K1 w - -,1600-1799,h2h3,41,0.7317073170731707,0.7241638754269579,0.98435,0.7280740104041952,0.6015,True,True
r2q1rk1/2p1bppp/p1np1n2/1p2p2b/3PP3/1BP2N1P/PP3PP1/RNBQR1K1 w - -,1600-1799,b1d2,31,0.532258064516129,0.5304716173623235,0.01995,0.4362569188209436,0.4045,False,False
r2q1rk1/2p1bppp/p1np1n2/1p2p2b/3PP3/1BP2N1P/PP3PP1/RNBQR1K1 w - -,1600-1799,c1e3,16,0.78125,0.7574317461888951,0.81975,0.723076269150515,0.506,True,False
r2q1rk1/2p1bppp/p1np1n2/1p2p2b/3PP3/1BP2N1P/PP3PP1/RNBQR1K1 w - -,1600-1799,c1g5,34,0.47058823529411764,0.4713918808402754,0.0037,0.4130010327227126,0.484,False,False
r2q1rk1/2p1bppp/p1np1n2/1p2p2b/3PP3/1BP2N1P/PP3PP1/RNBQR1K1 w - -,1600-1799,d1d3,19,0.5789473684210527,0.5720456068907244,0.0655,0.5938555394433632,0.4795,False,False
r2q1rk1/2p1bppp/p1np1n2/1p2p2b/3PP3/1BP2N1P/PP3PP1/RNBQR1K1 w - -,1600-1799,d4d5,54,0.26851851851851855,0.2751244979420062,0.0,0.5385477839096342,0.5265,False,False
r2q1rk1/2p1bppp/p1np1n2/1p2p2b/3PP3/1BP2N1P/PP3PP1/RNBQR1K1 w - -,1600-1799,d4e5,18,0.5277777777777778,0.5258017955173686,0.03365,0.42020506007894176,0.5035,False,False
r2q1rk1/2p1bppp/p1np1n2/1p2p2b/3PP3/1BP2N1P/PP3PP1/RNBQR1K1 w - -,1600-1799,g2g4,21,0.5714285714285714,0.5679250995082685,0.05745,0.7184752387432372,0.5555,False,True
r2q1rk1/2p1bppp/p1np1n2/1p2p2b/4P3/1BPP1N1P/PP3PP1/RNBQR1K1 w - -,1600-1799,b1d2,239,0.6652719665271967,0.6642347919827802,0.88545,0.6631576904767872,0.621,True,True
r2q1rk1/2p1bppp/p1np1n2/1p2p2b/4P3/1BPP1N1P/PP3PP1/RNBQR1K1 w - -,1600-1799,c1e3,34,0.5441176470588235,0.5414683779624914,0.0695,0.4933534786832943,0.5435,False,False
r2q1rk1/2p1bppp/p1np1n2/1p2p2b/4P3/1BPP1N1P/PP3PP1/RNBQR1K1 w - -,1600-1799,c1g5,16,0.46875,0.46979189467379895,0.04505,0.5407382512493352,0.537,False,False
r2q1rk1/2p1bppp/p1np1n2/1p2p2b/B3P3/2PP1N1P/PP1N1PP1/R1BQR1K1 w - b6,1600-1799,a4b3,132,0.5909090909090909,0.5900026847334982,0.42685,0.6507348534592279,0.609,False,False
r2q1rk1/2p1bppp/p1np1n2/1p2p2b/B3P3/2PP1N1P/PP1N1PP1/R1BQR1K1 w - b6,1600-1799,a4c2,108,0.6018518518518519,0.6006474602668589,0.57315,0.6900747320695428,0.615,True,True
r2q1rk1/2p1bppp/p1np1n2/1p2p3/3PP3/1BP2b1P/PP3PP1/RNBQR1K1 w - -,1600-1799,d1f3,73,0.4178082191780822,0.4197194062189625,0.8654,0.30313379671543156,0.452,False,False
r2q1rk1/2p1bppp/p1np1n2/1p2p3/3PP3/1BP2b1P/PP3PP1/RNBQR1K1 w - -,1600-1799,g2f3,40,0.3125,0.31945035973989905,0.1346,0.45235985974532794,0.488,True,True
r2q1rk1/2p1bppp/p1np1n2/1p6/3PP1b1/1B3N2/PP3PPP/RNBQR1K1 w - -,1600-1799,b1c3,49,0.5714285714285714,0.5703598369733811,0.1525,0.41607919788715086,0.567,False,False
r2q1rk1/2p1bppp/p1np1n2/1p6/3PP1b1/1B3N2/PP3PPP/RNBQR1K1 w - -,1600-1799,b1d2,36,0.4583333333333333,0.4589553533107254,0.01165,0.3698451041235981,0.144,False,False
r2q1rk1/2p1bppp/p1np1n2/1p6/3PP1b1/1B3N2/PP3PPP/RNBQR1K1 w - -,1600-1799,c1e3,35,0.5714285714285714,0.5685974488531715,0.1645,0.8377979820570002,0.53,True,False
r2q1rk1/2p1bppp/p1np1n2/1p6/3PP1b1/1B3N2/PP3PPP/RNBQR1K1 w - -,1600-1799,c1g5,26,0.5,0.4997036625835548,0.0536,0.29630342620760464,0.514,False,False
r2q1rk1/2p1bppp/p1np1n2/1p6/3PP1b1/1B3N2/PP3PPP/RNBQR1K1 w - -,1600-1799,d1d3,24,0.6458333333333334,0.6382576761113933,0.5572,0.3800837597499978,0.492,False,False
r2q1rk1/2p1bppp/p1np1n2/1p6/3PP1b1/1B3N2/PP3PPP/RNBQR1K1 w - -,1600-1799,d4d5,80,0.53125,0.5307583142160974,0.03845,0.562781340817397,0.511,False,False
r2q1rk1/2p1bppp/p1np1n2/1p6/3PP1b1/1B3N2/PP3PPP/RNBQR1K1 w - -,1600-1799,e4e5,23,0.43478260869565216,0.4403960568620323,0.0209,0.4850278575430101,0.441,False,False
r2q1rk1/2p1bppp/p1np1n2/1p6/3PP1b1/1B3N2/PP3PPP/RNBQR1K1 w - -,1600-1799,h2h3,81,0.4444444444444444,0.44513543286447893,0.0012,0.37305308849951757,0.591,False,True
r2q1rk1/3nppbp/b2p1np1/2pP4/8/2N2NP1/PP2PPBP/R1BQ1RK1 w - -,1600-1799,a1b1,37,0.5540540540540541,0.5527277293592099,0.4416,0.5807703887505025,0.583,False,True
r2q1rk1/3nppbp/b2p1np1/2pP4/8/2N2NP1/PP2PPBP/R1BQ1RK1 w - -,1600-1799,c1g5,19,0.42105263157894735,0.42707906347541047,0.08545,0.4961255989270425,0.526,False,False
r2q1rk1/3nppbp/b2p1np1/2pP4/8/2N2NP1/PP2PPBP/R1BQ1RK1 w - -,1600-1799,d1c2,52,0.375,0.37853943328333756,0.00585,0.5984045770124713,0.582,True,False
r2q1rk1/3nppbp/b2p1np1/2pP4/8/2N2NP1/PP2PPBP/R1BQ1RK1 w - -,1600-1799,e2e4,27,0.46296296296296297,0.4641379197967294,0.1084,0.048581528368522545,0.31,False,False
r2q1rk1/3nppbp/b2p1np1/2pP4/8/2N2NP1/PP2PPBP/R1BQ1RK1 w - -,1600-1799,f1e1,343,0.40524781341107874,0.40560979775260175,0.0012,0.5488895253277234,0.535,False,False
r2q1rk1/3nppbp/b2p1np1/2pP4/8/2N2NP1/PP2PPBP/R1BQ1RK1 w - -,1600-1799,h2h3,16,0.53125,0.52781188694394,0.3575,0.5635497124362651,0.523,False,False
r2q1rk1/4ppbp/n2p1np1/2pP4/4P3/2N2N2/PP3PPP/R1BQ1RK1 w - -,1600-1799,a2a3,30,0.43333333333333335,0.43741946851285174,0.08345,0.6015430273227089,0.6055,False,False
r2q1rk1/4ppbp/n2p1np1/2pP4/4P3/2N2N2/PP3PPP/R1BQ1RK1 w - -,1600-1799,a2a4,13,0.5769230769230769,0.5695795538004741,0.6016,0.5682766189312337,0.6405,False,True
r2q1rk1/4ppbp/n2p1np1/2pP4/4P3/2N2N2/PP3PPP/R1BQ1RK1 w - -,1600-1799,c1e3,11,0.3181818181818182,0.34003224627680273,0.0406,0.7109413449491959,0.568,False,False
r2q1rk1/4ppbp/n2p1np1/2pP4/4P3/2N2N2/PP3PPP/R1BQ1RK1 w - -,1600-1799,c1g5,17,0.47058823529411764,0.472131809629774,0.1951,0.8887370716033661,0.62,True,False
r2q1rk1/4ppbp/n2p1np1/2pP4/4P3/2N2N2/PP3PPP/R1BQ1RK1 w - -,1600-1799,f1e1,38,0.4342105263157895,0.43604640490127505,0.0734,0.8016057521585559,0.589,False,False
r2q1rk1/4ppbp/n2p1np1/2pP4/4P3/2N2N2/PP3PPP/R1BQ1RK1 w - -,1600-1799,h2h3,11,0.18181818181818182,0.21969749810461886,0.00585,0.8220321059472024,0.61,False,False
r2q1rk1/p1p1b1pp/2pppn2/6B1/4P3/2N5/PPP2PPP/R2Q1RK1 w - -,1600-1799,d1e2,25,0.52,0.5184105192694316,0.12565,0.6955019099700155,0.522,True,True
r2q1rk1/p1p1b1pp/2pppn2/6B1/4P3/2N5/PPP2PPP/R2Q1RK1 w - -,1600-1799,d1f3,11,0.45454545454545453,0.45826744671863523,0.09875,0.6172229328597826,0.505,False,False
r2q1rk1/p1p1b1pp/2pppn2/6B1/4P3/2N5/PPP2PPP/R2Q1RK1 w - -,1600-1799,e4e5,15,0.6333333333333333,0.6227975494144895,0.56905,0.4986678374516074,0.4945,False,False
r2q1rk1/p1p1b1pp/2pppn2/6B1/4P3/2N5/PPP2PPP/R2Q1RK1 w - -,1600-1799,f1e1,32,0.53125,0.5306891996295365,0.13605,0.4899851104137727,0.496,False,False
r2q1rk1/p1p1b1pp/2pppn2/6B1/4P3/2N5/PPP2PPP/R2Q1RK1 w - -,1600-1799,f2f3,11,0.22727272727272727,0.2597027343443471,0.0028,0.476253347220962,0.5035,False,False
r2q1rk1/p1p1b1pp/2pppn2/6B1/4P3/2N5/PPP2PPP/R2Q1RK1 w - -,1600-1799,f2f4,43,0.4069767441860465,0.41059372852787,0.00475,0.47553093797933293,0.506,False,False
r2q1rk1/p1p1b1pp/2pppn2/6B1/4P3/2N5/PPP2PPP/R2Q1RK1 w - -,1600-1799,g5f6,22,0.4772727272727273,0.4784146130493781,0.06295,0.5339384981494475,0.501,False,False
r2q1rk1/p1p1bppp/2pp1n2/6B1/4P3/2N5/PPP2PPP/R2Q1RK1 w - -,1600-1799,d1d2,38,0.47368421052631576,0.47531761034027714,0.0101,0.45437256758741196,0.501,False,False
r2q1rk1/p1p1bppp/2pp1n2/6B1/4P3/2N5/PPP2PPP/R2Q1RK1 w - -,1600-1799,d1d3,18,0.6666666666666666,0.6530046901472055,0.51085,0.5274742577805555,0.5115,True,False
r2q1rk1/p1p1bppp/2pp1n2/6B1/4P3/2N5/PPP2PPP/R2Q1RK1 w - -,1600-1799,d1e2,52,0.5865384615384616,0.5846832236929114,0.12125,0.5225716282869866,0.512,False,True
r2q1rk1/p1p1bppp/2pp1n2/6B1/4P3/2N5/PPP2PPP/R2Q1RK1 w - -,1600-1799,d1f3,168,0.5297619047619048,0.5295643779467112,0.00605,0.5256742009108996,0.5045,False,False
r2q1rk1/p1p1bppp/2pp1n2/6B1/4P3/2N5/PPP2PPP/R2Q1RK1 w - -,1600-1799,e4e5,18,0.4166666666666667,0.4231753954778273,0.0035,0.48692917362847815,0.492,False,False
r2q1rk1/p1p1bppp/2pp1n2/6B1/4P3/2N5/PPP2PPP/R2Q1RK1 w - -,1600-1799,f1e1,282,0.5053191489361702,0.5052018933292254,0.0005,0.5228767081939361,0.5045,False,False
r2q1rk1/p1p1bppp/2pp1n2/6B1/4P3/2N5/PPP2PPP/R2Q1RK1 w - -,1600-1799,f2f3,28,0.6071428571428571,0.6021535656241799,0.24105,0.50345334705511,0.498,False,False
r2q1rk1/p1p1bppp/2pp1n2/6B1/4P3/2N5/PPP2PPP/R2Q1RK1 w - -,1600-1799,f2f4,116,0.5258620689655172,0.5261533769676946,0.0083,0.37529967693576805,0.485,False,False
r2q1rk1/p1p1bppp/2pp1n2/6B1/4P3/2N5/PPP2PPP/R2Q1RK1 w - -,1600-1799,g5f6,36,0.5694444444444444,0.5664276518115715,0.0984,0.4990001133909228,0.4905,False,False
r2q1rk1/p1p1bppp/2pp1n2/6B1/4P3/8/PPP2PPP/RN1QR1K1 w - -,1600-1799,b1c3,89,0.46629213483146065,0.46705982073310925,0.01455,0.512453469623721,0.5075,True,True
r2q1rk1/p1p1bppp/2pp1n2/6B1/4P3/8/PPP2PPP/RN1QR1K1 w - -,1600-1799,b1d2,14,0.5357142857142857,0.5332905132639278,0.19155,0.5109402843482038,0.507,False,False
r2q1rk1/p1p1bppp/2pp1n2/6B1/4P3/8/PPP2PPP/RN1QR1K1 w - -,1600-1799,c2c4,10,0.65,0.6300409453687659,0.59455,0.502298563027568,0.498,False,False
r2q1rk1/p1p1bppp/2pp1n2/6B1/4P3/8/PPP2PPP/RN1QR1K1 w - -,1600-1799,e4e5,32,0.546875,0.5448940541225428,0.1817,0.37125880047148535,0.4925,False,False
r2q1rk1/p1p1bppp/2pp1n2/6B1/4P3/8/PPP2PPP/RN1QR1K1 w - -,1600-1799,g5f6,12,0.3333333333333333,0.35138424995047973,0.01765,0.5059432616134487,0.5045,False,False
r2q1rk1/p1p1bppp/2pp1n2/8/4P3/2N5/PPP2PPP/R1BQR1K1 w - -,1600-1799,b2b3,66,0.4393939393939394,0.44094266221384815,0.00015,0.5484062261617635,0.517,False,True
r2q1rk1/p1p1bppp/2pp1n2/8/4P3/2N5/PPP2PPP/R1BQR1K1 w - -,1600-1799,c1e3,32,0.46875,0.46971121126754467,0.00745,0.552395088196302,0.517,False,False
r2q1rk1/p1p1bppp/2pp1n2/8/4P3/2N5/PPP2PPP/R1BQR1K1 w - -,1600-1799,c1f4,130,0.65,0.6480896362368763,0.2958,0.6371149653575118,0.516,True,False
r2q1rk1/p1p1bppp/2pp1n2/8/4P3/2N5/PPP2PPP/R1BQR1K1 w - -,1600-1799,c1g5,172,0.5116279069767442,0.5113720882268066,0.0003,0.5123708623346508,0.5075,False,False
r2q1rk1/p1p1bppp/2pp1n2/8/4P3/2N5/PPP2PPP/R1BQR1K1 w - -,1600-1799,d1f3,58,0.5172413793103449,0.5166215866388472,0.00885,0.5695874178500152,0.506,False,False
r2q1rk1/p1p1bppp/2pp1n2/8/4P3/2N5/PPP2PPP/R1BQR1K1 w - -,1600-1799,e4e5,142,0.5105633802816901,0.5102830356522586,0.00095,0.5225775861712337,0.507,False,False
r2q1rk1/p1p1bppp/2pp1n2/8/4P3/2N5/PPP2PPP/R1BQR1K1 w - -,1600-1799,h2h3,19,0.7105263157894737,0.6938524463757234,0.6865,0.5129745564266226,0.517,False,False
r2q1rk1/p1p1bppp/2pp1n2/8/4PB2/2N5/PPP2PPP/R2Q1RK1 w - -,1600-1799,d1e2,19,0.39473684210526316,0.4015125501234031,0.0157,0.566441323508074,0.514,False,True
r2q1rk1/p1p1bppp/2pp1n2/8/4PB2/2N5/PPP2PPP/R2Q1RK1 w - -,1600-1799,d1f3,16,0.53125,0.5290871477654783,0.1834,0.7563684505843373,0.5075,True,False
r2q1rk1/p1p1bppp/2pp1n2/8/4PB2/2N5/PPP2PPP/R2Q1RK1 w - -,1600-1799,e4e5,72,0.6111111111111112,0.6089072546293721,0.4282,0.6439287967350834,0.508,False,False
r2q1rk1/p1p1bppp/2pp1n2/8/4PB2/2N5/PPP2PPP/R2Q1RK1 w - -,1600-1799,f1e1,35,0.6,0.5957346471822236,0.3727,0.6491842626763683,0.5105,False,False
r2q1rk1/p1p1bppp/2pp1n2/8/4PP2/2N5/PPP3PP/R1BQ1RK1 w - -,1600-1799,c1e3,46,0.5760869565217391,0.5738623632545048,0.1356,0.7373750865103237,0.555,True,False
r2q1rk1/p1p1bppp/2pp1n2/8/4PP2/2N5/PPP3PP/R1BQ1RK1 w - -,1600-1799,d1f3,72,0.6458333333333334,0.642161693038918,0.50005,0.662037283802807,0.5985,False,True
r2q1rk1/p1p1bppp/2pp1n2/8/4PP2/2N5/PPP3PP/R1BQ1RK1 w - -,1600-1799,e4e5,90,0.5111111111111111,0.5108777677185149,0.00695,0.36981571180914335,0.378,False,False
r2q1rk1/p1p1bppp/2pp1n2/8/4PP2/2N5/PPP3PP/R1BQ1RK1 w - -,1600-1799,f4f5,14,0.5,0.49903491296264557,0.09365,0.4382096416306093,0.4615,False,False
r2q1rk1/p1p1bppp/2pp1n2/8/4PP2/2N5/PPP3PP/R1BQ1RK1 w - -,1600-1799,g1h1,10,0.55,0.5424795553925821,0.2013,0.647797697340385,0.572,False,False
r2q1rk1/p1p1bppp/2pp1n2/8/4PP2/2N5/PPP3PP/R1BQ1RK1 w - -,1600-1799,h2h3,12,0.4583333333333333,0.4640803205987322,0.06245,0.5694124692537418,0.551,False,False
r2q1rk1/p1pb1ppp/2p5/2bpP3/3Nn3/2P5/PP3PPP/RNBQ1RK1 w - -,1600-1799,b1d2,30,0.5166666666666667,0.5154839757720463,0.5132,0.5565998005279587,0.487,False,False
r2q1rk1/p1pb1ppp/2p5/2bpP3/3Nn3/2P5/PP3PPP/RNBQ1RK1 w - -,1600-1799,c1e3,23,0.4782608695652174,0.47925157547715763,0.3246,0.4025330628729316,0.3635,False,False
r2q1rk1/p1pb1ppp/2p5/2bpP3/3Nn3/2P5/PP3PPP/RNBQ1RK1 w - -,1600-1799,f2f3,50,0.45,0.45159299947880127,0.1622,0.6942850334210682,0.4985,True,True
r2q1rk1/p1pb1ppp/2p5/2bpP3/3Nn3/4B3/PPP2PPP/RN1Q1RK1 w - -,1600-1799,b1d2,45,0.4444444444444444,0.4449850638653865,0.22725,0.6584832150935968,0.516,True,False
r2q1rk1/p1pb1ppp/2p5/2bpP3/3Nn3/4B3/PPP2PPP/RN1Q1RK1 w - -,1600-1799,c2c3,17,0.4411764705882353,0.44568919584253663,0.3157,0.40264039266148366,0.2815,False,False
r2q1rk1/p1pb1ppp/2p5/2bpP3/3Nn3/4B3/PPP2PPP/RN1Q1RK1 w - -,1600-1799,f2f3,88,0.48295454545454547,0.48347682385215013,0.45705,0.6013486935905895,0.5185,False,True
r2q1rk1/pb1nbpp1/1pp1pn1p/3p4/2PP3B/2NBPN2/PP3PPP/2RQ1RK1 w - -,1600-1799,a2a3,11,0.2727272727272727,0.3004260650764603,0.0288,0.5179525874653548,0.509,False,False
r2q1rk1/pb1nbpp1/1pp1pn1p/3p4/2PP3B/2NBPN2/PP3PPP/2RQ1RK1 w - -,1600-1799,c4d5,28,0.6071428571428571,0.6009154906574393,0.9712,0.5678333919335704,0.546,True,True
r2q1rk1/pb1nbppp/1p2pn2/3p2B1/3P4/2NBPN2/PP3PPP/2RQ1RK1 w - -,1600-1799,a2a3,18,0.5833333333333334,0.5767948707085675,0.4752,0.4898564536460518,0.558,False,False
r2q1rk1/pb1nbppp/1p2pn2/3p2B1/3P4/2NBPN2/PP3PPP/2RQ1RK1 w - -,1600-1799,c3b5,29,0.5344827586206896,0.5329831954842905,0.2394,0.7030719162378494,0.569,True,False
r2q1rk1/pb1nbppp/1p2pn2/3p2B1/3P4/2NBPN2/PP3PPP/2RQ1RK1 w - -,1600-1799,d3b1,26,0.5,0.49945741012784645,0.1454,0.47814083716321576,0.541,False,False
r2q1rk1/pb1nbppp/1p2pn2/3p2B1/3P4/2NBPN2/PP3PPP/2RQ1RK1 w - -,1600-1799,h2h3,15,0.4666666666666667,0.4708519676968375,0.14,0.5671857078403963,0.603,False,True
r2q1rk1/pb1nbppp/1p3n2/2pp2B1/3P4/2NBPN2/PP3PPP/2RQ1RK1 w - c6,1600-1799,d3b1,25,0.48,0.48140653708370884,0.60565,0.5622768793156161,0.5135,False,False
r2q1rk1/pb1nbppp/1p3n2/2pp2B1/3P4/2NBPN2/PP3PPP/2RQ1RK1 w - c6,1600-1799,d4c5,28,0.44642857142857145,0.44844697084997953,0.39435,0.7282586870199311,0.518,True,True
r2q1rk1/pb1nbppp/1pn1p3/2ppP3/8/3P1NP1/PPP2PBP/R1BQRNK1 w - -,1600-1799,c1f4,10,0.4,0.41165593394199057,0.12155,0.6229394760098895,0.519,True,False
r2q1rk1/pb1nbppp/1pn1p3/2ppP3/8/3P1NP1/PPP2PBP/R1BQRNK1 w - -,1600-1799,h2h4,33,0.5909090909090909,0.5874961196089652,0.87845,0.475625314492794,0.5345,False,True
r2q1rk1/pb1nbppp/2p1pn2/1p4B1/3P4/2NBPN2/PP3PPP/R2Q1RK1 w - -,1600-1799,a1c1,63,0.5317460317460317,0.5320471958903127,0.16805,0.6245599391687963,0.5465,False,True
r2q1rk1/pb1nbppp/2p1pn2/1p4B1/3P4/2NBPN2/PP3PPP/R2Q1RK1 w - -,1600-1799,a2a3,40,0.5125,0.5117939101947817,0.13505,0.5819739824968976,0.5365,False,False
r2q1rk1/pb1nbppp/2p1pn2/1p4B1/3P4/2NBPN2/PP3PPP/R2Q1RK1 w - -,1600-1799,d1c2,27,0.5555555555555556,0.5530109592845479,0.32235,0.6321725460413785,0.5245,False,False
r2q1rk1/pb1nbppp/2p1pn2/1p4B1/3P4/2NBPN2/PP3PPP/R2Q1RK1 w - -,1600-1799,d1e2,10,0.4,0.413038509093933,0.0898,0.7177237308592537,0.517,True,False
r2q1rk1/pb1nbppp/2p1pn2/1p4B1/3P4/2NBPN2/PP3PPP/R2Q1RK1 w - -,1600-1799,e3e4,17,0.4411764705882353,0.44555771196565874,0.0795,0.7044417942616116,0.4655,False,False
r2q1rk1/pb1nbppp/2p1pn2/1p4B1/3P4/2NBPN2/PP3PPP/R2Q1RK1 w - -,1600-1799,f1e1,12,0.5,0.5005420774827517,0.20525,0.5741771270926439,0.497,False,False
r2q1rk1/pb1p1ppp/2p2b2/4p3/2B1P3/2N5/PPP2PPP/R2Q1RK1 w - -,1600-1799,a2a3,10,0.6,0.5863396624871463,0.2758,0.6697250393900774,0.491,False,False
r2q1rk1/pb1p1ppp/2p2b2/4p3/2B1P3/2N5/PPP2PPP/R2Q1RK1 w - -,1600-1799,d1d3,11,0.45454545454545453,0.4595364258885058,0.0419,0.7060490118076376,0.498,False,True
r2q1rk1/pb1p1ppp/2p2b2/4p3/2B1P3/2N5/PPP2PPP/R2Q1RK1 w - -,1600-1799,d1d6,22,0.6136363636363636,0.6075140561302782,0.26615,0.7205719572718781,0.4895,False,False
r2q1rk1/pb1p1ppp/2p2b2/4p3/2B1P3/2N5/PPP2PPP/R2Q1RK1 w - -,1600-1799,d1g4,10,0.6,0.5867461220270241,0.2733,0.3728871419404812,0.489,False,False
r2q1rk1/pb1p1ppp/2p2b2/4p3/2B1P3/2N5/PPP2PPP/R2Q1RK1 w - -,1600-1799,f1e1,11,0.5454545454545454,0.5403348516674583,0.1382,0.7908495358970624,0.489,True,False
r2q1rk1/pb1p1ppp/2p2b2/4p3/2B1P3/2N5/PPP2PPP/R2Q1RK1 w - -,1600-1799,f2f4,25,0.4,0.40519537693745844,0.00465,0.3904095238187604,0.0355,False,False
r2q1rk1/pbp1bppp/1p2pn2/6B1/3P4/2PB1N2/PP3PPP/R2Q1RK1 w - -,1600-1799,d1c2,15,0.4666666666666667,0.46908726796117317,0.26095,0.339309918167532,0.027,False,False
r2q1rk1/pbp1bppp/1p2pn2/6B1/3P4/2PB1N2/PP3PPP/R2Q1RK1 w - -,1600-1799,d3c2,11,0.18181818181818182,0.21943749059925266,0.0042,0.5276644089493914,0.5,False,False
r2q1rk1/pbp1bppp/1p2pn2/6B1/3P4/2PB1N2/PP3PPP/R2Q1RK1 w - -,1600-1799,f1e1,22,0.5681818181818182,0.5638015243862731,0.7201,0.5392165845740884,0.5125,False,True
r2q1rk1/pbp1bppp/1p2pn2/6B1/3P4/2PB1N2/PP3PPP/R2Q1RK1 w - -,1600-1799,f3e5,53,0.3584905660377358,0.3628412257975791,0.01475,0.7627725786698004,0.5005,True,False
r2q1rk1/pbpnbpp1/1p2pn1p/8/2BP3B/2N1PN2/PP3PPP/R2Q1RK1 w - -,1600-1799,a1c1,59,0.4576271186440678,0.45853438467077723,0.057,0.4940759268787037,0.5075,False,False
r2q1rk1/pbpnbpp1/1p2pn1p/8/2BP3B/2N1PN2/PP3PPP/R2Q1RK1 w - -,1600-1799,a2a3,25,0.52,0.5195557516295221,0.28295,0.4859381730403506,0.492,False,False
r2q1rk1/pbpnbpp1/1p2pn1p/8/2BP3B/2N1PN2/PP3PPP/R2Q1RK1 w - -,1600-1799,c4b3,10,0.4,0.41334824255163155,0.118,0.4686668157853948,0.489,False,False
r2q1rk1/pbpnbpp1/1p2pn1p/8/2BP3B/2N1PN2/PP3PPP/R2Q1RK1 w - -,1600-1799,c4d3,10,0.45,0.455929350087106,0.18025,0.4749891459035567,0.483,False,False
r2q1rk1/pbpnbpp1/1p2pn1p/8/2BP3B/2N1PN2/PP3PPP/R2Q1RK1 w - -,1600-1799,c4e2,11,0.18181818181818182,0.21967822188507466,0.0008,0.49142981966111526,0.486,False,False
r2q1rk1/pbpnbpp1/1p2pn1p/8/2BP3B/2N1PN2/PP3PPP/R2Q1RK1 w - -,1600-1799,d1e2,15,0.4,0.4075713843651215,0.0749,0.5620490029486395,0.5215,True,True
r2q1rk1/pbpnbpp1/1p2pn1p/8/2BP3B/2N1PN2/PP3PPP/R2Q1RK1 w - -,1600-1799,f1e1,24,0.5208333333333334,0.5203179385433992,0.2861,0.4395392911822037,0.4975,False,False
r2q1rk1/pbpnbpp1/1p3n1p/3p4/3P3B/2NBPN2/PP3PPP/R2Q1RK1 w - -,1600-1799,a1c1,59,0.4661016949152542,0.4677326578877156,0.0819,0.6377088391481485,0.5325,True,False
r2q1rk1/pbpnbpp1/1p3n1p/3p4/3P3B/2NBPN2/PP3PPP/R2Q1RK1 w - -,1600-1799,a2a3,18,0.5277777777777778,0.5258028889815356,0.3315,0.5965146425306489,0.5115,False,False
r2q1rk1/pbpnbpp1/1p3n1p/3p4/3P3B/2NBPN2/PP3PPP/R2Q1RK1 w - -,1600-1799,d1c2,16,0.46875,0.47242060194926133,0.1751,0.5049005121160486,0.572,False,True
r2q1rk1/pbpnbpp1/1p3n1p/3p4/3P3B/2NBPN2/PP3PPP/R2Q1RK1 w - -,1600-1799,d3c2,12,0.4166666666666667,0.426140261213048,0.1229,0.5553294527065324,0.512,False,False
r2q1rk1/pbpnbpp1/1p3n1p/3p4/3P3B/2NBPN2/PP3PPP/R2Q1RK1 w - -,1600-1799,f1e1,12,0.5,0.5017604339205852,0.2886,0.6007875787030809,0.5295,False,False
r2q1rk1/pbpnnppp/1p2p3/8/3P4/2NBPN2/PP3PPP/R2Q1RK1 w - -,1600-1799,a1c1,42,0.4642857142857143,0.46590367762150636,0.05295,0.5287159134461599,0.5185,False,False
r2q1rk1/pbpnnppp/1p2p3/8/3P4/2NBPN2/PP3PPP/R2Q1RK1 w - -,1600-1799,d1c2,18,0.2777777777777778,0.29486075626268826,0.0042,0.3191401340725434,0.5115,False,False
r2q1rk1/pbpnnppp/1p2p3/8/3P4/2NBPN2/PP3PPP/R2Q1RK1 w - -,1600-1799,d3e4,13,0.6923076923076923,0.6723162698174551,0.9143,0.681606335448355,0.521,True,True
r2q1rk1/pbpnnppp/1p2p3/8/3P4/2NBPN2/PP3PPP/R2Q1RK1 w - -,1600-1799,e3e4,16,0.375,0.38567758346536973,0.02855,0.443861491328364,0.497,False,False
r2q1rk1/pp1bppbp/3p1np1/4n3/3NP3/1BN1BP2/PPPQ2PP/R3K2R w KQ -,1600-1799,e1c1,164,0.625,0.6242104559030445,0.12315,0.7298963688795999,0.633,False,True
r2q1rk1/pp1bppbp/3p1np1/4n3/3NP3/1BN1BP2/PPPQ2PP/R3K2R w KQ -,1600-1799,e3h6,30,0.7333333333333333,0.7213982117155265,0.8494,0.6990935129693592,0.496,False,False
r2q1rk1/pp1bppbp/3p1np1/4n3/3NP3/1BN1BP2/PPPQ2PP/R3K2R w KQ -,1600-1799,g2g4,14,0.4642857142857143,0.466933046793532,0.0248,0.8902391543007812,0.4175,True,False
r2q1rk1/pp1bppbp/3p1np1/4n3/3NP3/1BN1BP2/PPPQ2PP/R3K2R w KQ -,1600-1799,h2h4,25,0.42,0.4242075177903607,0.00265,0.665181919864402,0.62,False,False
r2q1rk1/pp1bppbp/3p1np1/8/3BP3/1BN2P2/PPPQ2PP/R3K2R b KQ -,1600-1799,a7a6,11,0.22727272727272727,0.26020931900245364,0.0121,0.3110030338327281,0.029,False,False
r2q1rk1/pp1bppbp/3p1np1/8/3BP3/1BN2P2/PPPQ2PP/R3K2R b KQ -,1600-1799,b7b5,23,0.6086956521739131,0.6027634618125257,0.9879,0.5171021325778082,0.4805,True,True
r2q1rk1/pp1n1pp1/2pb1n1p/3p2B1/3P2b1/2PB1N2/PPQN1PPP/R4RK1 w - -,1600-1799,g5f6,18,0.5277777777777778,0.5252452139187604,0.5013,0.5649150360369855,0.496,True,False
r2q1rk1/pp1n1pp1/2pb1n1p/3p2B1/3P2b1/2PB1N2/PPQN1PPP/R4RK1 w - -,1600-1799,g5h4,188,0.526595744680851,0.5263720255434169,0.4987,0.4735108290121326,0.506,False,True
r2q1rk1/pp1n1pp1/2pb1n1p/3p4/3P2bB/2PB1N2/PP1N1PPP/R2Q1RK1 w - -,1600-1799,a1c1,20,0.325,0.3382463331763649,0.02155,0.23772211181009645,0.4925,False,False
r2q1rk1/pp1n1pp1/2pb1n1p/3p4/3P2bB/2PB1N2/PP1N1PPP/R2Q1RK1 w - -,1600-1799,d1b3,29,0.4827586206896552,0.48371875310606893,0.238,0.4641469820366005,0.494,False,False
r2q1rk1/pp1n1pp1/2pb1n1p/3p4/3P2bB/2PB1N2/PP1N1PPP/R2Q1RK1 w - -,1600-1799,d1c2,235,0.5234042553191489,0.5234411192805113,0.37875,0.48232015933591393,0.5075,False,False
r2q1rk1/pp1n1pp1/2pb1n1p/3p4/3P2bB/2PB1N2/PP1N1PPP/R2Q1RK1 w - -,1600-1799,f1e1,21,0.5,0.5001213259714345,0.3439,0.4887390690501777,0.506,False,False
r2q1rk1/pp1n1pp1/2pb1n1p/3p4/3P2bB/2PB1N2/PP1N1PPP/R2Q1RK1 w - -,1600-1799,h2h3,29,0.3620689655172414,0.3692484665467587,0.0178,0.633237205159989,0.513,True,True
r2q1rk1/pp1n1ppp/2pb1n2/3p2B1/3P4/2NB1Q1P/PPP2PP1/R4RK1 w - -,1600-1799,a1e1,29,0.41379310344827586,0.4179535675472697,0.18625,0.39437241203993373,0.507,False,False
r2q1rk1/pp1n1ppp/2pb1n2/3p2B1/3P4/2NB1Q1P/PPP2PP1/R4RK1 w - -,1600-1799,c3e2,30,0.4166666666666667,0.41954048551730666,0.1962,0.5699911714741387,0.515,True,True
r2q1rk1/pp1n1ppp/2pb1n2/3p2B1/3P4/2NB1Q1P/PPP2PP1/R4RK1 w - -,1600-1799,d3f5,18,0.4722222222222222,0.47476647187822885,0.4851,0.569880645635581,0.499,False,False
r2q1rk1/pp1n1ppp/2pb1n2/3p2B1/3P4/2NB1Q1P/PPP2PP1/R4RK1 w - -,1600-1799,f1e1,79,0.4177215189873418,0.41903743755074,0.13245,0.2519747915476366,0.5035,False,False
r2q1rk1/pp1n1ppp/2pb1n2/3p2Bb/3P4/2N2N1P/PPP1BPP1/R2Q1RK1 w - -,1600-1799,a2a3,18,0.3333333333333333,0.34642637463988146,0.12015,0.2667425884619218,0.3715,False,False
r2q1rk1/pp1n1ppp/2pb1n2/3p2Bb/3P4/2N2N1P/PPP1BPP1/R2Q1RK1 w - -,1600-1799,d1d2,79,0.34810126582278483,0.3504775528716044,0.02635,0.15555456096783718,0.3115,False,False
r2q1rk1/pp1n1ppp/2pb1n2/3p2Bb/3P4/2N2N1P/PPP1BPP1/R2Q1RK1 w - -,1600-1799,d1d3,74,0.3581081081081081,0.3611945445274361,0.03785,0.2988418928487863,0.214,False,False
r2q1rk1/pp1n1ppp/2pb1n2/3p2Bb/3P4/2N2N1P/PPP1BPP1/R2Q1RK1 w - -,1600-1799,f1e1,128,0.37890625,0.38007394567747604,0.0454,0.32057172397801936,0.4305,False,False
r2q1rk1/pp1n1ppp/2pb1n2/3p2Bb/3P4/2N2N1P/PPP1BPP1/R2Q1RK1 w - -,1600-1799,f3d2,33,0.3181818181818182,0.3263272762627366,0.044,0.47882243021465687,0.3195,True,False
r2q1rk1/pp1n1ppp/2pb1n2/3p2Bb/3P4/2N2N1P/PPP1BPP1/R2Q1RK1 w - -,1600-1799,f3e5,94,0.3882978723404255,0.3900664793693789,0.08665,0.34278982790292745,0.2965,False,False
r2q1rk1/pp1n1ppp/2pb1n2/3p2Bb/3P4/2N2N1P/PPP1BPP1/R2Q1RK1 w - -,1600-1799,f3h2,114,0.43859649122807015,0.43918060909669737,0.35165,0.34509444360574215,0.386,False,False
r2q1rk1/pp1n1ppp/2pb1n2/3p2Bb/3P4/2N2N1P/PPP1BPP1/R2Q1RK1 w - -,1600-1799,f3h4,34,0.4117647058823529,0.4151297504933413,0.28795,0.4502147759466716,0.47,False,True
r2q1rk1/pp1n1ppp/2pb1n2/3p2Bb/3P4/2NB1N1P/PPP2PP1/R2QR1K1 w - -,1600-1799,a2a3,24,0.2916666666666667,0.30436385890630685,0.00485,0.28627010808333114,0.3725,False,False
r2q1rk1/pp1n1ppp/2pb1n2/3p2Bb/3P4/2NB1N1P/PPP2PP1/R2QR1K1 w - -,1600-1799,c3e2,13,0.4230769230769231,0.43099310129166296,0.1796,0.20883110238759456,0.2575,False,False
r2q1rk1/pp1n1ppp/2pb1n2/3p2Bb/3P4/2NB1N1P/PPP2PP1/R2QR1K1 w - -,1600-1799,d1d2,33,0.5606060606060606,0.5581223624095991,0.7593,0.4800468169264899,0.228,True,False
r2q1rk1/pp1n1ppp/2pb1n2/3p2Bb/3P4/2NB1N1P/PPP2PP1/R2QR1K1 w - -,1600-1799,d3e2,215,0.3744186046511628,0.3751734265937148,0.0029,0.31136981494550664,0.3995,False,False
r2q1rk1/pp1n1ppp/2pb1n2/3p2Bb/3P4/2NB1N1P/PPP2PP1/R2QR1K1 w - -,1600-1799,d3f5,59,0.4152542372881356,0.41669406561102423,0.0505,0.37397672987200264,0.443,False,False
r2q1rk1/pp1n1ppp/2pb1n2/3p2Bb/3P4/2NB1N1P/PPP2PP1/R2QR1K1 w - -,1600-1799,e1e3,49,0.30612244897959184,0.3123295711764549,0.00255,0.30349338033246964,0.424,False,False
r2q1rk1/pp1n1ppp/2pb1n2/3p2Bb/3P4/2NB1N1P/PPP2PP1/R2QR1K1 w - -,1600-1799,g2g4,166,0.32831325301204817,0.3297149459949778,0.0003,0.26342394062683283,0.4575,False,True
r2q1rk1/pp1n1ppp/2pb1n2/3p2Bb/3P4/2P2N1P/PP1NBPP1/R2Q1RK1 w - -,1600-1799,d1b3,11,0.2727272727272727,0.299778287723478,0.04035,0.4172231557179912,0.487,False,False
r2q1rk1/pp1n1ppp/2pb1n2/3p2Bb/3P4/2P2N1P/PP1NBPP1/R2Q1RK1 w - -,1600-1799,d1c2,28,0.21428571428571427,0.22872008548161676,0.0016,0.48596975476725035,0.4835,False,False
r2q1rk1/pp1n1ppp/2pb1n2/3p2Bb/3P4/2P2N1P/PP1NBPP1/R2Q1RK1 w - -,1600-1799,f1e1,52,0.4326923076923077,0.43398144822764295,0.19155,0.37971265666396403,0.4905,False,True
r2q1rk1/pp1n1ppp/2pb1n2/3p2Bb/3P4/2P2N1P/PP1NBPP1/R2Q1RK1 w - -,1600-1799,f3h2,31,0.3387096774193548,0.34588978071926973,0.03555,0.43589727518809607,0.4285,False,False
r2q1rk1/pp1n1ppp/2pb1n2/3p2Bb/3P4/2P2N1P/PP1NBPP1/R2Q1RK1 w - -,1600-1799,f3h4,12,0.5416666666666666,0.5381297788848267,0.73095,0.5044192613432738,0.484,True,False
r2q1rk1/pp1n1ppp/2pb1n2/3p2Bb/3P4/2PB1N1P/PP1N1PP1/R2Q1RK1 w - -,1600-1799,a1c1,22,0.4772727272727273,0.4780802152661419,0.2326,0.3436799086777569,0.4955,False,False
r2q1rk1/pp1n1ppp/2pb1n2/3p2Bb/3P4/2PB1N1P/PP1N1PP1/R2Q1RK1 w - -,1600-1799,d1b3,51,0.5588235294117647,0.5575013521060522,0.6935,0.43881973017752646,0.497,False,False
r2q1rk1/pp1n1ppp/2pb1n2/3p2Bb/3P4/2PB1N1P/PP1N1PP1/R2Q1RK1 w - -,1600-1799,d1c2,545,0.4706422018348624,0.47081063848907206,0.038,0.5223699433964245,0.506,True,True
r2q1rk1/pp1n1ppp/2pb1n2/3p2Bb/3P4/2PB1N1P/PP1N1PP1/R2Q1RK1 w - -,1600-1799,f1e1,105,0.44761904761904764,0.44846895749375726,0.0359,0.5074910293014829,0.5055,False,False
r2q1rk1/pp1n1ppp/2pb1n2/3p2Bb/3P4/3B1N1P/PPPN1PP1/R2QR1K1 w - -,1600-1799,c2c3,124,0.4112903225806452,0.41233401842696077,0.0959,0.5168956694200861,0.5095,False,False
r2q1rk1/pp1n1ppp/2pb1n2/3p2Bb/3P4/3B1N1P/PPPN1PP1/R2QR1K1 w - -,1600-1799,c2c4,27,0.4444444444444444,0.4476229970613599,0.30035,0.5477025767200171,0.517,True,True
r2q1rk1/pp1n1ppp/2pb1n2/3p2Bb/3P4/3B1N1P/PPPN1PP1/R2QR1K1 w - -,1600-1799,d2f1,25,0.24,0.2544688021721621,0.00615,0.30694829177040256,0.466,False,False
r2q1rk1/pp1n1ppp/2pb1n2/3p2Bb/3P4/3B1N1P/PPPN1PP1/R2QR1K1 w - -,1600-1799,g2g4,17,0.5,0.5004467984568339,0.5976,0.18249865999412165,0.4795,False,False
r2q1rk1/pp1nbpp1/2p1bn1p/3p4/3P3B/2NBP3/PPQ1NPPP/R3K2R w KQ -,1600-1799,e1g1,44,0.48863636363636365,0.48871630055808735,0.56625,0.7265374923928446,0.5475,False,False
r2q1rk1/pp1nbpp1/2p1bn1p/3p4/3P3B/2NBP3/PPQ1NPPP/R3K2R w KQ -,1600-1799,e2f4,13,0.46153846153846156,0.46525300268086256,0.43375,0.8965874585117171,0.639,True,True
r2q1rk1/pp1nbpp1/2p2n1p/3p4/3P2bB/2NBPN2/PP3PPP/R2Q1RK1 w - -,1600-1799,a1c1,13,0.5384615384615384,0.5349988946916595,0.5473,0.4318382828227519,0.502,False,False
r2q1rk1/pp1nbpp1/2p2n1p/3p4/3P2bB/2NBPN2/PP3PPP/R2Q1RK1 w - -,1600-1799,d3e2,21,0.3333333333333333,0.3434176834769787,0.02355,0.49925183908418586,0.493,False,False
r2q1rk1/pp1nbpp1/2p2n1p/3p4/3P2bB/2NBPN2/PP3PPP/R2Q1RK1 w - -,1600-1799,h2h3,76,0.5197368421052632,0.5193591537381386,0.42915,0.6640422437290739,0.5365,True,True
r2q1rk1/pp1nbppp/2p2n2/3p2B1/3P4/2NQPN2/PP3PPP/R4RK1 w - -,1600-1799,a1b1,21,0.5476190476190477,0.5449374127288402,0.407,0.5007964453439208,0.4965,True,False
r2q1rk1/pp1nbppp/2p2n2/3p2B1/3P4/2NQPN2/PP3PPP/R4RK1 w - -,1600-1799,a1c1,43,0.5348837209302325,0.5338992754963232,0.2943,0.49105882610913776,0.4965,False,False
r2q1rk1/pp1nbppp/2p2n2/3p2B1/3P4/2NQPN2/PP3PPP/R4RK1 w - -,1600-1799,a2a3,51,0.4019607843137255,0.4055136428050488,0.0109,0.4991870567355136,0.4985,False,False
r2q1rk1/pp1nbppp/2p2n2/3p2B1/3P4/2NQPN2/PP3PPP/R4RK1 w - -,1600-1799,f1e1,52,0.4230769230769231,0.4242563118981403,0.01785,0.27042451795058864,0.4935,False,False
r2q1rk1/pp1nbppp/2p2n2/3p2B1/3P4/2NQPN2/PP3PPP/R4RK1 w - -,1600-1799,f3e5,15,0.3333333333333333,0.34791559477534,0.0129,0.4920763514238968,0.473,False,False
r2q1rk1/pp1nbppp/2p2n2/3p2B1/3P4/2NQPN2/PP3PPP/R4RK1 w - -,1600-1799,h2h3,28,0.5178571428571429,0.5185577591298173,0.25705,0.41071489412006856,0.501,False,True
r2q1rk1/pp1nbppp/2p2n2/3p2Bb/3P4/2N1PN1P/PP2BPP1/R2Q1RK1 w - -,1600-1799,a1c1,25,0.48,0.4811709517857901,0.1435,0.4999640508469603,0.501,False,True
r2q1rk1/pp1nbppp/2p2n2/3p2Bb/3P4/2N1PN1P/PP2BPP1/R2Q1RK1 w - -,1600-1799,a2a3,29,0.4827586206896552,0.48421805787011274,0.15075,0.4942653205141942,0.499,False,False
r2q1rk1/pp1nbppp/2p2n2/3p2Bb/3P4/2N1PN1P/PP2BPP1/R2Q1RK1 w - -,1600-1799,d1c2,11,0.5909090909090909,0.5810722149995686,0.582,0.5041928736886598,0.496,True,False
r2q1rk1/pp1nbppp/2p2n2/3p2Bb/3P4/2N1PN1P/PP2BPP1/R2Q1RK1 w - -,1600-1799,f3e5,22,0.3409090909090909,0.35169315372485305,0.0154,0.4943137707834962,0.4825,False,False
r2q1rk1/pp1nbppp/2p2n2/3p2Bb/3P4/2N1PN1P/PP2BPP1/R2Q1RK1 w - -,1600-1799,f3h2,10,0.4,0.41300200588489006,0.10835,0.47597046602000614,0.4855,False,False
r2q1rk1/pp1nbppp/2p2n2/3p2Bb/3P4/2NB1N1P/PPP2PP1/R2QR1K1 w - -,1600-1799,d1d2,11,0.4090909090909091,0.4202290728725914,0.1642,0.7575327832082639,0.3055,True,False
r2q1rk1/pp1nbppp/2p2n2/3p2Bb/3P4/2NB1N1P/PPP2PP1/R2QR1K1 w - -,1600-1799,d1e2,40,0.2875,0.295591384952808,0.0027,0.5084369912626473,0.4505,False,False
r2q1rk1/pp1nbppp/2p2n2/3p2Bb/3P4/2NB1N1P/PPP2PP1/R2QR1K1 w - -,1600-1799,d3e2,57,0.39473684210526316,0.39711389773561456,0.03465,0.4348728303008139,0.459,False,False
r2q1rk1/pp1nbppp/2p2n2/3p2Bb/3P4/2NB1N1P/PPP2PP1/R2QR1K1 w - -,1600-1799,d3f5,11,0.4090909090909091,0.41836446966435,0.1613,0.5167796215919197,0.4745,False,False
r2q1rk1/pp1nbppp/2p2n2/3p2Bb/3P4/2NB1N1P/PPP2PP1/R2QR1K1 w - -,1600-1799,e1e3,18,0.5555555555555556,0.5513663395606877,0.6253,0.5529480291414435,0.486,False,True
r2q1rk1/pp1nbppp/2p2n2/3p2Bb/3P4/2NB1N1P/PPP2PP1/R2QR1K1 w - -,1600-1799,g2g4,61,0.36065573770491804,0.3629952577355344,0.01185,0.40455965125550486,0.4645,False,False
r2q1rk1/pp1nbppp/2p2n2/3p2Bb/3P4/2NBPN1P/PP3PP1/R2Q1RK1 w - -,1600-1799,a1b1,19,0.5,0.5002629405776201,0.31655,0.4884536358451368,0.498,False,True
r2q1rk1/pp1nbppp/2p2n2/3p2Bb/3P4/2NBPN1P/PP3PP1/R2Q1RK1 w - -,1600-1799,a1c1,40,0.4125,0.4147454078834569,0.04895,0.49721996479075703,0.498,False,False
r2q1rk1/pp1nbppp/2p2n2/3p2Bb/3P4/2NBPN1P/PP3PP1/R2Q1RK1 w - -,1600-1799,a2a3,16,0.34375,0.35663210561912073,0.03945,0.4822958255573109,0.497,False,False
r2q1rk1/pp1nbppp/2p2n2/3p2Bb/3P4/2NBPN1P/PP3PP1/R2Q1RK1 w - -,1600-1799,d1c2,20,0.55,0.5459659029666261,0.53955,0.5393974674104933,0.479,True,False
r2q1rk1/pp1nbppp/2p2n2/3p2Bb/3P4/2NBPN1P/PP3PP1/R2Q1RK1 w - -,1600-1799,d3e2,86,0.3372093023255814,0.34041403330160613,0.0011,0.4941688010350798,0.498,False,False
r2q1rk1/pp1nbppp/2p2n2/3p2Bb/3P4/2NBPN1P/PP3PP1/R2Q1RK1 w - -,1600-1799,f1e1,19,0.3157894736842105,0.3289566036605732,0.01665,0.3892573436696579,0.498,False,False
r2q1rk1/pp1nbppp/2p2n2/3p2Bb/3P4/2NBPN1P/PP3PP1/R2Q1RK1 w - -,1600-1799,g2g4,60,0.4166666666666667,0.4177829090070267,0.03775,0.48667316396621313,0.486,False,False
r2q1rk1/pp1nbppp/2p2n2/3p2Bb/3P4/2PB1N1P/PP1N1PP1/R2Q1RK1 w - -,1600-1799,d1b3,12,0.5416666666666666,0.538562795923588,0.4233,0.54400860956446,0.512,False,False
r2q1rk1/pp1nbppp/2p2n2/3p2Bb/3P4/2PB1N1P/PP1N1PP1/R2Q1RK1 w - -,1600-1799,d1c2,120,0.4875,0.4878572520343733,0.11495,0.6419203791512227,0.517,True,True
r2q1rk1/pp1nbppp/2p2n2/3p2Bb/3P4/2PB1N1P/PP1N1PP1/R2Q1RK1 w - -,1600-1799,f1e1,18,0.5555555555555556,0.5511348577933446,0.46175,0.5663467201059256,0.516,False,False
r2q1rk1/pp1nppbp/2p2np1/8/2BP4/2N1PQ1P/PP3PP1/R1B2RK1 w - -,1600-1799,b2b3,21,0.5,0.5006433718441644,0.08205,0.45422439787767344,0.5115,False,False
r2q1rk1/pp1nppbp/2p2np1/8/2BP4/2N1PQ1P/PP3PP1/R1B2RK1 w - -,1600-1799,e3e4,22,0.6590909090909091,0.6489209726775597,0.6899,0.6706100180828092,0.545,False,False
r2q1rk1/pp1nppbp/2p2np1/8/2BP4/2N1PQ1P/PP3PP1/R1B2RK1 w - -,1600-1799,f1d1,13,0.5384615384615384,0.5357482500245643,0.213,0.8739676914491198,0.5825,True,True
r2q1rk1/pp1nppbp/2p2np1/8/2BP4/2N1PQ1P/PP3PP1/R1B2RK1 w - -,1600-1799,f1e1,10,0.3,0.32680290783822963,0.01505,0.5339374589433511,0.517,False,False
r2q1rk1/pp2bpp1/2n1pn1p/3p2B1/3P2b1/2PB1N2/PPQN1PPP/R4RK1 w - -,1600-1799,g5f4,19,0.5,0.5002281050120764,0.1969,0.4629388304931244,0.505,False,False
r2q1rk1/pp2bpp1/2n1pn1p/3p2B1/3P2b1/2PB1N2/PPQN1PPP/R4RK1 w - -,1600-1799,g5f6,26,0.6153846153846154,0.6080720770290851,0.7498,0.6191992273074325,0.524,False,True
r2q1rk1/pp2bpp1/2n1pn1p/3p2B1/3P2b1/2PB1N2/PPQN1PPP/R4RK1 w - -,1600-1799,g5h4,123,0.4878048780487805,0.48767907957448214,0.0533,0.6283028801098647,0.516,True,False
r2q1rk1/pp2bppp/2n1pn2/1B1p2B1/3P4/2N2Q1P/PPP2PP1/R4RK1 w - -,1600-1799,a1d1,42,0.34523809523809523,0.3502817551551095,0.00475,0.4276914567825985,0.468,False,False
r2q1rk1/pp2bppp/2n1pn2/1B1p2B1/3P4/2N2Q1P/PPP2PP1/R4RK1 w - -,1600-1799,a2a3,20,0.3,0.31361865610532047,0.00985,0.038052812404179986,0.0045,False,False
r2q1rk1/pp2bppp/2n1pn2/1B1p2B1/3P4/2N2Q1P/PPP2PP1/R4RK1 w - -,1600-1799,b5c6,84,0.39880952380952384,0.40052599197049843,0.01075,0.346397497241316,0.4925,False,True
r2q1rk1/pp2bppp/2n1pn2/1B1p2B1/3P4/2N2Q1P/PPP2PP1/R4RK1 w - -,1600-1799,b5d3,18,0.3888888888888889,0.3973608550474623,0.0571,0.4080785057334446,0.021,False,False
r2q1rk1/pp2bppp/2n1pn2/1B1p2B1/3P4/2N2Q1P/PPP2PP1/R4RK1 w - -,1600-1799,c3e2,27,0.5555555555555556,0.5527111460594814,0.4566,0.44627640887530035,0.485,True,False
r2q1rk1/pp2bppp/2n1pn2/1B1p2B1/3P4/2N2Q1P/PPP2PP1/R4RK1 w - -,1600-1799,f1e1,53,0.33962264150943394,0.3442049563962018,0.00325,0.036333438542918414,0.006,False,False
r2q1rk1/pp2bppp/2n1pn2/1B1p2B1/3P4/2N2Q1P/PPP2PP1/R4RK1 w - -,1600-1799,f3g3,18,0.3333333333333333,0.3464449365062667,0.0185,0.3341816527836609,0.0065,False,False
r2q1rk1/pp2bppp/2n1pn2/1B1p2B1/3P4/2N2Q1P/PPP2PP1/R4RK1 w - -,1600-1799,g5f6,11,0.5454545454545454,0.5401847223700028,0.4392,0.33855965153728534,0.1355,False,False
r2q1rk1/pp2bppp/2n1pn2/3p2Bb/3P4/2P2N1P/PP1NBPP1/R2Q1RK1 w - -,1600-1799,d1b3,15,0.3333333333333333,0.34997340994121073,0.00225,0.5702600426252713,0.482,False,False
r2q1rk1/pp2bppp/2n1pn2/3p2Bb/3P4/2P2N1P/PP1NBPP1/R2Q1RK1 w - -,1600-1799,d1c2,20,0.725,0.7094068066593597,0.7198,0.6274639893371077,0.4925,True,False
r2q1rk1/pp2bppp/2n1pn2/3p2Bb/3P4/2P2N1P/PP1NBPP1/R2Q1RK1 w - -,1600-1799,d2b3,15,0.5333333333333333,0.5282054502105002,0.07995,0.49637311423337416,0.487,False,False
r2q1rk1/pp2bppp/2n1pn2/3p2Bb/3P4/2P2N1P/PP1NBPP1/R2Q1RK1 w - -,1600-1799,f1e1,41,0.6219512195121951,0.6173228175335236,0.16595,0.5195521500376962,0.513,False,True
r2q1rk1/pp2bppp/2n1pn2/3p2Bb/3P4/2P2N1P/PP1NBPP1/R2Q1RK1 w - -,1600-1799,f3e5,49,0.5204081632653061,0.5196581306253713,0.0142,0.5253798930813726,0.511,False,False
r2q1rk1/pp2bppp/2n1pn2/3p2Bb/3P4/2P2N1P/PP1NBPP1/R2Q1RK1 w - -,1600-1799,f3h2,44,0.5227272727272727,0.5216828310760495,0.01785,0.48409692251069875,0.497,False,False
r2q1rk1/pp2bppp/2n1pn2/3p2Bb/3P4/2PB1N1P/PP1N1PP1/R2Q1RK1 w - -,1600-1799,d1b3,36,0.4861111111111111,0.48717999939048456,0.2652,0.5388804945547516,0.506,False,False
r2q1rk1/pp2bppp/2n1pn2/3p2Bb/3P4/2PB1N1P/PP1N1PP1/R2Q1RK1 w - -,1600-1799,d1c2,195,0.517948717948718,0.5177980852737716,0.393,0.518583533728132,0.5205,False,False
r2q1rk1/pp2bppp/2n1pn2/3p2Bb/3P4/2PB1N1P/PP1N1PP1/R2Q1RK1 w - -,1600-1799,f1e1,33,0.45454545454545453,0.4569797530833852,0.14695,0.5766252665476478,0.521,True,True
r2q1rk1/pp2bppp/2n1pn2/3p2Bb/3P4/2PB1N1P/PP1N1PP1/R2Q1RK1 w - -,1600-1799,g2g4,17,0.4411764705882353,0.4461704128354423,0.19485,0.5024138314684929,0.49,False,False
r2q1rk1/pp2bppp/2n1pn2/3p3b/3P1B2/2PB1N1P/PP1N1PP1/R2Q1RK1 w - -,1600-1799,d1b3,14,0.35714285714285715,0.37130870432844215,0.13855,0.5457630860646729,0.528,True,False
r2q1rk1/pp2bppp/2n1pn2/3p3b/3P1B2/2PB1N1P/PP1N1PP1/R2Q1RK1 w - -,1600-1799,d1c2,60,0.425,0.4268388645335569,0.22115,0.5270508885059297,0.53,False,False
r2q1rk1/pp2bppp/2n1pn2/3p3b/3P1B2/2PB1N1P/PP1N1PP1/R2Q1RK1 w - -,1600-1799,f1e1,18,0.5,0.49953860433967096,0.6403,0.4973014563473019,0.5315,False,True
r2q1rk1/pp2ppbp/1nnp2p1/8/2PP2b1/1PN1BN2/P3BPPP/R2QK2R w KQ -,1600-1799,a1c1,30,0.4666666666666667,0.46840612620593447,0.03315,0.6717027845532488,0.4905,True,False
r2q1rk1/pp2ppbp/1nnp2p1/8/2PP2b1/1PN1BN2/P3BPPP/R2QK2R w KQ -,1600-1799,e1g1,43,0.627906976744186,0.6246770053713457,0.5311,0.6651600453199904,0.527,False,False
r2q1rk1/pp2ppbp/1nnp2p1/8/2PP2b1/1PN1BN2/P3BPPP/R2QK2R w KQ -,1600-1799,h2h3,17,0.6176470588235294,0.6070590014622254,0.43575,0.5568597548025103,0.5475,False,True
r2q1rk1/pp2ppbp/1nnp2p1/8/2PP2b1/2N1BN2/PP2BPPP/R2Q1RK1 w - -,1600-1799,a1c1,19,0.34210526315789475,0.3536125799162139,0.0771,0.2475971867455813,0.426,False,False
r2q1rk1/pp2ppbp/1nnp2p1/8/2PP2b1/2N1BN2/PP2BPPP/R2Q1RK1 w - -,1600-1799,a2a3,16,0.3125,0.32787013902199624,0.05035,0.23932845007990244,0.2785,False,False
r2q1rk1/pp2ppbp/1nnp2p1/8/2PP2b1/2N1BN2/PP2BPPP/R2Q1RK1 w - -,1600-1799,b2b3,61,0.5163934426229508,0.5160993525077658,0.84165,0.6805049156324836,0.514,True,True
r2q1rk1/pp2ppbp/1nnp2p1/8/2PP2b1/2N1BN2/PP2BPPP/R2Q1RK1 w - -,1600-1799,d1d2,36,0.2916666666666667,0.2996710806385464,0.0083,0.10663749109444454,0.435,False,False
r2q1rk1/pp2ppbp/1nnp2p1/8/2PP2b1/2N1BN2/PP2BPPP/R2Q1RK1 w - -,1600-1799,d4d5,74,0.34459459459459457,0.34784072051942533,0.0109,0.20784862889768635,0.414,False,False
r2q1rk1/pp2ppbp/1nnp2p1/8/2PP2b1/2N1BN2/PP2BPPP/R2Q1RK1 w - -,1600-1799,h2h3,109,0.3623853211009174,0.3643908116460397,0.0117,0.05314381134454011,0.313,False,False
r2q1rk1/pp2ppbp/1nnp2p1/8/2PP2b1/2NBBN2/PP3PPP/R2Q1RK1 w - -,1600-1799,d3e2,21,0.38095238095238093,0.3890291906588374,0.12215,0.12591529724314857,0.351,False,False
r2q1rk1/pp2ppbp/1nnp2p1/8/2PP2b1/2NBBN2/PP3PPP/R2Q1RK1 w - -,1600-1799,d4d5,49,0.3979591836734694,0.4014560042597539,0.08365,0.20323004394771424,0.1575,False,False
r2q1rk1/pp2ppbp/1nnp2p1/8/2PP2b1/2NBBN2/PP3PPP/R2Q1RK1 w - -,1600-1799,h2h3,38,0.5263157894736842,0.5259131069315811,0.7942,0.28963897604790745,0.474,True,True
r2q1rk1/pp2ppbp/2n3p1/2p5/2BPP1b1/2P1BN2/P4PPP/R2Q1RK1 w - -,1600-1799,c4e2,14,0.42857142857142855,0.43558275797942286,0.34055,0.12192950582802202,0.0845,False,False
r2q1rk1/pp2ppbp/2n3p1/2p5/2BPP1b1/2P1BN2/P4PPP/R2Q1RK1 w - -,1600-1799,d4d5,41,0.43902439024390244,0.44120193955228343,0.3033,0.5416809825165049,0.5035,True,True
r2q1rk1/pp2ppbp/2n3p1/2p5/2BPP1b1/2P1BN2/P4PPP/R2Q1RK1 w - -,1600-1799,e4e5,25,0.34,0.34801730031848804,0.06655,0.30892854661935826,0.482,False,False
r2q1rk1/pp2ppbp/2n3p1/2p5/2BPP1b1/2P1BN2/P4PPP/R2Q1RK1 w - -,1600-1799,h2h3,29,0.43103448275862066,0.4345120029776311,0.2896,0.14038687186218304,0.1225,False,False
r2q1rk1/pp2ppbp/2n3p1/2p5/2BPP1b1/2P1BP2/P3N1PP/R2Q1RK1 b - -,1600-1799,c5d4,22,0.5227272727272727,0.5211859698429671,0.63915,0.4476890941775517,0.478,False,True
r2q1rk1/pp2ppbp/2n3p1/2p5/2BPP1b1/2P1BP2/P3N1PP/R2Q1RK1 b - -,1600-1799,c6a5,70,0.4642857142857143,0.4653137222777437,0.24795,0.45347953740248775,0.455,True,False
r2q1rk1/pp2ppbp/2n3p1/2p5/2BPP1b1/2P1BP2/P3N1PP/R2Q1RK1 b - -,1600-1799,g4d7,24,0.3958333333333333,0.4013700198996254,0.1129,0.36782465972301553,0.473,False,False
r2q1rk1/pp2ppbp/3p1np1/2p5/3nPP2/2NP1QPP/PPP3B1/R1B2RK1 w - -,1600-1799,f3d1,19,0.5263157894736842,0.524699374562468,0.6708,0.5679357855461603,0.5095,True,False
r2q1rk1/pp2ppbp/3p1np1/2p5/3nPP2/2NP1QPP/PPP3B1/R1B2RK1 w - -,1600-1799,f3f2,25,0.46,0.46258777509224036,0.3292,0.43699133918805294,0.5505,False,True
r2q1rk1/pp2ppbp/3p1np1/2pPn3/2P1P3/2NB1Q1P/PP3PP1/R1B2RK1 w - -,1600-1799,f3d1,23,0.41304347826086957,0.41812000033785235,0.16935,0.5379729532090802,0.618,False,True
r2q1rk1/pp2ppbp/3p1np1/2pPn3/2P1P3/2NB1Q1P/PP3PP1/R1B2RK1 w - -,1600-1799,f3e2,165,0.5181818181818182,0.5178344317416921,0.83065,0.5612190147763163,0.5895,True,False
r2q1rk1/pp2ppbp/3pbnp1/8/2BBP3/2N2P2/PPPQ2PP/R3K2R w KQ -,1600-1799,c3d5,11,0.5909090909090909,0.581029872305009,0.5263,0.5456587429823315,0.502,False,False
r2q1rk1/pp2ppbp/3pbnp1/8/2BBP3/2N2P2/PPPQ2PP/R3K2R w KQ -,1600-1799,c4b3,14,0.5714285714285714,0.565579462754717,0.4501,0.7794885120922973,0.5385,True,False
r2q1rk1/pp2ppbp/3pbnp1/8/2BBP3/2N2P2/PPPQ2PP/R3K2R w KQ -,1600-1799,c4e6,41,0.4024390243902439,0.40501953391943457,0.0236,0.7003956615605158,0.5405,False,True
r2q1rk1/pp2ppbp/3pbnp1/8/2PBP3/2N5/PP2BPPP/R2Q1RK1 w - -,1600-1799,a1c1,24,0.8125,0.7951526822360959,0.6508,0.568769013981641,0.608,False,False
r2q1rk1/pp2ppbp/3pbnp1/8/2PBP3/2N5/PP2BPPP/R2Q1RK1 w - -,1600-1799,b2b3,19,0.6578947368421053,0.6468531537953734,0.05705,0.5595871165831374,0.6465,False,True
r2q1rk1/pp2ppbp/3pbnp1/8/2PBP3/2N5/PP2BPPP/R2Q1RK1 w - -,1600-1799,d1d2,12,0.5416666666666666,0.537582247629975,0.0167,0.6499630378906305,0.608,True,False
r2q1rk1/pp2ppbp/3pbnp1/8/2PBP3/2N5/PP2BPPP/R2Q1RK1 w - -,1600-1799,f2f3,10,0.6,0.587789261620972,0.05655,0.5127429278163678,0.586,False,False
r2q1rk1/pp2ppbp/3pbnp1/8/2PBP3/2N5/PP2BPPP/R2Q1RK1 w - -,1600-1799,f2f4,13,0.7307692307692307,0.7072387484175997,0.2189,0.572597913960766,0.644,False,False
r2q1rk1/pp2ppbp/3pbnp1/8/3BP1P1/2N2P2/PPPQ3P/R3KB1R w KQ -,1600-1799,e1c1,26,0.4230769230769231,0.4270444550803877,0.77805,0.5399472496097455,0.5125,False,False
r2q1rk1/pp2ppbp/3pbnp1/8/3BP1P1/2N2P2/PPPQ3P/R3KB1R w KQ -,1600-1799,h2h4,38,0.32894736842105265,0.3359921652941923,0.22195,0.5482585981064332,0.8385,True,True
r2q1rk1/pp2ppbp/3pbnp1/8/3BP3/2N2P2/PPPQB1PP/R3K2R w KQ -,1600-1799,e1c1,33,0.5,0.5005524426908847,0.56255,0.6703775279418689,0.5075,False,False
r2q1rk1/pp2ppbp/3pbnp1/8/3BP3/2N2P2/PPPQB1PP/R3K2R w KQ -,1600-1799,g2g4,23,0.4782608695652174,0.4803999381130282,0.43745,0.7857870071170824,0.597,True,True
r2q1rk1/pp3ppp/2n1bn2/2bp2B1/8/2N2NP1/PP2PPBP/R2Q1RK1 w - -,1600-1799,a1c1,18,0.4722222222222222,0.4742811370408372,0.26465,0.8285600475483169,0.602,False,False
r2q1rk1/pp3ppp/2n1bn2/2bp2B1/8/2N2NP1/PP2PPBP/R2Q1RK1 w - -,1600-1799,e2e3,13,0.5384615384615384,0.5339049161890612,0.5288,0.867081644886181,0.541,True,False
r2q1rk1/pp3ppp/2n1bn2/2bp2B1/8/2N2NP1/PP2PPBP/R2Q1RK1 w - -,1600-1799,g5f6,27,0.46296296296296297,0.4643445929745988,0.20655,0.8070831962439009,0.6765,False,True
r2q1rk1/pp3ppp/2n2n2/1Bbp3b/8/2N1PN1P/PP3PP1/R1BQ1RK1 w - -,1600-1799,a2a3,18,0.5833333333333334,0.5766474820879987,0.6416,0.48183920371033223,0.483,False,False
r2q1rk1/pp3ppp/2n2n2/1Bbp3b/8/2N1PN1P/PP3PP1/R1BQ1RK1 w - -,1600-1799,b5e2,69,0.5289855072463768,0.5285500874809675,0.3306,0.5375714654991395,0.487,True,True
r2q1rk1/pp3ppp/2n2n2/1Bbp3b/8/2N1PN1P/PP3PP1/R1BQ1RK1 w - -,1600-1799,g2g4,21,0.35714285714285715,0.3669131064264784,0.0278,0.43934389197419854,0.325,False,False
r2q1rk1/pp3ppp/2nbpn2/3p3b/3P4/2PB1N1P/PP1N1PP1/R1BQR1K1 w - -,1600-1799,d1c2,31,0.5645161290322581,0.5615777919653817,0.85125,0.30135131432327333,0.3735,False,False
r2q1rk1/pp3ppp/2nbpn2/3p3b/3P4/2PB1N1P/PP1N1PP1/R1BQR1K1 w - -,1600-1799,d2f1,65,0.45384615384615384,0.45546071944247624,0.14875,0.5134279262238212,0.4645,True,True
r2q1rk1/ppp1b1pp/3ppn2/6B1/3QP3/2N5/PPP2PPP/2KR3R w - -,1600-1799,d4c4,15,0.5666666666666667,0.5605067608967779,0.25885,0.8118059086473632,0.5365,False,False
r2q1rk1/ppp1b1pp/3ppn2/6B1/3QP3/2N5/PPP2PPP/2KR3R w - -,1600-1799,e4e5,102,0.6274509803921569,0.6254449180954088,0.49295,0.9069910329260465,0.555,True,True
r2q1rk1/ppp1b1pp/3ppn2/6B1/3QP3/2N5/PPP2PPP/2KR3R w - -,1600-1799,f2f3,38,0.5263157894736842,0.5250025334933152,0.06915,0.5938471894097608,0.5045,False,False
r2q1rk1/ppp1b1pp/3ppn2/6B1/3QP3/2N5/PPP2PPP/2KR3R w - -,1600-1799,f2f4,79,0.5759493670886076,0.5747879276532307,0.1354,0.5904355222385657,0.5395,False,False
r2q1rk1/ppp1b1pp/3ppn2/6B1/3QP3/2N5/PPP2PPP/2KR3R w - -,1600-1799,h1e1,13,0.4230769230769231,0.430711819302023,0.04225,0.5465308975828564,0.5065,False,False
r2q1rk1/ppp1b1pp/3ppn2/6B1/3QP3/2N5/PPP2PPP/2KR3R w - -,1600-1799,h2h4,49,0.41836734693877553,0.42054363510679904,0.0014,0.26832739204327966,0.5005,False,False
r2q1rk1/ppp1b1pp/3ppn2/6B1/3QP3/2N5/PPP2PPP/R4RK1 w - -,1600-1799,a1d1,158,0.5,0.49991657521597643,0.0448,0.5533333253835255,0.5215,False,False
r2q1rk1/ppp1b1pp/3ppn2/6B1/3QP3/2N5/PPP2PPP/R4RK1 w - -,1600-1799,d4c4,35,0.5142857142857142,0.5139408596170054,0.20135,0.7279811194066861,0.505,False,False
r2q1rk1/ppp1b1pp/3ppn2/6B1/3QP3/2N5/PPP2PPP/R4RK1 w - -,1600-1799,d4e3,18,0.1111111111111111,0.14179796929879102,0.0,0.31594579832115244,0.4995,False,False
r2q1rk1/ppp1b1pp/3ppn2/6B1/3QP3/2N5/PPP2PPP/R4RK1 w - -,1600-1799,e4e5,93,0.5752688172043011,0.5740908482099437,0.5863,0.7359951693407322,0.543,True,True
r2q1rk1/ppp1b1pp/3ppn2/6B1/3QP3/2N5/PPP2PPP/R4RK1 w - -,1600-1799,f1e1,19,0.42105263157894735,0.4258093006633298,0.07315,0.6010862540130583,0.4995,False,False
r2q1rk1/ppp1b1pp/3ppn2/6B1/3QP3/2N5/PPP2PPP/R4RK1 w - -,1600-1799,f2f4,73,0.4931506849315068,0.4927507857884603,0.07835,0.5667093777960864,0.501,False,False
r2q1rk1/ppp1b1pp/3ppn2/6B1/3QP3/2N5/PPP2PPP/R4RK1 w - -,1600-1799,g5f6,18,0.3333333333333333,0.34578605907326926,0.01605,0.52794084814264,0.4995,False,False
r2q1rk1/ppp1bpp1/3pbn1p/8/2BQP2B/2N5/PPP2PPP/R4RK1 w - -,1600-1799,a1d1,40,0.575,0.5724185997606248,0.40585,0.739675060255943,0.5465,True,True
r2q1rk1/ppp1bpp1/3pbn1p/8/2BQP2B/2N5/PPP2PPP/R4RK1 w - -,1600-1799,c3d5,17,0.5588235294117647,0.5534605957812225,0.36875,0.4427714722523654,0.499,False,False
r2q1rk1/ppp1bpp1/3pbn1p/8/2BQP2B/2N5/PPP2PPP/R4RK1 w - -,1600-1799,c4d3,21,0.35714285714285715,0.36594476113334345,0.0125,0.542229165295651,0.493,False,False
r2q1rk1/ppp1bpp1/3pbn1p/8/2BQP2B/2N5/PPP2PPP/R4RK1 w - -,1600-1799,c4e6,58,0.5431034482758621,0.5421073478016548,0.2129,0.5812714541213971,0.5255,False,False
r2q1rk1/ppp1bppp/2b2n2/4Q1B1/8/2N2N2/PPP2PPP/2KR3R b - -,1600-1799,d8c8,11,0.2727272727272727,0.2986499911290292,0.2293,0.022517558823841016,0.0,False,False
r2q1rk1/ppp1bppp/2b2n2/4Q1B1/8/2N2N2/PPP2PPP/2KR3R b - -,1600-1799,d8e8,115,0.30869565217391304,0.31136493255766623,0.0721,0.44021695752668816,0.008,True,False
r2q1rk1/ppp1bppp/2b2n2/4Q1B1/8/2N2N2/PPP2PPP/2KR3R b - -,1600-1799,e7d6,102,0.3872549019607843,0.38869915672087274,0.6986,0.3351599433931163,0.4715,False,True
r2q1rk1/ppp1bppp/3p1n2/6B1/2Q1P3/2N5/PPP2PPP/R4RK1 w - -,1600-1799,a1d1,100,0.67,0.6669602591251677,0.64795,0.7604475465064148,0.525,True,True
r2q1rk1/ppp1bppp/3p1n2/6B1/2Q1P3/2N5/PPP2PPP/R4RK1 w - -,1600-1799,f1e1,23,0.5652173913043478,0.5607961979163081,0.0999,0.724908265800972,0.518,False,False
r2q1rk1/ppp1bppp/3p1n2/6B1/2Q1P3/2N5/PPP2PPP/R4RK1 w - -,1600-1799,f2f4,18,0.3888888888888889,0.3977884834988753,0.00535,0.5705853337351368,0.4945,False,False
r2q1rk1/ppp1bppp/3p1n2/6B1/2Q1P3/2N5/PPP2PPP/R4RK1 w - -,1600-1799,g5f6,15,0.6,0.5901978854433236,0.2468,0.6437171067032026,0.494,False,False
r2q1rk1/ppp2pp1/2np1n1p/8/2BPP1b1/2N2N2/PPP3PP/R2Q1RK1 w - -,1600-1799,d1d2,15,0.7333333333333333,0.711112622947585,0.86615,0.8652312274585737,0.5,True,False
r2q1rk1/ppp2pp1/2np1n1p/8/2BPP1b1/2N2N2/PPP3PP/R2Q1RK1 w - -,1600-1799,d1d3,22,0.5,0.5000303180528294,0.0492,0.8002991701551997,0.5005,False,False
r2q1rk1/ppp2pp1/2np1n1p/8/2BPP1b1/2N2N2/PPP3PP/R2Q1RK1 w - -,1600-1799,d4d5,20,0.4,0.4071601856774406,0.01295,0.4529551265630055,0.304,False,False
r2q1rk1/ppp2pp1/2np1n1p/8/2BPP1b1/2N2N2/PPP3PP/R2Q1RK1 w - -,1600-1799,h2h3,27,0.5185185185185185,0.5179639703911737,0.0717,0.6251615457102647,0.503,False,True
r2q1rk1/ppp2ppp/1nnp1b2/8/2PP2b1/1P3N2/PB2BPPP/RN1Q1RK1 w - -,1600-1799,b1a3,22,0.4318181818181818,0.43666823818109896,0.0723,0.6545554526464527,0.511,True,True
r2q1rk1/ppp2ppp/1nnp1b2/8/2PP2b1/1P3N2/PB2BPPP/RN1Q1RK1 w - -,1600-1799,b1d2,32,0.53125,0.5290582689007813,0.26875,0.5558120476764555,0.503,False,False
r2q1rk1/ppp2ppp/1nnp1b2/8/2PP2b1/1P3N2/PB2BPPP/RN1Q1RK1 w - -,1600-1799,d1c2,11,0.3181818181818182,0.34026387777512646,0.0288,0.4044321963795863,0.407,False,False
r2q1rk1/ppp2ppp/1nnp1b2/8/2PP2b1/1P3N2/PB2BPPP/RN1Q1RK1 w - -,1600-1799,d1d2,10,0.45,0.4576152962769186,0.17055,0.4975043337926955,0.493,False,False
r2q1rk1/ppp2ppp/1nnp1b2/8/2PP2b1/1P3N2/PB2BPPP/RN1Q1RK1 w - -,1600-1799,h2h3,38,0.5657894736842105,0.5637107251769051,0.4596,0.4738878991455194,0.499,False,False
r2q1rk1/ppp2ppp/1nnp1b2/8/2PP2b1/1PN1BN2/P3BPPP/R2Q1RK1 b - -,1600-1799,d6d5,11,0.36363636363636365,0.37874166065682746,0.07915,0.3533345101922513,0.3755,True,True
r2q1rk1/ppp2ppp/1nnp1b2/8/2PP2b1/1PN1BN2/P3BPPP/R2Q1RK1 b - -,1600-1799,f8e8,41,0.5975609756097561,0.5944245997296662,0.92085,0.2624318869540762,0.322,False,False
r2q1rk1/ppp2ppp/2np1n2/8/2BPP1b1/5N2/PP1N1PPP/R2QR1K1 w - -,1600-1799,d1b3,52,0.5865384615384616,0.5840757343409934,0.43875,0.5768592876287234,0.493,False,False
r2q1rk1/ppp2ppp/2np1n2/8/2BPP1b1/5N2/PP1N1PPP/R2QR1K1 w - -,1600-1799,d1c2,64,0.546875,0.5461034016461574,0.18785,0.8818376946609563,0.5275,True,False
r2q1rk1/ppp2ppp/2np1n2/8/2BPP1b1/5N2/PP1N1PPP/R2QR1K1 w - -,1600-1799,d2b3,11,0.4090909090909091,0.4194904623384413,0.0706,0.4074332097144929,0.5105,False,False
r2q1rk1/ppp2ppp/2np1n2/8/2BPP1b1/5N2/PP1N1PPP/R2QR1K1 w - -,1600-1799,d4d5,33,0.5151515151515151,0.5155856914563615,0.12365,0.5256771597272718,0.524,False,False
r2q1rk1/ppp2ppp/2np1n2/8/2BPP1b1/5N2/PP1N1PPP/R2QR1K1 w - -,1600-1799,e4e5,16,0.4375,0.44348025598993934,0.08105,0.6410641727702714,0.5625,False,False
r2q1rk1/ppp2ppp/2np1n2/8/2BPP1b1/5N2/PP1N1PPP/R2QR1K1 w - -,1600-1799,h2h3,130,0.5384615384615384,0.5378759277953271,0.0981,0.7202590456076242,0.574,False,True
r2q1rk1/ppp3p1/1bnppn1p/4p3/1P2P3/P1NP1N1P/2P2PP1/R1BQ1RK1 w - -,1600-1799,b4b5,10,0.4,0.4130894933691396,0.17405,0.28816494791007286,0.39,False,False
r2q1rk1/ppp3p1/1bnppn1p/4p3/1P2P3/P1NP1N1P/2P2PP1/R1BQ1RK1 w - -,1600-1799,c1b2,18,0.5277777777777778,0.5263690201517358,0.5065,0.5365465568264335,0.4665,True,False
r2q1rk1/ppp3p1/1bnppn1p/4p3/1P2P3/P1NP1N1P/2P2PP1/R1BQ1RK1 w - -,1600-1799,c3a4,28,0.4642857142857143,0.465979343402803,0.2219,0.5302573759246586,0.5155,False,True
r2q1rk1/ppp3p1/1bnppn1p/4p3/1P2P3/P1NP1N1P/2P2PP1/R1BQ1RK1 w - -,1600-1799,c3e2,18,0.3888888888888889,0.39669560474785087,0.09755,0.488155296797077,0.484,False,False
r2q3r/ppp2k1p/2npb1p1/8/2QpP3/8/PPP2PPP/RNB1K2R w KQ -,1600-1799,c4b5,23,0.4782608695652174,0.4796919956238695,0.3582,0.49406318593909065,0.5025,True,False
r2q3r/ppp2k1p/2npb1p1/8/2QpP3/8/PPP2PPP/RNB1K2R w KQ -,1600-1799,c4d3,89,0.4438202247191011,0.4448206288548308,0.10395,0.39560110253790703,0.502,False,False
r2q3r/ppp2k1p/2npb1p1/8/2QpP3/8/PPP2PPP/RNB1K2R w KQ -,1600-1799,c4e2,77,0.512987012987013,0.5125857295083596,0.53785,0.45691131306804517,0.5105,False,True
r2qk1nr/1p1bbppp/p1np4/4p3/2B1PB2/2N2N2/PP2QPPP/R2R2K1 w kq -,1600-1799,f4e3,30,0.5333333333333333,0.53287760920231,0.8344,0.6748764418250739,0.484,True,True
r2qk1nr/1p1bbppp/p1np4/4p3/2B1PB2/2N2N2/PP2QPPP/R2R2K1 w kq -,1600-1799,f4g3,18,0.3888888888888889,0.3971573448059945,0.1656,0.40012901434316545,0.418,False,False
r2qk1nr/p2b1pbp/4p1p1/1B1p4/8/2N5/PPP2PPP/R1BQ1RK1 w kq -,1600-1799,b5d3,11,0.18181818181818182,0.21965600615703082,0.0194,0.2715978210963957,0.412,False,False
r2qk1nr/p2b1pbp/4p1p1/1B1p4/8/2N5/PPP2PPP/R1BQ1RK1 w kq -,1600-1799,b5d7,114,0.37280701754385964,0.3749612602101496,0.0529,0.21718265765426914,0.429,False,False
r2qk1nr/p2b1pbp/4p1p1/1B1p4/8/2N5/PPP2PPP/R1BQ1RK1 w kq -,1600-1799,c1f4,14,0.4642857142857143,0.4669069573888275,0.5196,0.5521275279341716,0.405,True,False
r2qk1nr/p2b1pbp/4p1p1/1B1p4/8/2N5/PPP2PPP/R1BQ1RK1 w kq -,1600-1799,d1d3,19,0.3157894736842105,0.32940365375631786,0.06985,0.2053946553221023,0.394,False,False
r2qk1nr/p2b1pbp/4p1p1/1B1p4/8/2N5/PPP2PPP/R1BQ1RK1 w kq -,1600-1799,d1e2,34,0.4117647058823529,0.41563115523436156,0.23255,0.18686624260960855,0.407,False,False
r2qk1nr/p2b1pbp/4p1p1/1B1p4/8/2N5/PPP2PPP/R1BQ1RK1 w kq -,1600-1799,f1e1,29,0.3620689655172414,0.36871133986757526,0.1057,0.3747341300535796,0.437,False,True
r2qk2r/1b1nbppp/p1p1pn2/1p4B1/3P4/2NBPN2/PP3PPP/R2Q1RK1 w kq -,1600-1799,a1c1,53,0.46226415094339623,0.46312156337033794,0.03355,0.5244094317201098,0.557,False,True
r2qk2r/1b1nbppp/p1p1pn2/1p4B1/3P4/2NBPN2/PP3PPP/R2Q1RK1 w kq -,1600-1799,a2a3,27,0.5185185185185185,0.5176959801113198,0.16235,0.5371623665017635,0.475,False,False
r2qk2r/1b1nbppp/p1p1pn2/1p4B1/3P4/2NBPN2/PP3PPP/R2Q1RK1 w kq -,1600-1799,c3e4,11,0.4090909090909091,0.42015793336121315,0.06865,0.5092136713035724,0.4785,False,False
r2qk2r/1b1nbppp/p1p1pn2/1p4B1/3P4/2NBPN2/PP3PPP/R2Q1RK1 w kq -,1600-1799,d1c2,18,0.5277777777777778,0.5252788553880897,0.2223,0.4467871284099114,0.54,False,False
r2qk2r/1b1nbppp/p1p1pn2/1p4B1/3P4/2NBPN2/PP3PPP/R2Q1RK1 w kq -,1600-1799,d1e2,10,0.6,0.5853455867673473,0.4787,0.5302511447858375,0.5135,False,False
r2qk2r/1b1nbppp/p1p1pn2/1p4B1/3P4/2NBPN2/PP3PPP/R2Q1RK1 w kq -,1600-1799,e3e4,19,0.3157894736842105,0.32989140555159613,0.0065,0.6535102095165057,0.506,True,False
r2qk2r/1b1nbppp/p1p1pn2/1p4B1/3P4/2NBPN2/PP3PPP/R2Q1RK1 w kq -,1600-1799,f1e1,14,0.35714285714285715,0.3702243334022582,0.02795,0.5041542590283075,0.474,False,False
r2qk2r/1b1nbppp/p2ppn2/1p6/3NP3/P1N1BP2/1PP1B1PP/R2Q1RK1 w kq -,1600-1799,d1d2,41,0.34146341463414637,0.34748847148181816,0.0304,0.23191878834898103,0.448,False,False
r2qk2r/1b1nbppp/p2ppn2/1p6/3NP3/P1N1BP2/1PP1B1PP/R2Q1RK1 w kq -,1600-1799,d1e1,17,0.5,0.49833203397249354,0.45245,0.23031293132253072,0.4605,False,False
r2qk2r/1b1nbppp/p2ppn2/1p6/3NP3/P1N1BP2/1PP1B1PP/R2Q1RK1 w kq -,1600-1799,d4b3,10,0.5,0.5001977060210431,0.4808,0.29159345839310497,0.4425,False,False
r2qk2r/1b1nbppp/p2ppn2/1p6/3NP3/P1N1BP2/1PP1B1PP/R2Q1RK1 w kq -,1600-1799,g1h1,22,0.3181818181818182,0.3300364190837983,0.03635,0.30111073832372565,0.4615,True,True
r2qk2r/1p3ppp/p1npbb2/3Np3/4P3/N7/PPP2PPP/R2QKB1R w KQkq -,1600-1799,a3c4,41,0.6219512195121951,0.6173199910508657,0.17205,0.5484414491001531,0.531,False,True
r2qk2r/1p3ppp/p1npbb2/3Np3/4P3/N7/PPP2PPP/R2QKB1R w KQkq -,1600-1799,c2c3,105,0.6428571428571429,0.6409871637554126,0.2135,0.49897784941381196,0.5155,False,False
r2qk2r/1p3ppp/p1npbb2/3Np3/4P3/N7/PPP2PPP/R2QKB1R w KQkq -,1600-1799,c2c4,93,0.3924731182795699,0.39372041757411586,0.0,0.37617872522143336,0.453,False,False
r2qk2r/1p3ppp/p1npbb2/3Np3/4P3/N7/PPP2PPP/R2QKB1R w KQkq -,1600-1799,d5f6,28,0.6964285714285714,0.6870983344854021,0.60595,0.3112936999970851,0.4905,False,False
r2qk2r/1p3ppp/p1npbb2/3Np3/4P3/N7/PPP2PPP/R2QKB1R w KQkq -,1600-1799,f1c4,24,0.4583333333333333,0.4606094929526733,0.0085,0.5723882550600908,0.5045,True,False
r2qk2r/3nbppp/p2pbn2/1p2p3/4P3/1NN1BP2/PPPQ2PP/2KR1B1R w kq b6,1600-1799,c1b1,27,0.5,0.5007104385953159,0.46625,0.6152385840140931,0.513,False,False
r2qk2r/3nbppp/p2pbn2/1p2p3/4P3/1NN1BP2/PPPQ2PP/2KR1B1R w kq b6,1600-1799,c3d5,14,0.5,0.4984995867722814,0.47275,0.650132002588225,0.514,True,False
r2qk2r/3nbppp/p2pbn2/1p2p3/4P3/1NN1BP2/PPPQ2PP/2KR1B1R w kq b6,1600-1799,g2g4,84,0.40476190476190477,0.4064818867852033,0.061,0.5618959623089921,0.55,False,True
r2qk2r/p1p1bpp1/2pp1n1p/6B1/4P3/2N5/PPP2PPP/R2Q1RK1 w kq -,1600-1799,g5f6,21,0.5,0.49900472811193625,0.53515,0.49232199554007566,0.5005,False,False
r2qk2r/p1p1bpp1/2pp1n1p/6B1/4P3/2N5/PPP2PPP/R2Q1RK1 w kq -,1600-1799,g5h4,87,0.4885057471264368,0.4886944234436024,0.46485,0.6526490210761369,0.5095,True,True
r2qk2r/p1p1bppp/2p2n2/4p3/8/8/PPP2PPP/RNBQR1K1 w kq -,1600-1799,b1c3,12,0.5,0.500458856375443,0.4405,0.5119813341681743,0.275,True,False
r2qk2r/p1p1bppp/2p2n2/4p3/8/8/PPP2PPP/RNBQR1K1 w kq -,1600-1799,d1d8,97,0.520618556701031,0.5205839766723146,0.5595,0.28590848992004614,0.423,False,True
r2qk2r/p1pb1ppp/1bp5/3pP3/3Nn3/4B3/PPP2PPP/RN1Q1RK1 w kq -,1600-1799,b1d2,16,0.3125,0.32903802009122324,0.164,0.4457052664739427,0.497,False,True
r2qk2r/p1pb1ppp/1bp5/3pP3/3Nn3/4B3/PPP2PPP/RN1Q1RK1 w kq -,1600-1799,f2f3,40,0.45,0.45117051825025384,0.836,0.48566170732019304,0.4815,True,False
r2qk2r/p1pb1ppp/2p5/2bpP1n1/3N4/5P2/PPP3PP/RNBQ1RK1 w kq -,1600-1799,c1e3,68,0.5882352941176471,0.5861677749648883,0.75345,0.42835459994371766,0.5055,False,False
r2qk2r/p1pb1ppp/2p5/2bpP1n1/3N4/5P2/PPP3PP/RNBQ1RK1 w kq -,1600-1799,f3f4,144,0.5381944444444444,0.5377470085387909,0.24655,0.6146308154929013,0.507,True,True
r2qk2r/p1pbbppp/2p5/2npP3/3N4/5P2/PPP3PP/RNBQ1RK1 w kq -,1600-1799,b1c3,10,0.3,0.3267412926185446,0.09815,0.532228890398574,0.492,False,False
r2qk2r/p1pbbppp/2p5/2npP3/3N4/5P2/PPP3PP/RNBQ1RK1 w kq -,1600-1799,c1e3,13,0.15384615384615385,0.18964076302455027,0.00635,0.5427959146066802,0.484,True,False
r2qk2r/p1pbbppp/2p5/2npP3/3N4/5P2/PPP3PP/RNBQ1RK1 w kq -,1600-1799,f3f4,28,0.5357142857142857,0.534791083590885,0.8955,0.5066506447111011,0.525,False,True
r2qk2r/p2bbppp/2Q2n2/4p1N1/8/8/PPPP1PPP/RNB1K2R w KQkq -,1600-1799,c6c3,55,0.3090909090909091,0.3142386013983356,0.0463,0.2543426220705202,0.022,False,False
r2qk2r/p2bbppp/2Q2n2/4p1N1/8/8/PPPP1PPP/RNB1K2R w KQkq -,1600-1799,c6c4,133,0.34962406015037595,0.35194887404285674,0.0584,0.24864958106630097,0.165,False,False
r2qk2r/p2bbppp/2Q2n2/4p1N1/8/8/PPPP1PPP/RNB1K2R w KQkq -,1600-1799,c6f3,203,0.43103448275862066,0.43133034968095296,0.8953,0.5642517434953968,0.403,True,True
r2qk2r/p2bbppp/4pn2/1B1p2B1/8/2N5/PPP2PPP/R2Q1RK1 w kq -,1600-1799,b5d7,40,0.575,0.5728213660295198,0.77135,0.5909634924236093,0.3555,True,False
r2qk2r/p2bbppp/4pn2/1B1p2B1/8/2N5/PPP2PPP/R2Q1RK1 w kq -,1600-1799,d1e2,16,0.4375,0.44282704486933105,0.1644,0.3686106259067082,0.459,False,True
r2qk2r/p2bbppp/4pn2/1B1p2B1/8/2N5/PPP2PPP/R2Q1RK1 w kq -,1600-1799,f1e1,27,0.25925925925925924,0.27235914269049966,0.00175,0.468691269250191,0.411,False,False
r2qk2r/p2bbppp/4pn2/1B1p2B1/8/2N5/PPP2PPP/R2Q1RK1 w kq -,1600-1799,g5f6,15,0.36666666666666664,0.3793821590494901,0.0625,0.006331615612158242,0.062,False,False
r2qk2r/p3bppp/2pp1n2/4p1B1/4P3/2N5/PPP2PPP/R2Q1RK1 w kq -,1600-1799,d1d2,13,0.7307692307692307,0.7067950909042923,0.29965,0.6752474867537159,0.511,True,False
r2qk2r/p3bppp/2pp1n2/4p1B1/4P3/2N5/PPP2PPP/R2Q1RK1 w kq -,1600-1799,d1d3,14,0.7142857142857143,0.6938396140446734,0.2607,0.6492003045647425,0.5095,False,False
r2qk2r/p3bppp/2pp1n2/4p1B1/4P3/2N5/PPP2PPP/R2Q1RK1 w kq -,1600-1799,d1e2,16,0.75,0.7282711267229768,0.3825,0.4722854082255017,0.51,False,False
r2qk2r/p3bppp/2pp1n2/4p1B1/4P3/2N5/PPP2PPP/R2Q1RK1 w kq -,1600-1799,d1f3,21,0.6190476190476191,0.6112401223832955,0.0523,0.5247717276000944,0.506,False,False
r2qk2r/p3bppp/2pp1n2/4p1B1/4P3/2N5/PPP2PPP/R2Q1RK1 w kq -,1600-1799,f2f4,34,0.45588235294117646,0.4581736409041231,0.0002,0.32052487480649716,0.4385,False,False
r2qk2r/p3bppp/2pp1n2/4p1B1/4P3/2N5/PPP2PPP/R2Q1RK1 w kq -,1600-1799,g5f6,21,0.47619047619047616,0.4768721248070404,0.00465,0.09934825329375471,0.513,False,True
r2qk2r/p3bppp/2pppn2/6B1/4P3/2N5/PPP2PPP/R2Q1RK1 w kq -,1600-1799,d1e2,17,0.6176470588235294,0.6090518797422578,0.3592,0.4680172892670007,0.4925,False,False
r2qk2r/p3bppp/2pppn2/6B1/4P3/2N5/PPP2PPP/R2Q1RK1 w kq -,1600-1799,d1f3,28,0.5,0.49999542292689847,0.06035,0.42285390685915614,0.4955,False,True
r2qk2r/p3bppp/2pppn2/6B1/4P3/2N5/PPP2PPP/R2Q1RK1 w kq -,1600-1799,e4e5,12,0.6666666666666666,0.6468412545685115,0.55745,0.31372911532074393,0.405,False,False
r2qk2r/p3bppp/2pppn2/6B1/4P3/2N5/PPP2PPP/R2Q1RK1 w kq -,1600-1799,f1e1,34,0.47058823529411764,0.47169929406864874,0.02295,0.5054196590784445,0.4935,True,False
r2qk2r/p3bppp/2pppn2/6B1/4P3/2N5/PPP2PPP/R2Q1RK1 w kq -,1600-1799,f2f4,24,0.2708333333333333,0.28463165279393704,0.0,0.28467322007103135,0.4855,False,False
r2qk2r/p3bppp/2pppn2/6B1/4P3/2N5/PPP2PPP/R2Q1RK1 w kq -,1600-1799,g5f6,11,0.13636363636363635,0.17917268675800066,5e-05,0.24178396607052627,0.475,False,False
r2qk2r/p3ppbp/2pp1np1/6B1/4P3/2N5/PPP2PPP/R2Q1RK1 w kq -,1600-1799,d1d2,45,0.4666666666666667,0.467616524247065,0.15935,0.5145641832734522,0.5025,False,True
r2qk2r/p3ppbp/2pp1np1/6B1/4P3/2N5/PPP2PPP/R2Q1RK1 w kq -,1600-1799,d1e2,10,0.25,0.28436632227147457,0.0214,0.3155515401862187,0.496,False,False
r2qk2r/p3ppbp/2pp1np1/6B1/4P3/2N5/PPP2PPP/R2Q1RK1 w kq -,1600-1799,d1f3,26,0.5192307692307693,0.5174086534280808,0.41635,0.5211486256624707,0.499,True,False
r2qk2r/p3ppbp/2pp1np1/6B1/4P3/2N5/PPP2PPP/R2Q1RK1 w kq -,1600-1799,f1e1,27,0.4444444444444444,0.44745679176231395,0.1334,0.48992911203422923,0.4975,False,False
r2qk2r/p3ppbp/2pp1np1/6B1/4P3/2N5/PPP2PPP/R2Q1RK1 w kq -,1600-1799,f2f4,15,0.4666666666666667,0.4711376028677078,0.2695,0.41294491962500546,0.493,False,False
r2qk2r/p3ppbp/2pp1np1/8/4P3/2N1B3/PPP2PPP/R2Q1RK1 w kq -,1600-1799,d1d2,29,0.4827586206896552,0.484055888475777,0.12275,0.4862990991998462,0.5005,False,True
r2qk2r/p3ppbp/2pp1np1/8/4P3/2N1B3/PPP2PPP/R2Q1RK1 w kq -,1600-1799,e3d4,13,0.6153846153846154,0.6042176023381699,0.64245,0.49764555139133204,0.499,False,False
r2qk2r/p3ppbp/2pp1np1/8/4P3/2N1B3/PPP2PPP/R2Q1RK1 w kq -,1600-1799,e4e5,10,0.45,0.45826401594110494,0.1521,0.5160588962288214,0.482,True,False
r2qk2r/p3ppbp/2pp1np1/8/4P3/2N1B3/PPP2PPP/R2Q1RK1 w kq -,1600-1799,f2f3,18,0.3333333333333333,0.34573477071264963,0.0132,0.30617526064338957,0.496,False,False
r2qk2r/p3ppbp/2pp1np1/8/4P3/2N1B3/PPP2PPP/R2Q1RK1 w kq -,1600-1799,f2f4,33,0.45454545454545453,0.4564003537308163,0.0695,0.5094740880827644,0.498,False,False
r2qk2r/pp1n1ppp/2pbpn2/8/3P4/2PQ1NN1/PP3PPP/R1B2RK1 w kq -,1600-1799,c1g5,76,0.4407894736842105,0.4422870729820161,0.0776,0.5091982409302049,0.5045,False,False
r2qk2r/pp1n1ppp/2pbpn2/8/3P4/2PQ1NN1/PP3PPP/R1B2RK1 w kq -,1600-1799,f1e1,35,0.4714285714285714,0.47367916831735574,0.2313,0.539701218238595,0.5055,True,True
r2qk2r/pp1n1ppp/2pbpn2/8/3P4/2PQ1NN1/PP3PPP/R1B2RK1 w kq -,1600-1799,g3e4,31,0.5483870967741935,0.546785084816322,0.6911,0.5086762498788535,0.5045,False,False
r2qk2r/pp1nbppp/2p1pn2/6B1/3P4/3Q1NN1/PPP2PPP/R4RK1 w kq -,1600-1799,a1d1,60,0.44166666666666665,0.4435199572344903,0.0428,0.5718932754084367,0.5085,False,False
r2qk2r/pp1nbppp/2p1pn2/6B1/3P4/3Q1NN1/PPP2PPP/R4RK1 w kq -,1600-1799,c2c3,38,0.5394736842105263,0.5376650136497255,0.45575,0.49362310831090833,0.5,False,False
r2qk2r/pp1nbppp/2p1pn2/6B1/3P4/3Q1NN1/PPP2PPP/R4RK1 w kq -,1600-1799,c2c4,35,0.5142857142857142,0.5139891021938332,0.3101,0.47412212397586306,0.5115,False,True
r2qk2r/pp1nbppp/2p1pn2/6B1/3P4/3Q1NN1/PPP2PPP/R4RK1 w kq -,1600-1799,f1e1,69,0.4855072463768116,0.4858116692109993,0.1308,0.6326296269948294,0.5075,True,False
r2qk2r/pp1nbppp/2p1pn2/6B1/3P4/3Q1NN1/PPP2PPP/R4RK1 w kq -,1600-1799,f3e5,24,0.3333333333333333,0.342822690571712,0.0128,0.49503702916887227,0.479,False,False
r2qk2r/pp1nbppp/2p1pn2/6B1/3P4/3Q1NN1/PPP2PPP/R4RK1 w kq -,1600-1799,g3e4,11,0.36363636363636365,0.37909855991915065,0.04775,0.4656890880741238,0.486,False,False
r2qk2r/pp1nbppp/2p1pn2/8/3P4/3Q1NN1/PPP2PPP/R1B1R1K1 w kq -,1600-1799,c1f4,21,0.5476190476190477,0.5452310388976791,0.3189,0.5793375905331162,0.518,False,True
r2qk2r/pp1nbppp/2p1pn2/8/3P4/3Q1NN1/PPP2PPP/R1B1R1K1 w kq -,1600-1799,c1g5,27,0.5555555555555556,0.5524431801833186,0.3415,0.6619346081341217,0.5085,True,False
r2qk2r/pp1nbppp/2p1pn2/8/3P4/3Q1NN1/PPP2PPP/R1B1R1K1 w kq -,1600-1799,c2c3,18,0.3611111111111111,0.3714703178084176,0.0227,0.5018227487810112,0.502,False,False
r2qk2r/pp1nbppp/2p1pn2/8/3P4/3Q1NN1/PPP2PPP/R1B1R1K1 w kq -,1600-1799,c2c4,35,0.5142857142857142,0.5130035588764447,0.1682,0.44385256996943384,0.516,False,False
r2qk2r/pp1nbppp/2p1pn2/8/3P4/3Q1NN1/PPP2PPP/R1B1R1K1 w kq -,1600-1799,f3e5,11,0.45454545454545453,0.458243879015205,0.1487,0.4600700093893895,0.482,False,False
r2qk2r/pp2bppp/2n1b3/3pPp2/3P4/2N2N2/PP3PPP/R1BQ1RK1 w kq -,1600-1799,a2a3,57,0.6140350877192983,0.611261511666227,0.53145,0.49887884373450486,0.4605,False,False
r2qk2r/pp2bppp/2n1b3/3pPp2/3P4/2N2N2/PP3PPP/R1BQ1RK1 w kq -,1600-1799,c1e3,18,0.4722222222222222,0.4748259403105641,0.08615,0.39960894890392257,0.4625,False,False
r2qk2r/pp2bppp/2n1b3/3pPp2/3P4/2N2N2/PP3PPP/R1BQ1RK1 w kq -,1600-1799,c1f4,11,0.5454545454545454,0.5419941503401459,0.29075,0.49496913702482903,0.396,False,False
r2qk2r/pp2bppp/2n1b3/3pPp2/3P4/2N2N2/PP3PPP/R1BQ1RK1 w kq -,1600-1799,d1b3,11,0.45454545454545453,0.46008531920833146,0.09165,0.6456283850423802,0.503,True,True
r2qk2r/pp2bppp/2n1p3/3n3b/3P4/2N2N1P/PP2BPP1/R1BQ1RK1 w kq -,1600-1799,a2a3,17,0.4117647058823529,0.41807794294680106,0.14205,0.48545511084873866,0.4755,True,False
r2qk2r/pp2bppp/2n1p3/3n3b/3P4/2N2N1P/PP2BPP1/R1BQ1RK1 w kq -,1600-1799,c3d5,19,0.5789473684210527,0.5737951951636375,0.8194,0.4129338124176555,0.4835,False,False
r2qk2r/pp2bppp/2n1p3/3n3b/3P4/2N2N1P/PP2BPP1/R1BQ1RK1 w kq -,1600-1799,f1e1,16,0.3125,0.3282290095494729,0.0382,0.3277537829476212,0.4835,False,False
r2qk2r/pp2bppp/2n1p3/3n3b/3P4/2N2N1P/PP2BPP1/R1BQ1RK1 w kq -,1600-1799,f3e5,23,0.15217391304347827,0.17436214307238423,0.00035,0.44965324861369055,0.491,False,True
r2qk2r/pp2bppp/2n1pn2/8/3P2b1/2N1BN2/PP2BPPP/R2Q1RK1 w kq -,1600-1799,d1b3,11,0.8636363636363636,0.8203807626074644,0.9648,0.6171734031717047,0.548,False,False
r2qk2r/pp2bppp/2n1pn2/8/3P2b1/2N1BN2/PP2BPPP/R2Q1RK1 w kq -,1600-1799,h2h3,29,0.5862068965517241,0.5824622874212657,0.0352,0.7780338171738389,0.5615,True,True
r2qk2r/pp2bppp/2p1pn2/8/3P2b1/2PB1N2/PP3PPP/R1BQ1RK1 w kq -,1600-1799,c1f4,17,0.7058823529411765,0.6891018570786552,0.89745,0.5591870459883354,0.502,False,False
r2qk2r/pp2bppp/2p1pn2/8/3P2b1/2PB1N2/PP3PPP/R1BQ1RK1 w kq -,1600-1799,c1g5,14,0.42857142857142855,0.4350713210769569,0.0511,0.5438096478125475,0.4735,False,False
r2qk2r/pp2bppp/2p1pn2/8/3P2b1/2PB1N2/PP3PPP/R1BQ1RK1 w kq -,1600-1799,f1e1,16,0.4375,0.4416096005745566,0.0438,0.604760724042227,0.516,True,True
r2qk2r/pp2bppp/2p1pn2/8/3P2b1/2PB1N2/PP3PPP/R1BQ1RK1 w kq -,1600-1799,h2h3,59,0.4322033898305085,0.4334518678240589,0.00765,0.5069478016550133,0.516,False,False
r2qk2r/pp2npbp/2n1p1p1/3pP3/3P4/2N2B1P/PP3PP1/R1BQ1RK1 b kq -,1600-1799,a7a6,10,0.7,0.6739895792700068,0.3531,0.5837868185207248,0.505,False,False
r2qk2r/pp2npbp/2n1p1p1/3pP3/3P4/2N2B1P/PP3PP1/R1BQ1RK1 b kq -,1600-1799,e7f5,28,0.625,0.6192165631451009,0.09625,0.8089681799642552,0.597,True,True
r2qk2r/pp2npbp/2n1p1p1/3pP3/3P4/2N2B1P/PP3PP1/R1BQ1RK1 b kq -,1600-1799,e8g8,34,0.7352941176470589,0.7256526755742478,0.55065,0.6652942254884118,0.5305,False,False
r2qk2r/pp2ppbp/1nnp2p1/8/2PP4/2N1BQ1P/PP3PP1/R3KB1R w KQkq -,1600-1799,a1d1,38,0.5657894736842105,0.5636434837772145,0.3114,0.6001397930018102,0.5745,False,False
r2qk2r/pp2ppbp/1nnp2p1/8/2PP4/2N1BQ1P/PP3PP1/R3KB1R w KQkq -,1600-1799,d4d5,12,0.625,0.6109038262848441,0.6028,0.215025898467895,0.4375,False,False
r2qk2r/pp2ppbp/1nnp2p1/8/2PP4/2N1BQ1P/PP3PP1/R3KB1R w KQkq -,1600-1799,e1c1,29,0.4827586206896552,0.48357509211998684,0.0858,0.6585215078981648,0.5795,True,True
r2qk2r/pp3ppp/2pbpn2/8/3P2b1/2PB1N2/PP3PPP/R1BQ1RK1 w kq -,1600-1799,c1g5,30,0.36666666666666664,0.37289362447985286,0.3176,0.6750150220727581,0.471,True,False
r2qk2r/pp3ppp/2pbpn2/8/3P2b1/2PB1N2/PP3PPP/R1BQ1RK1 w kq -,1600-1799,h2h3,61,0.4180327868852459,0.4199006265791213,0.6824,0.5433012726120161,0.507,False,True
r2qkb1r/1b1n1ppp/p3pn2/1pp5/3P4/P1NBPN2/1P3PPP/R1BQ1RK1 w kq -,1600-1799,d4c5,57,0.42105263157894735,0.4227967897596226,0.6269,0.4722053108361165,0.4785,False,True
r2qkb1r/1b1n1ppp/p3pn2/1pp5/3P4/P1NBPN2/1P3PPP/R1BQ1RK1 w kq -,1600-1799,f1e1,11,0.36363636363636365,0.37992209416053907,0.3731,0.5395539643355398,0.4315,True,False
r2qkb1r/1b1n1ppp/p3pn2/1pp5/3PP3/2NB1N2/PP3PPP/R1BQ1RK1 w kq -,1600-1799,d4d5,13,0.6153846153846154,0.6024391080711449,0.78815,0.715497615719649,0.528,True,True
r2qkb1r/1b1n1ppp/p3pn2/1pp5/3PP3/2NB1N2/PP3PPP/R1BQ1RK1 w kq -,1600-1799,e4e5,30,0.48333333333333334,0.48343689967425363,0.21185,0.25639278508084057,0.5045,False,False
r2qkb1r/1b3ppp/pn1ppn2/1p6/3NP1P1/2N1BP2/PPPQ3P/2KR1B1R w kq -,1600-1799,g4g5,13,0.7692307692307693,0.7416005968974517,0.86665,0.7913343183902387,0.6275,False,True
r2qkb1r/1b3ppp/pn1ppn2/1p6/3NP1P1/2N1BP2/PPPQ3P/2KR1B1R w kq -,1600-1799,h2h4,19,0.5789473684210527,0.5725413929926094,0.13335,0.8130513127166674,0.5275,True,False
r2qkb1r/5ppp/p1p1pn2/3p4/3P4/2N2Q1P/PPP2PP1/R1B2RK1 w kq -,1600-1799,c1g5,59,0.3559322033898305,0.3601352262380142,0.2955,0.48485211534812084,0.5055,False,False
r2qkb1r/5ppp/p1p1pn2/3p4/3P4/2N2Q1P/PPP2PP1/R1B2RK1 w kq -,1600-1799,f1e1,14,0.42857142857142855,0.43506071624633486,0.7045,0.49218343419468175,0.506,True,True
r2qkb1r/pp1n1pp1/2p1pn1p/8/3P1B1P/3Q1NN1/PPP2PP1/R3K2R w KQkq -,1600-1799,e1c1,107,0.5093457943925234,0.5094774278670888,0.52835,0.5964321945645529,0.5265,False,True
r2qkb1r/pp1n1pp1/2p1pn1p/8/3P1B1P/3Q1NN1/PPP2PP1/R3K2R w KQkq -,1600-1799,e1g1,21,0.5,0.49967247927875,0.45465,0.6572810613808687,0.5185,True,False
r2qkb1r/pp1n1pp1/2p1pn1p/8/3P1B1P/3Q1NN1/PPP2PP1/R3K2R w KQkq -,1600-1799,f3e5,11,0.22727272727272727,0.262537569925474,0.017,0.5438956734742856,0.495,False,False
r2qkb1r/pp1nppp1/2p2n1p/7P/3P4/3Q1NN1/PPP2PP1/R1B1K2R w KQkq -,1600-1799,c1d2,524,0.6145038167938931,0.6140822706891137,0.8345,0.5352680917081112,0.5225,False,False
r2qkb1r/pp1nppp1/2p2n1p/7P/3P4/3Q1NN1/PPP2PP1/R1B1K2R w KQkq -,1600-1799,c1e3,121,0.5289256198347108,0.5282226184453395,0.02985,0.5393402287846887,0.5215,False,False
r2qkb1r/pp1nppp1/2p2n1p/7P/3P4/3Q1NN1/PPP2PP1/R1B1K2R w KQkq -,1600-1799,c1f4,503,0.5347912524850894,0.5348099362401201,0.00225,0.5863913982890242,0.526,False,True
r2qkb1r/pp1nppp1/2p2n1p/7P/3P4/3Q1NN1/PPP2PP1/R1B1K2R w KQkq -,1600-1799,c2c4,74,0.5135135135135135,0.5132000483760469,0.0339,0.5371859532405583,0.4935,False,False
r2qkb1r/pp1nppp1/2p2n1p/7P/3P4/3Q1NN1/PPP2PP1/R1B1K2R w KQkq -,1600-1799,e1g1,100,0.55,0.549134888129079,0.0995,0.667839950391465,0.511,True,False
r2qkb1r/pp3ppp/2p1pn2/7b/3P4/2PB1N1P/PP3PP1/R1BQK2R w KQkq -,1600-1799,c1f4,16,0.5625,0.5574544805566539,0.5522,0.5203365495706098,0.503,False,False
r2qkb1r/pp3ppp/2p1pn2/7b/3P4/2PB1N1P/PP3PP1/R1BQK2R w KQkq -,1600-1799,c1g5,41,0.5,0.4991326797609028,0.2091,0.5567882980620416,0.4885,True,False
r2qkb1r/pp3ppp/2p1pn2/7b/3P4/2PB1N1P/PP3PP1/R1BQK2R w KQkq -,1600-1799,e1g1,37,0.4594594594594595,0.4609613921960837,0.1037,0.5226723313415566,0.5065,False,True
r2qkb1r/pp3ppp/2p1pn2/7b/3P4/2PB1N1P/PP3PP1/R1BQK2R w KQkq -,1600-1799,g2g4,31,0.46774193548387094,0.46937673439304944,0.135,0.5337818200998129,0.5045,False,False
r2qkbnr/pp1n1pp1/2p1p2p/7P/3P4/3Q1NN1/PPP2PP1/R1B1K2R w KQkq -,1600-1799,c1d2,382,0.5445026178010471,0.5444972075408618,0.29395,0.539542031998071,0.5205,False,True
r2qkbnr/pp1n1pp1/2p1p2p/7P/3P4/3Q1NN1/PPP2PP1/R1B1K2R w KQkq -,1600-1799,c1e3,70,0.5714285714285714,0.5697018061375702,0.6384,0.5559373480186716,0.514,False,False
r2qkbnr/pp1n1pp1/2p1p2p/7P/3P4/3Q1NN1/PPP2PP1/R1B1K2R w KQkq -,1600-1799,c1f4,552,0.5090579710144928,0.508956604998397,0.02935,0.5853039794605372,0.52,False,False
r2qkbnr/pp1n1pp1/2p1p2p/7P/3P4/3Q1NN1/PPP2PP1/R1B1K2R w KQkq -,1600-1799,c2c3,53,0.42452830188679247,0.4260580634190973,0.0167,0.5125897491323604,0.503,False,False
r2qkbnr/pp1n1pp1/2p1p2p/7P/3P4/3Q1NN1/PPP2PP1/R1B1K2R w KQkq -,1600-1799,e1g1,72,0.4513888888888889,0.4527206489113019,0.0216,0.6003364362447717,0.503,True,False
r2qr1k1/1bp1bppp/p1np1n2/1p2p3/3PP3/1BP2N1P/PP3PP1/RNBQR1K1 w - -,1600-1799,b1d2,46,0.3695652173913043,0.3736781604221941,0.00045,0.7312129729688782,0.5495,True,False
r2qr1k1/1bp1bppp/p1np1n2/1p2p3/3PP3/1BP2N1P/PP3PP1/RNBQR1K1 w - -,1600-1799,c1g5,13,0.15384615384615385,0.18985542428796615,0.0,0.5684067488500913,0.4665,False,False
r2qr1k1/1bp1bppp/p1np1n2/1p2p3/3PP3/1BP2N1P/PP3PP1/RNBQR1K1 w - -,1600-1799,d4d5,20,0.575,0.5692143795279841,0.0577,0.30697670786069886,0.502,False,False
r2qr1k1/1bp1bppp/p1np1n2/1p2p3/3PP3/1BP2N1P/PP3PP1/RNBQR1K1 w - -,1600-1799,f3g5,12,0.8333333333333334,0.7959067330610846,0.94185,0.7000276347318449,0.556,False,True
r2qr1k1/pp1nbppp/2p2n2/3p2B1/3P2b1/2PB1N2/PP1N1PPP/R2QR1K1 w - -,1600-1799,d1b3,13,0.4230769230769231,0.42932544061368,0.05105,0.6306323961317303,0.5115,False,False
r2qr1k1/pp1nbppp/2p2n2/3p2B1/3P2b1/2PB1N2/PP1N1PPP/R2QR1K1 w - -,1600-1799,d1c2,131,0.5992366412213741,0.5981286093475203,0.39105,0.6590011358104239,0.5495,True,True
r2qr1k1/pp1nbppp/2p2n2/3p2B1/3P2b1/2PB1N2/PP1N1PPP/R2QR1K1 w - -,1600-1799,h2h3,20,0.625,0.6166471741922026,0.5579,0.5615276816305531,0.518,False,False
r3k1nr/pp1b1ppp/4p3/3pP3/1b1q4/2NB4/PP3PPP/R1BQ1RK1 w kq -,1600-1799,c1e3,26,0.4807692307692308,0.48258064053898825,0.0286,0.7212155137774764,0.372,False,False
r3k1nr/pp1b1ppp/4p3/3pP3/1b1q4/2NB4/PP3PPP/R1BQ1RK1 w kq -,1600-1799,c3b5,96,0.640625,0.6383974793156532,0.3953,0.9663142219574017,0.957,True,True
r3k1nr/pp1b1ppp/4p3/3pP3/1b1q4/2NB4/PP3PPP/R1BQ1RK1 w kq -,1600-1799,f1e1,11,0.6818181818181818,0.6592168608611778,0.5761,0.6228698234494239,0.525,False,False
r3k2r/1pp1bppp/p1p1bn2/8/8/5N2/PPPP1PPP/RNB1RK2 w kq -,1600-1799,b1c3,12,0.7083333333333334,0.6860333753817768,0.4153,0.5985167249156468,0.4985,False,False
r3k2r/1pp1bppp/p1p1bn2/8/8/5N2/PPPP1PPP/RNB1RK2 w kq -,1600-1799,d2d3,19,0.39473684210526316,0.4028683532179216,0.00365,0.42681222510781097,0.5015,False,True
r3k2r/1pp1bppp/p1p1bn2/8/8/5N2/PPPP1PPP/RNB1RK2 w kq -,1600-1799,f3d4,10,0.75,0.7176667624128555,0.56665,0.8164318112231663,0.496,True,False
r3k2r/1pp1bppp/p1p1bn2/8/8/5N2/PPPP1PPP/RNB1RK2 w kq -,1600-1799,f3g5,26,0.4807692307692308,0.4819159373941623,0.0144,0.6475793670067939,0.4925,False,False
r3k2r/1pp2ppp/p1p1bn2/2b5/8/5N2/PPPP1PPP/RNB1RK2 w kq -,1600-1799,d2d4,23,0.3695652173913043,0.3784947137450349,0.04835,0.46261308018595004,0.4955,True,False
r3k2r/1pp2ppp/p1p1bn2/2b5/8/5N2/PPPP1PPP/RNB1RK2 w kq -,1600-1799,f3g5,22,0.6136363636363636,0.6049734785378679,0.95165,0.2167582346496129,0.5245,False,True
r3k2r/1pp2ppp/p1pbbn2/8/8/5N2/PPPP1PPP/RNB1RK2 w kq -,1600-1799,d2d3,12,0.4166666666666667,0.4259633054020609,0.18785,0.4718619575110562,0.501,False,False
r3k2r/1pp2ppp/p1pbbn2/8/8/5N2/PPPP1PPP/RNB1RK2 w kq -,1600-1799,d2d4,15,0.3333333333333333,0.3487077543266542,0.0524,0.36383132584879646,0.464,False,False
r3k2r/1pp2ppp/p1pbbn2/8/8/5N2/PPPP1PPP/RNB1RK2 w kq -,1600-1799,f1g1,10,0.3,0.32623612850772415,0.0686,0.46184379543422127,0.489,False,False
r3k2r/1pp2ppp/p1pbbn2/8/8/5N2/PPPP1PPP/RNB1RK2 w kq -,1600-1799,f3d4,17,0.5294117647058824,0.527099391438779,0.571,0.5483504668147269,0.5185,True,True
r3k2r/1pp2ppp/p1pbbn2/8/8/5N2/PPPP1PPP/RNB1RK2 w kq -,1600-1799,f3g5,30,0.4166666666666667,0.420669610131389,0.12015,0.5151848007769683,0.517,False,False
r3k2r/1pqnbppp/p2pbn2/4p3/4P3/1NN1BP2/PPPQ2PP/2KR1B1R w kq -,1600-1799,c1b1,42,0.6547619047619048,0.6498821563074199,0.84325,0.6495023341354548,0.543,True,False
r3k2r/1pqnbppp/p2pbn2/4p3/4P3/1NN1BP2/PPPQ2PP/2KR1B1R w kq -,1600-1799,g2g4,59,0.559322033898305,0.557259731474611,0.15675,0.6111597371619786,0.595,False,True
r3k2r/p1ppqpbp/b1p3p1/3nP3/2P5/1P6/PB2QPPP/RN2KB1R w KQkq -,1600-1799,b1d2,15,0.5,0.500690566069775,0.58045,0.5507593427138998,0.495,False,False
r3k2r/p1ppqpbp/b1p3p1/3nP3/2P5/1P6/PB2QPPP/RN2KB1R w KQkq -,1600-1799,g2g3,14,0.4642857142857143,0.4672577263529959,0.41955,0.617725987154576,0.503,True,True
r3k2r/pp1bbppp/1qn1p3/3pPn2/1P1P4/P4N2/1B2BPPP/RN1QK2R w KQkq -,1600-1799,e1g1,203,0.5073891625615764,0.5078706520395784,0.79195,0.3862827974816258,0.491,False,True
r3k2r/pp1bbppp/1qn1p3/3pPn2/1P1P4/P4N2/1B2BPPP/RN1QK2R w KQkq -,1600-1799,g2g4,15,0.4,0.40812641959661705,0.20805,0.4526099785139845,0.256,True,False
r3k2r/pp1bbppp/1qn1p3/3pPn2/3P4/5N2/PPN1BPPP/R1BQ1RK1 w kq -,1600-1799,a1b1,13,0.38461538461538464,0.3962311280469213,0.0653,0.4774123492973078,0.547,False,False
r3k2r/pp1bbppp/1qn1p3/3pPn2/3P4/5N2/PPN1BPPP/R1BQ1RK1 w kq -,1600-1799,a2a3,55,0.5727272727272728,0.5704794722105729,0.52,0.7297490782286139,0.4865,True,False
r3k2r/pp1bbppp/1qn1p3/3pPn2/3P4/5N2/PPN1BPPP/R1BQ1RK1 w kq -,1600-1799,b2b3,42,0.42857142857142855,0.4316884248865629,0.0318,0.48290006960589826,0.5095,False,False
r3k2r/pp1bbppp/1qn1p3/3pPn2/3P4/5N2/PPN1BPPP/R1BQ1RK1 w kq -,1600-1799,g2g4,12,0.5416666666666666,0.5368761828416333,0.3829,0.6883174579929614,0.5495,False,True
r3k2r/pp3ppp/2nqpn2/3p3b/3P4/2PB1N1P/PP1N1PP1/R2QK2R w KQkq -,1600-1799,d1b3,37,0.47297297297297297,0.47324027278138364,0.1261,0.4613424477415888,0.508,False,False
r3k2r/pp3ppp/2nqpn2/3p3b/3P4/2PB1N1P/PP1N1PP1/R2QK2R w KQkq -,1600-1799,d1c2,67,0.4925373134328358,0.4932399512870554,0.1487,0.41197873684677117,0.5125,False,False
r3k2r/pp3ppp/2nqpn2/3p3b/3P4/2PB1N1P/PP1N1PP1/R2QK2R w KQkq -,1600-1799,e1g1,95,0.5473684210526316,0.5467420688505181,0.5043,0.5348122459453019,0.5145,True,True
r3k2r/pp3ppp/2nqpn2/3p3b/3P4/2PB1N1P/PP1N1PP1/R2QK2R w KQkq -,1600-1799,g2g4,10,0.45,0.4560692906431085,0.2209,0.27839178265189524,0.4825,False,False
r3k2r/pp3ppp/2nqpn2/3p3b/3P4/2PB1N1P/PP3PP1/RN1Q1RK1 w kq -,1600-1799,b1d2,140,0.5428571428571428,0.5426099378466767,0.21535,0.5803915544973851,0.5225,True,True
r3k2r/pp3ppp/2nqpn2/3p3b/3P4/2PB1N1P/PP3PP1/RN1Q1RK1 w kq -,1600-1799,f1e1,12,0.6666666666666666,0.6468389562238528,0.78465,0.5100344240997934,0.516,False,False
r3k2r/ppp2ppp/2n1bP2/2b2qN1/2pp4/2N5/PPP2PPP/R1BQR1K1 w kq -,1600-1799,c3e4,57,0.4298245614035088,0.4317195915794321,0.15845,0.18247119215113294,0.5,False,True
r3k2r/ppp2ppp/2n1bP2/2b2qN1/2pp4/2N5/PPP2PPP/R1BQR1K1 w kq -,1600-1799,f6g7,10,0.5,0.5002471159705016,0.52615,0.4520909718830345,0.3655,True,False
r3k2r/ppp2ppp/2n1bP2/2b2qN1/2pp4/2N5/PPP2PPP/R1BQR1K1 w kq -,1600-1799,g2g4,41,0.4634146341463415,0.46500654857650126,0.3154,0.39360887428611996,0.5,False,False
r3k2r/pppqbppp/5n2/4Q3/8/8/PPP2PPP/RNB2RK1 w kq -,1600-1799,b1c3,16,0.5,0.5013532458798642,0.03495,0.4812962838489672,0.4995,False,False
r3k2r/pppqbppp/5n2/4Q3/8/8/PPP2PPP/RNB2RK1 w kq -,1600-1799,c1g5,14,0.6785714285714286,0.66099714819902,0.4338,0.48167668342363484,0.5,False,True
r3k2r/pppqbppp/5n2/4Q3/8/8/PPP2PPP/RNB2RK1 w kq -,1600-1799,f1e1,118,0.6864406779661016,0.6835578437275254,0.53125,0.6074526119859636,0.492,True,False
r3k2r/pppqbppp/5n2/4p3/3Q4/8/PPP2PPP/RNB1R1K1 w kq -,1600-1799,d4d7,41,0.3902439024390244,0.3931529857253357,0.01655,0.09262232515843334,0.0065,False,False
r3k2r/pppqbppp/5n2/4p3/3Q4/8/PPP2PPP/RNB1R1K1 w kq -,1600-1799,d4e5,113,0.5707964601769911,0.5696278743929133,0.98345,0.5859846889375576,0.4895,True,True
r3kb1r/1bp2ppp/p1Np1n2/3P4/8/8/PPP1KPPP/RNB4R w kq -,1600-1799,b1c3,12,0.75,0.723198514017954,0.5666,0.8920735977405319,0.501,True,False
r3kb1r/1bp2ppp/p1Np1n2/3P4/8/8/PPP1KPPP/RNB4R w kq -,1600-1799,c2c4,37,0.7162162162162162,0.7074072656202874,0.4334,0.8181035808512683,0.6655,False,True
r3kb1r/p2q1ppp/4pn2/3p4/8/2N5/PPP2PPP/R1BQ1RK1 w kq -,1600-1799,c1f4,15,0.6666666666666666,0.6513027654216395,0.955,0.2594493141326963,0.4095,False,False
r3kb1r/p2q1ppp/4pn2/3p4/8/2N5/PPP2PPP/R1BQ1RK1 w kq -,1600-1799,c1g5,185,0.3783783783783784,0.37872784101530316,0.00335,0.14063944893300984,0.4255,False,False
r3kb1r/p2q1ppp/4pn2/3p4/8/2N5/PPP2PPP/R1BQ1RK1 w kq -,1600-1799,f1e1,66,0.4393939393939394,0.4400548810127506,0.04165,0.37876414688827076,0.4485,True,True
r3kb1r/p2q1ppp/4pn2/3p4/8/2N5/PPP2PPP/R1BQK2R w KQkq -,1600-1799,c1g5,40,0.375,0.3806830922615666,0.32325,0.26957379698929035,0.2625,False,False
r3kb1r/p2q1ppp/4pn2/3p4/8/2N5/PPP2PPP/R1BQK2R w KQkq -,1600-1799,e1g1,80,0.41875,0.4198819251278878,0.67675,0.3000283763173271,0.3565,True,True
r3kb1r/p2q1ppp/4pn2/3p4/8/8/PPP2PPP/RNBQ1RK1 w kq -,1600-1799,b1c3,62,0.4838709677419355,0.4835356926848434,0.25235,0.3089839531222097,0.3565,False,False
r3kb1r/p2q1ppp/4pn2/3p4/8/8/PPP2PPP/RNBQ1RK1 w kq -,1600-1799,b2b3,12,0.4583333333333333,0.4628781916296447,0.28685,0.4673572123999993,0.4695,True,False
r3kb1r/p2q1ppp/4pn2/3p4/8/8/PPP2PPP/RNBQ1RK1 w kq -,1600-1799,c1g5,107,0.37850467289719625,0.3799219944416979,0.0091,0.22963004656995517,0.4705,False,True
r3kb1r/p2q1ppp/4pn2/3p4/8/8/PPP2PPP/RNBQ1RK1 w kq -,1600-1799,c2c3,17,0.5,0.49892114425385536,0.3994,0.40221084477441477,0.3825,False,False
r3kb1r/p2q1ppp/4pn2/3p4/8/8/PPP2PPP/RNBQ1RK1 w kq -,1600-1799,f1e1,17,0.35294117647058826,0.363877613573527,0.0523,0.27785230887450835,0.449,False,False
r3kb1r/p2q1ppp/5n2/3pp3/8/8/PPP2PPP/RNBQ1RK1 w kq -,1600-1799,b1c3,28,0.5178571428571429,0.5164410669771697,0.0605,0.5212596394133387,0.4885,False,False
r3kb1r/p2q1ppp/5n2/3pp3/8/8/PPP2PPP/RNBQ1RK1 w kq -,1600-1799,c1g5,54,0.6388888888888888,0.6355229228503324,0.4882,0.510135066076834,0.465,False,False
r3kb1r/p2q1ppp/5n2/3pp3/8/8/PPP2PPP/RNBQ1RK1 w kq -,1600-1799,f1e1,52,0.6346153846153846,0.6304096170348087,0.4513,0.5656380320370912,0.5105,True,True
r3kb1r/pp1b1ppp/1qn5/3pPp2/3P4/5N2/PP3PPP/RNBQ1RK1 w kq -,1600-1799,a2a3,41,0.6585365853658537,0.6527157058485281,0.7988,0.633582177311293,0.5125,False,False
r3kb1r/pp1b1ppp/1qn5/3pPp2/3P4/5N2/PP3PPP/RNBQ1RK1 w kq -,1600-1799,b1c3,183,0.5573770491803278,0.5568721615775839,0.07395,0.8951365938652932,0.529,True,True
r3kb1r/pp1b1ppp/1qn5/3pPp2/3P4/5N2/PP3PPP/RNBQ1RK1 w kq -,1600-1799,b2b3,29,0.5172413793103449,0.5162978687429154,0.0795,0.5787824752572608,0.511,False,False
r3kb1r/pp1b1ppp/1qn5/3pPp2/3P4/5N2/PP3PPP/RNBQ1RK1 w kq -,1600-1799,f1e1,14,0.42857142857142855,0.4369214566493367,0.04775,0.6804693113767106,0.5195,False,False
r3kb1r/pp1b1ppp/1qn5/3pPp2/3P4/P4N2/1P3PPP/RNBQK2R w KQkq -,1600-1799,b1c3,87,0.6149425287356322,0.6127454255842494,0.6346,0.7477157379573199,0.518,True,False
r3kb1r/pp1b1ppp/1qn5/3pPp2/3P4/P4N2/1P3PPP/RNBQK2R w KQkq -,1600-1799,b2b4,20,0.575,0.5708592420504754,0.3552,0.5451201062036892,0.4435,False,False
r3kb1r/pp1b1ppp/1qn5/3pPp2/3P4/P4N2/1P3PPP/RNBQK2R w KQkq -,1600-1799,e1g1,84,0.47023809523809523,0.4709593005306036,0.0102,0.6450076056543594,0.5255,False,True
r3kb1r/pp1bnppp/1q2p3/3pP3/8/3B1N2/PP3PPP/R1BQ1RK1 w kq -,1600-1799,b2b3,10,0.3,0.3272512544172668,0.04565,0.4121994520825426,0.3975,False,False
r3kb1r/pp1bnppp/1q2p3/3pP3/8/3B1N2/PP3PPP/R1BQ1RK1 w kq -,1600-1799,c1e3,66,0.5,0.49976065984680745,0.23675,0.5711182333400227,0.5185,True,True
r3kb1r/pp1bnppp/1q2p3/3pP3/8/3B1N2/PP3PPP/R1BQ1RK1 w kq -,1600-1799,f3g5,29,0.5689655172413793,0.5663267061662924,0.7176,0.4482549101604712,0.4345,False,False
r3kb1r/pp1bnppp/4p3/3pP3/3q4/2NB4/PP3PPP/R1BQ1RK1 w kq -,1600-1799,c1e3,17,0.38235294117647056,0.39205156130507673,0.024,0.5641290211975278,0.29,False,False
r3kb1r/pp1bnppp/4p3/3pP3/3q4/2NB4/PP3PPP/R1BQ1RK1 w kq -,1600-1799,c3b5,63,0.6031746031746031,0.6004819297890968,0.5236,0.9967942224020979,0.527,True,True
r3kb1r/pp1bnppp/4p3/3pP3/3q4/2NB4/PP3PPP/R1BQ1RK1 w kq -,1600-1799,d1e2,13,0.5384615384615384,0.533540421301471,0.27545,0.33794756426009626,0.231,False,False
r3kb1r/pp1bnppp/4p3/3pP3/3q4/2NB4/PP3PPP/R1BQ1RK1 w kq -,1600-1799,f1e1,38,0.5394736842105263,0.5387237193542471,0.17695,0.5847516508473823,0.3315,False,False
r3kb1r/pp3ppp/1qn1b3/3pPp2/3P4/2N2N2/PP3PPP/R1BQ1RK1 w kq -,1600-1799,a1b1,19,0.42105263157894735,0.4266350683680987,0.0109,0.1724517673722564,0.5265,False,True
r3kb1r/pp3ppp/1qn1b3/3pPp2/3P4/2N2N2/PP3PPP/R1BQ1RK1 w kq -,1600-1799,a2a3,49,0.6428571428571429,0.6383987529123915,0.3746,0.5350255278290542,0.512,False,False
r3kb1r/pp3ppp/1qn1b3/3pPp2/3P4/2N2N2/PP3PPP/R1BQ1RK1 w kq -,1600-1799,c1e3,11,0.45454545454545453,0.4597428987208906,0.0431,0.34104609149196385,0.5075,False,False
r3kb1r/pp3ppp/1qn1b3/3pPp2/3P4/2N2N2/PP3PPP/R1BQ1RK1 w kq -,1600-1799,c3a4,20,0.425,0.43034580008965834,0.0107,0.5589659619791174,0.5215,True,False
r3kb1r/pp3ppp/1qn1b3/3pPp2/3P4/2N2N2/PP3PPP/R1BQ1RK1 w kq -,1600-1799,f3g5,14,0.6785714285714286,0.662192549953166,0.5607,0.48408933757895456,0.4175,False,False
r3kb1r/ppqb1ppp/2n1p3/3pPn2/N2P4/5N2/PP2BPPP/R1BQ1RK1 w kq -,1600-1799,a2a3,13,0.46153846153846156,0.466326534075421,0.03505,0.7733294577566304,0.635,False,True
r3kb1r/ppqb1ppp/2n1p3/3pPn2/N2P4/5N2/PP2BPPP/R1BQ1RK1 w kq -,1600-1799,a4c5,31,0.532258064516129,0.5300705436299368,0.03515,0.26641011947202964,0.065,False,False
r3kb1r/ppqb1ppp/2n1p3/3pPn2/N2P4/5N2/PP2BPPP/R1BQ1RK1 w kq -,1600-1799,b2b3,18,0.5555555555555556,0.5512319015786499,0.08985,0.7741462418932443,0.532,True,False
r3kb1r/ppqb1ppp/2n1p3/3pPn2/N2P4/5N2/PP2BPPP/R1BQ1RK1 w kq -,1600-1799,c1e3,30,0.55,0.5475936682002166,0.0521,0.5996486779908817,0.579,False,False
r3kb1r/ppqb1ppp/2n1p3/3pPn2/N2P4/5N2/PP2BPPP/R1BQ1RK1 w kq -,1600-1799,c1f4,10,0.7,0.672665761759507,0.50405,0.7579442968737816,0.606,False,False
r3kb1r/ppqb1ppp/2n1p3/3pPn2/N2P4/5N2/PP2BPPP/R1BQ1RK1 w kq -,1600-1799,g2g4,21,0.6428571428571429,0.6330314415437661,0.2838,0.7483471818523307,0.6085,False,False
r3kbnr/1p1b1ppp/p3p3/3pP3/3q4/2NB4/PP3PPP/R1BQ1RK1 w kq -,1600-1799,a2a3,18,0.4722222222222222,0.4733910415218978,0.0452,0.5269709833799059,0.0445,False,False
r3kbnr/1p1b1ppp/p3p3/3pP3/3q4/2NB4/PP3PPP/R1BQ1RK1 w kq -,1600-1799,c1e3,69,0.3333333333333333,0.33706956917991804,0.0,0.7073954338077653,0.005,True,False
r3kbnr/1p1b1ppp/p3p3/3pP3/3q4/2NB4/PP3PPP/R1BQ1RK1 w kq -,1600-1799,d1e2,86,0.5058139534883721,0.5061332154450082,0.01905,0.37700169289906293,0.2995,False,False
r3kbnr/1p1b1ppp/p3p3/3pP3/3q4/2NB4/PP3PPP/R1BQ1RK1 w kq -,1600-1799,d1f3,42,0.36904761904761907,0.3738825934046528,0.0007,0.1806727399936012,0.185,False,False
r3kbnr/1p1b1ppp/p3p3/3pP3/3q4/2NB4/PP3PPP/R1BQ1RK1 w kq -,1600-1799,f1e1,126,0.4880952380952381,0.48783627036415256,0.00775,0.584399567107274,0.3355,False,True
r3kbnr/1p1b1ppp/p3p3/3pP3/3q4/2NB4/PP3PPP/R1BQ1RK1 w kq -,1600-1799,g1h1,30,0.7,0.6906775055209797,0.9273,0.35877224053534695,0.013,False,False
r3kbnr/1pp2ppp/p1p3b1/8/6P1/5N1P/PPPPKP2/RNB4R w kq -,1600-1799,d2d3,123,0.34552845528455284,0.347441512823678,0.2182,0.4784247851462892,0.4825,True,True
r3kbnr/1pp2ppp/p1p3b1/8/6P1/5N1P/PPPPKP2/RNB4R w kq -,1600-1799,h1e1,11,0.45454545454545453,0.46014475822484363,0.7818,0.2507816978796882,0.0,False,False
r3kbnr/pp1b1ppp/1q2p3/3pP3/8/2NB4/PP3PPP/R1BQ1RK1 w kq -,1600-1799,a2a3,16,0.5,0.5016169206485692,0.04695,0.3986044888085982,0.483,False,True
r3kbnr/pp1b1ppp/1q2p3/3pP3/8/2NB4/PP3PPP/R1BQ1RK1 w kq -,1600-1799,c1e3,27,0.5925925925925926,0.5883867140259597,0.1247,0.8406794452706698,0.0005,False,False
r3kbnr/pp1b1ppp/1q2p3/3pP3/8/2NB4/PP3PPP/R1BQ1RK1 w kq -,1600-1799,c3a4,21,0.6190476190476191,0.612234650165758,0.19025,0.8416179110089975,0.3285,True,False
r3kbnr/pp1b1ppp/1q2p3/3pP3/8/2NB4/PP3PPP/R1BQ1RK1 w kq -,1600-1799,d1e2,18,0.4166666666666667,0.4214719617082757,0.00725,0.3918929511867451,0.4215,False,False
r3kbnr/pp1b1ppp/1q2p3/3pP3/8/2NB4/PP3PPP/R1BQ1RK1 w kq -,1600-1799,d1g4,20,0.7,0.6874689494262991,0.556,0.7065018676766383,0.4375,False,False
r3kbnr/pp1b1ppp/1q2p3/3pP3/8/2NB4/PP3PPP/R1BQ1RK1 w kq -,1600-1799,f1e1,22,0.5454545454545454,0.5427627932321396,0.06835,0.4956941607356204,0.2295,False,False
r3kbnr/pp1b1ppp/1q2p3/3pP3/8/2NB4/PP3PPP/R1BQ1RK1 w kq -,1600-1799,g1h1,20,0.425,0.4306560348322614,0.0065,0.46355819694363204,0.4065,False,False
r3kbnr/pp3ppp/2n1p3/3pP3/3P4/4BB2/Pq1N1PPP/R2Q1RK1 b kq -,1600-1799,b2b6,43,0.6162790697674418,0.6121319174411608,0.38845,0.27239096879397195,0.469,False,True
r3kbnr/pp3ppp/2n1p3/3pP3/3P4/4BB2/Pq1N1PPP/R2Q1RK1 b kq -,1600-1799,c6d4,27,0.5370370370370371,0.5354344287679391,0.12475,0.23729228200700905,0.001,False,False
r3kbnr/pp3ppp/2n1p3/3pP3/3P4/4BB2/Pq1N1PPP/R2Q1RK1 b kq -,1600-1799,f8b4,11,0.6363636363636364,0.6202942283088752,0.4868,0.6218983318932518,0.4455,True,False
r3kbnr/pp3ppp/2n1p3/3pP3/3q4/2N2B2/PP3PPP/R1BQ1RK1 w kq -,1600-1799,c3b5,14,0.32142857142857145,0.33757709128624686,0.14495,0.36570000676079323,0.0245,True,False
r3kbnr/pp3ppp/2n1p3/3pP3/3q4/2N2B2/PP3PPP/R1BQ1RK1 w kq -,1600-1799,d1b3,31,0.4838709677419355,0.48462249720913503,0.84325,0.30724272692693655,0.117,False,False
r3kbnr/pp3ppp/2n1p3/3pP3/3q4/2N2B2/PP3PPP/R1BQ1RK1 w kq -,1600-1799,d1d4,45,0.25555555555555554,0.26367693415111354,0.0118,0.23458611335504195,0.13,False,True
r3kbnr/ppqnppp1/2p4p/7P/3P4/3Q1NN1/PPP2PP1/R1B1K2R w KQkq -,1600-1799,c1d2,79,0.4936708860759494,0.4933339592834837,0.2387,0.6978354312061761,0.5365,True,True
r3kbnr/ppqnppp1/2p4p/7P/3P4/3Q1NN1/PPP2PP1/R1B1K2R w KQkq -,1600-1799,c1e3,35,0.5285714285714286,0.5271235855565548,0.4936,0.6477192534503959,0.5145,False,False
r3kbnr/ppqnppp1/2p4p/7P/3P4/3Q1NN1/PPP2PP1/R1B1K2R w KQkq -,1600-1799,e1g1,16,0.46875,0.4716290738461943,0.2677,0.5923449828918835,0.5005,False,False
r4b1r/p1p2k1p/2p1bp2/4p3/8/8/PPPP1PPP/RNB1K2R w KQ -,1600-1799,b1c3,63,0.5634920634920635,0.5615420989247697,0.25945,0.5391100678496896,0.525,False,False
r4b1r/p1p2k1p/2p1bp2/4p3/8/8/PPPP1PPP/RNB1K2R w KQ -,1600-1799,d2d3,37,0.5540540540540541,0.5514966247203401,0.25,0.7233574421210358,0.5295,True,True
r4b1r/p1p2k1p/2p1bp2/4p3/8/8/PPPP1PPP/RNB1K2R w KQ -,1600-1799,e1g1,75,0.5933333333333334,0.5912388349274327,0.49055,0.4898788171150507,0.501,False,False
r4b1r/ppp4p/2n1kp2/4p3/8/8/PPPP1PPP/RNB1K2R w KQ -,1600-1799,b1c3,53,0.3490566037735849,0.3529407851678367,0.0539,0.5301373565533604,0.5165,False,False
r4b1r/ppp4p/2n1kp2/4p3/8/8/PPPP1PPP/RNB1K2R w KQ -,1600-1799,c2c3,37,0.47297297297297297,0.4728470687500185,0.6617,0.5716635944826485,0.4955,True,False
r4b1r/ppp4p/2n1kp2/4p3/8/8/PPPP1PPP/RNB1K2R w KQ -,1600-1799,d2d3,27,0.37037037037037035,0.37849552363257427,0.1589,0.44116440721,0.601,False,True
r4b1r/ppp4p/2n1kp2/4p3/8/8/PPPP1PPP/RNB1K2R w KQ -,1600-1799,e1g1,72,0.3888888888888889,0.3916934855512691,0.1255,0.2732269357750748,0.0605,False,False
r4bnr/pp1k1ppp/4p3/3pP3/3q4/8/PP1N1PPP/R1BQK2R w KQ -,1600-1799,d1e2,21,0.42857142857142855,0.43354014348754927,0.10225,0.7336229806424839,0.2165,False,False
r4bnr/pp1k1ppp/4p3/3pP3/3q4/8/PP1N1PPP/R1BQK2R w KQ -,1600-1799,d2f3,15,0.36666666666666664,0.37824653037338596,0.05645,0.05198682968240452,0.0005,False,False
r4bnr/pp1k1ppp/4p3/3pP3/3q4/8/PP1N1PPP/R1BQK2R w KQ -,1600-1799,e1g1,100,0.57,0.5694365160189347,0.8413,0.7927136257388241,0.282,True,True
r4rk1/pp1bppbp/2np1np1/q7/2BNP3/2N1BP2/PPPQ2PP/2KR3R w - -,1600-1799,c1b1,48,0.4895833333333333,0.4901382455510265,0.3317,0.7604182689826899,0.7165,False,False
r4rk1/pp1bppbp/2np1np1/q7/2BNP3/2N1BP2/PPPQ2PP/2KR3R w - -,1600-1799,c4b3,28,0.4107142857142857,0.4148997920835117,0.107,0.8249826372795611,0.7205,False,True
r4rk1/pp1bppbp/2np1np1/q7/2BNP3/2N1BP2/PPPQ2PP/2KR3R w - -,1600-1799,g2g4,13,0.38461538461538464,0.39619357643953496,0.1391,0.737205427495968,0.6115,False,False
r4rk1/pp1bppbp/2np1np1/q7/2BNP3/2N1BP2/PPPQ2PP/2KR3R w - -,1600-1799,h2h4,21,0.5,0.49944667329960296,0.4222,0.8782003557705975,0.711,True,False
r4rk1/pp1qppbp/2np1np1/8/3PP3/2N2N2/PP3PPP/R1BQR1K1 w - -,1600-1799,c1g5,21,0.6904761904761905,0.6762493219229335,0.9865,0.48728173551730775,0.5255,False,False
r4rk1/pp1qppbp/2np1np1/8/3PP3/2N2N2/PP3PPP/R1BQR1K1 w - -,1600-1799,h2h3,14,0.32142857142857145,0.33912567944709987,0.0135,0.5582587131957575,0.557,True,True
r4rk1/pp3ppp/2nqpn2/3p4/3P2b1/2P2N2/PP1NBPPP/R2Q1RK1 w - -,1600-1799,d1b3,12,0.5833333333333334,0.5759075311544284,0.6935,0.3569336715467632,0.502,False,False
r4rk1/pp3ppp/2nqpn2/3p4/3P2b1/2P2N2/PP1NBPPP/R2Q1RK1 w - -,1600-1799,d1c2,10,0.35,0.3696511387951108,0.07925,0.5225533083077083,0.5005,False,False
r4rk1/pp3ppp/2nqpn2/3p4/3P2b1/2P2N2/PP1NBPPP/R2Q1RK1 w - -,1600-1799,f1e1,26,0.4423076923076923,0.4451589347847158,0.13295,0.5716879335972612,0.5075,True,True
r4rk1/pp3ppp/2nqpn2/3p4/3P2b1/2P2N2/PP1NBPPP/R2Q1RK1 w - -,1600-1799,h2h3,48,0.4375,0.44000743583279234,0.0943,0.5127579817776478,0.5015,False,False
r4rk1/pp3ppp/2nqpn2/3p4/3P2b1/2PB1N2/PP1N1PPP/R2Q1RK1 w - -,1600-1799,d1b3,45,0.4888888888888889,0.49026257964155723,0.0103,0.6900914395046174,0.512,False,False
r4rk1/pp3ppp/2nqpn2/3p4/3P2b1/2PB1N2/PP1N1PPP/R2Q1RK1 w - -,1600-1799,d1c2,122,0.5040983606557377,0.5038781721604745,0.00435,0.5851249007932011,0.51,False,False
r4rk1/pp3ppp/2nqpn2/3p4/3P2b1/2PB1N2/PP1N1PPP/R2Q1RK1 w - -,1600-1799,d1e1,19,0.7631578947368421,0.7444000923743688,0.95035,0.7665328955989851,0.5055,True,False
r4rk1/pp3ppp/2nqpn2/3p4/3P2b1/2PB1N2/PP1N1PPP/R2Q1RK1 w - -,1600-1799,f1e1,78,0.5512820512820513,0.5500656529578712,0.03215,0.5494619469562834,0.515,False,True
r4rk1/pp3ppp/2nqpn2/3p4/3P2b1/2PB1N2/PP1N1PPP/R2Q1RK1 w - -,1600-1799,h2h3,104,0.4807692307692308,0.48142729524979305,0.00285,0.5570948795333753,0.5045,False,False
r4rk1/ppp2ppp/2n2n2/3q4/3P2b1/2P2N2/P3BPPP/R1BQ1RK1 w - -,1600-1799,c3c4,18,0.5277777777777778,0.5260425990864168,0.56995,0.6412835937699801,0.525,False,False
r4rk1/ppp2ppp/2n2n2/3q4/3P2b1/2P2N2/P3BPPP/R1BQ1RK1 w - -,1600-1799,h2h3,21,0.5,0.5000998779437617,0.43005,0.66981153558501,0.596,True,True
r4rk1/pppqbppp/3p1n2/6B1/3QP3/2N5/PPP2PPP/R4RK1 w - -,1600-1799,a1d1,294,0.564625850340136,0.5643683629904187,0.0492,0.6838485510327643,0.509,False,False
r4rk1/pppqbppp/3p1n2/6B1/3QP3/2N5/PPP2PPP/R4RK1 w - -,1600-1799,c3d5,21,0.30952380952380953,0.3228020996433843,0.00175,0.30999185087460457,0.484,False,False
r4rk1/pppqbppp/3p1n2/6B1/3QP3/2N5/PPP2PPP/R4RK1 w - -,1600-1799,e4e5,118,0.614406779661017,0.6131570583587653,0.47695,0.7190134642707806,0.593,True,True
r4rk1/pppqbppp/3p1n2/6B1/3QP3/2N5/PPP2PPP/R4RK1 w - -,1600-1799,f1e1,105,0.5476190476190477,0.5473884333740751,0.0577,0.6768811859299101,0.518,False,False
r4rk1/pppqbppp/3p1n2/6B1/3QP3/2N5/PPP2PPP/R4RK1 w - -,1600-1799,f2f4,74,0.6081081081081081,0.6055526592030699,0.4144,0.6531381811896415,0.498,False,False
r4rk1/pppqbppp/3p1n2/8/3QP3/2N4P/PPP2PP1/R1B2RK1 w - -,1600-1799,c1e3,27,0.7222222222222222,0.7110769047329766,0.80625,0.6593146435687676,0.519,False,True
r4rk1/pppqbppp/3p1n2/8/3QP3/2N4P/PPP2PP1/R1B2RK1 w - -,1600-1799,c1f4,26,0.5,0.49977245184013164,0.02255,0.70290603015154,0.514,True,False
r4rk1/pppqbppp/3p1n2/8/3QP3/2N4P/PPP2PP1/R1B2RK1 w - -,1600-1799,c1g5,48,0.5416666666666666,0.5401806916787566,0.0301,0.6168210233758769,0.5105,False,False
r4rk1/pppqbppp/3p1n2/8/3QP3/2N4P/PPP2PP1/R1B2RK1 w - -,1600-1799,c3d5,11,0.5454545454545454,0.5397723128209152,0.08415,0.5063040678057082,0.4965,False,False
r4rk1/pppqbppp/3p1n2/8/3QP3/2N4P/PPP2PP1/R1B2RK1 w - -,1600-1799,f1e1,18,0.4722222222222222,0.4758698626590065,0.0253,0.4679777299370743,0.514,False,False
r4rk1/pppqbppp/3p1n2/8/3QP3/2N4P/PPP2PP1/R1B2RK1 w - -,1600-1799,f2f4,15,0.4666666666666667,0.46885536793983673,0.03165,0.36536541594649236,0.502,False,False
r4rk1/pppqbppp/3p1n2/8/3QP3/2N5/PPP2PPP/R1B1R1K1 w - -,1600-1799,b2b3,17,0.5294117647058824,0.5273918396544589,0.17125,0.5910850840317359,0.5085,False,False
r4rk1/pppqbppp/3p1n2/8/3QP3/2N5/PPP2PPP/R1B1R1K1 w - -,1600-1799,c1f4,44,0.625,0.6200024821958932,0.5574,0.5620295323501926,0.516,False,False
r4rk1/pppqbppp/3p1n2/8/3QP3/2N5/PPP2PPP/R1B1R1K1 w - -,1600-1799,c1g5,131,0.5381679389312977,0.5376528213309519,0.05415,0.6648584454943532,0.5215,True,True
r4rk1/pppqbppp/3p1n2/8/3QP3/2N5/PPP2PPP/R1B1R1K1 w - -,1600-1799,c3d5,66,0.4166666666666667,0.4187073401897824,0.00135,0.513916772756864,0.5015,False,False
r4rk1/pppqbppp/3p1n2/8/3QP3/2N5/PPP2PPP/R1B1R1K1 w - -,1600-1799,e4e5,110,0.5136363636363637,0.5132097584059737,0.02585,0.11044592723209354,0.493,False,False
r4rk1/pppqbppp/3p1n2/8/3QP3/2N5/PPP2PPP/R1B1R1K1 w - -,1600-1799,h2h3,21,0.5476190476190477,0.5442674177944272,0.19,0.6310155195317821,0.518,False,False
r4rk1/pppqbppp/3p1n2/8/3QPB2/2N5/PPP2PPP/R4RK1 w - -,1600-1799,a1d1,88,0.5625,0.560419349616487,0.18775,0.6510610651173611,0.5255,True,True
r4rk1/pppqbppp/3p1n2/8/3QPB2/2N5/PPP2PPP/R4RK1 w - -,1600-1799,e4e5,27,0.5,0.4993837785642544,0.09085,0.31515099311608175,0.5025,False,False
r4rk1/pppqbppp/3p1n2/8/3QPB2/2N5/PPP2PPP/R4RK1 w - -,1600-1799,f1e1,13,0.6538461538461539,0.6370587602427933,0.7214,0.5735301840070773,0.509,False,False
r4rk1/ppqn1ppp/2pb1n2/3p2B1/3P2b1/2PB1N2/PP1N1PPP/R2QR1K1 w - -,1600-1799,d1c2,191,0.42670157068062825,0.4272380074547655,0.29575,0.5036865282323413,0.505,True,False
r4rk1/ppqn1ppp/2pb1n2/3p2B1/3P2b1/2PB1N2/PP1N1PPP/R2QR1K1 w - -,1600-1799,d2f1,19,0.3157894736842105,0.3284846836312583,0.10525,0.491184927447687,0.4385,False,False
r4rk1/ppqn1ppp/2pb1n2/3p2B1/3P2b1/2PB1N2/PP1N1PPP/R2QR1K1 w - -,1600-1799,h2h3,101,0.4504950495049505,0.45120498008457655,0.599,0.47495014613261416,0.5075,False,True
r4rk1/ppqn1ppp/2pb1n2/3p2B1/3P2b1/2PB1N2/PPQN1PPP/R4RK1 w - -,1600-1799,a1e1,92,0.5380434782608695,0.5374584462350522,0.33515,0.49745973230606483,0.5065,False,False
r4rk1/ppqn1ppp/2pb1n2/3p2B1/3P2b1/2PB1N2/PPQN1PPP/R4RK1 w - -,1600-1799,d3f5,47,0.4787234042553192,0.4794047669971623,0.10335,0.4958834256212291,0.4835,False,False
r4rk1/ppqn1ppp/2pb1n2/3p2B1/3P2b1/2PB1N2/PPQN1PPP/R4RK1 w - -,1600-1799,f1e1,196,0.5433673469387755,0.5429445807596212,0.3475,0.4868516512035057,0.5075,False,False
r4rk1/ppqn1ppp/2pb1n2/3p2B1/3P2b1/2PB1N2/PPQN1PPP/R4RK1 w - -,1600-1799,g5f6,20,0.475,0.47591545731119006,0.18185,0.5120072757820606,0.4795,True,False
r4rk1/ppqn1ppp/2pb1n2/3p2B1/3P2b1/2PB1N2/PPQN1PPP/R4RK1 w - -,1600-1799,h2h3,347,0.49855907780979825,0.4984719137463212,0.03215,0.44070913659083477,0.511,False,True
rn1q1rk1/1b2bppp/p2ppn2/1p6/3NP3/1BN1BP2/PPPQ2PP/R3K2R w KQ -,1600-1799,b3e6,17,0.4117647058823529,0.41730644821186125,0.0584,0.5000456318900346,0.4745,False,False
rn1q1rk1/1b2bppp/p2ppn2/1p6/3NP3/1BN1BP2/PPPQ2PP/R3K2R w KQ -,1600-1799,e1c1,161,0.5403726708074534,0.5396762916011076,0.19475,0.5477511215425137,0.5,False,True
rn1q1rk1/1b2bppp/p2ppn2/1p6/3NP3/1BN1BP2/PPPQ2PP/R3K2R w KQ -,1600-1799,g2g4,44,0.5113636363636364,0.5110479015826165,0.1413,0.5904867849706775,0.489,True,False
rn1q1rk1/1b2bppp/p2ppn2/1p6/3NP3/1BN1BP2/PPPQ2PP/R3K2R w KQ -,1600-1799,h2h4,14,0.6071428571428571,0.5964537019782375,0.60555,0.5405811962339179,0.4965,False,False
rn1q1rk1/1p2bppp/3pbn2/p3p3/4P3/1NN1BP2/PPPQ2PP/2KR1B1R w - -,1600-1799,a2a4,10,0.6,0.5867054271426083,0.83005,0.8920277743845921,0.7035,True,True
rn1q1rk1/1p2bppp/3pbn2/p3p3/4P3/1NN1BP2/PPPQ2PP/2KR1B1R w - -,1600-1799,c1b1,21,0.42857142857142855,0.4331561766069827,0.16995,0.6728908120165228,0.544,False,False
rn1q1rk1/1p2bppp/p2pbn2/8/4Pp2/1NN1B3/PPP1B1PP/R2Q1RK1 w - -,1600-1799,e3f4,85,0.5352941176470588,0.5357742188805326,0.77715,0.47759515813804804,0.5065,False,True
rn1q1rk1/1p2bppp/p2pbn2/8/4Pp2/1NN1B3/PPP1B1PP/R2Q1RK1 w - -,1600-1799,f1f4,14,0.42857142857142855,0.4351770570988843,0.22285,0.479636154728885,0.5,True,False
rn1q1rk1/4bppp/p2pbn2/1p2p3/4P3/1NN1BP2/PPPQ2PP/2KR1B1R w - b6,1600-1799,c1b1,38,0.5394736842105263,0.5376399438780587,0.16975,0.7215108467271053,0.5165,False,False
rn1q1rk1/4bppp/p2pbn2/1p2p3/4P3/1NN1BP2/PPPQ2PP/2KR1B1R w - b6,1600-1799,c3d5,15,0.6333333333333333,0.621675345138525,0.6321,0.7815230154839723,0.598,True,True
rn1q1rk1/4bppp/p2pbn2/1p2p3/4P3/1NN1BP2/PPPQ2PP/2KR1B1R w - b6,1600-1799,g2g4,111,0.5585585585585585,0.5579107191086073,0.19815,0.6218140680135329,0.567,False,False
rn1q1rk1/4ppbp/3p1np1/2pP4/4P3/2N2NP1/PP3PKP/R1BQ3R b - -,1600-1799,b8a6,11,0.4090909090909091,0.4198582286782669,0.1387,0.13830675566215647,0.275,False,False
rn1q1rk1/4ppbp/3p1np1/2pP4/4P3/2N2NP1/PP3PKP/R1BQ3R b - -,1600-1799,b8d7,112,0.5223214285714286,0.5217066282533647,0.36865,0.527529274932987,0.301,True,False
rn1q1rk1/4ppbp/3p1np1/2pP4/4P3/2N2NP1/PP3PKP/R1BQ3R b - -,1600-1799,d8a5,14,0.5357142857142857,0.531960572961309,0.4829,0.4113502219386437,0.245,False,False
rn1q1rk1/4ppbp/3p1np1/2pP4/4P3/2N2NP1/PP3PKP/R1BQ3R b - -,1600-1799,d8b6,11,0.22727272727272727,0.2606239628547943,0.00975,0.5218671465518225,0.3505,False,True
rn1q1rk1/4ppbp/3p1np1/2pP4/4P3/2N3P1/PP3PKP/R1BQ2NR w - -,1600-1799,g1e2,27,0.24074074074074073,0.25467314578907296,0.01435,0.5266300450010303,0.5605,False,False
rn1q1rk1/4ppbp/3p1np1/2pP4/4P3/2N3P1/PP3PKP/R1BQ2NR w - -,1600-1799,g1f3,87,0.47126436781609193,0.471042067989237,0.98565,0.5613814101476898,0.6725,True,True
rn1q1rk1/pp2bppp/2p2nb1/3p2B1/3P2P1/2NBPN1P/PP3P2/R2QK2R w KQ -,1600-1799,d1c2,21,0.38095238095238093,0.3876081384643477,0.3341,0.43827329903614565,0.4665,False,False
rn1q1rk1/pp2bppp/2p2nb1/3p2B1/3P2P1/2NBPN1P/PP3P2/R2QK2R w KQ -,1600-1799,d3g6,70,0.37857142857142856,0.3817790913641798,0.2394,0.5206788531792101,0.516,False,True
rn1q1rk1/pp2bppp/2p2nb1/3p2B1/3P2P1/2NBPN1P/PP3P2/R2QK2R w KQ -,1600-1799,f3e5,26,0.40384615384615385,0.4087095191668166,0.4265,0.5455702551419258,0.4855,True,False
rn1q1rk1/pp2n1pp/2pb1p2/3p4/3P3B/2NQ1N2/PPP2PPP/R3R1K1 b - -,1600-1799,b8a6,21,0.7380952380952381,0.7232086589641548,0.7906,0.5104876612620979,0.493,False,True
rn1q1rk1/pp2n1pp/2pb1p2/3p4/3P3B/2NQ1N2/PPP2PPP/R3R1K1 b - -,1600-1799,b8d7,25,0.58,0.5762299759295116,0.08235,0.5596910456582763,0.482,True,False
rn1q1rk1/pp2n1pp/2pb1p2/3p4/3P3B/2NQ1N2/PPP2PPP/R3R1K1 b - -,1600-1799,d8c7,14,0.35714285714285715,0.3716570905446199,0.00255,0.44189977907347344,0.4825,False,False
rn1q1rk1/pp2n1pp/2pb1p2/3p4/3P3B/2NQ1N2/PPP2PPP/R3R1K1 b - -,1600-1799,d8d7,28,0.6071428571428571,0.6013348812830522,0.12045,0.4760911725962186,0.4925,False,False
rn1q1rk1/pp2n1pp/2pb1p2/3p4/3P3B/2NQ1N2/PPP2PPP/R3R1K1 b - -,1600-1799,e7g6,89,0.5168539325842697,0.5171128491922405,0.00405,0.52659766008447,0.4805,False,False
rn1q1rk1/pp3pp1/2p2b1p/3p4/3P2b1/2NBPN2/PP3PPP/R2Q1RK1 w - -,1600-1799,a1c1,18,0.2777777777777778,0.29593511750528145,0.0384,0.5420905561451529,0.513,False,False
rn1q1rk1/pp3pp1/2p2b1p/3p4/3P2b1/2NBPN2/PP3PPP/R2Q1RK1 w - -,1600-1799,d3c2,10,0.35,0.3695391178184132,0.17615,0.6755231060423045,0.5005,True,False
rn1q1rk1/pp3pp1/2p2b1p/3p4/3P2b1/2NBPN2/PP3PPP/R2Q1RK1 w - -,1600-1799,d3e2,15,0.5,0.5003165462354064,0.64895,0.45354724573664484,0.4915,False,False
rn1q1rk1/pp3pp1/2p2b1p/3p4/3P2b1/2NBPN2/PP3PPP/R2Q1RK1 w - -,1600-1799,h2h3,80,0.4,0.4025054408231869,0.1365,0.4963155669335419,0.514,False,True
rn1q1rk1/pp3ppp/2pb1nb1/3p2B1/3P2P1/2NB1N1P/PPP2P2/R2Q1RK1 w - -,1600-1799,c3e2,21,0.5476190476190477,0.5442826946012168,0.67585,0.3849887557932574,0.434,False,False
rn1q1rk1/pp3ppp/2pb1nb1/3p2B1/3P2P1/2NB1N1P/PPP2P2/R2Q1RK1 w - -,1600-1799,d3g6,241,0.34854771784232363,0.34976663176498385,0.0001,0.3144113181816193,0.438,False,False
rn1q1rk1/pp3ppp/2pb1nb1/3p2B1/3P2P1/2NB1N1P/PPP2P2/R2Q1RK1 w - -,1600-1799,f1e1,32,0.359375,0.36577628382887517,0.0297,0.47908828432838907,0.435,False,False
rn1q1rk1/pp3ppp/2pb1nb1/3p2B1/3P2P1/2NB1N1P/PPP2P2/R2Q1RK1 w - -,1600-1799,f3e5,202,0.4504950495049505,0.4510352934053335,0.087,0.5094962161463567,0.4735,True,True
rn1q1rk1/pp3ppp/2pb1nb1/3p2B1/3P2P1/2NB1N1P/PPP2P2/R2Q1RK1 w - -,1600-1799,f3h4,42,0.4642857142857143,0.46478712794269567,0.20735,0.3929118308862695,0.4725,False,False
rn1qk1nr/pp3pp1/2pbp2p/7P/3P4/3Q1NN1/PPP2PP1/R1B1K2R w KQkq -,1600-1799,c1d2,35,0.5,0.5003584538482669,0.0051,0.539251197510134,0.578,False,True
rn1qk1nr/pp3pp1/2pbp2p/7P/3P4/3Q1NN1/PPP2PP1/R1B1K2R w KQkq -,1600-1799,c1e3,20,0.725,0.7082318799400759,0.4992,0.5690804711610962,0.5225,True,False
rn1qk1nr/pp3pp1/2pbp2p/7P/3P4/3Q1NN1/PPP2PP1/R1B1K2R w KQkq -,1600-1799,f3e5,10,0.65,0.6312297138969055,0.23225,0.5016192196100989,0.5045,False,False
rn1qk1nr/pp3pp1/2pbp2p/7P/3P4/3Q1NN1/PPP2PP1/R1B1K2R w KQkq -,1600-1799,g3e4,86,0.686046511627907,0.6821628478373498,0.26345,0.5645151554171183,0.5725,False,False
rn1qkb1r/pp3pp1/2p1pn1p/7P/3P4/3Q1NN1/PPP2PP1/R1B1K2R w KQkq -,1600-1799,c1d2,581,0.5688468158347676,0.5686478209033683,0.0685,0.5438337368489923,0.517,False,True
rn1qkb1r/pp3pp1/2p1pn1p/7P/3P4/3Q1NN1/PPP2PP1/R1B1K2R w KQkq -,1600-1799,c1e3,152,0.5625,0.5615936649251948,0.142,0.5581240508080244,0.5045,True,False
rn1qkb1r/pp3pp1/2p1pn1p/7P/3P4/3Q1NN1/PPP2PP1/R1B1K2R w KQkq -,1600-1799,c1f4,566,0.5954063604240283,0.5952044103981815,0.41745,0.5434110804694141,0.5065,False,False
rn1qkb1r/pp3pp1/2p1pn1p/7P/3P4/3Q1NN1/PPP2PP1/R1B1K2R w KQkq -,1600-1799,c2c3,82,0.5487804878048781,0.5481827018180219,0.14285,0.3548661422795616,0.5005,False,False
rn1qkb1r/pp3pp1/2p1pn1p/7P/3P4/3Q1NN1/PPP2PP1/R1B1K2R w KQkq -,1600-1799,e1g1,113,0.5575221238938053,0.5566479470685625,0.14075,0.4341319827753157,0.4935,False,False
rn1qkb1r/pp3pp1/2p1pn1p/7P/3P4/3Q1NN1/PPP2PP1/R1B1K2R w KQkq -,1600-1799,f3e5,90,0.5388888888888889,0.5387621071821863,0.08845,0.501511367869741,0.499,False,False
rn1qkb1r/pp3ppn/2p1p2p/7P/3P4/5NN1/PPP2PP1/R1BQK2R w KQkq -,1600-1799,c1d2,20,0.625,0.6162799972796287,0.01955,0.631870558687777,0.5305,False,True
rn1qkb1r/pp3ppn/2p1p2p/7P/3P4/5NN1/PPP2PP1/R1BQK2R w KQkq -,1600-1799,c1e3,23,0.6086956521739131,0.6020377063697587,0.01215,0.49679458384708347,0.5105,False,False
rn1qkb1r/pp3ppn/2p1p2p/7P/3P4/5NN1/PPP2PP1/R1BQK2R w KQkq -,1600-1799,c1f4,80,0.55,0.5488602344961554,5e-05,0.5085428751404242,0.5255,False,False
rn1qkb1r/pp3ppn/2p1p2p/7P/3P4/5NN1/PPP2PP1/R1BQK2R w KQkq -,1600-1799,c2c3,19,0.5789473684210527,0.5736662430738938,0.009,0.5050486721472286,0.5115,False,False
rn1qkb1r/pp3ppn/2p1p2p/7P/3P4/5NN1/PPP2PP1/R1BQK2R w KQkq -,1600-1799,d1d3,36,0.7083333333333334,0.6994591827548865,0.06,0.5917496078755063,0.518,False,False
rn1qkb1r/pp3ppn/2p1p2p/7P/3P4/5NN1/PPP2PP1/R1BQK2R w KQkq -,1600-1799,d1e2,11,0.7272727272727273,0.700207302942156,0.16485,0.6025629767829073,0.5305,False,False
rn1qkb1r/pp3ppn/2p1p2p/7P/3P4/5NN1/PPP2PP1/R1BQK2R w KQkq -,1600-1799,e1g1,22,0.7727272727272727,0.7552063549953355,0.23365,0.6560404620555081,0.5115,True,False
rn1qkb1r/pp3ppn/2p1p2p/7P/3P4/5NN1/PPP2PP1/R1BQK2R w KQkq -,1600-1799,f3e5,17,0.8235294117647058,0.7974544068908763,0.50075,0.4219540805060109,0.513,False,False
rn1qr1k1/pp3pbp/3p1np1/2pP4/4PPb1/2NB1N2/PP4PP/R1BQ1RK1 w - -,1600-1799,d1c2,10,0.4,0.4136436506318181,0.0773,0.3437621946656451,0.496,False,False
rn1qr1k1/pp3pbp/3p1np1/2pP4/4PPb1/2NB1N2/PP4PP/R1BQ1RK1 w - -,1600-1799,f1e1,20,0.35,0.3607282877332616,0.0076,0.5772846654173723,0.554,False,False
rn1qr1k1/pp3pbp/3p1np1/2pP4/4PPb1/2NB1N2/PP4PP/R1BQ1RK1 w - -,1600-1799,h2h3,72,0.6319444444444444,0.6287688599639241,0.9151,0.7126579054780616,0.617,True,True
rn2kb1r/ppq2ppp/2p1pn2/4N3/3P4/2N4P/PPPBQPP1/R4RK1 b kq -,1600-1799,b8d7,94,0.4946808510638298,0.4948271960363639,0.2083,0.4517764607861547,0.4775,False,True
rn2kb1r/ppq2ppp/2p1pn2/4N3/3P4/2N4P/PPPBQPP1/R4RK1 b kq -,1600-1799,f8d6,97,0.44329896907216493,0.44450447439779,0.04685,0.4567635423415667,0.476,False,False
rn2kb1r/ppq2ppp/2p1pn2/4N3/3P4/2N4P/PPPBQPP1/R4RK1 b kq -,1600-1799,f8e7,30,0.5666666666666667,0.5637618375262481,0.74485,0.5136426625252867,0.4085,True,False
rn3rk1/1pq1bppp/p2pbn2/4p3/4P3/1NN1BP2/PPPQ2PP/2KR1B1R w - -,1600-1799,c1b1,26,0.7692307692307693,0.7545031036598425,0.9943,0.6525452950193946,0.5805,False,False
rn3rk1/1pq1bppp/p2pbn2/4p3/4P3/1NN1BP2/PPPQ2PP/2KR1B1R w - -,1600-1799,g2g4,65,0.49230769230769234,0.4926210843866432,0.0057,0.7000339435616485,0.62,True,True
rnb1k2r/pp3p1p/2p2p2/3p4/3P4/2q1P3/P2N1PPP/R2QKB1R w KQkq -,1600-1799,a1c1,22,0.45454545454545453,0.45735457473780605,0.1081,0.5601500967703095,0.509,False,False
rnb1k2r/pp3p1p/2p2p2/3p4/3P4/2q1P3/P2N1PPP/R2QKB1R w KQkq -,1600-1799,f1e2,37,0.6081081081081081,0.6038087878377931,0.8919,0.5606536357856164,0.5165,True,True
rnb1r3/ppp2kpp/5n2/8/4P3/8/PB1N1PPP/R3K1NR w KQ -,1600-1799,b2f6,56,0.5178571428571429,0.5162354713757785,0.2351,0.4241246990574655,0.4945,False,False
rnb1r3/ppp2kpp/5n2/8/4P3/8/PB1N1PPP/R3K1NR w KQ -,1600-1799,e4e5,50,0.44,0.4413909115273947,0.03795,0.4701142691958182,0.1395,False,False
rnb1r3/ppp2kpp/5n2/8/4P3/8/PB1N1PPP/R3K1NR w KQ -,1600-1799,f2f3,114,0.5526315789473685,0.551511140834153,0.4957,0.5876697306948019,0.5005,False,True
rnb1r3/ppp2kpp/5n2/8/4P3/8/PB1N1PPP/R3K1NR w KQ -,1600-1799,g1f3,50,0.51,0.5094708687602314,0.23125,0.6981044025398838,0.4995,True,False
rnb2rk1/p1p1qpp1/1p5p/3p4/3P4/4PN2/PP3PPP/R2QKB1R w KQ -,1600-1799,a2a3,10,0.65,0.62977688892309,0.3289,0.5807993917218877,0.498,False,False
rnb2rk1/p1p1qpp1/1p5p/3p4/3P4/4PN2/PP3PPP/R2QKB1R w KQ -,1600-1799,f1d3,40,0.5875,0.5844113351652566,0.1144,0.5146660244262856,0.499,False,False
rnb2rk1/p1p1qpp1/1p5p/3p4/3P4/4PN2/PP3PPP/R2QKB1R w KQ -,1600-1799,f1e2,12,0.7083333333333334,0.685037724066814,0.5567,0.6204938776664446,0.5,True,True
rnb2rk1/pp2q1pp/2p5/3p1p2/3Pn3/2NBPN2/PP3PPP/R2Q1RK1 w - -,1600-1799,a1c1,12,0.5416666666666666,0.5384364294672611,0.11035,0.5044858954942983,0.5535,True,False
rnb2rk1/pp2q1pp/2p5/3p1p2/3Pn3/2NBPN2/PP3PPP/R2Q1RK1 w - -,1600-1799,d1b3,10,0.7,0.6723870645592266,0.52565,0.22607461051116645,0.542,False,False
rnb2rk1/pp2q1pp/2p5/3p1p2/3Pn3/2NBPN2/PP3PPP/R2Q1RK1 w - -,1600-1799,d1c2,26,0.5192307692307693,0.5185086603023681,0.0444,0.4664356657219303,0.5365,False,False
rnb2rk1/pp2q1pp/2p5/3p1p2/3Pn3/2NBPN2/PP3PPP/R2Q1RK1 w - -,1600-1799,d3e4,20,0.5,0.500184399186646,0.03855,0.38593843687724516,0.4815,False,False
rnb2rk1/pp2q1pp/2p5/3p1p2/3Pn3/2NBPN2/PP3PPP/R2Q1RK1 w - -,1600-1799,f3d2,18,0.6388888888888888,0.6277853828664904,0.281,0.34698780078871755,0.505,False,False
rnb2rk1/pp2q1pp/2p5/3p1p2/3Pn3/2NBPN2/PP3PPP/R2Q1RK1 w - -,1600-1799,f3e5,92,0.3695652173913043,0.37213086290552067,5e-05,0.36731919335233304,0.556,False,True
rnb2rk1/pp3ppp/5q2/3Q4/1b6/2N1PN2/PP3PPP/R3KB1R w KQ -,1600-1799,a1c1,19,0.5526315789473685,0.5490480301463543,0.12125,0.7218070490865074,0.539,True,False
rnb2rk1/pp3ppp/5q2/3Q4/1b6/2N1PN2/PP3PPP/R3KB1R w KQ -,1600-1799,d5b3,78,0.5256410256410257,0.5247515340432167,0.0216,0.557742190903638,0.606,False,False
rnb2rk1/pp3ppp/5q2/3Q4/1b6/2N1PN2/PP3PPP/R3KB1R w KQ -,1600-1799,d5d4,31,0.6774193548387096,0.6691003475019102,0.65415,0.710250164821526,0.6195,False,True
rnb2rk1/pp3ppp/5q2/3Q4/1b6/2N1PN2/PP3PPP/R3KB1R w KQ -,1600-1799,d5e5,18,0.5833333333333334,0.5771063080372127,0.203,0.6795634419102261,0.5205,False,False
rnb2rk1/ppp1q1p1/4p2p/5p2/2PPp3/4P3/PP1N1PPP/R2QKB1R w KQ f6,1600-1799,c4c5,23,0.5434782608695652,0.5398658553878407,0.07685,0.5363362213008376,0.354,True,False
rnb2rk1/ppp1q1p1/4p2p/5p2/2PPp3/4P3/PP1N1PPP/R2QKB1R w KQ f6,1600-1799,d1b3,15,0.7,0.6817727127391716,0.5852,0.509324823051084,0.4735,False,True
rnb2rk1/ppp1q1p1/4p2p/5p2/2PPp3/4P3/PP1N1PPP/R2QKB1R w KQ f6,1600-1799,f1e2,79,0.44936708860759494,0.4506997651027366,0.0025,0.34712460830349323,0.471,False,False
rnb2rk1/ppp1q1p1/4p2p/5p2/2PPp3/4P3/PP1N1PPP/R2QKB1R w KQ f6,1600-1799,f2f3,11,0.6363636363636364,0.6205836489793127,0.33545,0.4783352655219406,0.267,False,False
rnb2rk1/ppp1qpp1/7p/3p4/3P4/2P1PN2/P4PPP/R2QKB1R w KQ -,1600-1799,c3c4,23,0.5217391304347826,0.5201982020897941,0.23835,0.5502166308190808,0.502,True,False
rnb2rk1/ppp1qpp1/7p/3p4/3P4/2P1PN2/P4PPP/R2QKB1R w KQ -,1600-1799,f1d3,101,0.5099009900990099,0.509439170952347,0.11125,0.5276575115776528,0.507,False,True
rnb2rk1/ppp1qpp1/7p/3p4/3P4/2P1PN2/P4PPP/R2QKB1R w KQ -,1600-1799,f1e2,24,0.6041666666666666,0.5975563889794007,0.6504,0.5428439737508141,0.5,False,False
rnbq1rk1/pp3ppp/4p3/8/3PP3/5N2/P2Q1PPP/R3KB1R w KQ -,1600-1799,f1c4,50,0.51,0.5096089761927222,0.29265,0.5644338433193097,0.512,False,False
rnbq1rk1/pp3ppp/4p3/8/3PP3/5N2/P2Q1PPP/R3KB1R w KQ -,1600-1799,f1d3,78,0.5192307692307693,0.5185431412601071,0.31435,0.3125624916148075,0.5145,False,True
rnbq1rk1/pp3ppp/4p3/8/3PP3/5N2/P2Q1PPP/R3KB1R w KQ -,1600-1799,f1e2,72,0.5277777777777778,0.5272591408774306,0.393,0.5796742382041423,0.503,True,False
rnbqk2r/1p2ppb1/p2p3p/4n1p1/3NP3/2N3BP/PPP2PP1/R2QKB1R w KQkq -,1600-1799,d1d2,11,0.7272727272727273,0.7004704055106588,0.90325,0.5302082115064785,0.5135,True,True
rnbqk2r/1p2ppb1/p2p3p/4n1p1/3NP3/2N3BP/PPP2PP1/R2QKB1R w KQkq -,1600-1799,f1e2,13,0.46153846153846156,0.4681549397033913,0.09675,0.4084058753047377,0.5095,False,False
rnbqr1k1/1p3pbp/p2p1np1/2pP4/4P3/2NB1N1P/PP3PP1/R1BQ1RK1 w - -,1600-1799,a2a4,66,0.5606060606060606,0.5594574220687688,0.3083,0.7134447215813687,0.7415,True,True
rnbqr1k1/1p3pbp/p2p1np1/2pP4/4P3/2NB1N1P/PP3PP1/R1BQ1RK1 w - -,1600-1799,c1g5,11,0.6363636363636364,0.619824325957025,0.65715,0.568623586660185,0.53,False,False
rnbqr1k1/1p3pbp/p2p1np1/2pP4/4P3/2NB1N1P/PP3PP1/R1BQ1RK1 w - -,1600-1799,f1e1,18,0.3888888888888889,0.3969595539215103,0.03455,0.5738366759968523,0.637,False,False
rnbqr1k1/1p3pbp/p2p1np1/2pP4/4PP2/2NB1N2/PP4PP/R1BQ1RK1 w - -,1600-1799,a2a4,44,0.4090909090909091,0.4118795266638306,0.0998,0.6210975081981056,0.6445,True,True
rnbqr1k1/1p3pbp/p2p1np1/2pP4/4PP2/2NB1N2/PP4PP/R1BQ1RK1 w - -,1600-1799,f1e1,18,0.5833333333333334,0.5769737087849353,0.9002,0.45907823333260384,0.5,False,False
rqb1k2r/pp2bppp/2nppn2/1N6/2B1P3/5N2/PP2QPPP/R1BR2K1 w kq -,1600-1799,c1f4,83,0.6385542168674698,0.6356061301663002,0.48375,0.603410164122249,0.569,True,True
rqb1k2r/pp2bppp/2nppn2/1N6/2B1P3/5N2/PP2QPPP/R1BR2K1 w kq -,1600-1799,c1g5,13,0.38461538461538464,0.39540970071638726,0.0092,0.5160983985518518,0.425,False,False
rqb1k2r/pp2bppp/2nppn2/1N6/2B1P3/5N2/PP2QPPP/R1BR2K1 w kq -,1600-1799,e4e5,17,0.6470588235294118,0.6348628553862512,0.50705,0.2947149431009085,0.049,False,False
1rbq1rk1/p3ppbp/2Bp1np1/8/2P5/2N3P1/PP2PP1P/R1BQ1RK1 w - -,1800-1999,a1b1,24,0.4166666666666667,0.4218610214284412,0.00575,0.4826877175686843,0.486,False,False
1rbq1rk1/p3ppbp/2Bp1np1/8/2P5/2N3P1/PP2PP1P/R1BQ1RK1 w - -,1800-1999,b2b3,23,0.6304347826086957,0.623332072239874,0.30245,0.5753262871916789,0.509,False,False
1rbq1rk1/p3ppbp/2Bp1np1/8/2P5/2N3P1/PP2PP1P/R1BQ1RK1 w - -,1800-1999,c6f3,13,0.6153846153846154,0.6029007249174283,0.296,0.5626662266744572,0.5125,False,False
1rbq1rk1/p3ppbp/2Bp1np1/8/2P5/2N3P1/PP2PP1P/R1BQ1RK1 w - -,1800-1999,c6g2,244,0.5860655737704918,0.5854444209623562,0.05275,0.6545733121974916,0.589,True,True
1rbq1rk1/p3ppbp/2Bp1np1/8/2P5/2N3P1/PP2PP1P/R1BQ1RK1 w - -,1800-1999,d1a4,14,0.4642857142857143,0.4690752686224775,0.039,0.5888894604989446,0.5225,False,False
1rbq1rk1/p3ppbp/2Bp1np1/8/2P5/2N3P1/PP2PP1P/R1BQ1RK1 w - -,1800-1999,d1c2,30,0.6333333333333333,0.6265356404137726,0.30405,0.4643420894664773,0.5125,False,False
1rbqk2r/p2pppbp/6p1/3QP3/8/4B3/PPP2PPP/R3KB1R w KQk -,1800-1999,e1c1,87,0.5459770114942529,0.5448694033080035,0.48115,0.6052968099939138,0.7025,False,True
1rbqk2r/p2pppbp/6p1/3QP3/8/4B3/PPP2PPP/R3KB1R w KQk -,1800-1999,e3a7,29,0.5344827586206896,0.5325903187624014,0.42675,0.4583767653386744,0.5015,False,False
1rbqk2r/p2pppbp/6p1/3QP3/8/4B3/PPP2PPP/R3KB1R w KQk -,1800-1999,e3d4,24,0.3541666666666667,0.3632813942720405,0.0213,0.40118681837255876,0.5335,False,False
1rbqk2r/p2pppbp/6p1/3QP3/8/4B3/PPP2PPP/R3KB1R w KQk -,1800-1999,f1c4,103,0.47572815533980584,0.475810512836687,0.0708,0.6250211719784485,0.504,True,False
1rbqkb1r/p2n1ppp/2Q5/4p1N1/8/8/PPPP1PPP/RNB1K2R w KQk -,1800-1999,d2d3,127,0.4566929133858268,0.4568244559575656,0.68515,0.5009746616987567,0.3825,False,True
1rbqkb1r/p2n1ppp/2Q5/4p1N1/8/8/PPPP1PPP/RNB1K2R w KQk -,1800-1999,d2d4,31,0.3387096774193548,0.34593159819027586,0.0806,0.5348417764431614,0.1365,True,False
1rbqkb1r/p2n1ppp/2Q5/4p1N1/8/8/PPPP1PPP/RNB1K2R w KQk -,1800-1999,e1g1,13,0.15384615384615385,0.19010368227853558,0.0108,0.03862455370318835,0.0,False,False
1rbqkb1r/p2n1ppp/2Q5/4p1N1/8/8/PPPP1PPP/RNB1K2R w KQk -,1800-1999,g5e4,32,0.34375,0.3503982739944855,0.08685,0.3624774352343335,0.0295,False,False
1rbqkb1r/p2n1ppp/2Q5/4p1N1/8/8/PPPP1PPP/RNB1K2R w KQk -,1800-1999,g5f3,18,0.3333333333333333,0.3467852374938283,0.1366,0.36688548212441996,0.3305,False,False
2bq1rk1/rpp2pp1/p1np1n1p/4p3/2B1P3/P1NP1N1P/1PP2PP1/R2Q1RK1 w - -,1800-1999,c3d5,33,0.3484848484848485,0.3550948620529269,0.0001,0.4743249489744482,0.4745,False,False
2bq1rk1/rpp2pp1/p1np1n1p/4p3/2B1P3/P1NP1N1P/1PP2PP1/R2Q1RK1 w - -,1800-1999,d1d2,11,0.4090909090909091,0.4205119640840753,0.0049,0.48949919021761645,0.503,False,False
2bq1rk1/rpp2pp1/p1np1n1p/4p3/2B1P3/P1NP1N1P/1PP2PP1/R2Q1RK1 w - -,1800-1999,d3d4,17,0.8529411764705882,0.8240603904404578,0.9927,0.6034166750913377,0.507,True,True
2bq1rk1/rpp2pp1/p1np1n1p/4p3/2B1P3/P1NP1N1P/1PP2PP1/R2Q1RK1 w - -,1800-1999,f3h2,31,0.46774193548387094,0.4691377020056474,0.0023,0.4911983230583778,0.499,False,False
2kr1bnr/1pp2ppp/p1p5/8/8/5K1P/PPPP1PP1/RNB4R w - -,1800-1999,d2d3,54,0.5925925925925926,0.5906393698970245,0.3396,0.5351921896241146,0.498,False,True
2kr1bnr/1pp2ppp/p1p5/8/8/5K1P/PPPP1PP1/RNB4R w - -,1800-1999,h1e1,25,0.64,0.6324881569386718,0.6604,0.5524914853964847,0.495,True,False
2kr3r/pppqn1pp/2nb1p2/3p4/3P2bB/2PB1N2/PP1N1PPP/R2Q1RK1 w - -,1800-1999,a2a4,34,0.29411764705882354,0.3014110437419895,0.0132,0.5017707544054438,0.4555,False,False
2kr3r/pppqn1pp/2nb1p2/3p4/3P2bB/2PB1N2/PP1N1PPP/R2Q1RK1 w - -,1800-1999,b2b4,139,0.420863309352518,0.4218609624301799,0.1184,0.5377196209142414,0.4795,True,False
2kr3r/pppqn1pp/2nb1p2/3p4/3P2bB/2PB1N2/PP1N1PPP/R2Q1RK1 w - -,1800-1999,d1a4,48,0.3333333333333333,0.338589948563754,0.02165,0.4447302041819804,0.466,False,False
2kr3r/pppqn1pp/2nb1p2/3p4/3P2bB/2PB1N2/PP1N1PPP/R2Q1RK1 w - -,1800-1999,d1c2,65,0.46923076923076923,0.47094761433552657,0.5025,0.49663180260294154,0.484,False,False
2kr3r/pppqn1pp/2nb1p2/3p4/3P2bB/2PB1N2/PP1N1PPP/R2Q1RK1 w - -,1800-1999,f1e1,14,0.32142857142857145,0.3384193878868419,0.10135,0.4561260723078193,0.387,False,False
2kr3r/pppqn1pp/2nb1p2/3p4/3P2bB/2PB1N2/PP1N1PPP/R2Q1RK1 w - -,1800-1999,h4g3,32,0.421875,0.4248196455302659,0.2429,0.4797382149829055,0.502,False,True
2kr3r/pppqn1pp/2nb1p2/3p4/3P2bB/2PB1N2/PP3PPP/RN1QR1K1 w - -,1800-1999,b1d2,153,0.35947712418300654,0.36095376926070294,0.0163,0.5118621968668089,0.41,True,False
2kr3r/pppqn1pp/2nb1p2/3p4/3P2bB/2PB1N2/PP3PPP/RN1QR1K1 w - -,1800-1999,b2b4,38,0.3815789473684211,0.385637607705832,0.09425,0.483524095251962,0.388,False,False
2kr3r/pppqn1pp/2nb1p2/3p4/3P2bB/2PB1N2/PP3PPP/RN1QR1K1 w - -,1800-1999,h4g3,37,0.527027027027027,0.5257423262125884,0.88945,0.47116313419605627,0.506,False,True
2r1kb1r/pp1b1ppp/1qn1p3/3pPn2/1P1P4/P4N2/1B2BPPP/RN1Q1RK1 b k -,1800-1999,a7a5,18,0.3611111111111111,0.3725466423092964,0.0829,0.05519262699322417,0.0215,False,False
2r1kb1r/pp1b1ppp/1qn1p3/3pPn2/1P1P4/P4N2/1B2BPPP/RN1Q1RK1 b k -,1800-1999,a7a6,15,0.36666666666666664,0.37868955772817353,0.10265,0.6790538822516564,0.4765,True,False
2r1kb1r/pp1b1ppp/1qn1p3/3pPn2/1P1P4/P4N2/1B2BPPP/RN1Q1RK1 b k -,1800-1999,c6a5,33,0.36363636363636365,0.36963770716217453,0.04425,0.4617418824267927,0.364,False,False
2r1kb1r/pp1b1ppp/1qn1p3/3pPn2/1P1P4/P4N2/1B2BPPP/RN1Q1RK1 b k -,1800-1999,f8e7,100,0.44,0.44103962206977093,0.1334,0.46346689544356323,0.5,False,True
2r1kb1r/pp1b1ppp/1qn1p3/3pPn2/1P1P4/P4N2/1B2BPPP/RN1Q1RK1 b k -,1800-1999,h7h5,13,0.5384615384615384,0.5335333403552146,0.6368,0.5655763491963746,0.4835,False,False
2r1kbnr/pp1b1ppp/1q2p3/3pP3/3P4/2N2N2/PPQ2PPP/R1B1K2R w KQk -,1800-1999,a2a3,21,0.38095238095238093,0.38921965162719796,0.1245,0.4675748431925814,0.461,False,False
2r1kbnr/pp1b1ppp/1q2p3/3pP3/3P4/2N2N2/PPQ2PPP/R1B1K2R w KQk -,1800-1999,c1e3,23,0.32608695652173914,0.33632519553530255,0.03955,0.48100823000949156,0.464,False,False
2r1kbnr/pp1b1ppp/1q2p3/3pP3/3P4/2N2N2/PPQ2PPP/R1B1K2R w KQk -,1800-1999,c2d1,12,0.5,0.5005140427155339,0.559,0.47365993231422515,0.4665,False,False
2r1kbnr/pp1b1ppp/1q2p3/3pP3/3P4/2N2N2/PPQ2PPP/R1B1K2R w KQk -,1800-1999,c2d3,11,0.3181818181818182,0.33924467900870436,0.08895,0.1943801189562943,0.4595,False,False
2r1kbnr/pp1b1ppp/1q2p3/3pP3/3P4/2N2N2/PPQ2PPP/R1B1K2R w KQk -,1800-1999,e1g1,178,0.4438202247191011,0.44426868751115317,0.188,0.5493302438843218,0.489,True,True
2r1kbnr/pp1b1ppp/1q2p3/3pP3/3P4/5N2/PPQ2PPP/RNB2RK1 w k -,1800-1999,b1c3,169,0.45857988165680474,0.45896795347087543,0.37715,0.5106470304280138,0.4915,True,True
2r1kbnr/pp1b1ppp/1q2p3/3pP3/3P4/5N2/PPQ2PPP/RNB2RK1 w k -,1800-1999,c2d1,62,0.41935483870967744,0.4209173818762124,0.1622,0.471528074367322,0.481,False,False
2r1kbnr/pp1b1ppp/1q2p3/3pP3/3P4/5N2/PPQ2PPP/RNB2RK1 w k -,1800-1999,c2d2,11,0.45454545454545453,0.45933935271320253,0.46065,0.40134422016090004,0.4585,False,False
2rq1rk1/pb1nbppp/1pp1pn2/3p4/2PP4/1P3NP1/PBQNPPBP/R4RK1 w - -,1800-1999,a1c1,36,0.5694444444444444,0.5674005862677907,0.71725,0.5409646664566822,0.514,True,False
2rq1rk1/pb1nbppp/1pp1pn2/3p4/2PP4/1P3NP1/PBQNPPBP/R4RK1 w - -,1800-1999,e2e4,52,0.5096153846153846,0.5097367331823031,0.28275,0.5387820891361274,0.522,False,True
2rq1rk1/pp1bppbp/2np1np1/8/2PNP3/2N1B3/PP2BPPP/2RQ1RK1 w - -,1800-1999,a2a3,10,0.6,0.5875038218430404,0.0706,0.518126235930434,0.5775,False,False
2rq1rk1/pp1bppbp/2np1np1/8/2PNP3/2N1B3/PP2BPPP/2RQ1RK1 w - -,1800-1999,b2b3,86,0.4941860465116279,0.4941800332832652,0.0005,0.5935872023737331,0.599,True,True
2rq1rk1/pp1bppbp/2np1np1/8/2PNP3/2N1B3/PP2BPPP/2RQ1RK1 w - -,1800-1999,d1d2,18,0.8055555555555556,0.7817866969469857,0.7645,0.5677647319393413,0.577,False,False
2rq1rk1/pp1bppbp/2np1np1/8/2PNP3/2N1B3/PP2BPPP/2RQ1RK1 w - -,1800-1999,f2f3,79,0.569620253164557,0.5689693250530458,0.0063,0.589478901365578,0.5915,False,False
2rq1rk1/pp1bppbp/2np1np1/8/2PNP3/2N1B3/PP2BPPP/2RQ1RK1 w - -,1800-1999,f2f4,15,0.6666666666666666,0.6508557284134903,0.1581,0.5514672086173118,0.554,False,False
2rq1rk1/pp1bppbp/2np1np1/8/2PNP3/2N1BP2/PP1QB1PP/R3K2R w KQ -,1800-1999,a1c1,32,0.671875,0.6650809071168,0.5703,0.6614893500851337,0.5855,False,False
2rq1rk1/pp1bppbp/2np1np1/8/2PNP3/2N1BP2/PP1QB1PP/R3K2R w KQ -,1800-1999,b2b3,24,0.5208333333333334,0.5208668894634412,0.0546,0.6685272625545549,0.594,False,False
2rq1rk1/pp1bppbp/2np1np1/8/2PNP3/2N1BP2/PP1QB1PP/R3K2R w KQ -,1800-1999,e1c1,16,0.40625,0.41393654661884793,0.01135,0.7465144205919692,0.684,True,True
2rq1rk1/pp1bppbp/2np1np1/8/2PNP3/2N1BP2/PP1QB1PP/R3K2R w KQ -,1800-1999,e1g1,105,0.6476190476190476,0.6452298067049823,0.36375,0.7037685214939906,0.621,False,False
2rq1rk1/pp1bppbp/2np1np1/8/2PNP3/2N1BP2/PP2B1PP/R2Q1RK1 w - -,1800-1999,a1c1,104,0.5048076923076923,0.5059544783506925,0.01625,0.5973726960230169,0.566,False,False
2rq1rk1/pp1bppbp/2np1np1/8/2PNP3/2N1BP2/PP2B1PP/R2Q1RK1 w - -,1800-1999,a2a3,10,0.45,0.4563896076871785,0.1075,0.5950952255457141,0.533,False,False
2rq1rk1/pp1bppbp/2np1np1/8/2PNP3/2N1BP2/PP2B1PP/R2Q1RK1 w - -,1800-1999,b2b3,24,0.4791666666666667,0.4798199323292118,0.0675,0.5869913356339704,0.576,False,False
2rq1rk1/pp1bppbp/2np1np1/8/2PNP3/2N1BP2/PP2B1PP/R2Q1RK1 w - -,1800-1999,d1d2,145,0.6275862068965518,0.6266829850733668,0.80875,0.717547944550645,0.634,True,True
2rq1rk1/pp1bppbp/2np1np1/8/3NP3/1BN1BP2/PPPQ2PP/R3K2R w KQ -,1800-1999,e1c1,633,0.533175355450237,0.533209129735483,0.65865,0.7386246929111432,0.633,False,True
2rq1rk1/pp1bppbp/2np1np1/8/3NP3/1BN1BP2/PPPQ2PP/R3K2R w KQ -,1800-1999,g2g4,65,0.4230769230769231,0.4247539963420357,0.0324,0.8858389725590273,0.6015,True,False
2rq1rk1/pp1bppbp/2np1np1/8/3NP3/1BN1BP2/PPPQ2PP/R3K2R w KQ -,1800-1999,h2h4,110,0.509090909090909,0.5090487771262169,0.30895,0.7205653878409438,0.6245,False,False
r1b1k1nr/pp1p1ppp/8/q3p3/N2QP3/2P5/PP3PPP/R3KB1R w KQkq -,1800-1999,d4b4,87,0.4942528735632184,0.4943911947839204,0.47295,0.5161191402957535,0.495,False,False
r1b1k1nr/pp1p1ppp/8/q3p3/N2QP3/2P5/PP3PPP/R3KB1R w KQkq -,1800-1999,d4c4,47,0.425531914893617,0.4278383750725625,0.1318,0.7699847547445983,0.483,True,False
r1b1k1nr/pp1p1ppp/8/q3p3/N2QP3/2P5/PP3PPP/R3KB1R w KQkq -,1800-1999,d4d1,62,0.4838709677419355,0.4841695419678018,0.39525,0.5223151642384453,0.5035,False,True
r1b1k1nr/pp3ppp/8/3qP3/4p3/2B5/PP3PPP/R2QKB1R b KQkq -,1800-1999,c8e6,10,0.35,0.3688654909068332,0.277,0.0914916707549924,0.0495,False,False
r1b1k1nr/pp3ppp/8/3qP3/4p3/2B5/PP3PPP/R2QKB1R b KQkq -,1800-1999,d5d1,19,0.2894736842105263,0.3042778331548545,0.07185,0.1601497175574057,0.156,False,False
r1b1k1nr/pp3ppp/8/3qP3/4p3/2B5/PP3PPP/R2QKB1R b KQkq -,1800-1999,g8e7,45,0.4444444444444444,0.4455939839142462,0.65115,0.3937814953743812,0.4705,True,True
r1b1k1r1/ppq1np1Q/2n1p3/3pP3/3p4/P1P5/2P1NPPP/R1B1KB1R w KQq -,1800-1999,c3d4,21,0.2619047619047619,0.27743653191281986,0.01355,0.6314608617175796,0.5065,False,False
r1b1k1r1/ppq1np1Q/2n1p3/3pP3/3p4/P1P5/2P1NPPP/R1B1KB1R w KQq -,1800-1999,f2f4,245,0.49183673469387756,0.4921762054837489,0.80645,0.7557244870156535,0.5995,True,True
r1b1k1r1/ppq1np1Q/2n1p3/3pP3/3p4/P1P5/2P1NPPP/R1B1KB1R w KQq -,1800-1999,h7d3,16,0.375,0.3848994115649043,0.18,0.43281677203443,0.4065,False,False
r1b1k2r/1p2qppp/p1n1p3/2npP3/5P2/2N2N2/PPPQ2PP/R3KB1R w KQkq -,1800-1999,e1c1,124,0.5604838709677419,0.5594038063844833,0.0155,0.3573899555477607,0.508,False,False
r1b1k2r/1p2qppp/p1n1p3/2npP3/5P2/2N2N2/PPPQ2PP/R3KB1R w KQkq -,1800-1999,f1d3,55,0.7181818181818181,0.7126562715559428,0.9845,0.5537822388765182,0.513,True,True
r1b1k2r/1p2qppp/p1n1p3/2npP3/5P2/2NB1N2/PPP3PP/R2QK2R w KQkq -,1800-1999,d1d2,47,0.6063829787234043,0.6036083801447591,0.5169,0.5558646550459699,0.5145,False,True
r1b1k2r/1p2qppp/p1n1p3/2npP3/5P2/2NB1N2/PPP3PP/R2QK2R w KQkq -,1800-1999,d1e2,13,0.5769230769230769,0.5690670455736407,0.37655,0.5017192861759369,0.514,False,False
r1b1k2r/1p2qppp/p1n1p3/2npP3/5P2/2NB1N2/PPP3PP/R2QK2R w KQkq -,1800-1999,e1g1,106,0.5377358490566038,0.5372101215040735,0.10655,0.6649778939281044,0.514,True,False
r1b1k2r/1pq1bppp/p1nppn2/8/2B1P3/2N2N1P/PP2QPP1/R1BR2K1 w kq -,1800-1999,c1e3,32,0.3125,0.320386812307648,0.0012,0.44756751488957097,0.4335,False,True
r1b1k2r/1pq1bppp/p1nppn2/8/2B1P3/2N2N1P/PP2QPP1/R1BR2K1 w kq -,1800-1999,c1f4,108,0.5833333333333334,0.5823231884856597,0.6518,0.5462286746084134,0.432,True,False
r1b1k2r/1pq1bppp/p1nppn2/8/2B1P3/2N2N1P/PP2QPP1/R1BR2K1 w kq -,1800-1999,c1g5,14,0.5357142857142857,0.5312128786513499,0.347,0.43921362621948984,0.43,False,False
r1b1k2r/1pq1bppp/p1nppn2/8/2B1PB2/2N2N2/PP2QPPP/R2R2K1 w kq -,1800-1999,a1c1,387,0.5490956072351422,0.5490622768661463,0.42665,0.5633998062815159,0.5,True,True
r1b1k2r/1pq1bppp/p1nppn2/8/2B1PB2/2N2N2/PP2QPPP/R2R2K1 w kq -,1800-1999,e4e5,145,0.5586206896551724,0.5579146758493052,0.57335,0.5462303987520848,0.4725,False,False
r1b1k2r/1pqnbpp1/p2ppn1p/6B1/3NPP2/2NB1Q2/PPP3PP/2KR3R w kq -,1800-1999,g5f6,22,0.4772727272727273,0.47836175176204015,0.3153,0.2060101086935597,0.471,False,False
r1b1k2r/1pqnbpp1/p2ppn1p/6B1/3NPP2/2NB1Q2/PPP3PP/2KR3R w kq -,1800-1999,g5h4,101,0.5297029702970297,0.5296882121351613,0.6847,0.6479913609723015,0.531,True,True
r1b1k2r/1pqnbpp1/p2ppn1p/6B1/3NPPP1/2N2Q2/PPP4P/2KR1B1R w kq -,1800-1999,g5f6,159,0.5440251572327044,0.5436335273027098,0.8707,0.6773610489514985,0.64,True,True
r1b1k2r/1pqnbpp1/p2ppn1p/6B1/3NPPP1/2N2Q2/PPP4P/2KR1B1R w kq -,1800-1999,g5h4,88,0.4715909090909091,0.4718151134192285,0.1293,0.27319831714401654,0.53,False,False
r1b1k2r/1pqnbpp1/p2ppn1p/8/3NPP1B/2N2Q2/PPP3PP/2KR1B1R w kq -,1800-1999,c1b1,13,0.6153846153846154,0.6047044726643941,0.4898,0.6439230526764447,0.519,False,False
r1b1k2r/1pqnbpp1/p2ppn1p/8/3NPP1B/2N2Q2/PPP3PP/2KR1B1R w kq -,1800-1999,f1d3,67,0.582089552238806,0.58017267722515,0.2708,0.6945240968524157,0.5315,True,False
r1b1k2r/1pqnbpp1/p2ppn1p/8/3NPP1B/2N2Q2/PPP3PP/2KR1B1R w kq -,1800-1999,f1e2,18,0.5277777777777778,0.5270285785095069,0.173,0.5698979483831239,0.697,False,True
r1b1k2r/1pqnbpp1/p2ppn1p/8/3NPP1B/2N2Q2/PPP3PP/2KR1B1R w kq -,1800-1999,g2g4,115,0.49130434782608695,0.4911119619931004,0.01685,0.23027994900040774,0.5335,False,False
r1b1k2r/1pqnbpp1/p2ppn1p/8/3NPP1B/2N2Q2/PPP3PP/2KR1B1R w kq -,1800-1999,h4f2,17,0.4411764705882353,0.44500243334133066,0.04955,0.42270995479320883,0.489,False,False
r1b1k2r/2q1bppp/p2p1n2/npp1p3/3PP3/2P2N2/PPB2PPP/RNBQR1K1 w kq -,1800-1999,a2a4,19,0.7368421052631579,0.7187011259789048,0.88,0.7354772923144209,0.6045,True,False
r1b1k2r/2q1bppp/p2p1n2/npp1p3/3PP3/2P2N2/PPB2PPP/RNBQR1K1 w kq -,1800-1999,b1d2,60,0.4583333333333333,0.4591738174011777,0.00445,0.5196912204926718,0.559,False,False
r1b1k2r/2q1bppp/p2p1n2/npp1p3/3PP3/2P2N2/PPB2PPP/RNBQR1K1 w kq -,1800-1999,c1g5,17,0.4411764705882353,0.4460540956229656,0.0225,0.5367107899552145,0.521,False,False
r1b1k2r/2q1bppp/p2p1n2/npp1p3/3PP3/2P2N2/PPB2PPP/RNBQR1K1 w kq -,1800-1999,d4d5,59,0.3644067796610169,0.3680777590542391,0.00015,0.7121290939229017,0.655,False,True
r1b1k2r/2q1bppp/p2p1n2/npp1p3/3PP3/2P2N2/PPB2PPP/RNBQR1K1 w kq -,1800-1999,d4e5,27,0.5370370370370371,0.5350372917104113,0.0653,0.5022596827630486,0.483,False,False
r1b1k2r/2q1bppp/p2p1n2/npp1p3/3PP3/2P2N2/PPB2PPP/RNBQR1K1 w kq -,1800-1999,h2h3,63,0.5238095238095238,0.5234485222255726,0.0276,0.5720756960012758,0.602,False,False
r1b1k2r/2qnbppp/p2ppn2/1p4B1/3NPP2/2NB1Q2/PPP3PP/2KR3R w kq b6,1800-1999,a2a3,29,0.5689655172413793,0.5648599133651697,0.1415,0.6454048546263316,0.49,False,False
r1b1k2r/2qnbppp/p2ppn2/1p4B1/3NPP2/2NB1Q2/PPP3PP/2KR3R w kq b6,1800-1999,c1b1,22,0.5,0.49951459391866654,0.04795,0.6083445044499949,0.5055,False,False
r1b1k2r/2qnbppp/p2ppn2/1p4B1/3NPP2/2NB1Q2/PPP3PP/2KR3R w kq b6,1800-1999,e4e5,31,0.3387096774193548,0.34627104451637797,0.0002,0.5515544524414268,0.379,False,False
r1b1k2r/2qnbppp/p2ppn2/1p4B1/3NPP2/2NB1Q2/PPP3PP/2KR3R w kq b6,1800-1999,g2g4,20,0.55,0.5470178377542897,0.1463,0.36160082453541054,0.4745,False,False
r1b1k2r/2qnbppp/p2ppn2/1p4B1/3NPP2/2NB1Q2/PPP3PP/2KR3R w kq b6,1800-1999,h1e1,229,0.6550218340611353,0.653985448180936,0.66405,0.7164866183627071,0.5145,True,True
r1b1k2r/2qnbppp/p2ppn2/1p4B1/3NPPP1/2N2Q2/PPP4P/2KR1B1R w kq b6,1800-1999,a2a3,91,0.532967032967033,0.5320418296932266,0.02455,0.5045187358195423,0.5475,False,False
r1b1k2r/2qnbppp/p2ppn2/1p4B1/3NPPP1/2N2Q2/PPP4P/2KR1B1R w kq b6,1800-1999,c1b1,18,0.6666666666666666,0.654181715928619,0.5682,0.3900494749345249,0.491,False,False
r1b1k2r/2qnbppp/p2ppn2/1p4B1/3NPPP1/2N2Q2/PPP4P/2KR1B1R w kq b6,1800-1999,f1d3,35,0.6285714285714286,0.6235466653921976,0.36415,0.37543824934021774,0.4615,False,False
r1b1k2r/2qnbppp/p2ppn2/1p4B1/3NPPP1/2N2Q2/PPP4P/2KR1B1R w kq b6,1800-1999,f1g2,30,0.4,0.40462885293192175,0.00245,0.43540205791989456,0.521,False,False
r1b1k2r/2qnbppp/p2ppn2/1p4B1/3NPPP1/2N2Q2/PPP4P/2KR1B1R w kq b6,1800-1999,g5f6,509,0.5667976424361493,0.5665560183776606,0.04,0.45096687215463716,0.587,False,True
r1b1k2r/2qnbppp/p2ppn2/1p4B1/3NPPP1/2N2Q2/PPP4P/2KR1B1R w kq b6,1800-1999,h2h4,27,0.3333333333333333,0.3431954532966631,0.00065,0.5430764921365789,0.492,True,False
r1b1k2r/4qppp/p1np1n2/1p2p1B1/4P3/N7/PPP2PPP/R2QKB1R w KQkq -,1800-1999,c2c3,184,0.5244565217391305,0.5243854632412474,0.2908,0.4118528060705922,0.512,False,True
r1b1k2r/4qppp/p1np1n2/1p2p1B1/4P3/N7/PPP2PPP/R2QKB1R w KQkq -,1800-1999,c2c4,180,0.49722222222222223,0.4976494432826172,0.10515,0.6450028651292715,0.5095,True,False
r1b1k2r/4qppp/p1np1n2/1p2p1B1/4P3/N7/PPP2PPP/R2QKB1R w KQkq -,1800-1999,d1d2,40,0.5125,0.5112129695754454,0.3118,0.41550742368894966,0.4925,False,False
r1b1k2r/4qppp/p1np1n2/1p2p1B1/4P3/N7/PPP2PPP/R2QKB1R w KQkq -,1800-1999,f1d3,95,0.5,0.4999886819350727,0.16755,0.43973929694066033,0.502,False,False
r1b1k2r/4qppp/p1np1n2/1p2p1B1/4P3/N7/PPP2PPP/R2QKB1R w KQkq -,1800-1999,f1e2,35,0.42857142857142855,0.4320223013055625,0.06195,0.4268361192544609,0.498,False,False
r1b1k2r/4qppp/p1np1n2/1p2p1B1/4P3/N7/PPP2PPP/R2QKB1R w KQkq -,1800-1999,f2f3,49,0.37755102040816324,0.3813004610035886,0.00735,0.34394505685232984,0.4825,False,False
r1b1k2r/4qppp/p1np1n2/1p2p1B1/4P3/N7/PPP2PPP/R2QKB1R w KQkq -,1800-1999,g5f6,24,0.3958333333333333,0.40196244329619146,0.0554,0.4026269286475143,0.4925,False,False
r1b1k2r/pp1n1ppp/1qn1p3/3pP3/3P4/3B1N2/PP1QNPPP/R3K2R b KQkq -,1800-1999,b6b4,217,0.44930875576036866,0.4498248027264196,0.2998,0.45146254964621657,0.2025,False,False
r1b1k2r/pp1n1ppp/1qn1p3/3pP3/3P4/3B1N2/PP1QNPPP/R3K2R b KQkq -,1800-1999,c6b4,43,0.37209302325581395,0.3766139496339738,0.07905,0.1294477219379363,0.0245,False,False
r1b1k2r/pp1n1ppp/1qn1p3/3pP3/3P4/3B1N2/PP1QNPPP/R3K2R b KQkq -,1800-1999,e8g8,158,0.3860759493670886,0.38718296500362537,0.02365,0.42468813028832114,0.3295,False,False
r1b1k2r/pp1n1ppp/1qn1p3/3pP3/3P4/3B1N2/PP1QNPPP/R3K2R b KQkq -,1800-1999,f7f6,51,0.47058823529411764,0.471639860142713,0.55305,0.462247572145547,0.339,True,True
r1b1k2r/pp1n1ppp/1qn1p3/3pP3/3P4/3B1N2/PP1QNPPP/R3K2R b KQkq -,1800-1999,h7h6,38,0.34210526315789475,0.34831985467989246,0.04445,0.23319501766446593,0.035,False,False
r1b1k2r/pp1p1ppp/4pn2/q7/N2QP3/2P5/PP3PPP/R3KB1R w KQkq -,1800-1999,a4c5,45,0.5,0.49963434299485643,0.0119,0.4596884196622819,0.5685,False,True
r1b1k2r/pp1p1ppp/4pn2/q7/N2QP3/2P5/PP3PPP/R3KB1R w KQkq -,1800-1999,b2b3,10,0.65,0.6303542805430762,0.3509,0.4368466994046997,0.489,False,False
r1b1k2r/pp1p1ppp/4pn2/q7/N2QP3/2P5/PP3PPP/R3KB1R w KQkq -,1800-1999,b2b4,10,0.45,0.4572541123104733,0.03945,0.0,0.0,False,False
r1b1k2r/pp1p1ppp/4pn2/q7/N2QP3/2P5/PP3PPP/R3KB1R w KQkq -,1800-1999,e1c1,15,0.43333333333333335,0.4392725198985204,0.0176,0.539156612958391,0.4575,False,False
r1b1k2r/pp1p1ppp/4pn2/q7/N2QP3/2P5/PP3PPP/R3KB1R w KQkq -,1800-1999,e4e5,25,0.68,0.6699162175314862,0.4873,0.8391145686972994,0.5685,True,False
r1b1k2r/pp1p1ppp/4pn2/q7/N2QP3/2P5/PP3PPP/R3KB1R w KQkq -,1800-1999,f1d3,64,0.421875,0.4235015236017286,0.0006,0.5848767229845913,0.4895,False,False
r1b1k2r/pp1p1ppp/4pn2/q7/N2QP3/2P5/PP3PPP/R3KB1R w KQkq -,1800-1999,f1e2,33,0.5757575757575758,0.5725802870092824,0.09225,0.5999160713788495,0.447,False,False
r1b1k2r/pp2bppp/1qn1p3/3pP3/1P1P4/P3PN2/6PP/RN1QKB1R w KQkq -,1800-1999,b1c3,34,0.6617647058823529,0.655246965884765,0.45215,0.6436386552257936,0.5725,False,True
r1b1k2r/pp2bppp/1qn1p3/3pP3/1P1P4/P3PN2/6PP/RN1QKB1R w KQkq -,1800-1999,f1d3,124,0.6451612903225806,0.6430262046568771,0.3021,0.7557060824237105,0.57,True,False
r1b1k2r/pp2bppp/1qn1p3/3pP3/1P1P4/P3PN2/6PP/RN1QKB1R w KQkq -,1800-1999,f1e2,18,0.6111111111111112,0.602821460989236,0.24575,0.6397757930945103,0.511,False,False
r1b1k2r/pp2bppp/1qn1p3/3pPn2/3P4/P1N2N2/1P2BPPP/R1BQ1RK1 w kq -,1800-1999,c3a4,37,0.527027027027027,0.5248555851438086,0.33775,0.8135617423860388,0.735,True,True
r1b1k2r/pp2bppp/1qn1p3/3pPn2/3P4/P1N2N2/1P2BPPP/R1BQ1RK1 w kq -,1800-1999,e2b5,17,0.5882352941176471,0.580947383339695,0.66225,0.56613877712353,0.612,False,False
r1b1k2r/ppp1q1pp/2np1n2/8/2P2B2/2PQ1N2/P3PPPP/R3KB1R w KQkq -,1800-1999,e2e3,181,0.511049723756906,0.5107348921004178,0.0136,0.6436333121917234,0.5195,False,False
r1b1k2r/ppp1q1pp/2np1n2/8/2P2B2/2PQ1N2/P3PPPP/R3KB1R w KQkq -,1800-1999,f3d4,17,0.7647058823529411,0.743611725236778,0.96795,0.48863727573352894,0.502,False,False
r1b1k2r/ppp1q1pp/2np1n2/8/2P2B2/2PQ1N2/P3PPPP/R3KB1R w KQkq -,1800-1999,f4g5,15,0.36666666666666664,0.37883604017557765,0.0069,0.5401441899663285,0.5105,False,False
r1b1k2r/ppp1q1pp/2np1n2/8/2P2B2/2PQ1N2/P3PPPP/R3KB1R w KQkq -,1800-1999,g2g3,98,0.5,0.5005201469097081,0.01155,0.6982179580713695,0.5455,True,True
r1b1k2r/ppp1qppp/3p4/4n3/2P2B2/4P3/PP1QBPPP/R4RK1 b kq -,1800-1999,b7b6,29,0.3793103448275862,0.3850585187016204,0.0954,0.37533675648677767,0.37,True,False
r1b1k2r/ppp1qppp/3p4/4n3/2P2B2/4P3/PP1QBPPP/R4RK1 b kq -,1800-1999,c8e6,36,0.3472222222222222,0.35251366560786046,0.0406,0.20552074969678638,0.2695,False,False
r1b1k2r/ppp1qppp/3p4/4n3/2P2B2/4P3/PP1QBPPP/R4RK1 b kq -,1800-1999,e5g6,17,0.5,0.4995821142113813,0.6105,0.37366661433098747,0.4005,False,False
r1b1k2r/ppp1qppp/3p4/4n3/2P2B2/4P3/PP1QBPPP/R4RK1 b kq -,1800-1999,e8g8,127,0.44881889763779526,0.44964594669545666,0.2535,0.2926689990442493,0.4775,False,True
r1b1k2r/ppp1qppp/3p4/4n3/2P2B2/P3P3/1P1Q1PPP/R3KB1R w KQkq -,1800-1999,c4c5,16,0.625,0.6151203305118187,0.57795,0.56776297674422,0.517,False,False
r1b1k2r/ppp1qppp/3p4/4n3/2P2B2/P3P3/1P1Q1PPP/R3KB1R w KQkq -,1800-1999,d2c3,29,0.5689655172413793,0.5650700912346565,0.28325,0.4954621225069201,0.511,False,False
r1b1k2r/ppp1qppp/3p4/4n3/2P2B2/P3P3/1P1Q1PPP/R3KB1R w KQkq -,1800-1999,f1e2,481,0.5602910602910602,0.5603188005324488,0.1388,0.6050349943621597,0.525,True,True
r1b1k2r/ppp2ppp/1bn5/4P3/2B1n3/5N2/PP3PPP/RNBR2K1 w kq -,1800-1999,c1e3,80,0.55,0.5489074865330728,0.55305,0.40932972004666224,0.501,False,True
r1b1k2r/ppp2ppp/1bn5/4P3/2B1n3/5N2/PP3PPP/RNBR2K1 w kq -,1800-1999,c4d5,11,0.2727272727272727,0.2993316647396221,0.02435,0.0,0.0,False,False
r1b1k2r/ppp2ppp/1bn5/4P3/2B1n3/5N2/PP3PPP/RNBR2K1 w kq -,1800-1999,d1f1,30,0.5333333333333333,0.5316580375944995,0.4226,0.4828980936810518,0.328,True,False
r1b1k2r/pppp1ppp/8/4q3/2P5/P7/1P1QPPPP/R3KB1R w KQkq -,1800-1999,e1c1,16,0.625,0.6151854538049987,0.51405,0.4666886049519816,0.499,False,False
r1b1k2r/pppp1ppp/8/4q3/2P5/P7/1P1QPPPP/R3KB1R w KQkq -,1800-1999,e2e3,214,0.5490654205607477,0.5485105115743042,0.0786,0.5348884576498932,0.5005,True,False
r1b1k2r/pppp1ppp/8/4q3/2P5/P7/1P1QPPPP/R3KB1R w KQkq -,1800-1999,g2g3,37,0.6081081081081081,0.6029965264185988,0.40735,0.5141511474244609,0.504,False,True
r1b1k2r/ppq1bppp/2np1n2/4p3/2B1PB2/2N2N2/PP2QPPP/R2R2K1 w kq -,1800-1999,c3b5,21,0.5952380952380952,0.5895326923148091,0.26035,0.7005409876469061,0.5665,True,True
r1b1k2r/ppq1bppp/2np1n2/4p3/2B1PB2/2N2N2/PP2QPPP/R2R2K1 w kq -,1800-1999,f4e3,55,0.6090909090909091,0.6060984599546408,0.25425,0.5677327121127415,0.5095,False,False
r1b1k2r/ppq1bppp/2np1n2/4p3/2B1PB2/2N2N2/PP2QPPP/R2R2K1 w kq -,1800-1999,f4g3,23,0.6304347826086957,0.6218779428307193,0.4086,0.43199759474480837,0.4725,False,False
r1b1k2r/ppq1bppp/2np1n2/4p3/2B1PB2/2N2N2/PP2QPPP/R2R2K1 w kq -,1800-1999,f4g5,87,0.5689655172413793,0.567692593145392,0.0768,0.42871659967746323,0.5055,False,False
r1b1kb1r/1p3ppp/p2qpn2/8/2BN4/8/PPP2PPP/R1BQ1RK1 w kq -,1800-1999,c2c3,19,0.5526315789473685,0.5493287091798376,0.694,0.5000061894016428,0.499,False,False
r1b1kb1r/1p3ppp/p2qpn2/8/2BN4/8/PPP2PPP/R1BQ1RK1 w kq -,1800-1999,f1e1,24,0.4791666666666667,0.4796461718610046,0.306,0.5844614834102057,0.51,True,True
r1b1kb1r/p4pp1/2p2n1p/n3N3/3qp3/8/PPPPBPPP/RNBQK2R w KQkq -,1800-1999,e5g4,145,0.46551724137931033,0.46591970766702673,0.04985,0.7061721775947937,0.467,False,False
r1b1kb1r/p4pp1/2p2n1p/n3N3/3qp3/8/PPPPBPPP/RNBQK2R w KQkq -,1800-1999,f2f4,318,0.5455974842767296,0.5455560023307294,0.95015,0.8371845200442601,0.52,True,True
r1b1kb1r/pp3ppp/1q2p3/3pP3/3n4/2N5/PP2BPPP/R1BQ1RK1 w kq -,1800-1999,c1e3,76,0.40131578947368424,0.40325048627480253,0.48965,0.7096643771631838,0.4915,True,True
r1b1kb1r/pp3ppp/1q2p3/3pP3/3n4/2N5/PP2BPPP/R1BQ1RK1 w kq -,1800-1999,c3a4,10,0.3,0.3250015449285474,0.2304,0.14331058551528178,0.22,False,False
r1b1kb1r/pp3ppp/1q2p3/3pP3/3n4/2N5/PP2BPPP/R1BQ1RK1 w kq -,1800-1999,e2d3,29,0.3620689655172414,0.36829147545125684,0.27995,0.681790294703081,0.3765,False,False
r1b1kb1r/pp3ppp/2n1p3/3pP3/3q4/2N5/PP2BPPP/R1BQ1RK1 w kq -,1800-1999,c1e3,13,0.23076923076923078,0.25857136508183065,0.03335,0.25818053058188106,0.008,False,False
r1b1kb1r/pp3ppp/2n1p3/3pP3/3q4/2N5/PP2BPPP/R1BQ1RK1 w kq -,1800-1999,c3b5,24,0.375,0.381653667899657,0.16015,0.23339556689017707,0.2465,False,True
r1b1kb1r/pp3ppp/2n1p3/3pP3/3q4/2N5/PP2BPPP/R1BQ1RK1 w kq -,1800-1999,d1b3,28,0.39285714285714285,0.39855550818185576,0.19,0.4009240012250642,0.0035,False,False
r1b1kb1r/pp3ppp/2n1p3/3pP3/3q4/2N5/PP2BPPP/R1BQ1RK1 w kq -,1800-1999,d1c2,18,0.4166666666666667,0.4230358781284178,0.30895,0.43778224682873934,0.005,True,False
r1b1kb1r/pp3ppp/2n1p3/3pP3/3q4/2N5/PP2BPPP/R1BQ1RK1 w kq -,1800-1999,d1d4,90,0.2722222222222222,0.2759452741825433,0.00145,0.119151994047067,0.0815,False,False
r1b1kb1r/pp3ppp/2n1p3/3pP3/3q4/2N5/PP2BPPP/R1BQ1RK1 w kq -,1800-1999,e2b5,18,0.4166666666666667,0.42230007171872613,0.3061,0.41255794665588624,0.004,False,False
r1b1r1k1/ppqn1pbp/2pp1np1/4p3/2PPP3/2N1BNPP/PP3PB1/R2Q1RK1 w - -,1800-1999,a1c1,37,0.5675675675675675,0.5649222327049184,0.1227,0.7677746495541706,0.6265,False,False
r1b1r1k1/ppqn1pbp/2pp1np1/4p3/2PPP3/2N1BNPP/PP3PB1/R2Q1RK1 w - -,1800-1999,d1c2,38,0.618421052631579,0.6142486299830346,0.3119,0.7732084427939181,0.7435,True,True
r1b1r1k1/ppqn1pbp/2pp1np1/4p3/2PPP3/2N1BNPP/PP3PB1/R2Q1RK1 w - -,1800-1999,d1d2,21,0.5,0.5000790666015099,0.06,0.7477128098986918,0.6265,False,False
r1b1r1k1/ppqn1pbp/2pp1np1/4p3/2PPP3/2N1BNPP/PP3PB1/R2Q1RK1 w - -,1800-1999,f1e1,23,0.6521739130434783,0.6423348557413987,0.5054,0.6912752535261055,0.703,False,False
r1b2rk1/1p3ppp/p1nqpn2/3p4/3P4/2NBPN2/PP3PPP/R2Q1RK1 w - -,1800-1999,a1c1,106,0.5283018867924528,0.5284549996924321,0.63405,0.5078038424887298,0.5145,False,False
r1b2rk1/1p3ppp/p1nqpn2/3p4/3P4/2NBPN2/PP3PPP/R2Q1RK1 w - -,1800-1999,a2a3,90,0.5055555555555555,0.5055150954899152,0.36595,0.5089114705304386,0.5155,True,True
r1b2rk1/1pq1bppp/p1nppn2/8/2PNP3/2N1BP2/PP2B1PP/R2Q1RK1 w - -,1800-1999,a1c1,72,0.5555555555555556,0.5545355337513843,0.0874,0.6385507622855605,0.6895,False,True
r1b2rk1/1pq1bppp/p1nppn2/8/2PNP3/2N1BP2/PP2B1PP/R2Q1RK1 w - -,1800-1999,b2b3,15,0.6333333333333333,0.6211907494295622,0.41565,0.6982361561950382,0.508,True,False
r1b2rk1/1pq1bppp/p1nppn2/8/2PNP3/2N1BP2/PP2B1PP/R2Q1RK1 w - -,1800-1999,d1d2,63,0.5396825396825397,0.5379944090316506,0.05835,0.629603857779651,0.632,False,False
r1b2rk1/1pq1bppp/p1nppn2/8/2PNP3/2N1BP2/PP2B1PP/R2Q1RK1 w - -,1800-1999,g1h1,11,0.6363636363636364,0.6195022339412813,0.4386,0.5934189684379442,0.581,False,False
r1b2rk1/1pq1bppp/p1nppn2/8/3NP3/1BN1BP2/PPPQ2PP/R3K2R w KQ -,1800-1999,e1c1,184,0.5217391304347826,0.5215558721836538,0.1703,0.5630219740716371,0.5,False,False
r1b2rk1/1pq1bppp/p1nppn2/8/3NP3/1BN1BP2/PPPQ2PP/R3K2R w KQ -,1800-1999,g2g4,42,0.5119047619047619,0.5122177889542864,0.1903,0.640306187663347,0.508,True,True
r1b2rk1/1pq1bppp/p1nppn2/8/3NP3/1BN1BP2/PPPQ2PP/R3K2R w KQ -,1800-1999,h2h4,15,0.6,0.5903991988191251,0.6394,0.5498688970304276,0.504,False,False
r1b2rk1/1pq1bppp/p1nppn2/8/3NP3/2N1BP2/PPPQ2PP/1K1R1B1R w - -,1800-1999,g2g4,166,0.6445783132530121,0.6434555727043345,0.8951,0.7761797438696202,0.65,True,False
r1b2rk1/1pq1bppp/p1nppn2/8/3NP3/2N1BP2/PPPQ2PP/1K1R1B1R w - -,1800-1999,h2h4,25,0.52,0.5195200265685095,0.1049,0.7237424809726407,0.659,False,True
r1b2rk1/1pq1bppp/p1nppn2/8/3NPP2/1BN1B3/PPP3PP/R2Q1RK1 w - -,1800-1999,d1f3,58,0.4827586206896552,0.48290926367075765,0.00295,0.4090271741202763,0.52,False,False
r1b2rk1/1pq1bppp/p1nppn2/8/3NPP2/1BN1B3/PPP3PP/R2Q1RK1 w - -,1800-1999,d4c6,25,0.4,0.40615116397694706,0.0015,0.4241136272624435,0.4355,False,False
r1b2rk1/1pq1bppp/p1nppn2/8/3NPP2/1BN1B3/PPP3PP/R2Q1RK1 w - -,1800-1999,f4f5,99,0.5858585858585859,0.5846854834805352,0.04475,0.6659319728944166,0.528,True,True
r1b2rk1/1pq1bppp/p1nppn2/8/3NPP2/1BN1B3/PPP3PP/R2Q1RK1 w - -,1800-1999,g1h1,28,0.6071428571428571,0.6021178975331215,0.12605,0.5145443167821718,0.486,False,False
r1b2rk1/1pq1bppp/p1nppn2/8/3NPP2/1BN1B3/PPP3PP/R2Q1RK1 w - -,1800-1999,g2g4,13,0.7692307692307693,0.7405482995495799,0.82475,0.5899613902883083,0.3315,False,False
r1b2rk1/1pq1bppp/p1nppn2/8/3NPP2/2N1B3/PPP1B1PP/R2Q1R1K w - -,1800-1999,a2a3,19,0.6052631578947368,0.5966858045672419,0.3399,0.46354726546518676,0.516,False,False
r1b2rk1/1pq1bppp/p1nppn2/8/3NPP2/2N1B3/PPP1B1PP/R2Q1R1K w - -,1800-1999,a2a4,15,0.6,0.5898526156450226,0.3437,0.49322603327147785,0.528,False,False
r1b2rk1/1pq1bppp/p1nppn2/8/3NPP2/2N1B3/PPP1B1PP/R2Q1R1K w - -,1800-1999,d1d2,25,0.44,0.4416462263132079,0.0201,0.4821231899997259,0.501,False,False
r1b2rk1/1pq1bppp/p1nppn2/8/3NPP2/2N1B3/PPP1B1PP/R2Q1R1K w - -,1800-1999,d1e1,91,0.5714285714285714,0.5704947644112369,0.13115,0.48319928091029374,0.565,False,True
r1b2rk1/1pq1bppp/p1nppn2/8/3NPP2/2N1B3/PPP1B1PP/R2Q1R1K w - -,1800-1999,d4c6,19,0.47368421052631576,0.4749106408511848,0.05765,0.526126650083469,0.498,False,False
r1b2rk1/1pq1bppp/p1nppn2/8/3NPP2/2N1B3/PPP1B1PP/R2Q1R1K w - -,1800-1999,d4f3,14,0.42857142857142855,0.43643548567235,0.0456,0.4927657851906748,0.492,False,False
r1b2rk1/1pq1bppp/p1nppn2/8/3NPP2/2N1B3/PPP1B1PP/R2Q1R1K w - -,1800-1999,e2f3,82,0.4695121951219512,0.46972328222451415,0.004,0.649330144857105,0.513,True,False
r1b2rk1/1pq1bppp/p1nppn2/8/3NPP2/2N1B3/PPP1B1PP/R2Q1R1K w - -,1800-1999,f4f5,39,0.47435897435897434,0.47558979220671027,0.02,0.5681111315656865,0.5,False,False
r1b2rk1/1pq1bppp/p1nppn2/8/3NPP2/2N1B3/PPP1B1PP/R2Q1R1K w - -,1800-1999,g2g4,25,0.48,0.4820036357557625,0.0379,0.5878572195016175,0.495,False,False
r1b2rk1/1pq1bppp/p1nppn2/8/3NPP2/2N1BB2/PPP3PP/R2Q1RK1 w - -,1800-1999,a2a3,15,0.4666666666666667,0.46928365476527506,0.0603,0.7100635090869745,0.5115,True,False
r1b2rk1/1pq1bppp/p1nppn2/8/3NPP2/2N1BB2/PPP3PP/R2Q1RK1 w - -,1800-1999,a2a4,16,0.40625,0.41456478380173367,0.0178,0.4741144733304666,0.533,False,False
r1b2rk1/1pq1bppp/p1nppn2/8/3NPP2/2N1BB2/PPP3PP/R2Q1RK1 w - -,1800-1999,d1d2,52,0.5769230769230769,0.5748335408051637,0.14225,0.5883428683429778,0.4915,False,False
r1b2rk1/1pq1bppp/p1nppn2/8/3NPP2/2N1BB2/PPP3PP/R2Q1RK1 w - -,1800-1999,d1e1,51,0.5490196078431373,0.5474432220640407,0.073,0.4947530651565781,0.489,False,False
r1b2rk1/1pq1bppp/p1nppn2/8/3NPP2/2N1BB2/PPP3PP/R2Q1RK1 w - -,1800-1999,d1e2,15,0.5666666666666667,0.5604409214049897,0.21685,0.5750257801534848,0.4725,False,False
r1b2rk1/1pq1bppp/p1nppn2/8/3NPP2/2N1BB2/PPP3PP/R2Q1RK1 w - -,1800-1999,d4b3,15,0.6,0.5905153671241747,0.31145,0.44512205321946285,0.4935,False,False
r1b2rk1/1pq1bppp/p1nppn2/8/3NPP2/2N1BB2/PPP3PP/R2Q1RK1 w - -,1800-1999,d4c6,24,0.5,0.4996070682693111,0.0439,0.430424500677873,0.5565,False,True
r1b2rk1/1pq1bppp/p1nppn2/8/3NPP2/2N1BB2/PPP3PP/R2Q1RK1 w - -,1800-1999,g1h1,55,0.5454545454545454,0.5442883818116827,0.06045,0.6990983691164537,0.511,False,False
r1b2rk1/1pq1bppp/p1nppn2/8/3NPP2/2N1BB2/PPP3PP/R2Q1RK1 w - -,1800-1999,g2g4,32,0.53125,0.5295092501261461,0.074,0.6264952470623733,0.483,False,False
r1b2rk1/1pq1bppp/p1nppn2/8/3NPP2/P1N1B3/1PP1B1PP/R2Q1RK1 w - -,1800-1999,d1d2,12,0.5833333333333334,0.5738253926635858,0.3699,0.46281089669237296,0.502,False,False
r1b2rk1/1pq1bppp/p1nppn2/8/3NPP2/P1N1B3/1PP1B1PP/R2Q1RK1 w - -,1800-1999,d1e1,16,0.375,0.3860090390474296,0.0168,0.48333796404529483,0.5495,False,True
r1b2rk1/1pq1bppp/p1nppn2/8/3NPP2/P1N1B3/1PP1B1PP/R2Q1RK1 w - -,1800-1999,e2f3,31,0.532258064516129,0.531010704612287,0.1434,0.4738531893604738,0.5055,False,False
r1b2rk1/1pq1bppp/p1nppn2/8/3NPP2/P1N1B3/1PP1B1PP/R2Q1RK1 w - -,1800-1999,f4f5,16,0.5,0.4989089761061694,0.1368,0.5634847041827226,0.499,True,False
r1b2rk1/1pq1bppp/p1nppn2/8/3NPP2/P1N1B3/1PP1B1PP/R2Q1RK1 w - -,1800-1999,g1h1,19,0.5263157894736842,0.5246538085255498,0.17255,0.46975012821800627,0.5095,False,False
r1b2rk1/1pq1bppp/p1nppn2/8/3NPP2/P1N1B3/1PP1B1PP/R2Q1RK1 w - -,1800-1999,g2g4,11,0.5,0.5008713205852658,0.16055,0.5544893083925182,0.472,False,False
r1b2rk1/1pq1bppp/p1nppn2/8/P2NPP2/2N1B3/1PP1B1PP/R2Q1RK1 w - -,1800-1999,d1d2,12,0.7916666666666666,0.761081537538935,0.67155,0.4487355738839704,0.5295,False,True
r1b2rk1/1pq1bppp/p1nppn2/8/P2NPP2/2N1B3/1PP1B1PP/R2Q1RK1 w - -,1800-1999,d1e1,14,0.42857142857142855,0.43615607239831217,0.00425,0.45218682825151985,0.514,False,False
r1b2rk1/1pq1bppp/p1nppn2/8/P2NPP2/2N1B3/1PP1B1PP/R2Q1RK1 w - -,1800-1999,d4b3,21,0.4523809523809524,0.45514939887614736,0.00365,0.7606971402484557,0.509,True,False
r1b2rk1/1pq1bppp/p1nppn2/8/P2NPP2/2N1B3/1PP1B1PP/R2Q1RK1 w - -,1800-1999,d4c6,11,0.5,0.4991443009211864,0.02645,0.5070587676464245,0.469,False,False
r1b2rk1/1pq1bppp/p1nppn2/8/P2NPP2/2N1B3/1PP1B1PP/R2Q1RK1 w - -,1800-1999,e2f3,49,0.5204081632653061,0.5194976283319171,0.0046,0.4128224087376328,0.5175,False,False
r1b2rk1/1pq1bppp/p1nppn2/8/P2NPP2/2N1B3/1PP1B1PP/R2Q1RK1 w - -,1800-1999,f4f5,11,0.5,0.5000311383239617,0.0238,0.5821084513569877,0.4965,False,False
r1b2rk1/1pq1bppp/p1nppn2/8/P2NPP2/2N1B3/1PP1B1PP/R2Q1RK1 w - -,1800-1999,g1h1,46,0.4673913043478261,0.46773717202644893,0.00075,0.5173361659301642,0.5255,False,False
r1b2rk1/1pq1bppp/p1nppn2/8/P2NPP2/2N1B3/1PP1B1PP/R2Q1RK1 w - -,1800-1999,g2g4,15,0.7,0.6817308283531639,0.26495,0.5576635935942685,0.504,False,False
r1b2rk1/1pq1ppbp/p1np1np1/8/2PN4/1PN3P1/PB2PPBP/R2Q1RK1 w - -,1800-1999,a1c1,86,0.6569767441860465,0.6548243205109829,0.34195,0.7902540187992818,0.612,True,True
r1b2rk1/1pq1ppbp/p1np1np1/8/2PN4/1PN3P1/PB2PPBP/R2Q1RK1 w - -,1800-1999,c3d5,27,0.5185185185185185,0.517676522677642,0.0329,0.5907899117253035,0.5395,False,False
r1b2rk1/1pq1ppbp/p1np1np1/8/2PN4/1PN3P1/PB2PPBP/R2Q1RK1 w - -,1800-1999,d4c2,16,0.6875,0.672548175450843,0.5376,0.6778981666041444,0.6105,False,False
r1b2rk1/1pq1ppbp/p1np1np1/8/2PN4/1PN3P1/PB2PPBP/R2Q1RK1 w - -,1800-1999,d4c6,25,0.54,0.5382071754206449,0.05435,0.5248384498491415,0.563,False,False
r1b2rk1/1pq1ppbp/p1np1np1/8/2PN4/1PN3P1/PB2PPBP/R2Q1RK1 w - -,1800-1999,e2e3,15,0.4666666666666667,0.46833041179667706,0.0332,0.7260535196623418,0.558,False,False
r1b2rk1/2p1bppp/p1n2n2/1p2p3/4P3/2P2N2/PP3PPP/RNBBR1K1 b - -,1800-1999,c8b7,49,0.47959183673469385,0.4808179349760234,0.25975,0.5326365516505126,0.5005,True,False
r1b2rk1/2p1bppp/p1n2n2/1p2p3/4P3/2P2N2/PP3PPP/RNBBR1K1 b - -,1800-1999,c8g4,85,0.5176470588235295,0.5175404234719703,0.53275,0.4614278284893154,0.5015,False,False
r1b2rk1/2p1bppp/p1n2n2/1p2p3/4P3/2P2N2/PP3PPP/RNBBR1K1 b - -,1800-1999,f8d8,14,0.42857142857142855,0.4343517836801042,0.2075,0.5074386466431919,0.5035,False,True
r1b2rk1/3nppbp/pq1p1np1/2pP4/4P3/2N2N2/PP2BPPP/R1BQ1RK1 w - -,1800-1999,a1b1,13,0.46153846153846156,0.4648469583275236,0.04495,0.5154241207191128,0.5565,False,False
r1b2rk1/3nppbp/pq1p1np1/2pP4/4P3/2N2N2/PP2BPPP/R1BQ1RK1 w - -,1800-1999,a2a4,18,0.6666666666666666,0.6535019182743718,0.46125,0.567159074895086,0.5605,False,False
r1b2rk1/3nppbp/pq1p1np1/2pP4/4P3/2N2N2/PP2BPPP/R1BQ1RK1 w - -,1800-1999,d1c2,27,0.6666666666666666,0.6579636308673726,0.45195,0.5302861646638126,0.5505,False,False
r1b2rk1/3nppbp/pq1p1np1/2pP4/4P3/2N2N2/PP2BPPP/R1BQ1RK1 w - -,1800-1999,f3d2,55,0.42727272727272725,0.43023453928668115,0.00075,0.7308373831078965,0.561,True,True
r1b2rk1/3nppbp/pq1p1np1/2pP4/4P3/2N2N2/PP2BPPP/R1BQ1RK1 w - -,1800-1999,h2h3,22,0.5,0.49928323073338177,0.0411,0.5952721556421604,0.5265,False,False
r1b2rk1/p1p1qppp/4pn2/8/2pP4/6P1/PP2PP1P/RNBQ1RK1 w - -,1800-1999,b1a3,14,0.4642857142857143,0.4666674558901731,0.73785,0.6465800864429229,0.5005,True,False
r1b2rk1/p1p1qppp/4pn2/8/2pP4/6P1/PP2PP1P/RNBQ1RK1 w - -,1800-1999,d1a4,33,0.3787878787878788,0.38476880730429064,0.26215,0.5992839186834458,0.5075,False,True
r1b2rk1/p1qnbppp/2n1p3/1pppP3/8/3P1NP1/PPPNQPBP/R1B1R1K1 w - b6,1800-1999,c2c3,23,0.5652173913043478,0.5604153339166839,0.5585,0.28304587155158123,0.4705,False,False
r1b2rk1/p1qnbppp/2n1p3/1pppP3/8/3P1NP1/PPPNQPBP/R1B1R1K1 w - b6,1800-1999,d2f1,78,0.5192307692307693,0.5194426832702593,0.2587,0.514393692552007,0.4785,True,False
r1b2rk1/p1qnbppp/2n1p3/1pppP3/8/3P1NP1/PPPNQPBP/R1B1R1K1 w - b6,1800-1999,h2h4,31,0.4838709677419355,0.4841719154868576,0.1828,0.48227905698620793,0.4815,False,True
r1b2rk1/pp1n1ppp/1qn1p3/3pP3/1b1P4/3B1N2/PP1BNPPP/R2QK2R w KQ -,1800-1999,a2a3,46,0.5652173913043478,0.5637074136432432,0.3517,0.6405589390359248,0.6295,False,False
r1b2rk1/pp1n1ppp/1qn1p3/3pP3/1b1P4/3B1N2/PP1BNPPP/R2QK2R w KQ -,1800-1999,e1g1,385,0.5922077922077922,0.5915975269140784,0.6483,0.6721405622778676,0.6425,True,True
r1b2rk1/pp1nq1pp/2p1p3/3pNp2/2PPn3/2NBP3/PP3PPP/R2Q1RK1 w - -,1800-1999,e5d7,49,0.4897959183673469,0.48971043974385375,0.0655,0.4345533728814252,0.5435,False,True
r1b2rk1/pp1nq1pp/2p1p3/3pNp2/2PPn3/2NBP3/PP3PPP/R2Q1RK1 w - -,1800-1999,f2f3,34,0.6029411764705882,0.5984514298344675,0.61435,0.45275285219182687,0.371,False,False
r1b2rk1/pp1nq1pp/2p1p3/3pNp2/2PPn3/2NBP3/PP3PPP/R2Q1RK1 w - -,1800-1999,f2f4,76,0.5657894736842105,0.5650797375882567,0.32015,0.5260118426948374,0.514,True,False
r1b2rk1/pp1nqppp/2p1p3/3n4/2BP4/2N1PN2/PP3PPP/2RQK2R w K -,1800-1999,e1g1,155,0.5451612903225806,0.5447330369606134,0.85815,0.6376418590056139,0.5255,True,True
r1b2rk1/pp1nqppp/2p1p3/3n4/2BP4/2N1PN2/PP3PPP/2RQK2R w K -,1800-1999,e3e4,18,0.4166666666666667,0.42337846428291015,0.14185,0.508021027943897,0.505,False,False
r1b2rk1/pp1nqppp/2p1p3/3n4/2BP4/2N1PN2/PP3PPP/R2Q1RK1 w - -,1800-1999,a1c1,99,0.5757575757575758,0.5750897244101666,0.03225,0.6397849599656358,0.5275,False,False
r1b2rk1/pp1nqppp/2p1p3/3n4/2BP4/2N1PN2/PP3PPP/R2Q1RK1 w - -,1800-1999,a2a3,52,0.5865384615384616,0.5841648326697212,0.07185,0.5885477738413233,0.5115,False,False
r1b2rk1/pp1nqppp/2p1p3/3n4/2BP4/2N1PN2/PP3PPP/R2Q1RK1 w - -,1800-1999,c3d5,37,0.5135135135135135,0.514123354402149,0.01615,0.5375076685224427,0.5085,False,False
r1b2rk1/pp1nqppp/2p1p3/3n4/2BP4/2N1PN2/PP3PPP/R2Q1RK1 w - -,1800-1999,c3e4,19,0.6842105263157895,0.6708600444554285,0.46945,0.7264187262914537,0.5315,True,True
r1b2rk1/pp1nqppp/2p1p3/3n4/2BP4/2N1PN2/PP3PPP/R2Q1RK1 w - -,1800-1999,c4d3,28,0.42857142857142855,0.43165296898774924,0.00225,0.5199715245085973,0.5165,False,False
r1b2rk1/pp1nqppp/2p1p3/3n4/2BP4/2N1PN2/PP3PPP/R2Q1RK1 w - -,1800-1999,d1c2,16,0.65625,0.642910121733305,0.3491,0.6525252214524324,0.52,False,False
r1b2rk1/pp1nqppp/2p1p3/3n4/2BP4/2N1PN2/PP3PPP/R2Q1RK1 w - -,1800-1999,d1e2,13,0.34615384615384615,0.3617928472744457,0.00335,0.5773206518774636,0.5165,False,False
r1b2rk1/pp1nqppp/2p1p3/3n4/2BP4/2N1PN2/PP3PPP/R2Q1RK1 w - -,1800-1999,e3e4,169,0.5443786982248521,0.5436275458522004,0.0044,0.53694057101051,0.5225,False,False
r1b2rk1/pp1nqppp/2p1p3/3n4/2BP4/2N1PN2/PP3PPP/R2Q1RK1 w - -,1800-1999,f1e1,19,0.5263157894736842,0.5252337364386255,0.0512,0.6027963565904357,0.527,False,False
r1b2rk1/pp2bppp/1qn1p3/3pPn2/1P1P4/P4N2/1B2BPPP/RN1Q1RK1 b - -,1800-1999,a7a5,18,0.4166666666666667,0.4223572351931878,0.12375,0.04446368223137631,0.341,False,False
r1b2rk1/pp2bppp/1qn1p3/3pPn2/1P1P4/P4N2/1B2BPPP/RN1Q1RK1 b - -,1800-1999,a7a6,14,0.35714285714285715,0.37048363381958804,0.06595,0.6910007268446936,0.4945,False,False
r1b2rk1/pp2bppp/1qn1p3/3pPn2/1P1P4/P4N2/1B2BPPP/RN1Q1RK1 b - -,1800-1999,c8d7,47,0.5531914893617021,0.5519749634159717,0.7594,0.6360352938553293,0.4995,False,True
r1b2rk1/pp2bppp/1qn1p3/3pPn2/1P1P4/P4N2/1B2BPPP/RN1Q1RK1 b - -,1800-1999,f7f6,50,0.41,0.41263806358007477,0.0509,0.729597254529176,0.459,True,False
r1b2rk1/pp2ppbp/2N2np1/8/4p3/2N1BP2/PPPq2PP/2KR1B1R w - -,1800-1999,d1d2,202,0.45792079207920794,0.45800440459903374,0.80235,0.38192513946800655,0.4,True,False
r1b2rk1/pp2ppbp/2N2np1/8/4p3/2N1BP2/PPPq2PP/2KR1B1R w - -,1800-1999,e3d2,54,0.39814814814814814,0.4009245035567683,0.19765,0.34651949826171946,0.4985,False,True
r1b2rk1/pp2ppbp/2n3p1/2q5/8/4PN2/PP2BPPP/R1BQ1RK1 w - -,1800-1999,a1b1,34,0.27941176470588236,0.28884247529038387,0.02865,0.11734313269034277,0.0085,False,False
r1b2rk1/pp2ppbp/2n3p1/2q5/8/4PN2/PP2BPPP/R1BQ1RK1 w - -,1800-1999,a2a3,50,0.44,0.4423268878060075,0.5918,0.21751928795061162,0.043,False,False
r1b2rk1/pp2ppbp/2n3p1/2q5/8/4PN2/PP2BPPP/R1BQ1RK1 w - -,1800-1999,c1d2,10,0.15,0.19498623411115798,0.0186,0.45141061639890867,0.3595,True,True
r1b2rk1/pp2ppbp/2n3p1/2q5/8/4PN2/PP2BPPP/R1BQ1RK1 w - -,1800-1999,d1a4,11,0.36363636363636365,0.3824483203386828,0.31345,0.19538455062296167,0.2055,False,False
r1b2rk1/pp2ppbp/2n3p1/2q5/8/4PN2/PP2BPPP/R1BQ1RK1 w - -,1800-1999,d1b3,53,0.32075471698113206,0.3249040850297814,0.0475,0.35982612770218203,0.1255,False,False
r1b2rk1/pp2ppbp/2n3p1/3q4/3N4/4B3/PPP1BPPP/R2Q1RK1 w - -,1800-1999,c2c3,115,0.41304347826086957,0.413932889745132,0.00385,0.6279687775599688,0.4875,False,False
r1b2rk1/pp2ppbp/2n3p1/3q4/3N4/4B3/PPP1BPPP/R2Q1RK1 w - -,1800-1999,d4c6,196,0.49489795918367346,0.4948628045206681,0.10515,0.6452588165162357,0.5105,False,False
r1b2rk1/pp2ppbp/2n3p1/3q4/3N4/4B3/PPP1BPPP/R2Q1RK1 w - -,1800-1999,e2f3,208,0.5528846153846154,0.5528135723439618,0.891,0.6456897202158255,0.513,True,True
r1b2rk1/pp2ppbp/2n3p1/3q4/3N4/4B3/PPPQBPPP/R3K2R w KQ -,1800-1999,c2c3,25,0.24,0.25465428772201565,0.00445,0.05159817697479723,0.001,False,False
r1b2rk1/pp2ppbp/2n3p1/3q4/3N4/4B3/PPPQBPPP/R3K2R w KQ -,1800-1999,d4c6,114,0.40789473684210525,0.40925053242288373,0.0573,0.33812256658496254,0.49,False,False
r1b2rk1/pp2ppbp/2n3p1/3q4/3N4/4B3/PPPQBPPP/R3K2R w KQ -,1800-1999,e1c1,18,0.3333333333333333,0.34562321678969105,0.07595,0.10186281824861888,0.0,False,False
r1b2rk1/pp2ppbp/2n3p1/3q4/3N4/4B3/PPPQBPPP/R3K2R w KQ -,1800-1999,e2f3,109,0.5,0.500060569520376,0.8623,0.4759004814711631,0.497,True,True
r1b2rk1/pp2ppbp/2n3p1/3q4/3N4/4BP2/PPPQ2PP/R3KB1R w KQ -,1800-1999,c2c3,164,0.3902439024390244,0.39109195678805847,0.25115,0.2887098279537517,0.2975,False,False
r1b2rk1/pp2ppbp/2n3p1/3q4/3N4/4BP2/PPPQ2PP/R3KB1R w KQ -,1800-1999,c2c4,81,0.42592592592592593,0.4276840611930358,0.699,0.3270580366504666,0.181,True,False
r1b2rk1/pp2ppbp/2n3p1/3q4/3N4/4BP2/PPPQ2PP/R3KB1R w KQ -,1800-1999,d4c6,522,0.3649425287356322,0.36553925303455653,0.04825,0.29739606390731976,0.346,False,True
r1b2rk1/pp2ppbp/2n3p1/3q4/3N4/4BP2/PPPQ2PP/R3KB1R w KQ -,1800-1999,e1c1,121,0.2727272727272727,0.27600223653795003,0.0016,0.13821423461535215,0.0,False,False
r1b2rk1/pp2ppbp/2n3p1/q1p5/2BPP3/2P1B3/P3NPPP/R2Q1RK1 w - -,1800-1999,a1b1,78,0.6025641025641025,0.6002614037651451,0.0509,0.698446814044193,0.603,True,True
r1b2rk1/pp2ppbp/2n3p1/q1p5/2BPP3/2P1B3/P3NPPP/R2Q1RK1 w - -,1800-1999,a1c1,83,0.41566265060240964,0.4177663444759486,5e-05,0.6037441172792254,0.5305,False,False
r1b2rk1/pp2ppbp/2n3p1/q1p5/2BPP3/2P1B3/P3NPPP/R2Q1RK1 w - -,1800-1999,d1b3,30,0.5333333333333333,0.5306337960186908,0.02385,0.5343782285538369,0.514,False,False
r1b2rk1/pp2ppbp/2n3p1/q1p5/2BPP3/2P1B3/P3NPPP/R2Q1RK1 w - -,1800-1999,d1c2,22,0.5681818181818182,0.5637353486750996,0.07065,0.5515092603063221,0.5155,False,False
r1b2rk1/pp2ppbp/2n3p1/q1p5/2BPP3/2P1B3/P3NPPP/R2Q1RK1 w - -,1800-1999,d1d2,28,0.375,0.38069291216230466,0.0002,0.47928493628341073,0.466,False,False
r1b2rk1/pp2ppbp/2n3p1/q1p5/2BPP3/2P1B3/P3NPPP/R2Q1RK1 w - -,1800-1999,d4c5,14,0.6785714285714286,0.662666055690749,0.37915,0.6776021150922088,0.4955,False,False
r1b2rk1/pp2ppbp/2n3p1/q1p5/2BPP3/2P1B3/P3NPPP/R2Q1RK1 w - -,1800-1999,d4d5,20,0.6,0.5939210776162899,0.1255,0.5542389494177139,0.505,False,False
r1b2rk1/pp2ppbp/2n3p1/q1p5/2BPP3/2P1B3/P3NPPP/R2Q1RK1 w - -,1800-1999,e4e5,14,0.5,0.4996540664650188,0.03985,0.6604744456476154,0.508,False,False
r1b2rk1/pp2ppbp/2n3p1/q1p5/2BPP3/2P1B3/P3NPPP/R2Q1RK1 w - -,1800-1999,f2f3,19,0.5,0.5001269569765137,0.02035,0.5624154506925318,0.501,False,False
r1b2rk1/pp2ppbp/2n3p1/q1p5/2BPP3/2P1B3/P3NPPP/R2Q1RK1 w - -,1800-1999,f2f4,13,0.38461538461538464,0.39654518209127154,0.0059,0.3069257017672975,0.4825,False,False
r1b2rk1/pp2ppbp/2n3p1/q1p5/2BPP3/2P1B3/P3NPPP/R2Q1RK1 w - -,1800-1999,h2h3,13,0.6538461538461539,0.6375054794140068,0.2836,0.6829990391664605,0.5115,False,False
r1b2rk1/pp3ppp/2n1pn2/3q4/3P4/2P2N2/P3BPPP/R1BQ1RK1 w - -,1800-1999,a2a4,18,0.5277777777777778,0.5259353125143378,0.11055,0.7871272403430557,0.6515,False,False
r1b2rk1/pp3ppp/2n1pn2/3q4/3P4/2P2N2/P3BPPP/R1BQ1RK1 w - -,1800-1999,c1a3,17,0.47058823529411764,0.474429854151937,0.0628,0.6263324453976798,0.593,False,False
r1b2rk1/pp3ppp/2n1pn2/3q4/3P4/2P2N2/P3BPPP/R1BQ1RK1 w - -,1800-1999,c1g5,26,0.5384615384615384,0.5363066830000773,0.0965,0.6134223442153212,0.502,False,False
r1b2rk1/pp3ppp/2n1pn2/3q4/3P4/2P2N2/P3BPPP/R1BQ1RK1 w - -,1800-1999,c3c4,62,0.4838709677419355,0.4843883309590253,0.0137,0.533833738166568,0.681,False,True
r1b2rk1/pp3ppp/2n1pn2/3q4/3P4/2P2N2/P3BPPP/R1BQ1RK1 w - -,1800-1999,d1b3,26,0.4807692307692308,0.4827653962831845,0.04,0.6214854793184101,0.598,False,False
r1b2rk1/pp3ppp/2n1pn2/3q4/3P4/2P2N2/P3BPPP/R1BQ1RK1 w - -,1800-1999,e2d3,15,0.6666666666666666,0.651535857869145,0.60735,0.6251607011372851,0.5785,False,False
r1b2rk1/pp3ppp/2n1pn2/3q4/3P4/2P2N2/P3BPPP/R1BQ1RK1 w - -,1800-1999,f1e1,11,0.36363636363636365,0.3797062447017964,0.01345,0.8731938920842445,0.6625,True,False
r1b2rk1/pp3ppp/2n1pn2/3q4/3P4/2P2N2/P3BPPP/R1BQ1RK1 w - -,1800-1999,h2h3,15,0.4666666666666667,0.4701040298897681,0.05565,0.8148219976200163,0.6665,False,False
r1b2rk1/pp3ppp/5n2/3pq3/8/2PB4/PP1N1PPP/R2Q1RK1 w - -,1800-1999,d2f3,104,0.6009615384615384,0.5989544927884269,0.9335,0.744306691068671,0.5185,True,False
r1b2rk1/pp3ppp/5n2/3pq3/8/2PB4/PP1N1PPP/R2Q1RK1 w - -,1800-1999,f1e1,71,0.49295774647887325,0.4929934778974558,0.0665,0.6023473113181103,0.531,False,True
r1b2rk1/ppp1qppp/3p4/4n3/1bP2B2/4P3/PP1NBPPP/R2Q1RK1 w - -,1800-1999,a2a3,94,0.6223404255319149,0.6206035713481911,0.3455,0.6045888749960294,0.5385,False,True
r1b2rk1/ppp1qppp/3p4/4n3/1bP2B2/4P3/PP1NBPPP/R2Q1RK1 w - -,1800-1999,d2b3,152,0.618421052631579,0.6178568059198521,0.295,0.6091620243093947,0.535,False,False
r1b2rk1/ppp1qppp/3p4/4n3/1bP2B2/4P3/PP1NBPPP/R2Q1RK1 w - -,1800-1999,d2f3,35,0.6142857142857143,0.6099948949982005,0.3595,0.745567248053518,0.5015,True,False
r1b2rk1/ppp2ppp/2n2q2/2p5/2B1P3/2P5/PP3PPP/RN1Q1RK1 w - -,1800-1999,b1d2,101,0.5,0.4999344324662884,0.1571,0.5389147343055859,0.51,False,False
r1b2rk1/ppp2ppp/2n2q2/2p5/2B1P3/2P5/PP3PPP/RN1Q1RK1 w - -,1800-1999,d1e2,22,0.4772727272727273,0.47825939870586737,0.18745,0.5437941738418685,0.495,True,False
r1b2rk1/ppp2ppp/2n2q2/2p5/2B1P3/2P5/PP3PPP/RN1Q1RK1 w - -,1800-1999,f2f4,35,0.5714285714285714,0.56841014836933,0.65545,0.5220641324035235,0.537,False,True
r1b2rk1/ppp2ppp/2n2q2/2p5/4P3/2P5/PP2BPPP/RN1Q1RK1 w - -,1800-1999,b1d2,61,0.5491803278688525,0.5478055466026359,0.6707,0.5787062681444403,0.5055,False,False
r1b2rk1/ppp2ppp/2n2q2/2p5/4P3/2P5/PP2BPPP/RN1Q1RK1 w - -,1800-1999,d1c2,21,0.2619047619047619,0.278993517417685,0.0036,0.6164029201286809,0.502,True,False
r1b2rk1/ppp2ppp/2n2q2/2p5/4P3/2P5/PP2BPPP/RN1Q1RK1 w - -,1800-1999,d1d5,18,0.2222222222222222,0.24218384986794927,0.00325,0.5028093282777907,0.5035,False,False
r1b2rk1/ppp2ppp/2n2q2/2p5/4P3/2P5/PP2BPPP/RN1Q1RK1 w - -,1800-1999,f2f4,28,0.5,0.49958766037662733,0.32245,0.6026641307090295,0.5335,False,True
r1b2rk1/ppp2ppp/2n2q2/4p3/3P4/2PB1N2/PP3PPP/R2QK2R w KQ -,1800-1999,d4d5,32,0.453125,0.45485542780237337,0.41365,0.2907517376087973,0.4885,False,False
r1b2rk1/ppp2ppp/2n2q2/4p3/3P4/2PB1N2/PP3PPP/R2QK2R w KQ -,1800-1999,d4e5,62,0.4596774193548387,0.4605178352174078,0.43225,0.4399301662881482,0.4935,True,True
r1b2rk1/ppp2ppp/2n2q2/4p3/3P4/2PB1N2/PP3PPP/R2QK2R w KQ -,1800-1999,e1g1,19,0.3684210526315789,0.37885176667902304,0.1541,0.3594120838448029,0.4655,False,False
r1b2rk1/ppppqppp/8/4n3/2P2B2/P3P3/1P1Q1PPP/R3KB1R w KQ -,1800-1999,c4c5,10,0.75,0.7174184170614124,0.6484,0.8943309802877776,0.612,True,True
r1b2rk1/ppppqppp/8/4n3/2P2B2/P3P3/1P1Q1PPP/R3KB1R w KQ -,1800-1999,d2c3,15,0.5666666666666667,0.5609140761044277,0.07235,0.43829579108624567,0.521,False,False
r1b2rk1/ppppqppp/8/4n3/2P2B2/P3P3/1P1Q1PPP/R3KB1R w KQ -,1800-1999,f1e2,155,0.6709677419354839,0.6691990311299436,0.27925,0.6798348460273225,0.5225,False,False
r1b2rk1/ppq1ppbp/2n3p1/2p5/2BPP3/2P1B3/P3NPPP/R2Q1RK1 w - -,1800-1999,a1b1,22,0.4772727272727273,0.4784033492860639,0.1375,0.5485365642016623,0.518,False,False
r1b2rk1/ppq1ppbp/2n3p1/2p5/2BPP3/2P1B3/P3NPPP/R2Q1RK1 w - -,1800-1999,a1c1,228,0.5416666666666666,0.5414370327448854,0.2361,0.6547207861656659,0.56,False,True
r1b2rk1/ppq1ppbp/2n3p1/2p5/2BPP3/2P1B3/P3NPPP/R2Q1RK1 w - -,1800-1999,c4b3,19,0.3157894736842105,0.329650724951874,0.00555,0.6869574936012454,0.515,True,False
r1b2rk1/ppq1ppbp/2n3p1/2p5/2BPP3/2P1B3/P3NPPP/R2Q1RK1 w - -,1800-1999,d1c2,18,0.4444444444444444,0.4479125110225056,0.10475,0.6028277564848198,0.482,False,False
r1b2rk1/ppq1ppbp/2n3p1/2p5/2BPP3/2P1B3/P3NPPP/R2Q1RK1 w - -,1800-1999,d1d2,12,0.3333333333333333,0.3522267071122823,0.0338,0.567775642187992,0.519,False,False
r1b2rk1/ppq1ppbp/2n3p1/2p5/2BPP3/2P1B3/P3NPPP/R2Q1RK1 w - -,1800-1999,d4d5,23,0.45652173913043476,0.459037258839407,0.09825,0.5030639533549569,0.5075,False,False
r1b2rk1/ppq1ppbp/2n3p1/2p5/2BPP3/2P1B3/P3NPPP/R2Q1RK1 w - -,1800-1999,f2f3,12,0.5416666666666666,0.5366647192979159,0.38405,0.5626643122667361,0.486,False,False
r1b4r/ppp2kpp/2n2n2/8/4P3/8/PB1N1PPP/R3K1NR w KQ -,1800-1999,f2f3,14,0.5,0.499997118611485,0.1083,0.4618439452246363,0.366,False,False
r1b4r/ppp2kpp/2n2n2/8/4P3/8/PB1N1PPP/R3K1NR w KQ -,1800-1999,g1e2,21,0.6904761904761905,0.6790960599247479,0.87105,0.5501144778007516,0.4995,False,True
r1b4r/ppp2kpp/2n2n2/8/4P3/8/PB1N1PPP/R3K1NR w KQ -,1800-1999,g1f3,154,0.4902597402597403,0.4901646701009961,0.02065,0.6783283018126983,0.4995,True,False
r1bq1b1r/pp1nk1pp/4pp2/3pP2Q/3n1N2/3B4/PP1N1PPP/R1B1K2R w KQ -,1800-1999,e5f6,64,0.5390625,0.5379838287077983,0.71265,0.6267887234536474,0.5065,True,True
r1bq1b1r/pp1nk1pp/4pp2/3pP2Q/3n1N2/3B4/PP1N1PPP/R1B1K2R w KQ -,1800-1999,f4g6,85,0.49411764705882355,0.4938639027793482,0.28735,0.12506017030080738,0.5015,False,False
r1bq1b1r/pp4pp/n1p1k3/3np3/8/PBN2Q2/1PPP1PPP/R1B1K2R w KQ -,1800-1999,d2d4,16,0.46875,0.47061626437666765,0.1209,0.5886159254404167,0.613,False,True
r1bq1b1r/pp4pp/n1p1k3/3np3/8/PBN2Q2/1PPP1PPP/R1B1K2R w KQ -,1800-1999,e1g1,23,0.6521739130434783,0.6435209143788938,0.8791,0.6250253050581493,0.5165,True,False
r1bq1b1r/ppp3pp/4k3/3np3/2B5/P1N2Q2/1P1P1PPP/n1BK3R w - -,1800-1999,c3d5,43,0.5813953488372093,0.5796151922326678,0.97845,0.5788792136326028,0.4995,False,True
r1bq1b1r/ppp3pp/4k3/3np3/2B5/P1N2Q2/1P1P1PPP/n1BK3R w - -,1800-1999,c4d5,29,0.3448275862068966,0.3518714831809116,0.02155,0.7175552514064718,0.0605,True,False
r1bq1r2/p3ppkp/2pp1np1/8/4P3/2N5/PPPQ1PPP/R3KB1R w KQ -,1800-1999,e1c1,35,0.4857142857142857,0.4865605858589869,0.2691,0.31263206290407636,0.4895,False,False
r1bq1r2/p3ppkp/2pp1np1/8/4P3/2N5/PPPQ1PPP/R3KB1R w KQ -,1800-1999,f1d3,42,0.39285714285714285,0.3964408591610344,0.03045,0.44942105627410417,0.4845,False,False
r1bq1r2/p3ppkp/2pp1np1/8/4P3/2N5/PPPQ1PPP/R3KB1R w KQ -,1800-1999,f1e2,23,0.41304347826086957,0.4189633055879041,0.1068,0.43054984075085306,0.4965,False,True
r1bq1r2/p3ppkp/2pp1np1/8/4P3/2N5/PPPQ1PPP/R3KB1R w KQ -,1800-1999,f2f3,22,0.25,0.2657081970248835,0.00175,0.4627594096162395,0.495,True,False
r1bq1r2/p3ppkp/2pp1np1/8/4P3/2N5/PPPQ1PPP/R3KB1R w KQ -,1800-1999,h2h4,54,0.5370370370370371,0.5368624436068093,0.5919,0.3710903881607393,0.493,False,False
r1bq1rk1/1p1n1pbp/p2p1np1/2pP4/P7/2N2NP1/1P2PPBP/R1BQ1RK1 w - -,1800-1999,a4a5,11,0.6363636363636364,0.6175161955811169,0.22655,0.5164195858465126,0.526,False,False
r1bq1rk1/1p1n1pbp/p2p1np1/2pP4/P7/2N2NP1/1P2PPBP/R1BQ1RK1 w - -,1800-1999,c1f4,32,0.515625,0.5151126041309135,0.0115,0.5954841321514366,0.567,False,True
r1bq1rk1/1p1n1pbp/p2p1np1/2pP4/P7/2N2NP1/1P2PPBP/R1BQ1RK1 w - -,1800-1999,e2e4,18,0.5555555555555556,0.5520439205561049,0.04765,0.5624401987793597,0.5415,False,False
r1bq1rk1/1p1n1pbp/p2p1np1/2pP4/P7/2N2NP1/1P2PPBP/R1BQ1RK1 w - -,1800-1999,f3d2,24,0.6666666666666666,0.6579273124307964,0.2729,0.6473207107209544,0.5305,True,False
r1bq1rk1/1p1n1pbp/p2p1np1/2pP4/P7/2N2NP1/1P2PPBP/R1BQ1RK1 w - -,1800-1999,h2h3,22,0.7045454545454546,0.6901924197314705,0.4414,0.5646134904603973,0.5305,False,False
r1bq1rk1/1p1nbpp1/p3pn1p/3p4/3P3B/2NBPN2/PP3PPP/R2Q1RK1 w - -,1800-1999,a1c1,78,0.5641025641025641,0.5624362063496399,0.76775,0.5568443935601799,0.5955,True,True
r1bq1rk1/1p1nbpp1/p3pn1p/3p4/3P3B/2NBPN2/PP3PPP/R2Q1RK1 w - -,1800-1999,a2a3,25,0.42,0.42468065868970106,0.0826,0.5108824770141377,0.5385,False,False
r1bq1rk1/1p1nbpp1/p3pn1p/3p4/3P3B/2NBPN2/PP3PPP/R2Q1RK1 w - -,1800-1999,a2a4,10,0.4,0.4122440421281909,0.14965,0.5445957980550591,0.565,False,False
r1bq1rk1/1p2bpp1/p1n1pn1p/3p4/3P3B/2NBPN2/PP3PPP/R2Q1RK1 w - -,1800-1999,a1c1,91,0.5164835164835165,0.5164084874365917,0.5528,0.5922787202235895,0.584,True,True
r1bq1rk1/1p2bpp1/p1n1pn1p/3p4/3P3B/2NBPN2/PP3PPP/R2Q1RK1 w - -,1800-1999,a2a3,71,0.5070422535211268,0.5067998945786043,0.4472,0.57114002630237,0.518,False,False
r1bq1rk1/1p2bppp/p1n1pn2/6B1/2BP4/2N2N2/PP3PPP/R2Q1RK1 w - -,1800-1999,a1c1,29,0.43103448275862066,0.4338747466156122,0.1449,0.40102829275090185,0.476,False,False
r1bq1rk1/1p2bppp/p1n1pn2/6B1/2BP4/2N2N2/PP3PPP/R2Q1RK1 w - -,1800-1999,a2a3,48,0.5104166666666666,0.510226427486023,0.4607,0.45007059342758493,0.4845,False,False
r1bq1rk1/1p2bppp/p1n1pn2/6B1/2BP4/2N2N2/PP3PPP/R2Q1RK1 w - -,1800-1999,a2a4,59,0.4745762711864407,0.47554327477156394,0.22535,0.4555993548336659,0.4905,True,True
r1bq1rk1/1p2bppp/p1n1pn2/6B1/2BP4/2N2N2/PP3PPP/R2Q1RK1 w - -,1800-1999,f1e1,24,0.4375,0.44030871957201345,0.16905,0.41537008589955465,0.4875,False,False
r1bq1rk1/1p2bppp/p1n1pn2/6B1/2BP4/2N2N2/PP3PPP/R2QR1K1 w - -,1800-1999,a1c1,29,0.4827586206896552,0.48299808785823223,0.00835,0.41834057678648146,0.518,False,True
r1bq1rk1/1p2bppp/p1n1pn2/6B1/2BP4/2N2N2/PP3PPP/R2QR1K1 w - -,1800-1999,a2a3,36,0.5138888888888888,0.5134824460677196,0.01565,0.48764840473821086,0.5045,True,False
r1bq1rk1/1p2bppp/p1n1pn2/6B1/2BP4/2N2N2/PP3PPP/R2QR1K1 w - -,1800-1999,a2a4,25,0.76,0.7463249502490793,0.9758,0.483495657534951,0.5095,False,False
r1bq1rk1/1p2bppp/p1n1pn2/6B1/2BP4/2N2N2/PP3PPP/R2QR1K1 w - -,1800-1999,d4d5,10,0.15,0.19747549730061054,0.0002,0.28392489354010786,0.494,False,False
r1bq1rk1/1p2bppp/p1n1pn2/8/2BP4/P1N2N2/1P3PPP/R1BQ1RK1 w - -,1800-1999,b2b4,34,0.4852941176470588,0.4858486202694942,0.0266,0.5041085743731553,0.4795,True,False
r1bq1rk1/1p2bppp/p1n1pn2/8/2BP4/P1N2N2/1P3PPP/R1BQ1RK1 w - -,1800-1999,c1e3,23,0.43478260869565216,0.43966537268528527,0.01535,0.46428723140489403,0.5025,False,False
r1bq1rk1/1p2bppp/p1n1pn2/8/2BP4/P1N2N2/1P3PPP/R1BQ1RK1 w - -,1800-1999,c1f4,27,0.7037037037037037,0.693298971009398,0.89495,0.40874926669775946,0.503,False,True
r1bq1rk1/1p2bppp/p1n1pn2/8/2BP4/P1N2N2/1P3PPP/R1BQ1RK1 w - -,1800-1999,c1g5,16,0.4375,0.4430166587676744,0.02755,0.4210000779716998,0.4895,False,False
r1bq1rk1/1p2bppp/p1n1pn2/8/2BP4/P1N2N2/1P3PPP/R1BQ1RK1 w - -,1800-1999,d4d5,17,0.4411764705882353,0.44621238500101706,0.0295,0.4748874033955319,0.4995,False,False
r1bq1rk1/1p2bppp/p1n1pn2/8/2BP4/P1N2N2/1P3PPP/R1BQ1RK1 w - -,1800-1999,f1e1,26,0.40384615384615385,0.40897958973240967,0.0055,0.4400273700092968,0.503,False,False
r1bq1rk1/1p2bppp/p1n1pn2/8/2BP4/P1N2N2/1P3PPP/R1BQ1RK1 w - -,1800-1999,h2h3,20,0.3,0.31303071260342985,0.00055,0.433366967027407,0.494,False,False
r1bq1rk1/1p2ppbp/p2p1np1/8/2BBP3/2N2P2/PPPQ2PP/2KR3R b - -,1800-1999,b7b5,342,0.36403508771929827,0.36449780572459495,0.3812,0.26768232817943777,0.2025,True,False
r1bq1rk1/1p2ppbp/p2p1np1/8/2BBP3/2N2P2/PPPQ2PP/2KR3R b - -,1800-1999,c8e6,31,0.3870967741935484,0.39213081733339117,0.6188,0.12883662838680146,0.2145,False,True
r1bq1rk1/1p3ppp/p1np1b2/3Np3/4P3/N7/PPP2PPP/R2QKB1R w KQ -,1800-1999,a3c4,173,0.5780346820809249,0.5777695105922808,0.22185,0.643477511217348,0.549,True,True
r1bq1rk1/1p3ppp/p1np1b2/3Np3/4P3/N7/PPP2PPP/R2QKB1R w KQ -,1800-1999,c2c3,435,0.5597701149425287,0.5593943687702048,0.0613,0.542028399378651,0.5115,False,False
r1bq1rk1/1p3ppp/p1np1b2/3Np3/4P3/N7/PPP2PPP/R2QKB1R w KQ -,1800-1999,c2c4,98,0.6071428571428571,0.6054515253525227,0.55095,0.4750744379034985,0.4575,False,False
r1bq1rk1/1p3ppp/p1np1b2/3Np3/4P3/N7/PPP2PPP/R2QKB1R w KQ -,1800-1999,d5f6,34,0.5294117647058824,0.5279764544591286,0.1419,0.5035802779371049,0.4965,False,False
r1bq1rk1/1p3ppp/p1np1b2/3Np3/4P3/N7/PPP2PPP/R2QKB1R w KQ -,1800-1999,f1d3,76,0.4407894736842105,0.44188530102940815,0.0027,0.5116895997588576,0.496,False,False
r1bq1rk1/1p3ppp/p1np1b2/3Np3/4P3/N7/PPP2PPP/R2QKB1R w KQ -,1800-1999,f1e2,95,0.5052631578947369,0.5050641582759857,0.0213,0.4784233766910369,0.5095,False,False
r1bq1rk1/1pp1bpp1/p2p1n1p/4p3/4P3/1PNPBN1P/1PP2PP1/R2Q1RK1 w - -,1800-1999,c3e2,23,0.5434782608695652,0.5413696719077267,0.15945,0.49302740608557105,0.4915,True,False
r1bq1rk1/1pp1bpp1/p2p1n1p/4p3/4P3/1PNPBN1P/1PP2PP1/R2Q1RK1 w - -,1800-1999,d1d2,47,0.5957446808510638,0.5922288239865522,0.2986,0.3940849593913415,0.493,False,False
r1bq1rk1/1pp1bpp1/p2p1n1p/4p3/4P3/1PNPBN1P/1PP2PP1/R2Q1RK1 w - -,1800-1999,d3d4,29,0.6206896551724138,0.6152006711115249,0.4771,0.47216505664317604,0.5035,False,True
r1bq1rk1/1pp1bpp1/p2p1n1p/4p3/4P3/1PNPBN1P/1PP2PP1/R2Q1RK1 w - -,1800-1999,f3h2,20,0.475,0.4775204217963006,0.06485,0.48621073621914784,0.471,False,False
r1bq1rk1/1pp1bppp/p1p1n3/4N3/3P4/2P5/PP3PPP/RNBQR1K1 w - -,1800-1999,b1d2,121,0.5247933884297521,0.5244301704667422,0.37135,0.5146577778224363,0.472,True,False
r1bq1rk1/1pp1bppp/p1p1n3/4N3/3P4/2P5/PP3PPP/RNBQR1K1 w - -,1800-1999,c1e3,25,0.56,0.5556016562782203,0.62865,0.5052266625703928,0.492,False,True
r1bq1rk1/1pp1npbp/3p1np1/3Pp3/1BP1P3/2N2N2/P3BPPP/R2Q1RK1 b - -,1800-1999,b7b6,81,0.35802469135802467,0.36112421099147707,0.00635,0.3744953306992162,0.4205,False,True
r1bq1rk1/1pp1npbp/3p1np1/3Pp3/1BP1P3/2N2N2/P3BPPP/R2Q1RK1 b - -,1800-1999,f6d7,59,0.3983050847457627,0.4006853235771585,0.02925,0.4403656618818065,0.3315,True,False
r1bq1rk1/1pp1npbp/3p1np1/3Pp3/1BP1P3/2N2N2/P3BPPP/R2Q1RK1 b - -,1800-1999,f6e8,18,0.6388888888888888,0.628205864813682,0.9644,0.36242973412046664,0.3315,False,False
r1bq1rk1/1pp1npp1/1b1p1n1p/pP2p3/P1B1P3/2PP1N1P/5PP1/RNBQ1RK1 w - -,1800-1999,b1d2,19,0.34210526315789475,0.3533443697924464,0.02345,0.5663226843441167,0.5145,True,True
r1bq1rk1/1pp1npp1/1b1p1n1p/pP2p3/P1B1P3/2PP1N1P/5PP1/RNBQ1RK1 w - -,1800-1999,c1a3,10,0.5,0.49927253358050955,0.31095,0.4806890745697417,0.4225,False,False
r1bq1rk1/1pp1npp1/1b1p1n1p/pP2p3/P1B1P3/2PP1N1P/5PP1/RNBQ1RK1 w - -,1800-1999,c1e3,67,0.3582089552238806,0.36119190478002405,0.00845,0.4810770399072363,0.4955,False,False
r1bq1rk1/1pp1npp1/1b1p1n1p/pP2p3/P1B1P3/2PP1N1P/5PP1/RNBQ1RK1 w - -,1800-1999,f1e1,17,0.5882352941176471,0.5801848508802911,0.65715,0.5329662110197987,0.512,False,False
r1bq1rk1/1pp2pb1/3p1npp/p1nPp1B1/2P1P3/2N2N2/PPQ1BPPP/R4RK1 w - -,1800-1999,g5e3,78,0.6025641025641025,0.6010945811301048,0.9809,0.4224775994259254,0.532,True,True
r1bq1rk1/1pp2pb1/3p1npp/p1nPp1B1/2P1P3/2N2N2/PPQ1BPPP/R4RK1 w - -,1800-1999,g5h4,51,0.4215686274509804,0.4239118342226203,0.0191,0.3797444861820206,0.445,False,False
r1bq1rk1/2p1bppp/p1P2n2/1p6/8/1BP2p2/PP1P1PPP/RNBQR1K1 w - -,1800-1999,d1f3,237,0.3037974683544304,0.30484124527757495,0.00865,0.4765946012013404,0.544,False,False
r1bq1rk1/2p1bppp/p1P2n2/1p6/8/1BP2p2/PP1P1PPP/RNBQR1K1 w - -,1800-1999,d2d4,28,0.5178571428571429,0.516669832234627,0.99135,0.8335297260986966,0.6645,True,True
r1bq1rk1/2p1bppp/p1n5/1p1n4/3p4/1BP2N2/PP3PPP/RNBQR1K1 w - -,1800-1999,c3d4,115,0.5260869565217391,0.5256202459788956,0.7417,0.6202185219278004,0.499,True,True
r1bq1rk1/2p1bppp/p1n5/1p1n4/3p4/1BP2N2/PP3PPP/RNBQR1K1 w - -,1800-1999,f3d4,510,0.49411764705882355,0.494401312892336,0.2583,0.542476504226968,0.496,False,False
r1bq1rk1/2p1bppp/p7/1p1nR3/8/1B5P/PPPP1PP1/RNBQ2K1 b - -,1800-1999,c7c6,150,0.5233333333333333,0.5232879617001398,0.5521,0.40170639299343597,0.253,False,False
r1bq1rk1/2p1bppp/p7/1p1nR3/8/1B5P/PPPP1PP1/RNBQ2K1 b - -,1800-1999,d5f6,70,0.5142857142857142,0.5143801402289471,0.4479,0.5587800671221574,0.438,True,True
r1bq1rk1/2p1bppp/p7/1p1nR3/8/1BP5/PP1P1PPP/RNBQ2K1 b - -,1800-1999,c7c6,2973,0.5765220316178944,0.5765208372437646,0.0,0.4520552842682673,0.418,False,True
r1bq1rk1/2p1bppp/p7/1p1nR3/8/1BP5/PP1P1PPP/RNBQ2K1 b - -,1800-1999,d5f6,897,0.653288740245262,0.6529008712950457,1.0,0.5401478523138065,0.3765,True,False
r1bq1rk1/2p2pp1/p1np1n1p/1pb5/3PP3/1B3N1P/PP3PP1/RNBQR1K1 b - -,1800-1999,c5a7,17,0.6470588235294118,0.634607743564692,0.959,0.3187977016048168,0.3555,True,False
r1bq1rk1/2p2pp1/p1np1n1p/1pb5/3PP3/1B3N1P/PP3PP1/RNBQR1K1 b - -,1800-1999,c5b4,30,0.26666666666666666,0.2780468176832925,0.00245,0.25601930418618685,0.2115,False,False
r1bq1rk1/2p2pp1/p1np1n1p/1pb5/3PP3/1B3N1P/PP3PP1/RNBQR1K1 b - -,1800-1999,c5b6,53,0.4056603773584906,0.40852771168580865,0.03855,0.31412578427045845,0.394,False,True
r1bq1rk1/2p2pp1/pbnp1n1p/1p2p3/3PP3/1BP2N1P/PP3PP1/RNBQR1K1 w - -,1800-1999,a2a4,42,0.5,0.5003370045877421,0.22765,0.5831159505816266,0.514,True,False
r1bq1rk1/2p2pp1/pbnp1n1p/1p2p3/3PP3/1BP2N1P/PP3PP1/RNBQR1K1 w - -,1800-1999,b1d2,12,0.25,0.27652347952804757,0.01325,0.47308820458801093,0.347,False,False
r1bq1rk1/2p2pp1/pbnp1n1p/1p2p3/3PP3/1BP2N1P/PP3PP1/RNBQR1K1 w - -,1800-1999,b3c2,14,0.35714285714285715,0.37058149436095983,0.05725,0.5126048460989995,0.501,False,False
r1bq1rk1/2p2pp1/pbnp1n1p/1p2p3/3PP3/1BP2N1P/PP3PP1/RNBQR1K1 w - -,1800-1999,c1e3,30,0.4666666666666667,0.46877158234826827,0.154,0.5303867441990401,0.5415,False,True
r1bq1rk1/2p2pp1/pbnp1n1p/1p2p3/3PP3/1BP2N1P/PP3PP1/RNBQR1K1 w - -,1800-1999,d4d5,26,0.4230769230769231,0.4267828223302022,0.07435,0.42724326226074133,0.45,False,False
r1bq1rk1/2p2pp1/pbnp1n1p/1p2p3/3PP3/1BP2N1P/PP3PP1/RNBQR1K1 w - -,1800-1999,d4e5,11,0.5454545454545454,0.5382986949967069,0.4735,0.4505437827692381,0.491,False,False
r1bq1rk1/2p2ppp/p1np1n2/1p6/1b1PP3/1B3N2/PP3PPP/RNBQR1K1 w - -,1800-1999,b1c3,33,0.45454545454545453,0.45592032190021275,0.0788,0.7191755860528458,0.6755,True,False
r1bq1rk1/2p2ppp/p1np1n2/1p6/1b1PP3/1B3N2/PP3PPP/RNBQR1K1 w - -,1800-1999,c1d2,17,0.6470588235294118,0.6358154463838958,0.9212,0.7089761944321128,0.7505,False,True
r1bq1rk1/2p2ppp/pbnp1n2/1p6/3PP3/1B3N2/PP3PPP/RNBQR1K1 w - -,1800-1999,b1c3,20,0.225,0.24427336644950592,0.00085,0.7089753624707287,0.541,True,False
r1bq1rk1/2p2ppp/pbnp1n2/1p6/3PP3/1B3N2/PP3PPP/RNBQR1K1 w - -,1800-1999,c1g5,33,0.3939393939393939,0.39810342044011077,0.0155,0.44253751164298627,0.502,False,False
r1bq1rk1/2p2ppp/pbnp1n2/1p6/3PP3/1B3N2/PP3PPP/RNBQR1K1 w - -,1800-1999,h2h3,33,0.6515151515151515,0.6445308664327647,0.98365,0.6009789743714894,0.552,False,True
r1bq1rk1/2pnbppp/p2p1n2/1p2p3/3PP3/1BP2N1P/PP3PP1/RNBQR1K1 w - -,1800-1999,a2a4,60,0.49166666666666664,0.49195223787135145,0.11455,0.559833137111566,0.533,False,False
r1bq1rk1/2pnbppp/p2p1n2/1p2p3/3PP3/1BP2N1P/PP3PP1/RNBQR1K1 w - -,1800-1999,b1d2,618,0.5145631067961165,0.5145866107871725,0.0898,0.5944097859986875,0.564,True,True
r1bq1rk1/2pnbppp/p2p1n2/1p2p3/3PP3/1BP2N1P/PP3PP1/RNBQR1K1 w - -,1800-1999,c1g5,86,0.5465116279069767,0.5456589085356124,0.39385,0.44458797517365345,0.511,False,False
r1bq1rk1/2pnbppp/p2p1n2/1p2p3/3PP3/1BP2N1P/PP3PP1/RNBQR1K1 w - -,1800-1999,d4e5,27,0.5370370370370371,0.5360030770301487,0.4018,0.48828018794702555,0.506,False,False
r1bq1rk1/3nbppp/2n1p3/ppppP3/8/3P1NP1/PPP2PBP/R1BQRNK1 w - a6,1800-1999,c1f4,14,0.7142857142857143,0.6939674713350463,0.9282,0.4777049872467312,0.361,False,False
r1bq1rk1/3nbppp/2n1p3/ppppP3/8/3P1NP1/PPP2PBP/R1BQRNK1 w - a6,1800-1999,h2h4,64,0.515625,0.5154407959263321,0.0718,0.7184067652646599,0.5,True,True
r1bq1rk1/3nbppp/p1p1pn2/1p4B1/3P4/2NBPN2/PP3PPP/R2Q1RK1 w - -,1800-1999,a1c1,94,0.48404255319148937,0.48497595469865484,0.02315,0.47504063580542544,0.505,False,False
r1bq1rk1/3nbppp/p1p1pn2/1p4B1/3P4/2NBPN2/PP3PPP/R2Q1RK1 w - -,1800-1999,a2a3,74,0.4864864864864865,0.4866278247958323,0.02835,0.5250660152327264,0.4775,False,False
r1bq1rk1/3nbppp/p1p1pn2/1p4B1/3P4/2NBPN2/PP3PPP/R2Q1RK1 w - -,1800-1999,a2a4,13,0.34615384615384615,0.36083012237064654,0.01615,0.634114434752082,0.56,False,False
r1bq1rk1/3nbppp/p1p1pn2/1p4B1/3P4/2NBPN2/PP3PPP/R2Q1RK1 w - -,1800-1999,c3e4,12,0.6666666666666666,0.6480932445827686,0.6937,0.5653673336057933,0.6545,False,False
r1bq1rk1/3nbppp/p1p1pn2/1p4B1/3P4/2NBPN2/PP3PPP/R2Q1RK1 w - -,1800-1999,d1c2,12,0.5,0.49984958203752367,0.13645,0.652481879011196,0.6615,False,True
r1bq1rk1/3nbppp/p1p1pn2/1p4B1/3P4/2NBPN2/PP3PPP/R2Q1RK1 w - -,1800-1999,d1e2,17,0.47058823529411764,0.47233549155696547,0.08095,0.5427927729483629,0.517,False,False
r1bq1rk1/3nbppp/p1p1pn2/1p4B1/3P4/2NBPN2/PP3PPP/R2Q1RK1 w - -,1800-1999,e3e4,29,0.43103448275862066,0.4355864920940029,0.02125,0.6865408516288141,0.5425,True,False
r1bq1rk1/3nbppp/p3pn2/1p1p2B1/3P4/2NBPN2/PP3PPP/2RQ1RK1 w - b6,1800-1999,a2a3,73,0.589041095890411,0.5875154088165058,0.31325,0.511492765718524,0.5405,False,False
r1bq1rk1/3nbppp/p3pn2/1p1p2B1/3P4/2NBPN2/PP3PPP/2RQ1RK1 w - b6,1800-1999,d3b1,28,0.6428571428571429,0.6350916193097396,0.68675,0.5966661067461306,0.5975,True,True
r1bq1rk1/4bppp/p2p1n2/npp1p3/4P3/2P2N1P/PPBP1PP1/RNBQR1K1 w - -,1800-1999,d2d3,34,0.4852941176470588,0.48587435465719025,0.39165,0.5538823675397524,0.5125,False,False
r1bq1rk1/4bppp/p2p1n2/npp1p3/4P3/2P2N1P/PPBP1PP1/RNBQR1K1 w - -,1800-1999,d2d4,194,0.5103092783505154,0.5100344410758375,0.60835,0.5835952105918332,0.5795,True,True
r1bq1rk1/4bppp/p2p1n2/npp1p3/4P3/2P2N1P/PPBP1PP1/RNBQR1K1 w - c6,1800-1999,d2d3,367,0.5967302452316077,0.596458859123523,0.97545,0.5565252211123657,0.5125,False,False
r1bq1rk1/4bppp/p2p1n2/npp1p3/4P3/2P2N1P/PPBP1PP1/RNBQR1K1 w - c6,1800-1999,d2d4,2453,0.5444353852425601,0.5444050272806168,0.02455,0.5970989760524134,0.5795,True,True
r1bq1rk1/4bppp/p2p1n2/npp1p3/4P3/2PP1N1P/PPB2PP1/RNBQ1RK1 w - c6,1800-1999,a2a4,70,0.5,0.4991746188506239,0.0101,0.38387007634248677,0.506,False,False
r1bq1rk1/4bppp/p2p1n2/npp1p3/4P3/2PP1N1P/PPB2PP1/RNBQ1RK1 w - c6,1800-1999,b1d2,123,0.532520325203252,0.5319330592177891,0.0137,0.5646201694304376,0.512,False,True
r1bq1rk1/4bppp/p2p1n2/npp1p3/4P3/2PP1N1P/PPB2PP1/RNBQ1RK1 w - c6,1800-1999,b2b4,32,0.46875,0.4704310661658838,0.01675,0.4815679487004767,0.476,False,False
r1bq1rk1/4bppp/p2p1n2/npp1p3/4P3/2PP1N1P/PPB2PP1/RNBQ1RK1 w - c6,1800-1999,c1e3,79,0.4177215189873418,0.41955528301625256,0.0,0.46474422105017044,0.5085,False,False
r1bq1rk1/4bppp/p2p1n2/npp1p3/4P3/2PP1N1P/PPB2PP1/RNBQ1RK1 w - c6,1800-1999,c1g5,65,0.5,0.5005068490193199,0.01,0.5141183551432393,0.4915,False,False
r1bq1rk1/4bppp/p2p1n2/npp1p3/4P3/2PP1N1P/PPB2PP1/RNBQ1RK1 w - c6,1800-1999,d3d4,88,0.5284090909090909,0.5280833908088927,0.0167,0.499979220881566,0.509,False,False
r1bq1rk1/4bppp/p2p1n2/npp1p3/4P3/2PP1N1P/PPB2PP1/RNBQ1RK1 w - c6,1800-1999,f1e1,168,0.6547619047619048,0.6533191330137994,0.93275,0.5656045914793283,0.511,True,False
r1bq1rk1/4bppp/p2p1n2/npp1p3/4P3/2PP1N2/PPB2PPP/RNBQR1K1 w - c6,1800-1999,a2a4,30,0.45,0.4527333771809173,0.20335,0.4646731867358277,0.5245,False,True
r1bq1rk1/4bppp/p2p1n2/npp1p3/4P3/2PP1N2/PPB2PPP/RNBQR1K1 w - c6,1800-1999,b1d2,372,0.4825268817204301,0.48249328454069146,0.17165,0.6030568624799597,0.5125,True,False
r1bq1rk1/4bppp/p2p1n2/npp1p3/4P3/2PP1N2/PPB2PPP/RNBQR1K1 w - c6,1800-1999,c1g5,20,0.3,0.31465519790955165,0.01545,0.5159678051404251,0.4805,False,False
r1bq1rk1/4bppp/p2p1n2/npp1p3/4P3/2PP1N2/PPB2PPP/RNBQR1K1 w - c6,1800-1999,h2h3,63,0.5238095238095238,0.5230336807269952,0.60955,0.5862720171693666,0.514,False,False
r1bq1rk1/bpp2pp1/p1np1n1p/P3p3/1PB1P3/2PP1N1P/5PP1/RNBQ1RK1 w - -,1800-1999,b1d2,12,0.4583333333333333,0.46317191631469384,0.45355,0.5076781374109538,0.517,True,True
r1bq1rk1/bpp2pp1/p1np1n1p/P3p3/1PB1P3/2PP1N1P/5PP1/RNBQ1RK1 w - -,1800-1999,c1e3,50,0.48,0.4801255091208619,0.54645,0.49522617585474094,0.5045,False,False
r1bq1rk1/p2nbpp1/2p1pn1p/1p6/2BP3B/2N1PN2/PP3PPP/R2Q1RK1 w - b6,1800-1999,c4b3,80,0.44375,0.44522473800052914,0.1384,0.49088354336502066,0.511,False,False
r1bq1rk1/p2nbpp1/2p1pn1p/1p6/2BP3B/2N1PN2/PP3PPP/R2Q1RK1 w - b6,1800-1999,c4d3,210,0.5119047619047619,0.5118413736309915,0.8616,0.5384371139971793,0.5485,True,True
r1bq1rk1/p2nppbp/2p3p1/3pP3/5P2/2N1B3/PPP1B1PP/R2Q1RK1 b - f3,1800-1999,d7b6,14,0.7857142857142857,0.7580532123991733,0.79145,0.6531162069886914,0.4945,False,False
r1bq1rk1/p2nppbp/2p3p1/3pP3/5P2/2N1B3/PPP1B1PP/R2Q1RK1 b - f3,1800-1999,e7e6,153,0.5392156862745098,0.5391295304999237,0.0115,0.5280397318728597,0.4955,False,True
r1bq1rk1/p2nppbp/2p3p1/3pP3/5P2/2N1B3/PPP1B1PP/R2Q1RK1 b - f3,1800-1999,f7f6,14,0.6428571428571429,0.6295550950581982,0.19705,0.8198058495319855,0.465,True,False
r1bq1rk1/p3bppp/4pn2/3p2B1/8/2NB4/PPP2PPP/R2Q1RK1 w - -,1800-1999,c3e2,17,0.29411764705882354,0.3102290009900945,0.10455,0.36142982030363685,0.3595,False,False
r1bq1rk1/p3bppp/4pn2/3p2B1/8/2NB4/PPP2PPP/R2Q1RK1 w - -,1800-1999,d1f3,27,0.3148148148148148,0.3251971093444905,0.106,0.4201600428205232,0.4585,True,False
r1bq1rk1/p3bppp/4pn2/3p2B1/8/2NB4/PPP2PPP/R2Q1RK1 w - -,1800-1999,f1e1,30,0.4,0.40524038689768366,0.3955,0.358570010782108,0.471,False,True
r1bq1rk1/p3bppp/4pn2/3p2B1/8/2NB4/PPP2PPP/R2Q1RK1 w - -,1800-1999,g1h1,18,0.2777777777777778,0.2961188457039946,0.0911,0.3125550429867889,0.412,False,False
r1bq1rk1/p3bppp/4pn2/3p2B1/8/2NB4/PPP2PPP/R2Q1RK1 w - -,1800-1999,g5f6,22,0.25,0.2663221353238874,0.03585,0.001556423488616584,0.0275,False,False
r1bq1rk1/p3bppp/4pn2/3p2B1/8/2NB4/PPP2PPP/R2Q1RK1 w - -,1800-1999,h2h3,23,0.3695652173913043,0.37750689994807196,0.267,0.3518782612997864,0.4465,False,False
r1bq1rk1/p3ppbp/1pn3p1/2p5/2BPP3/2P1B3/P3NPPP/R2Q1RK1 w - -,1800-1999,a1b1,12,0.4166666666666667,0.4265326391609581,0.0568,0.5377663399406282,0.5045,False,False
r1bq1rk1/p3ppbp/1pn3p1/2p5/2BPP3/2P1B3/P3NPPP/R2Q1RK1 w - -,1800-1999,a1c1,29,0.41379310344827586,0.41840703195735607,0.0125,0.6148595013731011,0.515,True,True
r1bq1rk1/p3ppbp/1pn3p1/2p5/2BPP3/2P1B3/P3NPPP/R2Q1RK1 w - -,1800-1999,d1d2,28,0.5714285714285714,0.5677276295548689,0.23235,0.5605415609903054,0.515,False,False
r1bq1rk1/p3ppbp/1pn3p1/2p5/2BPP3/2P1B3/P3NPPP/R2Q1RK1 w - -,1800-1999,d4c5,11,0.6818181818181818,0.6594204410067855,0.69835,0.5450765091550672,0.5115,False,False
r1bq1rk1/p3ppbp/2p2np1/3p4/4P3/2N1BP2/PPPQ2PP/2KR1B1R w - -,1800-1999,e3h6,60,0.5916666666666667,0.5890186165122686,0.9563,0.4681654936117377,0.56,False,True
r1bq1rk1/p3ppbp/2p2np1/3p4/4P3/2N1BP2/PPPQ2PP/2KR1B1R w - -,1800-1999,e4d5,551,0.4010889292196007,0.40139182161623155,0.00015,0.8238624378775984,0.5165,True,False
r1bq1rk1/p3ppbp/2p2np1/3p4/4P3/2N1BP2/PPPQ2PP/2KR1B1R w - -,1800-1999,e4e5,322,0.4751552795031056,0.4751532352074411,0.04355,0.5672975643800795,0.508,False,False
r1bq1rk1/p3ppbp/2p3p1/3n4/8/2N1B3/PPP1BPPP/R2Q1RK1 w - -,1800-1999,c3d5,208,0.39663461538461536,0.3973302524792933,0.25365,0.4683384664521634,0.4925,False,True
r1bq1rk1/p3ppbp/2p3p1/3n4/8/2N1B3/PPP1BPPP/R2Q1RK1 w - -,1800-1999,e3d4,72,0.4375,0.43851095638986964,0.74635,0.49671604753860166,0.4815,True,False
r1bq1rk1/p3ppbp/2p3p1/3n4/8/2N1B3/PPPQBPPP/R3K2R w KQ -,1800-1999,c3d5,117,0.4358974358974359,0.4367320330504278,0.27855,0.3461239648957105,0.491,False,True
r1bq1rk1/p3ppbp/2p3p1/3n4/8/2N1B3/PPPQBPPP/R3K2R w KQ -,1800-1999,e1c1,21,0.2857142857142857,0.30059499807869244,0.03295,0.42630787915594803,0.0,True,False
r1bq1rk1/p3ppbp/2p3p1/3n4/8/2N1B3/PPPQBPPP/R3K2R w KQ -,1800-1999,e3d4,33,0.48484848484848486,0.48486997527843734,0.6885,0.36343284318475877,0.4855,False,False
r1bq1rk1/p3ppbp/2p3p1/3n4/8/2N1BP2/PPPQ2PP/R3KB1R w KQ -,1800-1999,c3d5,503,0.3866799204771372,0.38712084458498647,0.1887,0.2345161402090009,0.3035,False,True
r1bq1rk1/p3ppbp/2p3p1/3n4/8/2N1BP2/PPPQ2PP/R3KB1R w KQ -,1800-1999,e1c1,76,0.4144736842105263,0.4161278864948091,0.6001,0.36736568818412474,0.0,False,False
r1bq1rk1/p3ppbp/2p3p1/3n4/8/2N1BP2/PPPQ2PP/R3KB1R w KQ -,1800-1999,e3d4,170,0.38235294117647056,0.38339485630167175,0.2112,0.3839506078524258,0.055,True,False
r1bq1rk1/p3ppbp/2p3p1/3p4/2B1N3/4B3/PPP2PPP/R2Q1RK1 w - -,1800-1999,c4b3,37,0.36486486486486486,0.36940521165070006,0.013,0.27510208109384293,0.4755,False,False
r1bq1rk1/p3ppbp/2p3p1/3p4/2B1N3/4B3/PPP2PPP/R2Q1RK1 w - -,1800-1999,c4d3,82,0.5548780487804879,0.554521306960686,0.7881,0.6243939835132152,0.5045,True,True
r1bq1rk1/p3ppbp/2p3p1/3p4/2B1N3/4B3/PPP2PPP/R2Q1RK1 w - -,1800-1999,c4d5,38,0.4473684210526316,0.4492696610760264,0.1117,0.04224392839266282,0.0405,False,False
r1bq1rk1/p3ppbp/2p3p1/3p4/2B1N3/4B3/PPP2PPP/R2Q1RK1 w - -,1800-1999,e3c5,10,0.35,0.36916724433385845,0.0872,0.5078677971485713,0.457,False,False
r1bq1rk1/p3ppbp/5np1/3p4/8/2N1BP2/PPPQ2PP/R3KB1R w KQ -,1800-1999,e1c1,199,0.4623115577889447,0.46249083368257227,0.7109,0.3971421783908654,0.3305,True,True
r1bq1rk1/p3ppbp/5np1/3p4/8/2N1BP2/PPPQ2PP/R3KB1R w KQ -,1800-1999,e3d4,49,0.3673469387755102,0.37105045782701496,0.0849,0.06169237531417729,0.004,False,False
r1bq1rk1/p3ppbp/5np1/3p4/8/2N1BP2/PPPQ2PP/R3KB1R w KQ -,1800-1999,e3h6,41,0.34146341463414637,0.3480555659012857,0.0537,0.11599830996788901,0.087,False,False
r1bq1rk1/p3ppbp/5np1/3p4/8/2N1BP2/PPPQ2PP/R3KB1R w KQ -,1800-1999,f1e2,25,0.36,0.3685192108074193,0.1505,0.10601519309373765,0.1175,False,False
r1bq1rk1/p4pbp/2p1pnp1/3p4/3P4/2N3P1/PP2PPBP/R1BQ1RK1 w - -,1800-1999,c1f4,29,0.8793103448275862,0.8602673232814042,0.91425,0.5963188082001466,0.53,False,True
r1bq1rk1/p4pbp/2p1pnp1/3p4/3P4/2N3P1/PP2PPBP/R1BQ1RK1 w - -,1800-1999,c1g5,11,0.6363636363636364,0.619931047695847,0.02295,0.5079951211375553,0.5175,False,False
r1bq1rk1/p4pbp/2p1pnp1/3p4/3P4/2N3P1/PP2PPBP/R1BQ1RK1 w - -,1800-1999,c3a4,24,0.7291666666666666,0.7158293724314994,0.0628,0.7595019007346474,0.517,True,False
r1bq1rk1/p4ppp/2p2n2/3p2B1/1b6/2NB4/PPP2PPP/R2Q1RK1 w - -,1800-1999,a2a3,119,0.4411764705882353,0.4419416233126867,0.0728,0.49189257634211536,0.5,False,False
r1bq1rk1/p4ppp/2p2n2/3p2B1/1b6/2NB4/PPP2PPP/R2Q1RK1 w - -,1800-1999,c3a4,43,0.5232558139534884,0.5225356196022104,0.6701,0.4948221705964251,0.494,False,False
r1bq1rk1/p4ppp/2p2n2/3p2B1/1b6/2NB4/PPP2PPP/R2Q1RK1 w - -,1800-1999,c3e2,142,0.44014084507042256,0.4402840648198246,0.0613,0.5107772150447348,0.492,False,False
r1bq1rk1/p4ppp/2p2n2/3p2B1/1b6/2NB4/PPP2PPP/R2Q1RK1 w - -,1800-1999,d1f3,578,0.46972318339100344,0.46981448479377014,0.12665,0.6605119933139094,0.5035,True,True
r1bq1rk1/p4ppp/2p2n2/3p2B1/1b6/2NB4/PPP2PPP/R2Q1RK1 w - -,1800-1999,h2h3,75,0.4266666666666667,0.4284212823646113,0.06915,0.5247535183262988,0.502,False,False
r1bq1rk1/p4ppp/2p2n2/3p4/1b6/2NB3P/PPP2PP1/R1BQ1RK1 w - -,1800-1999,c1g5,16,0.5625,0.5577531630308397,0.7051,0.5307371760503479,0.5025,False,False
r1bq1rk1/p4ppp/2p2n2/3p4/1b6/2NB3P/PPP2PP1/R1BQ1RK1 w - -,1800-1999,d1f3,112,0.4955357142857143,0.49623120524935793,0.2949,0.5513184669156389,0.507,True,True
r1bq1rk1/p4ppp/2p2n2/3p4/1b6/2NB4/PPPB1PPP/R2Q1RK1 w - -,1800-1999,a2a3,160,0.403125,0.4040629137149661,0.0005,0.45269828723418776,0.4845,False,False
r1bq1rk1/p4ppp/2p2n2/3p4/1b6/2NB4/PPPB1PPP/R2Q1RK1 w - -,1800-1999,c3e2,29,0.6724137931034483,0.6643326453470279,0.8252,0.4708173193385427,0.4975,True,False
r1bq1rk1/p4ppp/2p2n2/3p4/1b6/2NB4/PPPB1PPP/R2Q1RK1 w - -,1800-1999,d2g5,22,0.36363636363636365,0.3730644382294618,0.0079,0.46311813583247124,0.486,False,False
r1bq1rk1/p4ppp/2p2n2/3p4/1b6/2NB4/PPPB1PPP/R2Q1RK1 w - -,1800-1999,f1e1,24,0.5416666666666666,0.5394697907194503,0.15845,0.40817163066283435,0.496,False,False
r1bq1rk1/p4ppp/2p2n2/3p4/1b6/2NB4/PPPB1PPP/R2Q1RK1 w - -,1800-1999,h2h3,20,0.375,0.383101868889143,0.00795,0.42317228220911,0.5,False,True
r1bq1rk1/p4ppp/4pn2/3p4/1b6/2NB4/PPPB1PPP/R2Q1RK1 w - -,1800-1999,a2a3,75,0.5266666666666666,0.5263972944598837,0.21255,0.47655993136273594,0.4525,True,False
r1bq1rk1/p4ppp/4pn2/3p4/1b6/2NB4/PPPB1PPP/R2Q1RK1 w - -,1800-1999,d2g5,13,0.46153846153846156,0.4647381109341857,0.15285,0.47395059498282,0.462,False,False
r1bq1rk1/p4ppp/4pn2/3p4/1b6/2NB4/PPPB1PPP/R2Q1RK1 w - -,1800-1999,f1e1,14,0.6071428571428571,0.5963763144792043,0.6346,0.4496888621196229,0.474,False,True
r1bq1rk1/pp1nbpp1/2p1p2p/3n4/2BP3B/2N1PN2/PP3PPP/R2Q1RK1 w - -,1800-1999,h4e7,173,0.5202312138728323,0.5201266599304691,0.4246,0.5336036791859049,0.537,False,False
r1bq1rk1/pp1nbpp1/2p1p2p/3n4/2BP3B/2N1PN2/PP3PPP/R2Q1RK1 w - -,1800-1999,h4g3,75,0.5333333333333333,0.5321473656977391,0.5754,0.7456388583614583,0.616,True,True
r1bq1rk1/pp2bpp1/2n1pn1p/8/2BP3B/2N2N2/PP3PPP/R2Q1RK1 b - -,1800-1999,a7a6,57,0.4473684210526316,0.4483867836412405,0.1091,0.5996895707794283,0.5185,False,False
r1bq1rk1/pp2bpp1/2n1pn1p/8/2BP3B/2N2N2/PP3PPP/R2Q1RK1 b - -,1800-1999,b7b6,19,0.42105263157894735,0.42660062715804387,0.135,0.6585595860535753,0.52,True,True
r1bq1rk1/pp2bpp1/2n1pn1p/8/2BP3B/2N2N2/PP3PPP/R2Q1RK1 b - -,1800-1999,f6d5,35,0.5571428571428572,0.5553348826904254,0.7559,0.520307403237709,0.4945,False,False
r1bq1rk1/pp2bpp1/2n2n1p/3p2B1/3N4/2N3P1/PP2PPBP/R2Q1RK1 w - -,1800-1999,g5e3,41,0.6097560975609756,0.6062424744752639,0.6896,0.6520955608548648,0.5655,True,True
r1bq1rk1/pp2bpp1/2n2n1p/3p2B1/3N4/2N3P1/PP2PPBP/R2Q1RK1 w - -,1800-1999,g5f4,44,0.5568181818181818,0.5542497723002165,0.2722,0.5379208632960643,0.5155,False,False
r1bq1rk1/pp2bpp1/2n2n1p/3p2B1/3N4/2N3P1/PP2PPBP/R2Q1RK1 w - -,1800-1999,g5f6,50,0.47,0.47115766567526707,0.0382,0.5323512054899779,0.516,False,False
r1bq1rk1/pp2bppp/2n1pn2/6B1/2BP4/2N2N2/PP3PPP/R2Q1RK1 w - -,1800-1999,a1c1,44,0.6477272727272727,0.6427555236724025,0.67855,0.4925655995076351,0.508,False,False
r1bq1rk1/pp2bppp/2n1pn2/6B1/2BP4/2N2N2/PP3PPP/R2Q1RK1 w - -,1800-1999,a2a3,39,0.5769230769230769,0.5737804109593245,0.2116,0.49720673554697786,0.5135,True,True
r1bq1rk1/pp2bppp/2n1pn2/6B1/2BP4/2N2N2/PP3PPP/R2Q1RK1 w - -,1800-1999,d1d2,14,0.4642857142857143,0.4671461915095236,0.06955,0.44225819924699705,0.5105,False,False
r1bq1rk1/pp2bppp/2n1pn2/6B1/2BP4/2N2N2/PP3PPP/R2Q1RK1 w - -,1800-1999,f1e1,66,0.5227272727272727,0.5223290210546457,0.0403,0.4796238692880643,0.5075,False,False
r1bq1rk1/pp2bppp/2np1n2/4p1B1/2B1P3/2N2N2/PP2QPPP/R2R2K1 w - -,1800-1999,a1c1,61,0.3770491803278688,0.3794005022893922,0.32615,0.249007334163915,0.465,False,True
r1bq1rk1/pp2bppp/2np1n2/4p1B1/2B1P3/2N2N2/PP2QPPP/R2R2K1 w - -,1800-1999,c3b5,25,0.14,0.16035641725269653,0.0018,0.42694850795563294,0.4615,True,False
r1bq1rk1/pp2bppp/2np1n2/4p1B1/2B1P3/2N2N2/PP2QPPP/R2R2K1 w - -,1800-1999,g5f6,33,0.3787878787878788,0.3836864634610819,0.36805,0.2870661556052839,0.464,False,False
r1bq1rk1/pp2bppp/2np1n2/4p1B1/2B1P3/2N2N2/PP2QPPP/R2R2K1 w - -,1800-1999,h2h3,20,0.35,0.3609053484477991,0.304,0.4082315280183426,0.4645,False,False
r1bq1rk1/pp2bppp/2np1n2/4p3/2B1P3/2N2N1P/PP2QPP1/R1BR2K1 w - -,1800-1999,a2a3,18,0.3611111111111111,0.37221039545128565,0.03245,0.4719389104559889,0.4645,False,False
r1bq1rk1/pp2bppp/2np1n2/4p3/2B1P3/2N2N1P/PP2QPP1/R1BR2K1 w - -,1800-1999,c1e3,106,0.5330188679245284,0.532461973267231,0.2911,0.4448969513867376,0.4805,False,False
r1bq1rk1/pp2bppp/2np1n2/4p3/2B1P3/2N2N1P/PP2QPP1/R1BR2K1 w - -,1800-1999,c1g5,102,0.5441176470588235,0.543609309274379,0.38715,0.4307239427874774,0.4615,False,False
r1bq1rk1/pp2bppp/2np1n2/4p3/2B1P3/2N2N1P/PP2QPP1/R1BR2K1 w - -,1800-1999,c4b5,14,0.5,0.4986418481456925,0.2893,0.5241887771329928,0.482,True,True
r1bq1rk1/pp2npbp/2n3p1/1B1p4/3P4/5N2/PP3PPP/RNBQR1K1 w - -,1800-1999,b1c3,103,0.4854368932038835,0.4857268939587785,0.2263,0.24096478086165238,0.439,False,False
r1bq1rk1/pp2npbp/2n3p1/1B1p4/3P4/5N2/PP3PPP/RNBQR1K1 w - -,1800-1999,b5c6,17,0.5588235294117647,0.5547794619866181,0.69995,0.3954934432051638,0.496,False,True
r1bq1rk1/pp2npbp/2n3p1/1B1p4/3P4/5N2/PP3PPP/RNBQR1K1 w - -,1800-1999,c1g5,152,0.45394736842105265,0.45425410142700223,0.07375,0.554406435242962,0.483,True,False
r1bq1rk1/pp2pp1p/2n3p1/2pP4/4P3/5N2/P2QBPPP/1R2K2R b K -,1800-1999,c6a5,28,0.375,0.3805918600643284,0.35085,0.33932516446939637,0.196,True,False
r1bq1rk1/pp2pp1p/2n3p1/2pP4/4P3/5N2/P2QBPPP/1R2K2R b K -,1800-1999,c6b4,27,0.37037037037037035,0.37705281543552016,0.344,0.1672070736629396,0.0145,False,False
r1bq1rk1/pp2pp1p/2n3p1/2pP4/4P3/5N2/P2QBPPP/1R2K2R b K -,1800-1999,c6b8,38,0.3684210526315789,0.3729652951438773,0.29055,0.21478747289480993,0.0695,False,False
r1bq1rk1/pp2pp1p/2n3p1/2pP4/4P3/5N2/P2QBPPP/1R2K2R b K -,1800-1999,c6d4,28,0.21428571428571427,0.22885742781545387,0.0146,0.29309901864021326,0.42,False,True
r1bq1rk1/pp2ppbp/1n1p2p1/3Pn3/2P5/1PN1B3/P4PPP/2RQKBNR w K -,1800-1999,f1e2,143,0.7412587412587412,0.7390647872334548,0.89415,0.8768803604313326,0.74,True,True
r1bq1rk1/pp2ppbp/1n1p2p1/3Pn3/2P5/1PN1B3/P4PPP/2RQKBNR w K -,1800-1999,g1f3,12,0.5833333333333334,0.57252504339123,0.10585,0.5857064139838071,0.5135,False,False
r1bq1rk1/pp2ppbp/2n3p1/3n4/3N4/2N1BP2/PPPQ2PP/2KR1B1R w - -,1800-1999,c3d5,329,0.4452887537993921,0.44564007287733687,0.59385,0.4761580828954446,0.4455,False,False
r1bq1rk1/pp2ppbp/2n3p1/3n4/3N4/2N1BP2/PPPQ2PP/2KR1B1R w - -,1800-1999,d4c6,420,0.4369047619047619,0.4370991550917378,0.40615,0.7243009180920249,0.573,True,True
r1bq1rk1/pp2ppbp/2n3p1/8/2BPP3/4B3/P3NPPP/R2Q1RK1 b - -,1800-1999,a7a6,70,0.39285714285714285,0.3957183824407433,0.01165,0.27193500189652936,0.4445,False,False
r1bq1rk1/pp2ppbp/2n3p1/8/2BPP3/4B3/P3NPPP/R2Q1RK1 b - -,1800-1999,b7b6,68,0.4264705882352941,0.428229126547203,0.03835,0.4295318436324879,0.3695,False,False
r1bq1rk1/pp2ppbp/2n3p1/8/2BPP3/4B3/P3NPPP/R2Q1RK1 b - -,1800-1999,c6a5,82,0.45121951219512196,0.45181875495997736,0.06985,0.4620200336066393,0.4735,True,True
r1bq1rk1/pp2ppbp/2n3p1/8/2BPP3/4B3/P3NPPP/R2Q1RK1 b - -,1800-1999,c8g4,174,0.47413793103448276,0.47466167654191715,0.09665,0.4148459956485654,0.4695,False,False
r1bq1rk1/pp2ppbp/2n3p1/8/2BPP3/4B3/P3NPPP/R2Q1RK1 b - -,1800-1999,d8a5,21,0.4523809523809524,0.45667523780701813,0.2004,0.2813190709119999,0.3245,False,False
r1bq1rk1/pp2ppbp/2n3p1/8/2BPP3/4B3/P3NPPP/R2Q1RK1 b - -,1800-1999,e7e6,60,0.5333333333333333,0.533009301956976,0.5831,0.4280233275841712,0.35,False,False
r1bq1rk1/pp2ppbp/2n3p1/8/2BPP3/4B3/P3NPPP/R2QK2R w KQ -,1800-1999,a1c1,17,0.5588235294117647,0.5540284537735988,0.657,0.4954931978267362,0.5065,False,False
r1bq1rk1/pp2ppbp/2n3p1/8/2BPP3/4B3/P3NPPP/R2QK2R w KQ -,1800-1999,e1g1,357,0.5098039215686274,0.5097727369634778,0.343,0.6153375768208617,0.532,True,True
r1bq1rk1/pp2ppbp/2n3p1/8/2BPP3/8/P3NPPP/R1BQ1RK1 w - -,1800-1999,c1b2,16,0.375,0.38522330268814015,0.127,0.5632879237560771,0.5,False,False
r1bq1rk1/pp2ppbp/2n3p1/8/2BPP3/8/P3NPPP/R1BQ1RK1 w - -,1800-1999,c1e3,225,0.5133333333333333,0.5132443782864385,0.873,0.604553024228813,0.516,True,True
r1bq1rk1/pp2ppbp/2n3p1/8/3PP3/4BN2/P3BPPP/R2Q1RK1 b - -,1800-1999,b7b6,14,0.17857142857142858,0.21126113289118634,0.02705,0.10844582876279797,0.094,False,False
r1bq1rk1/pp2ppbp/2n3p1/8/3PP3/4BN2/P3BPPP/R2Q1RK1 b - -,1800-1999,c8g4,117,0.42735042735042733,0.42837454028751143,0.97295,0.24296476629863453,0.395,True,True
r1bq1rk1/pp2ppbp/3p1np1/8/3NP3/1nN1BP2/PPPQ2PP/R3K2R w KQ -,1800-1999,a2b3,100,0.66,0.6573648707137286,0.65265,0.6679700143679459,0.622,True,True
r1bq1rk1/pp2ppbp/3p1np1/8/3NP3/1nN1BP2/PPPQ2PP/R3K2R w KQ -,1800-1999,c2b3,32,0.625,0.6187543815110085,0.3402,0.5880221509052277,0.566,False,False
r1bq1rk1/pp2ppbp/3p1np1/8/3NP3/1nN1BP2/PPPQ2PP/R3K2R w KQ -,1800-1999,d4b3,53,0.4811320754716981,0.48132183006878515,0.00715,0.6301398882579539,0.5235,False,False
r1bq1rk1/pp2ppbp/6p1/n1p5/2BPP3/2P1B3/P3NPPP/R2Q1RK1 w - -,1800-1999,c4b3,35,0.5285714285714286,0.5269504602146825,0.4661,0.5488434851619054,0.5065,False,False
r1bq1rk1/pp2ppbp/6p1/n1p5/2BPP3/2P1B3/P3NPPP/R2Q1RK1 w - -,1800-1999,c4b5,19,0.5,0.4999296314913132,0.341,0.44234609838447947,0.5225,False,False
r1bq1rk1/pp2ppbp/6p1/n1p5/2BPP3/2P1B3/P3NPPP/R2Q1RK1 w - -,1800-1999,c4d3,241,0.4979253112033195,0.4977151753149177,0.1929,0.5836827890342916,0.547,True,True
r1bq1rk1/pp3pbp/2n1p1p1/3n4/3P4/2N2NP1/PP3PBP/R1BQ1RK1 w - -,1800-1999,c1e3,13,0.5769230769230769,0.5683416910828971,0.47365,0.5391227475744914,0.414,False,False
r1bq1rk1/pp3pbp/2n1p1p1/3n4/3P4/2N2NP1/PP3PBP/R1BQ1RK1 w - -,1800-1999,c1g5,37,0.5405405405405406,0.5388024145291898,0.27,0.34662922705460925,0.5135,False,False
r1bq1rk1/pp3pbp/2n1p1p1/3n4/3P4/2N2NP1/PP3PBP/R1BQ1RK1 w - -,1800-1999,c3d5,60,0.5166666666666667,0.5162326506278868,0.1509,0.5421532870062755,0.4905,True,False
r1bq1rk1/pp3pbp/2n1p1p1/3n4/3P4/2N2NP1/PP3PBP/R1BQ1RK1 w - -,1800-1999,f1e1,30,0.48333333333333334,0.4846705450880404,0.10545,0.42700653161346735,0.5195,False,True
r1bq1rk1/pp3ppp/2n1p3/2b5/4B3/2P2N2/PP3PPP/R1BQ1RK1 b - -,1800-1999,c8d7,13,0.5,0.5000349189627166,0.4302,0.22507861873924812,0.2325,False,False
r1bq1rk1/pp3ppp/2n1p3/2b5/4B3/2P2N2/PP3PPP/R1BQ1RK1 b - -,1800-1999,d8b6,19,0.2631578947368421,0.2816566739851747,0.0074,0.2931412012962419,0.1695,False,False
r1bq1rk1/pp3ppp/2n1p3/2b5/4B3/2P2N2/PP3PPP/R1BQ1RK1 b - -,1800-1999,d8c7,31,0.43548387096774194,0.438275520004149,0.1255,0.4735588382252563,0.433,True,False
r1bq1rk1/pp3ppp/2n1p3/2b5/4B3/2P2N2/PP3PPP/R1BQ1RK1 b - -,1800-1999,d8d1,51,0.5098039215686274,0.5093619550203133,0.4369,0.19986022206655768,0.4415,False,True
r1bq1rk1/pp3ppp/2n2n2/2b3B1/3p4/2N2NP1/PP2PPBP/R2Q1RK1 w - -,1800-1999,c3e4,78,0.5128205128205128,0.5123067912795083,0.03405,0.503,0.532,False,True
r1bq1rk1/pp3ppp/2n2n2/2b3B1/3p4/2N2NP1/PP2PPBP/R2Q1RK1 w - -,1800-1999,g5f6,27,0.7037037037037037,0.6933827469069594,0.96595,0.5104891873307013,0.523,True,False
r1bq1rk1/pp3ppp/2n2n2/3p4/8/P1NB4/1PP2PPP/R1BQ1RK1 b - -,1800-1999,c8g4,12,0.4583333333333333,0.46242143473647973,0.65235,0.3699390255187085,0.474,False,True
r1bq1rk1/pp3ppp/2n2n2/3p4/8/P1NB4/1PP2PPP/R1BQ1RK1 b - -,1800-1999,d5d4,41,0.4024390243902439,0.40637445307229475,0.34765,0.44905698549807177,0.4595,True,False
r1bq1rk1/pp3ppp/2pbpn2/8/2PPB3/5N2/PP3PPP/R1BQ1RK1 w - -,1800-1999,c1g5,26,0.5192307692307693,0.5171689500166985,0.20955,0.79972695456065,0.634,False,False
r1bq1rk1/pp3ppp/2pbpn2/8/2PPB3/5N2/PP3PPP/R1BQ1RK1 w - -,1800-1999,e4c2,321,0.5919003115264797,0.5914316937852283,0.79045,0.8673051349983735,0.74,True,True
r1bq1rk1/ppp1bpp1/5n1p/4Q3/2B5/2N5/PPP2PPP/R1B2RK1 w - -,1800-1999,f1d1,17,0.6470588235294118,0.6344622490443113,0.9052,0.3912280499432324,0.478,True,True
r1bq1rk1/ppp1bpp1/5n1p/4Q3/2B5/2N5/PPP2PPP/R1B2RK1 w - -,1800-1999,f1e1,14,0.42857142857142855,0.4339849697498771,0.0948,0.36805645659267366,0.418,False,False
r1bq1rk1/ppp1n1bp/3p2p1/3Ppp1n/1PP1P3/2N2N2/P3BPPP/R1BQR1K1 w - f6,1800-1999,f3d2,13,0.6538461538461539,0.6378958943387623,0.96175,0.5420872530598517,0.5875,False,False
r1bq1rk1/ppp1n1bp/3p2p1/3Ppp1n/1PP1P3/2N2N2/P3BPPP/R1BQR1K1 w - f6,1800-1999,f3g5,52,0.3942307692307692,0.39623469978227066,0.03825,0.6271649916759456,0.6005,True,True
r1bq1rk1/ppp2ppp/1b3n2/3Pp3/2B1P3/2N5/PP3PPP/R1BQ1RK1 w - -,1800-1999,c1e3,11,0.6363636363636364,0.62023612387351,0.60095,0.5124198230067205,0.4705,False,False
r1bq1rk1/ppp2ppp/1b3n2/3Pp3/2B1P3/2N5/PP3PPP/R1BQ1RK1 w - -,1800-1999,c1g5,65,0.4307692307692308,0.4324140907441475,0.0114,0.5180875965612123,0.512,False,False
r1bq1rk1/ppp2ppp/1b3n2/3Pp3/2B1P3/2N5/PP3PPP/R1BQ1RK1 w - -,1800-1999,d1d3,12,0.3333333333333333,0.3525813691382391,0.0172,0.5649490480169382,0.5255,False,True
r1bq1rk1/ppp2ppp/1b3n2/3Pp3/2B1P3/2N5/PP3PPP/R1BQ1RK1 w - -,1800-1999,g1h1,30,0.5666666666666667,0.5638941766670051,0.2942,0.3564962246324151,0.075,False,False
r1bq1rk1/ppp2ppp/1b3n2/3Pp3/2B1P3/2N5/PP3PPP/R1BQ1RK1 w - -,1800-1999,h2h3,17,0.47058823529411764,0.47346898926287206,0.07625,0.6048011090107738,0.515,True,False
r1bq1rk1/ppp2ppp/2n5/1B1p4/3Pn3/2P2N2/P4PPP/R1BQ1RK1 w - -,1800-1999,b5c6,50,0.3,0.30584365017981535,0.02445,0.3424821907400879,0.366,False,True
r1bq1rk1/ppp2ppp/2n5/1B1p4/3Pn3/2P2N2/P4PPP/R1BQ1RK1 w - -,1800-1999,c1b2,20,0.225,0.24558887296882914,0.01815,0.05248740528349201,0.0575,False,False
r1bq1rk1/ppp2ppp/2n5/1B1p4/3Pn3/2P2N2/P4PPP/R1BQ1RK1 w - -,1800-1999,c3c4,13,0.38461538461538464,0.3959475623838051,0.2905,0.19824506152638383,0.2545,False,False
r1bq1rk1/ppp2ppp/2n5/1B1p4/3Pn3/2P2N2/P4PPP/R1BQ1RK1 w - -,1800-1999,d1c2,27,0.35185185185185186,0.35922966813993557,0.1394,0.4665104911169168,0.361,True,False
r1bq1rk1/ppp2ppp/2n5/1B1p4/3Pn3/2P2N2/P4PPP/R1BQ1RK1 w - -,1800-1999,d1d3,18,0.4444444444444444,0.4495070239661623,0.5275,0.2076778598301198,0.275,False,False
r1bq1rk1/ppp2ppp/2n5/1B1pP3/1b1P4/5N2/PP1N1PPP/R2QK2R w KQ -,1800-1999,b5c6,60,0.5583333333333333,0.5579233299775332,0.03165,0.62934283423585,0.5095,False,False
r1bq1rk1/ppp2ppp/2n5/1B1pP3/1b1P4/5N2/PP1N1PPP/R2QK2R w KQ -,1800-1999,e1g1,94,0.4308510638297872,0.431148457904311,0.0005,0.6354091936634884,0.5165,True,True
r1bq1rk1/ppp2ppp/2n5/1B1pP3/1b1P4/5N2/PP1N1PPP/R2QK2R w KQ -,1800-1999,h2h3,19,0.7894736842105263,0.7687578126063825,0.96785,0.5206794052529029,0.5045,False,False
r1bq1rk1/ppp2ppp/2n5/3n4/2BP4/2P2N2/P4PPP/R1BQ1RK1 w - -,1800-1999,c1a3,21,0.35714285714285715,0.36627529575818935,0.0005,0.46097968719468657,0.5325,False,False
r1bq1rk1/ppp2ppp/2n5/3n4/2BP4/2P2N2/P4PPP/R1BQ1RK1 w - -,1800-1999,c1b2,27,0.3888888888888889,0.39411610131402824,0.00035,0.6110874683486444,0.5195,False,False
r1bq1rk1/ppp2ppp/2n5/3n4/2BP4/2P2N2/P4PPP/R1BQ1RK1 w - -,1800-1999,c1d2,20,0.675,0.6624803693058204,0.3019,0.6241448113616423,0.6395,False,False
r1bq1rk1/ppp2ppp/2n5/3n4/2BP4/2P2N2/P4PPP/R1BQ1RK1 w - -,1800-1999,c1g5,49,0.5306122448979592,0.529379875383414,0.00475,0.5809709004117188,0.576,False,False
r1bq1rk1/ppp2ppp/2n5/3n4/2BP4/2P2N2/P4PPP/R1BQ1RK1 w - -,1800-1999,c4d3,21,0.40476190476190477,0.41077910291277886,0.00125,0.7229372666203686,0.5335,False,False
r1bq1rk1/ppp2ppp/2n5/3n4/2BP4/2P2N2/P4PPP/R1BQ1RK1 w - -,1800-1999,d1b3,34,0.4117647058823529,0.415107280262195,0.00015,0.5473298164386998,0.4655,False,False
r1bq1rk1/ppp2ppp/2n5/3n4/2BP4/2P2N2/P4PPP/R1BQ1RK1 w - -,1800-1999,d1c2,45,0.6333333333333333,0.6295112753027957,0.11715,0.8102791964626715,0.6115,False,False
r1bq1rk1/ppp2ppp/2n5/3n4/2BP4/2P2N2/P4PPP/R1BQ1RK1 w - -,1800-1999,d1d3,48,0.7083333333333334,0.7024900404353409,0.5018,0.9216252247493982,0.5775,True,False
r1bq1rk1/ppp2ppp/2n5/3n4/2BP4/2P2N2/P4PPP/R1BQ1RK1 w - -,1800-1999,f1e1,23,0.5869565217391305,0.5822293405914009,0.07215,0.8234914472430366,0.819,False,True
r1bq1rk1/ppp2ppp/2n5/3n4/2BP4/5N2/PP1N1PPP/R2Q1RK1 w - -,1800-1999,a1c1,68,0.5294117647058824,0.5288734327783402,0.51355,0.43700274796882566,0.501,False,True
r1bq1rk1/ppp2ppp/2n5/3n4/2BP4/5N2/PP1N1PPP/R2Q1RK1 w - -,1800-1999,a2a3,115,0.41304347826086957,0.4145239222959903,0.0073,0.276787129190022,0.4815,False,False
r1bq1rk1/ppp2ppp/2n5/3n4/2BP4/5N2/PP1N1PPP/R2Q1RK1 w - -,1800-1999,d1b3,91,0.44505494505494503,0.44627810916027993,0.042,0.35203590806944296,0.4355,False,False
r1bq1rk1/ppp2ppp/2n5/3n4/2BP4/5N2/PP1N1PPP/R2Q1RK1 w - -,1800-1999,d2b3,65,0.3769230769230769,0.3799572016607821,0.00565,0.5242611326074189,0.488,False,False
r1bq1rk1/ppp2ppp/2n5/3n4/2BP4/5N2/PP1N1PPP/R2Q1RK1 w - -,1800-1999,d2e4,108,0.46296296296296297,0.46372756284952754,0.0698,0.45537032662160903,0.491,False,False
r1bq1rk1/ppp2ppp/2n5/3n4/2BP4/5N2/PP1N1PPP/R2Q1RK1 w - -,1800-1999,f1e1,254,0.39173228346456695,0.3920308232308454,0.00015,0.4285480760561392,0.497,False,False
r1bq1rk1/ppp2ppp/2n5/3n4/2BP4/5N2/PP1N1PPP/R2Q1RK1 w - -,1800-1999,f3e5,68,0.3897058823529412,0.3917999387740231,0.00665,0.5370630311712177,0.4895,True,False
r1bq1rk1/ppp2ppp/2n5/3n4/2BP4/5N2/PP1N1PPP/R2Q1RK1 w - -,1800-1999,h2h3,124,0.5161290322580645,0.5159479514206164,0.3549,0.40156801969051514,0.473,False,False
r1bq1rk1/ppp2ppp/2n5/3p4/2BPn3/2P2N2/P4PPP/R1BQR1K1 w - -,1800-1999,c4b3,32,0.421875,0.4248170046526921,0.25215,0.19079139209845195,0.103,False,False
r1bq1rk1/ppp2ppp/2n5/3p4/2BPn3/2P2N2/P4PPP/R1BQR1K1 w - -,1800-1999,c4d3,156,0.40064102564102566,0.401619712661371,0.0823,0.3447139556322447,0.4435,False,True
r1bq1rk1/ppp2ppp/2n5/3p4/2BPn3/2P2N2/P4PPP/R1BQR1K1 w - -,1800-1999,d1c2,21,0.4523809523809524,0.4567759294454849,0.4306,0.4423987495076143,0.4355,False,False
r1bq1rk1/ppp2ppp/2n5/3p4/2BPn3/2P2N2/P4PPP/R1BQR1K1 w - -,1800-1999,d1d3,14,0.39285714285714285,0.40164959708641734,0.23495,0.5124561692813769,0.171,True,False
r1bq1rk1/ppp2ppp/2n5/3p4/3Pn3/2PB1N2/P4PPP/R1BQ1RK1 w - -,1800-1999,c1b2,10,0.45,0.45479895643890506,0.23455,0.11663489125898943,0.1205,False,False
r1bq1rk1/ppp2ppp/2n5/3p4/3Pn3/2PB1N2/P4PPP/R1BQ1RK1 w - -,1800-1999,c3c4,42,0.5119047619047619,0.5114267344900392,0.31175,0.5321348403669707,0.1595,True,False
r1bq1rk1/ppp2ppp/2n5/3p4/3Pn3/2PB1N2/P4PPP/R1BQ1RK1 w - -,1800-1999,d1c2,176,0.5284090909090909,0.5278656136260859,0.3714,0.4992036755270762,0.4435,False,True
r1bq1rk1/ppp2ppp/2n5/3p4/3Pn3/2PB1N2/P4PPP/R1BQ1RK1 w - -,1800-1999,d3e4,39,0.38461538461538464,0.38938535472353036,0.0189,0.44914035838553446,0.3505,False,False
r1bq1rk1/ppp2ppp/2n5/3p4/3Pn3/2PB1N2/P4PPP/R1BQ1RK1 w - -,1800-1999,f1e1,27,0.4074074074074074,0.4131872891900426,0.0634,0.33351942947374086,0.4395,False,False
r1bq1rk1/ppp2ppp/3b1n2/4Q1B1/8/2N5/PPP2PPP/2KR1B1R w - -,1800-1999,e5d4,13,0.5384615384615384,0.53640568729806,0.6078,0.6607050339849001,0.605,False,True
r1bq1rk1/ppp2ppp/3b1n2/4Q1B1/8/2N5/PPP2PPP/2KR1B1R w - -,1800-1999,g5f6,69,0.5,0.499856813575854,0.3922,0.6837908076947639,0.509,True,False
r1bq1rk1/ppp2ppp/3b1n2/4Q3/2B5/2N5/PPP2PPP/R1B2RK1 w - -,1800-1999,e5e2,19,0.4473684210526316,0.4505438701233021,0.2472,0.43233093079425894,0.489,False,False
r1bq1rk1/ppp2ppp/3b1n2/4Q3/2B5/2N5/PPP2PPP/R1B2RK1 w - -,1800-1999,e5g5,86,0.5290697674418605,0.5286571345777629,0.7528,0.5194716729794565,0.493,True,True
r1bq1rk1/pppnn1bp/3p2p1/3Ppp2/2P1P3/2N1BP2/PP2B1PP/R2QNRK1 b - -,1800-1999,d7f6,68,0.39705882352941174,0.3989689563410633,0.23,0.440772563071719,0.2215,True,False
r1bq1rk1/pppnn1bp/3p2p1/3Ppp2/2P1P3/2N1BP2/PP2B1PP/R2QNRK1 b - -,1800-1999,f5f4,618,0.4441747572815534,0.4441991475740982,0.77,0.40258624394459425,0.3705,False,True
r1bq1rk1/pppnn1bp/3p2p1/3Ppp2/2P1P3/2N2P2/PP2B1PP/R1BQNRK1 w - f6,1800-1999,c1e3,113,0.48672566371681414,0.487015536814615,0.027,0.6502566386813485,0.6165,True,False
r1bq1rk1/pppnn1bp/3p2p1/3Ppp2/2P1P3/2N2P2/PP2B1PP/R1BQNRK1 w - f6,1800-1999,e1d3,17,0.38235294117647056,0.3916751406393393,0.01985,0.6131253793335697,0.618,False,True
r1bq1rk1/pppnn1bp/3p2p1/3Ppp2/2P1P3/2N2P2/PP2B1PP/R1BQNRK1 w - f6,1800-1999,g2g4,55,0.6363636363636364,0.6325832502666708,0.95315,0.5018628719994502,0.538,False,False
r1bq1rk1/pppnn1bp/3p2p1/3Ppp2/2P1P3/2NN4/PP2BPPP/R1BQ1RK1 w - f6,1800-1999,c1d2,136,0.5992647058823529,0.5982540768296356,0.5631,0.5905547555359274,0.537,True,False
r1bq1rk1/pppnn1bp/3p2p1/3Ppp2/2P1P3/2NN4/PP2BPPP/R1BQ1RK1 w - f6,1800-1999,f2f3,149,0.5570469798657718,0.5569614844538046,0.15615,0.5884931836123292,0.614,False,True
r1bq1rk1/pppnn1bp/3p2p1/3Ppp2/2P1P3/2NN4/PP2BPPP/R1BQ1RK1 w - f6,1800-1999,f2f4,14,0.5357142857142857,0.5321600898070579,0.28075,0.5095534172627743,0.5085,False,False
r1bq1rk1/ppppbppp/2n5/8/2BP4/2P2N2/P4PPP/R1BQR1K1 w - -,1800-1999,c1f4,10,0.35,0.3698538904610559,0.266,0.4760233066331204,0.494,False,False
r1bq1rk1/ppppbppp/2n5/8/2BP4/2P2N2/P4PPP/R1BQR1K1 w - -,1800-1999,d1e2,14,0.39285714285714285,0.4029082329310891,0.3402,0.48906405990289403,0.473,False,False
r1bq1rk1/ppppbppp/2n5/8/2BP4/2P2N2/P4PPP/R1BQR1K1 w - -,1800-1999,d4d5,29,0.41379310344827586,0.41875412453681177,0.3938,0.771808687574833,0.935,True,True
r1bq3r/ppp2kpp/8/3p4/1n1Pn3/1Q3N2/PP3PPP/RN2K2R w KQ d6,1800-1999,b3b4,356,0.6053370786516854,0.6049449837399623,0.04795,0.5850212460011953,0.5035,False,False
r1bq3r/ppp2kpp/8/3p4/1n1Pn3/1Q3N2/PP3PPP/RN2K2R w KQ d6,1800-1999,f3e5,158,0.680379746835443,0.6784039617081159,0.95205,0.8100851796160395,0.512,True,True
r1bqk1nr/ppp3pp/2np4/8/4P3/2Q2N2/P4PPP/RNB2RK1 b - -,1800-1999,d8f6,16,0.15625,0.185979067630376,0.08745,0.25311727530161293,0.0055,False,False
r1bqk1nr/ppp3pp/2np4/8/4P3/2Q2N2/P4PPP/RNB2RK1 b - -,1800-1999,g8f6,39,0.3333333333333333,0.34008957510929505,0.91255,0.40673666449514595,0.127,True,True
r1bqk2r/1p3ppp/p1np4/3Np1b1/4P3/N7/PPP2PPP/R2QKB1R w KQkq -,1800-1999,a3c4,67,0.6567164179104478,0.6527594233776617,0.26325,0.5356316762433386,0.535,False,True
r1bqk2r/1p3ppp/p1np4/3Np1b1/4P3/N7/PPP2PPP/R2QKB1R w KQkq -,1800-1999,c2c3,170,0.5323529411764706,0.5321248353407158,0.0014,0.5562338614392183,0.5105,False,False
r1bqk2r/1p3ppp/p1np4/3Np1b1/4P3/N7/PPP2PPP/R2QKB1R w KQkq -,1800-1999,c2c4,36,0.4166666666666667,0.4200144003568149,0.00075,0.4659628896054903,0.48,False,False
r1bqk2r/1p3ppp/p1np4/3Np1b1/4P3/N7/PPP2PPP/R2QKB1R w KQkq -,1800-1999,f1d3,21,0.5952380952380952,0.5885435482013864,0.124,0.5490157798575562,0.491,False,False
r1bqk2r/1p3ppp/p1np4/3Np1b1/4P3/N7/PPP2PPP/R2QKB1R w KQkq -,1800-1999,f1e2,36,0.5833333333333334,0.5795929741155118,0.0716,0.4900827861937507,0.508,False,False
r1bqk2r/1p3ppp/p1np4/3Np1b1/4P3/N7/PPP2PPP/R2QKB1R w KQkq -,1800-1999,h2h4,20,0.7,0.6860068654180395,0.539,0.5656421194962062,0.501,True,False
r1bqk2r/4np1p/p2p1p2/1p2p3/4P3/N7/PPP2PPP/R2QKB1R w KQkq -,1800-1999,c2c3,73,0.5,0.4995805750198305,0.23685,0.421935257618026,0.4995,False,False
r1bqk2r/4np1p/p2p1p2/1p2p3/4P3/N7/PPP2PPP/R2QKB1R w KQkq -,1800-1999,c2c4,109,0.43577981651376146,0.43689303442294875,0.0316,0.5464164655562089,0.501,False,True
r1bqk2r/4np1p/p2p1p2/1p2p3/4P3/N7/PPP2PPP/R2QKB1R w KQkq -,1800-1999,d1d2,51,0.4019607843137255,0.40419599771117964,0.02195,0.5174897313840078,0.499,False,False
r1bqk2r/4np1p/p2p1p2/1p2p3/4P3/N7/PPP2PPP/R2QKB1R w KQkq -,1800-1999,d1f3,33,0.3939393939393939,0.3979478651488312,0.04005,0.5945820891211087,0.491,True,False
r1bqk2r/4np1p/p2p1p2/1p2p3/4P3/N7/PPP2PPP/R2QKB1R w KQkq -,1800-1999,f1d3,24,0.5625,0.5581567492845813,0.65215,0.3062242281892083,0.4925,False,False
r1bqk2r/4np1p/p2p1p2/1p2p3/4P3/N7/PPP2PPP/R2QKB1R w KQkq -,1800-1999,f1e2,25,0.34,0.3485608043498705,0.0174,0.5285187881843658,0.499,False,False
r1bqk2r/5pbp/p1np1p2/1p1Np3/4P3/N7/PPP2PPP/R2QKB1R w KQkq -,1800-1999,c2c3,337,0.4807121661721068,0.48080052155324265,0.00315,0.6052192248016717,0.5165,False,True
r1bqk2r/5pbp/p1np1p2/1p1Np3/4P3/N7/PPP2PPP/R2QKB1R w KQkq -,1800-1999,c2c4,113,0.3938053097345133,0.3951353922881817,0.00025,0.6703186436961888,0.498,True,False
r1bqk2r/5pbp/p1np1p2/1p1Np3/4P3/N7/PPP2PPP/R2QKB1R w KQkq -,1800-1999,d1h5,35,0.4,0.4045264078406514,0.00655,0.6155728220282003,0.504,False,False
r1bqk2r/5pbp/p1np1p2/1p1Np3/4P3/N7/PPP2PPP/R2QKB1R w KQkq -,1800-1999,f1d3,129,0.5968992248062015,0.5954653643499752,0.68785,0.6605773013945717,0.511,False,False
r1bqk2r/5pbp/p1np1p2/1p1Np3/4P3/N7/PPP2PPP/R2QKB1R w KQkq -,1800-1999,f1e2,31,0.5483870967741935,0.5458020922548078,0.29815,0.5546417431274566,0.5035,False,False
r1bqk2r/5pbp/p1np1p2/1p1Np3/4P3/N7/PPP2PPP/R2QKB1R w KQkq -,1800-1999,g2g3,39,0.38461538461538464,0.3883260589010071,0.00405,0.6474262974567567,0.5095,False,False
r1bqk2r/5ppp/p1np1b2/1p1Np3/4P3/N7/PPP2PPP/R2QKB1R w KQkq -,1800-1999,c2c3,2904,0.5136019283746557,0.5136232134987678,0.2274,0.5287113167830854,0.524,False,True
r1bqk2r/5ppp/p1np1b2/1p1Np3/4P3/N7/PPP2PPP/R2QKB1R w KQkq -,1800-1999,c2c4,957,0.522466039707419,0.522452471279396,0.55705,0.6022980510400724,0.5115,True,False
r1bqk2r/5ppp/p1np1b2/1p1Np3/4P3/N7/PPP2PPP/R2QKB1R w KQkq -,1800-1999,f1e2,193,0.49740932642487046,0.49774599993293733,0.21555,0.5328257173165273,0.5075,False,False
r1bqk2r/p3bpp1/2p2n1p/n7/B3p3/5N2/PPPPQPPP/RNB1K2R w KQkq -,1800-1999,f3d4,18,0.05555555555555555,0.08983821941677714,5e-05,0.002292965372173903,0.0,False,False
r1bqk2r/p3bpp1/2p2n1p/n7/B3p3/5N2/PPPPQPPP/RNB1K2R w KQkq -,1800-1999,f3e5,212,0.4834905660377358,0.4840298052692005,0.6615,0.28077791936317414,0.2755,True,True
r1bqk2r/p3bpp1/2p2n1p/n7/B3p3/5N2/PPPPQPPP/RNB1K2R w KQkq -,1800-1999,f3g1,25,0.44,0.44301554533661774,0.33845,0.08489056472818447,0.0045,False,False
r1bqk2r/p3bpp1/2p4p/n2np3/4N3/3B4/PPPP1PPP/RNBQ1RK1 w kq -,1800-1999,a2a3,16,0.375,0.38645252034234584,0.02845,0.48668181259258925,0.522,False,False
r1bqk2r/p3bpp1/2p4p/n2np3/4N3/3B4/PPPP1PPP/RNBQ1RK1 w kq -,1800-1999,b1c3,83,0.5120481927710844,0.5120184731105837,0.0868,0.5799868424968613,0.528,False,False
r1bqk2r/p3bpp1/2p4p/n2np3/4N3/3B4/PPPP1PPP/RNBQ1RK1 w kq -,1800-1999,c2c4,12,0.3333333333333333,0.3529737981503836,0.01755,0.48210726600424236,0.513,False,False
r1bqk2r/p3bpp1/2p4p/n2np3/4N3/3B4/PPPP1PPP/RNBQ1RK1 w kq -,1800-1999,d3e2,15,0.4666666666666667,0.4697713074889145,0.1201,0.7457114023402915,0.611,True,True
r1bqk2r/p3bpp1/2p4p/n2np3/4N3/3B4/PPPP1PPP/RNBQ1RK1 w kq -,1800-1999,f1e1,22,0.6363636363636364,0.6275793370946583,0.7471,0.5914088038370073,0.6055,False,False
r1bqk2r/p4pp1/2p2n1p/n1b1N3/4p3/8/PPPPBPPP/RNBQK2R w KQkq -,1800-1999,c2c3,118,0.423728813559322,0.4244872939754066,0.1551,0.620881089084386,0.4665,True,False
r1bqk2r/p4pp1/2p2n1p/n1b1N3/4p3/8/PPPPBPPP/RNBQK2R w KQkq -,1800-1999,d2d4,51,0.4215686274509804,0.42339025265324537,0.214,0.48005859647460747,0.0075,False,False
r1bqk2r/p4pp1/2p2n1p/n1b1N3/4p3/8/PPPPBPPP/RNBQK2R w KQkq -,1800-1999,e1g1,128,0.43359375,0.4346825853203437,0.212,0.6083847727694035,0.4965,False,True
r1bqk2r/p4pp1/2p2n1p/n1b1N3/4p3/8/PPPPBPPP/RNBQK2R w KQkq -,1800-1999,f2f4,18,0.4444444444444444,0.4488712685548552,0.4189,0.4369235217815223,0.1915,False,False
r1bqk2r/p4pp1/2p2n1p/n1b5/4p3/8/PPPPBPPP/RNBQK1NR w KQkq -,1800-1999,b1c3,12,0.16666666666666666,0.20504109340478327,0.0717,0.15294011247693307,0.0,False,False
r1bqk2r/p4pp1/2p2n1p/n1b5/4p3/8/PPPPBPPP/RNBQK1NR w KQkq -,1800-1999,c2c3,50,0.35,0.35406865370978496,0.52,0.2929225557056816,0.0385,False,False
r1bqk2r/p4pp1/2p2n1p/n1b5/4p3/8/PPPPBPPP/RNBQK1NR w KQkq -,1800-1999,d2d3,70,0.2642857142857143,0.2695199970712584,0.0675,0.17154606199183228,0.013,False,False
r1bqk2r/p4pp1/2p2n1p/n1b5/4p3/8/PPPPBPPP/RNBQK1NR w KQkq -,1800-1999,d2d4,15,0.3,0.31944185399613123,0.3408,0.40952670535195057,0.15,True,True
r1bqk2r/p4pp1/2pb1n1p/n3N3/4p3/8/PPPPBPPP/RNBQK2R w KQkq -,1800-1999,d2d4,709,0.48519040902679833,0.48527125870947047,0.7055,0.5676447820586253,0.5045,True,True
r1bqk2r/p4pp1/2pb1n1p/n3N3/4p3/8/PPPPBPPP/RNBQK2R w KQkq -,1800-1999,e5c4,131,0.4312977099236641,0.4315016383584565,0.10055,0.17538100576318527,0.169,False,False
r1bqk2r/p4pp1/2pb1n1p/n3N3/4p3/8/PPPPBPPP/RNBQK2R w KQkq -,1800-1999,f2f4,132,0.44696969696969696,0.447963647078622,0.19395,0.4970604361053557,0.432,False,False
r1bqk2r/pp1n1ppp/4p3/3pP3/3Q1P2/2N5/PPP3PP/R3KB1R b KQkq -,1800-1999,d8b6,109,0.44036697247706424,0.44160654301946145,0.6034,0.4620972789046987,0.433,True,True
r1bqk2r/pp1n1ppp/4p3/3pP3/3Q1P2/2N5/PPP3PP/R3KB1R b KQkq -,1800-1999,e8g8,29,0.41379310344827586,0.41817928546146094,0.3966,0.34102565337424906,0.409,False,False
r1bqk2r/pp4pp/2nbpn2/3p4/3P4/3B1N2/PP1N1PPP/R1BQ1RK1 w kq -,1800-1999,a2a3,14,0.35714285714285715,0.37159963226996356,0.04555,0.6383481276738556,0.551,False,False
r1bqk2r/pp4pp/2nbpn2/3p4/3P4/3B1N2/PP1N1PPP/R1BQ1RK1 w kq -,1800-1999,b2b3,11,0.5454545454545454,0.5382153391828073,0.4037,0.5558439849411483,0.5275,False,False
r1bqk2r/pp4pp/2nbpn2/3p4/3P4/3B1N2/PP1N1PPP/R1BQ1RK1 w kq -,1800-1999,d2b3,42,0.5476190476190477,0.5458073700973898,0.36635,0.6972218587953526,0.5505,True,False
r1bqk2r/pp4pp/2nbpn2/3p4/3P4/3B1N2/PP1N1PPP/R1BQ1RK1 w kq -,1800-1999,f1e1,126,0.5238095238095238,0.5232593485662036,0.1844,0.5995711037162998,0.5555,False,True
r1bqk2r/pp4pp/2nbpn2/3p4/3P4/3B1N2/PP2NPPP/R1BQK2R w KQkq -,1800-1999,c1f4,68,0.47794117647058826,0.47807275405617766,0.39965,0.5117580856850524,0.509,False,False
r1bqk2r/pp4pp/2nbpn2/3p4/3P4/3B1N2/PP2NPPP/R1BQK2R w KQkq -,1800-1999,c1g5,24,0.3125,0.3239316926121223,0.0281,0.7004636296133849,0.5375,True,True
r1bqk2r/pp4pp/2nbpn2/3p4/3P4/3B1N2/PP2NPPP/R1BQK2R w KQkq -,1800-1999,e1g1,352,0.4928977272727273,0.492902241717278,0.57225,0.6726461751080021,0.531,False,False
r1bqk2r/pp4pp/2nbpn2/3p4/3P4/3B4/PP1NNPPP/R1BQ1RK1 w kq -,1800-1999,a2a3,27,0.5,0.5000869422722709,0.1957,0.3249724206546669,0.504,False,False
r1bqk2r/pp4pp/2nbpn2/3p4/3P4/3B4/PP1NNPPP/R1BQ1RK1 w kq -,1800-1999,d2f3,696,0.5258620689655172,0.525725963287155,0.1143,0.6090333116857471,0.5375,True,True
r1bqk2r/pp4pp/2nbpn2/3p4/3P4/3B4/PP1NNPPP/R1BQ1RK1 w kq -,1800-1999,f2f4,58,0.5862068965517241,0.5839304232576694,0.69,0.47672275351362514,0.504,False,False
r1bqk2r/ppp2ppp/8/8/1QpPn3/5N2/PP3PPP/RN2K2R w KQkq -,1800-1999,b4c4,50,0.41,0.412947326119431,0.2849,0.45729253406738457,0.4825,False,False
r1bqk2r/ppp2ppp/8/8/1QpPn3/5N2/PP3PPP/RN2K2R w KQkq -,1800-1999,e1g1,33,0.4696969696969697,0.470930330620497,0.7151,0.8728559617662592,0.4865,True,True
r1bqk2r/ppp2ppp/8/n2n4/2BP4/1Q3N2/PP1N1PPP/R3K2R w KQkq -,1800-1999,b3a4,104,0.5144230769230769,0.5139402608452687,0.25315,0.5256934086359067,0.5,True,True
r1bqk2r/ppp2ppp/8/n2n4/2BP4/1Q3N2/PP1N1PPP/R3K2R w KQkq -,1800-1999,b3b5,15,0.6,0.5911602877158567,0.74685,0.5018168036435007,0.428,False,False
r1bqk2r/ppppnppp/5b2/3P4/2B1R3/5N2/PP3PPP/R1BQ2K1 b kq -,1800-1999,d7d6,255,0.5549019607843138,0.5547412437600978,0.4426,0.6801538510054836,0.527,True,True
r1bqk2r/ppppnppp/5b2/3P4/2B1R3/5N2/PP3PPP/R1BQ2K1 b kq -,1800-1999,e8g8,28,0.5714285714285714,0.5675018054325975,0.5574,0.4818668836597081,0.5115,False,False
r1bqkb1r/4nppp/p2p4/1p1Pp3/8/N3B3/PPP2PPP/R2QKB1R w KQkq -,1800-1999,c2c3,12,0.5833333333333334,0.5739792758482332,0.61805,0.6580502881269678,0.4725,False,False
r1bqkb1r/4nppp/p2p4/1p1Pp3/8/N3B3/PPP2PPP/R2QKB1R w KQkq -,1800-1999,c2c4,154,0.4512987012987013,0.45167232215371816,0.05815,0.6749168344387049,0.5185,True,True
r1bqkb1r/4nppp/p2p4/1p1Pp3/8/N3B3/PPP2PPP/R2QKB1R w KQkq -,1800-1999,f1e2,28,0.5178571428571429,0.517436238522312,0.3238,0.5989214063203229,0.5075,False,False
r1bqkb1r/5p1p/p1np4/1p1Npp2/4P3/N7/PPP2PPP/R2QKB1R w KQkq -,1800-1999,c2c3,96,0.5520833333333334,0.5511700176506756,0.37115,0.525576264798456,0.5145,False,False
r1bqkb1r/5p1p/p1np4/1p1Npp2/4P3/N7/PPP2PPP/R2QKB1R w KQkq -,1800-1999,c2c4,60,0.475,0.4752558520061129,0.0573,0.6844472217259959,0.5055,False,False
r1bqkb1r/5p1p/p1np4/1p1Npp2/4P3/N7/PPP2PPP/R2QKB1R w KQkq -,1800-1999,e4f5,182,0.46153846153846156,0.46162297886828263,0.0032,0.6177914320155282,0.511,False,False
r1bqkb1r/5p1p/p1np4/1p1Npp2/4P3/N7/PPP2PPP/R2QKB1R w KQkq -,1800-1999,f1b5,108,0.5509259259259259,0.5505936294191385,0.3484,0.3554631165133943,0.529,False,True
r1bqkb1r/5p1p/p1np4/1p1Npp2/4P3/N7/PPP2PPP/R2QKB1R w KQkq -,1800-1999,f1d3,537,0.547486033519553,0.5475651246452767,0.21985,0.7427846395132829,0.5155,True,False
r1bqkb1r/5p1p/p1np4/1p1Npp2/4P3/N7/PPP2PPP/R2QKB1R w KQkq -,1800-1999,f2f3,50,0.28,0.28663041166527753,0.0001,0.062165035673188034,0.138,False,False
r1bqkb1r/5ppp/p1np1n2/1p1Np3/4P3/N7/PPPB1PPP/R2QKB1R w KQkq -,1800-1999,d2g5,103,0.4854368932038835,0.48563722420676403,0.145,0.5101657734586144,0.521,False,False
r1bqkb1r/5ppp/p1np1n2/1p1Np3/4P3/N7/PPPB1PPP/R2QKB1R w KQkq -,1800-1999,d5f6,25,0.58,0.5752364030858337,0.74815,0.5135329521020384,0.5255,False,False
r1bqkb1r/5ppp/p1np1n2/1p1Np3/4P3/N7/PPPB1PPP/R2QKB1R w KQkq -,1800-1999,f1d3,20,0.425,0.42939667262718834,0.10685,0.6275174753108841,0.6075,True,True
r1bqkb1r/p2n1p2/2p1pn2/1p2P1B1/2pP4/2N5/PP3PPP/R2QKB1R w KQkq -,1800-1999,c3e4,16,0.1875,0.21361160293681755,0.0033,0.345508763859661,0.005,False,False
r1bqkb1r/p2n1p2/2p1pn2/1p2P1B1/2pP4/2N5/PP3PPP/R2QKB1R w KQkq -,1800-1999,d1f3,42,0.5,0.4994768802766367,0.3987,0.7384022936947798,0.5055,True,False
r1bqkb1r/p2n1p2/2p1pn2/1p2P1B1/2pP4/2N5/PP3PPP/R2QKB1R w KQkq -,1800-1999,e5f6,178,0.47191011235955055,0.47197886872404915,0.12455,0.42178518587431374,0.5545,False,False
r1bqkb1r/p2n1p2/2p1pn2/1p2P1B1/2pP4/2N5/PP3PPP/R2QKB1R w KQkq -,1800-1999,g2g3,115,0.5130434782608696,0.513351504282965,0.47345,0.6734761874053399,0.57,False,True
r1bqnrk1/pp2bppp/2npp3/4P3/2B5/2N2N2/PP2QPPP/R1BR2K1 w - -,1800-1999,c1f4,28,0.5714285714285714,0.5671737730069293,0.3667,0.5036441041454066,0.492,False,False
r1bqnrk1/pp2bppp/2npp3/4P3/2B5/2N2N2/PP2QPPP/R1BR2K1 w - -,1800-1999,e5d6,176,0.6022727272727273,0.6015262081655426,0.6333,0.7515769948367642,0.6425,True,True
r1bqnrk1/ppp1n1bp/3p2p1/2PPpp2/1P2P3/2N2N2/P3BPPP/R1BQ1RK1 w - f6,1800-1999,a2a4,12,0.25,0.27780009756729407,0.0023,0.5939218319535855,0.6645,False,False
r1bqnrk1/ppp1n1bp/3p2p1/2PPpp2/1P2P3/2N2N2/P3BPPP/R1BQ1RK1 w - f6,1800-1999,f3d2,69,0.5797101449275363,0.577334545467094,0.2735,0.6667566941444977,0.7005,False,True
r1bqnrk1/ppp1n1bp/3p2p1/2PPpp2/1P2P3/2N2N2/P3BPPP/R1BQ1RK1 w - f6,1800-1999,f3g5,66,0.6287878787878788,0.6257035484164643,0.7242,0.8629661805798036,0.561,True,False
r1bqnrk1/ppp1n1bp/3p2p1/3Ppp2/1PP1P3/2N5/P2NBPPP/R1BQ1RK1 w - f6,1800-1999,a2a4,22,0.5681818181818182,0.5645255409461383,0.30765,0.6692666962668226,0.666,False,False
r1bqnrk1/ppp1n1bp/3p2p1/3Ppp2/1PP1P3/2N5/P2NBPPP/R1BQ1RK1 w - f6,1800-1999,c4c5,26,0.6346153846153846,0.6271074044315575,0.6617,0.7050555672124863,0.6935,True,True
r1bqnrk1/ppp1n1bp/3p2p1/3Ppp2/1PP1P3/2N5/P2NBPPP/R1BQ1RK1 w - f6,1800-1999,f2f3,39,0.44871794871794873,0.4517236364420245,0.03065,0.6192550779885773,0.5725,False,False
r1bqnrk1/ppp1n1bp/3p2p1/3Ppp2/2P1P3/2N1BP2/PP2B1PP/R2QNRK1 b - -,1800-1999,e8f6,79,0.46835443037974683,0.4688367392270911,0.5304,0.4601874256882507,0.1915,True,False
r1bqnrk1/ppp1n1bp/3p2p1/3Ppp2/2P1P3/2N1BP2/PP2B1PP/R2QNRK1 b - -,1800-1999,f5f4,632,0.46360759493670883,0.4637694024830944,0.4696,0.40182830891070515,0.324,False,True
r1bqnrk1/ppp1n1bp/3p2p1/3Ppp2/2P1P3/2NN4/PP2BPPP/R1BQ1RK1 w - f6,1800-1999,c1d2,97,0.5876288659793815,0.5858494485776852,0.37105,0.5994616267076106,0.5315,False,False
r1bqnrk1/ppp1n1bp/3p2p1/3Ppp2/2P1P3/2NN4/PP2BPPP/R1BQ1RK1 w - f6,1800-1999,f2f3,123,0.5487804878048781,0.5481458010963705,0.1276,0.6105699334678278,0.608,True,True
r1bqnrk1/ppp1n1bp/3p2p1/3Ppp2/2P1P3/2NN4/PP2BPPP/R1BQ1RK1 w - f6,1800-1999,f2f4,14,0.6071428571428571,0.595361360597257,0.50135,0.6088976260874744,0.5535,False,False
r1bqr1k1/2p1bpp1/p1np1n1p/1p2p3/3PP3/1BP2N1P/PP3PP1/RNBQR1K1 w - -,1800-1999,b1d2,76,0.7105263157894737,0.7063763798264685,0.87965,0.6759910334696015,0.6005,False,True
r1bqr1k1/2p1bpp1/p1np1n1p/1p2p3/3PP3/1BP2N1P/PP3PP1/RNBQR1K1 w - -,1800-1999,c1e3,13,0.5,0.49934231644374993,0.05395,0.7187604333875767,0.54,True,False
r1bqr1k1/2p1bpp1/p1np1n1p/1p2p3/3PP3/1BP2N1P/PP3PP1/RNBQR1K1 w - -,1800-1999,d4d5,17,0.5294117647058824,0.5272522196134036,0.0664,0.48967207543859903,0.465,False,False
r1bqr1k1/pp1n1pp1/2pb1n1p/3p4/3P3B/2NBP3/PPQ1NPPP/R3K2R w KQ -,1800-1999,e1g1,72,0.4722222222222222,0.4734091380328604,0.9653,0.41971595423691804,0.549,False,True
r1bqr1k1/pp1n1pp1/2pb1n1p/3p4/3P3B/2NBP3/PPQ1NPPP/R3K2R w KQ -,1800-1999,h4g3,14,0.21428571428571427,0.24151259749030088,0.0347,0.5033390282365777,0.507,True,False
r1bqr1k1/pp1n1pp1/2pb1n1p/3p4/3P3B/2NBPN2/PPQ2PPP/R3K2R w KQ -,1800-1999,e1c1,19,0.631578947368421,0.622485932321494,0.82315,0.6251429065882144,0.521,True,False
r1bqr1k1/pp1n1pp1/2pb1n1p/3p4/3P3B/2NBPN2/PPQ2PPP/R3K2R w KQ -,1800-1999,e1g1,123,0.5203252032520326,0.5200395533758798,0.17685,0.6201950489639697,0.563,False,True
r1bqr1k1/pp1nbpp1/2p2n1p/3p2B1/3P4/2NBPN2/PPQ2PPP/R4RK1 w - -,1800-1999,g5f4,30,0.5333333333333333,0.5320397827508525,0.19475,0.49842756022825163,0.5715,False,True
r1bqr1k1/pp1nbpp1/2p2n1p/3p2B1/3P4/2NBPN2/PPQ2PPP/R4RK1 w - -,1800-1999,g5h4,108,0.6157407407407407,0.6143285383723985,0.80525,0.5507302248789825,0.528,True,False
r1bqr1k1/pp1nbpp1/2p2n1p/3p4/3P3B/2NBP3/PP2NPPP/R2Q1RK1 w - -,1800-1999,a1b1,13,0.5,0.49944750152177375,0.09635,0.5272095726213071,0.5175,False,False
r1bqr1k1/pp1nbpp1/2p2n1p/3p4/3P3B/2NBP3/PP2NPPP/R2Q1RK1 w - -,1800-1999,a1c1,19,0.47368421052631576,0.47455964615645424,0.04795,0.5520114635252102,0.526,False,False
r1bqr1k1/pp1nbpp1/2p2n1p/3p4/3P3B/2NBP3/PP2NPPP/R2Q1RK1 w - -,1800-1999,a2a3,13,0.19230769230769232,0.22414874544215133,0.0002,0.5296261827946559,0.532,False,True
r1bqr1k1/pp1nbpp1/2p2n1p/3p4/3P3B/2NBP3/PP2NPPP/R2Q1RK1 w - -,1800-1999,d1c2,50,0.67,0.6651202951268476,0.7387,0.5861368802019266,0.526,False,False
r1bqr1k1/pp1nbpp1/2p2n1p/3p4/3P3B/2NBP3/PP2NPPP/R2Q1RK1 w - -,1800-1999,f2f3,45,0.5666666666666667,0.5655262944384329,0.1168,0.6058043521365057,0.513,True,False
r1bqr1k1/pp1nbpp1/2p2n1p/3p4/3P3B/2NBP3/PPQ1NPPP/R3K2R w KQ -,1800-1999,e1c1,37,0.527027027027027,0.5259804017077853,0.2844,0.20979677141630976,0.3065,False,False
r1bqr1k1/pp1nbpp1/2p2n1p/3p4/3P3B/2NBP3/PPQ1NPPP/R3K2R w KQ -,1800-1999,e1g1,407,0.5651105651105651,0.5648591687344305,0.51355,0.5648213527617075,0.5275,False,True
r1bqr1k1/pp1nbpp1/2p2n1p/3p4/3P3B/2NBP3/PPQ1NPPP/R3K2R w KQ -,1800-1999,f2f3,64,0.5234375,0.5231115173570116,0.20205,0.6103995714863867,0.507,True,False
r1bqr1k1/pp1nbpp1/2p2n1p/3p4/3P3B/2NBPN2/PP3PPP/R2Q1RK1 w - -,1800-1999,a1b1,59,0.5423728813559322,0.5413772262683206,0.05595,0.5327396452437915,0.501,False,False
r1bqr1k1/pp1nbpp1/2p2n1p/3p4/3P3B/2NBPN2/PP3PPP/R2Q1RK1 w - -,1800-1999,a1c1,111,0.5765765765765766,0.5754483088808405,0.09695,0.5151758163838617,0.517,False,False
r1bqr1k1/pp1nbpp1/2p2n1p/3p4/3P3B/2NBPN2/PP3PPP/R2Q1RK1 w - -,1800-1999,a2a3,55,0.45454545454545453,0.4554637901364554,0.0033,0.5238281048684374,0.5045,False,False
r1bqr1k1/pp1nbpp1/2p2n1p/3p4/3P3B/2NBPN2/PP3PPP/R2Q1RK1 w - -,1800-1999,d1c2,116,0.5560344827586207,0.5546273367514281,0.0417,0.5113056476762934,0.533,False,True
r1bqr1k1/pp1nbpp1/2p2n1p/3p4/3P3B/2NBPN2/PP3PPP/R2Q1RK1 w - -,1800-1999,d3c2,21,0.5714285714285714,0.5659896481234495,0.2005,0.5067687264361684,0.499,False,False
r1bqr1k1/pp1nbpp1/2p2n1p/3p4/3P3B/2NBPN2/PP3PPP/R2Q1RK1 w - -,1800-1999,f1e1,67,0.4701492537313433,0.4706683704524486,0.00345,0.5134841440102194,0.503,False,False
r1bqr1k1/pp1nbpp1/2p2n1p/3p4/3P3B/2NBPN2/PP3PPP/R2Q1RK1 w - -,1800-1999,h2h3,31,0.5967741935483871,0.5920832521475223,0.2718,0.541188643894873,0.511,True,False
r1bqr1k1/pp1nbpp1/2p2n1p/3p4/3P3B/2NBPN2/PP3PPP/R2Q1RK1 w - -,1800-1999,h4g3,28,0.6071428571428571,0.6012445744815205,0.32635,0.45892953336968406,0.5235,False,False
r1bqr1k1/pp1nbpp1/2p2n1p/3p4/3P3B/2NBPN2/PPQ2PPP/R3K2R w KQ -,1800-1999,e1c1,52,0.49038461538461536,0.4908800992699523,0.1481,0.2814227606974982,0.4655,False,False
r1bqr1k1/pp1nbpp1/2p2n1p/3p4/3P3B/2NBPN2/PPQ2PPP/R3K2R w KQ -,1800-1999,e1g1,634,0.5623028391167192,0.5621913696563167,0.8519,0.5500056922979875,0.5315,True,True
r1bqr1k1/pp1nppbp/2p3p1/8/3PR3/2P2NP1/PP3PBP/R1BQ2K1 b - -,1800-1999,d7f6,151,0.3509933774834437,0.3524025503159333,0.0062,0.43163552028038193,0.4215,False,True
r1bqr1k1/pp1nppbp/2p3p1/8/3PR3/2P2NP1/PP3PBP/R1BQ2K1 b - -,1800-1999,e7e5,20,0.625,0.6164153369372892,0.9938,0.5102733431137422,0.3125,True,False
r1bqr1k1/ppp2pbp/3p1np1/2n5/2PNP3/2N3PP/PP3PB1/R1BQ1RK1 w - -,1800-1999,d1c2,17,0.29411764705882354,0.3108458220086886,0.0038,0.3056967074119747,0.2705,False,False
r1bqr1k1/ppp2pbp/3p1np1/2n5/2PNP3/2N3PP/PP3PB1/R1BQ1RK1 w - -,1800-1999,f1e1,69,0.6376811594202898,0.6349449676082831,0.9962,0.4882569703593716,0.604,True,True
r1bqrnk1/pp2bppp/2p2n2/3p2B1/3P4/2NBP3/PPQ1NPPP/R4RK1 w - -,1800-1999,a1b1,45,0.4444444444444444,0.4461079477436218,0.00125,0.5993803366073853,0.5255,False,False
r1bqrnk1/pp2bppp/2p2n2/3p2B1/3P4/2NBP3/PPQ1NPPP/R4RK1 w - -,1800-1999,a1d1,41,0.47560975609756095,0.4766860245441332,0.00285,0.5537885622751099,0.524,False,False
r1bqrnk1/pp2bppp/2p2n2/3p2B1/3P4/2NBP3/PPQ1NPPP/R4RK1 w - -,1800-1999,a1e1,50,0.67,0.6649193339249421,0.35135,0.5105439931542964,0.5265,False,False
r1bqrnk1/pp2bppp/2p2n2/3p2B1/3P4/2NBP3/PPQ1NPPP/R4RK1 w - -,1800-1999,a2a3,18,0.6388888888888888,0.6278070109976295,0.25205,0.5975991323982932,0.514,False,False
r1bqrnk1/pp2bppp/2p2n2/3p2B1/3P4/2NBP3/PPQ1NPPP/R4RK1 w - -,1800-1999,f2f3,116,0.5086206896551724,0.5088301295189185,0.0011,0.6203097170267642,0.532,True,True
r1bqrnk1/pp2bppp/2p2n2/3p2B1/3P4/2NBP3/PPQ1NPPP/R4RK1 w - -,1800-1999,g5h4,18,0.4444444444444444,0.4473346231546008,0.0135,0.4958962677501494,0.5215,False,False
r1bqrnk1/pp2bppp/2p2n2/3p2B1/3P4/2NBP3/PPQ1NPPP/R4RK1 w - -,1800-1999,h2h3,15,0.6666666666666666,0.6534554149195513,0.3779,0.5913347300895159,0.5195,False,False
r1bqrnk1/pp2bppp/2p2n2/3p2B1/3P4/2NBPN2/PP3PPP/2RQ1RK1 w - -,1800-1999,a2a3,40,0.525,0.5238992532415233,0.04115,0.5016376291228452,0.512,False,False
r1bqrnk1/pp2bppp/2p2n2/3p2B1/3P4/2NBPN2/PP3PPP/2RQ1RK1 w - -,1800-1999,d1c2,18,0.6944444444444444,0.6790162877607568,0.6885,0.6585879092083307,0.5265,False,False
r1bqrnk1/pp2bppp/2p2n2/3p2B1/3P4/2NBPN2/PP3PPP/2RQ1RK1 w - -,1800-1999,d3b1,52,0.5961538461538461,0.5931601038683686,0.16235,0.4943287373659002,0.499,False,False
r1bqrnk1/pp2bppp/2p2n2/3p2B1/3P4/2NBPN2/PP3PPP/2RQ1RK1 w - -,1800-1999,f1e1,13,0.46153846153846156,0.4655916800199535,0.0568,0.5150998984087364,0.5,False,False
r1bqrnk1/pp2bppp/2p2n2/3p2B1/3P4/2NBPN2/PP3PPP/2RQ1RK1 w - -,1800-1999,f3e5,55,0.5454545454545454,0.5441532115220883,0.05025,0.5463188277651047,0.528,False,False
r1bqrnk1/pp2bppp/2p2n2/3p2B1/3P4/2NBPN2/PP3PPP/2RQ1RK1 w - -,1800-1999,h2h3,25,0.34,0.34869249218889475,0.00095,0.6615119766448602,0.532,True,True
r1bqrnk1/pp2bppp/2p2n2/3p2B1/3P4/2NBPN2/PPQ2PPP/R4RK1 w - -,1800-1999,a1b1,215,0.5232558139534884,0.5230290213884321,0.09,0.5908264426224878,0.54,False,False
r1bqrnk1/pp2bppp/2p2n2/3p2B1/3P4/2NBPN2/PPQ2PPP/R4RK1 w - -,1800-1999,a2a3,43,0.5232558139534884,0.5221941697538981,0.20885,0.6010115882285816,0.528,False,False
r1bqrnk1/pp2bppp/2p2n2/3p2B1/3P4/2NBPN2/PPQ2PPP/R4RK1 w - -,1800-1999,f1e1,18,0.5,0.4987937716023458,0.22425,0.6048677306892511,0.5275,False,False
r1bqrnk1/pp2bppp/2p2n2/3p2B1/3P4/2NBPN2/PPQ2PPP/R4RK1 w - -,1800-1999,f3e5,115,0.508695652173913,0.50910767556774,0.07645,0.4499590986579049,0.527,False,False
r1bqrnk1/pp2bppp/2p2n2/3p2B1/3P4/2NBPN2/PPQ2PPP/R4RK1 w - -,1800-1999,g5f6,49,0.5102040816326531,0.5090557582879317,0.14775,0.5042292748865794,0.488,False,False
r1bqrnk1/pp2bppp/2p2n2/3p2B1/3P4/2NBPN2/PPQ2PPP/R4RK1 w - -,1800-1999,h2h3,94,0.5425531914893617,0.5418584561237879,0.2527,0.6397065337278071,0.566,True,True
r1br2k1/ppp2pbp/5np1/4p1B1/2P5/2N3P1/PP2PPBP/R4RK1 b - -,1800-1999,c7c6,91,0.35714285714285715,0.35915876659135165,0.0461,0.3943207089155225,0.0,False,False
r1br2k1/ppp2pbp/5np1/4p1B1/2P5/2N3P1/PP2PPBP/R4RK1 b - -,1800-1999,c8e6,11,0.45454545454545453,0.4605343821613942,0.49265,0.35884178233303815,0.1155,False,False
r1br2k1/ppp2pbp/5np1/4p1B1/2P5/2N3P1/PP2PPBP/R4RK1 b - -,1800-1999,d8e8,31,0.45161290322580644,0.4540849624293692,0.4487,0.607206693195669,0.0345,True,False
r1br2k1/ppp2pbp/5np1/4p1B1/2P5/2N3P1/PP2PPBP/R4RK1 b - -,1800-1999,h7h6,53,0.3018867924528302,0.30763896771700194,0.01255,0.43295511155375055,0.3745,False,True
r1br2k1/ppp2pbp/5np1/4p3/2P1P3/2N5/PP2BPPP/R1B2RK1 w - -,1800-1999,c1g5,194,0.48195876288659795,0.4822911640036704,0.83555,0.5600641336095795,0.4985,False,False
r1br2k1/ppp2pbp/5np1/4p3/2P1P3/2N5/PP2BPPP/R1B2RK1 w - -,1800-1999,c3d5,14,0.35714285714285715,0.3710320729415042,0.16445,0.575168849522979,0.499,True,True
r1q2rk1/pp2bppp/2n1pn2/3p4/3P1Bb1/1QPB1N2/PP1N1PPP/R4RK1 w - -,1800-1999,a1e1,49,0.7040816326530612,0.6977642893569075,0.9417,0.5944867574751721,0.541,False,True
r1q2rk1/pp2bppp/2n1pn2/3p4/3P1Bb1/1QPB1N2/PP1N1PPP/R4RK1 w - -,1800-1999,f1e1,85,0.5294117647058824,0.5286597055230853,0.01085,0.6348734874688017,0.532,True,False
r1q2rk1/pp2bppp/2n1pn2/3p4/3P1Bb1/1QPB1N2/PP1N1PPP/R4RK1 w - -,1800-1999,f3e5,69,0.5072463768115942,0.5060397632112766,0.00735,0.5592196447270787,0.5305,False,False
r1q2rk1/pp2bppp/2n1pn2/3p4/3P1Bb1/1QPB1N2/PP1N1PPP/R4RK1 w - -,1800-1999,h2h3,44,0.5454545454545454,0.5437752782537805,0.0401,0.5500208450664316,0.5315,False,False
r1r3k1/ppq1ppbp/3pbnp1/8/3BP1P1/2N2P2/PPPQ3P/1K1R1B1R w - -,1800-1999,g4g5,27,0.37037037037037035,0.37701753518040243,0.5706,0.6663357872332989,0.561,True,False
r1r3k1/ppq1ppbp/3pbnp1/8/3BP1P1/2N2P2/PPPQ3P/1K1R1B1R w - -,1800-1999,h2h4,122,0.35655737704918034,0.3578412038814301,0.4294,0.5258836247275072,0.5845,False,True
r2q1rk1/1b1nppbp/pp1p1np1/2p5/P2P1B2/2P1PN1P/1P1NBPP1/R2Q1RK1 w - -,1800-1999,b2b4,10,0.3,0.3272132461225527,0.0131,0.21280173571135516,0.2355,False,False
r2q1rk1/1b1nppbp/pp1p1np1/2p5/P2P1B2/2P1PN1P/1P1NBPP1/R2Q1RK1 w - -,1800-1999,d1b3,29,0.6206896551724138,0.6141132328451357,0.4292,0.4313522411386364,0.51,False,False
r2q1rk1/1b1nppbp/pp1p1np1/2p5/P2P1B2/2P1PN1P/1P1NBPP1/R2Q1RK1 w - -,1800-1999,d1c2,16,0.4375,0.4423218551852201,0.03815,0.4889747729868202,0.5025,False,False
r2q1rk1/1b1nppbp/pp1p1np1/2p5/P2P1B2/2P1PN1P/1P1NBPP1/R2Q1RK1 w - -,1800-1999,f1e1,38,0.5789473684210527,0.5771439940517895,0.2185,0.6374392859097608,0.5245,True,True
r2q1rk1/1b1nppbp/pp1p1np1/2p5/P2P1B2/2P1PN1P/1P1NBPP1/R2Q1RK1 w - -,1800-1999,f4h2,26,0.5961538461538461,0.5913337810248187,0.30105,0.5877221085706932,0.5205,False,False
r2q1rk1/1b2bppp/p1nppn2/1pp3B1/4P3/P1NP1N1P/BPP2PP1/R2Q1RK1 w - -,1800-1999,c3e2,27,0.3148148148148148,0.32386198231634833,0.00845,0.45858307274053134,0.4515,False,True
r2q1rk1/1b2bppp/p1nppn2/1pp3B1/4P3/P1NP1N1P/BPP2PP1/R2Q1RK1 w - -,1800-1999,d1d2,17,0.38235294117647056,0.39240353300014125,0.07935,0.5721161867898592,0.417,True,False
r2q1rk1/1b2bppp/p1nppn2/1pp3B1/4P3/P1NP1N1P/BPP2PP1/R2Q1RK1 w - -,1800-1999,f1e1,27,0.5185185185185185,0.5173234437480361,0.4187,0.2841907850610442,0.4515,False,False
r2q1rk1/1b2bppp/p1nppn2/1pp3B1/4P3/P1NP1N1P/BPP2PP1/R2Q1RK1 w - -,1800-1999,f3h2,47,0.5319148936170213,0.5302659441618333,0.4935,0.4610296118282757,0.108,False,False
r2q1rk1/1b2bppp/p1nppn2/1pp5/4P3/P1NP3P/BPP2PPN/R1BQ1RK1 w - -,1800-1999,f2f4,94,0.5585106382978723,0.5581432173811685,0.9437,0.4783435075836624,0.455,True,True
r2q1rk1/1b2bppp/p1nppn2/1pp5/4P3/P1NP3P/BPP2PPN/R1BQ1RK1 w - -,1800-1999,h2g4,11,0.3181818181818182,0.33986135719380767,0.0563,0.3775031026012635,0.452,False,False
r2q1rk1/1b2bppp/p1nppn2/1pp5/4P3/P1NPBN1P/BPP2PP1/R2Q1RK1 w - -,1800-1999,c3e2,18,0.5277777777777778,0.524501118596854,0.33745,0.36548854999340064,0.455,False,False
r2q1rk1/1b2bppp/p1nppn2/1pp5/4P3/P1NPBN1P/BPP2PP1/R2Q1RK1 w - -,1800-1999,d1d2,17,0.35294117647058826,0.3641740457579177,0.0352,0.3510768831449669,0.421,False,False
r2q1rk1/1b2bppp/p1nppn2/1pp5/4P3/P1NPBN1P/BPP2PP1/R2Q1RK1 w - -,1800-1999,f1e1,10,0.4,0.4137986883789513,0.09635,0.4186227556604671,0.458,True,True
r2q1rk1/1b2bppp/p1nppn2/1pp5/4P3/P1NPBN1P/BPP2PP1/R2Q1RK1 w - -,1800-1999,f3h2,29,0.5689655172413793,0.5642278693946277,0.531,0.4009028939654646,0.3565,False,False
r2q1rk1/1bp1bpp1/p1np1n1p/1p2p3/3PP3/1BP2N1P/PP3PP1/RNBQR1K1 w - -,1800-1999,b1d2,90,0.6444444444444445,0.6427186320038453,0.5593,0.8075025067690651,0.609,True,True
r2q1rk1/1bp1bpp1/p1np1n1p/1p2p3/3PP3/1BP2N1P/PP3PP1/RNBQR1K1 w - -,1800-1999,d4d5,19,0.631578947368421,0.6216902222230422,0.4407,0.44224009800038544,0.511,False,False
r2q1rk1/1bp1bppp/p1np1n2/1p6/3PP3/1B3N1P/PP3PP1/RNBQR1K1 b - -,1800-1999,c6a5,177,0.4265536723163842,0.4272659346771874,0.03685,0.4310261681872893,0.328,True,False
r2q1rk1/1bp1bppp/p1np1n2/1p6/3PP3/1B3N1P/PP3PP1/RNBQR1K1 b - -,1800-1999,c6b8,15,0.5333333333333333,0.530546409149605,0.4739,0.24923559990265218,0.313,False,False
r2q1rk1/1bp1bppp/p1np1n2/1p6/3PP3/1B3N1P/PP3PP1/RNBQR1K1 b - -,1800-1999,d6d5,13,0.2692307692307692,0.2925961136848424,0.01875,0.1809076844602635,0.192,False,False
r2q1rk1/1bp1bppp/p1np1n2/1p6/3PP3/1B3N1P/PP3PP1/RNBQR1K1 b - -,1800-1999,f8e8,21,0.5238095238095238,0.5230737242440484,0.4293,0.26102804355121073,0.3535,False,True
r2q1rk1/1bp1bppp/p1np1n2/1p6/3PP3/1B3N1P/PP3PP1/RNBQR1K1 b - -,1800-1999,h7h6,20,0.35,0.36061575696919057,0.0412,0.24336350124724496,0.313,False,False
r2q1rk1/1bp1bppp/p1np1n2/1p6/3PP3/1B3N2/PP3PPP/RNBQR1K1 w - -,1800-1999,b1c3,53,0.5566037735849056,0.5550617116796883,0.0964,0.6281508057206456,0.683,False,True
r2q1rk1/1bp1bppp/p1np1n2/1p6/3PP3/1B3N2/PP3PPP/RNBQR1K1 w - -,1800-1999,b1d2,25,0.7,0.6885544599628194,0.85475,0.7075885785704884,0.6075,True,False
r2q1rk1/1bp1bppp/p1np1n2/1p6/3PP3/1B3N2/PP3PPP/RNBQR1K1 w - -,1800-1999,c1g5,18,0.4722222222222222,0.4731208967498948,0.04885,0.6064545861181806,0.21,False,False
r2q1rk1/1bpnbppp/p3pn2/1p4B1/3P4/1BN1PN2/PP3PPP/R2Q1RK1 w - -,1800-1999,a1c1,40,0.4375,0.4404234820076058,0.02505,0.32663325812451666,0.4315,False,False
r2q1rk1/1bpnbppp/p3pn2/1p4B1/3P4/1BN1PN2/PP3PPP/R2Q1RK1 w - -,1800-1999,a2a3,12,0.5416666666666666,0.5365443343756763,0.2758,0.3620197367536578,0.4635,False,True
r2q1rk1/1bpnbppp/p3pn2/1p4B1/3P4/1BN1PN2/PP3PPP/R2Q1RK1 w - -,1800-1999,b3c2,26,0.4230769230769231,0.4271932792778026,0.0295,0.33130236260891244,0.444,False,False
r2q1rk1/1bpnbppp/p3pn2/1p4B1/3P4/1BN1PN2/PP3PPP/R2Q1RK1 w - -,1800-1999,d1e2,27,0.6296296296296297,0.6233276856588049,0.66965,0.394230302859407,0.4605,True,False
r2q1rk1/1bpnbppp/p3pn2/1p4B1/3P4/1BN1PN2/PP3PPP/R2Q1RK1 w - -,1800-1999,f1e1,23,0.15217391304347827,0.17287183835061343,0.0,0.3615697902598882,0.435,False,False
r2q1rk1/1bpnbppp/p3pn2/1p4B1/3P4/2NBPN2/PP3PPP/2RQ1RK1 w - -,1800-1999,a2a3,44,0.5340909090909091,0.5330960229362282,0.05345,0.5131163749207969,0.478,False,False
r2q1rk1/1bpnbppp/p3pn2/1p4B1/3P4/2NBPN2/PP3PPP/2RQ1RK1 w - -,1800-1999,d1c2,18,0.4722222222222222,0.47392059841584516,0.0442,0.5564224093404899,0.502,True,True
r2q1rk1/1bpnbppp/p3pn2/1p4B1/3P4/2NBPN2/PP3PPP/2RQ1RK1 w - -,1800-1999,d1e2,33,0.6666666666666666,0.6590896457273593,0.6587,0.45572769199964885,0.479,False,False
r2q1rk1/1bpnbppp/p3pn2/1p4B1/3P4/2NBPN2/PP3PPP/2RQ1RK1 w - -,1800-1999,d3b1,43,0.5697674418604651,0.5684595734551761,0.1284,0.42129605210766663,0.4725,False,False
r2q1rk1/1bpnbppp/p3pn2/1p4B1/3P4/2NBPN2/PP3PPP/2RQ1RK1 w - -,1800-1999,e3e4,19,0.5263157894736842,0.52440775586452,0.09855,0.5063585318030227,0.4705,False,False
r2q1rk1/1bpnbppp/p3pn2/1p4B1/3P4/2NBPN2/PP3PPP/2RQ1RK1 w - -,1800-1999,f1e1,18,0.4166666666666667,0.4224883517972858,0.0167,0.4551171234653593,0.47,False,False
r2q1rk1/1bpnbppp/p3pn2/1p4B1/3P4/2NBPN2/PP3PPP/R2Q1RK1 w - -,1800-1999,a1c1,128,0.4609375,0.46110977456717145,0.00975,0.38310309231695255,0.4565,False,False
r2q1rk1/1bpnbppp/p3pn2/1p4B1/3P4/2NBPN2/PP3PPP/R2Q1RK1 w - -,1800-1999,a2a3,67,0.5223880597014925,0.5222646893760481,0.1346,0.4463169573551276,0.455,False,False
r2q1rk1/1bpnbppp/p3pn2/1p4B1/3P4/2NBPN2/PP3PPP/R2Q1RK1 w - -,1800-1999,d1c2,24,0.4583333333333333,0.46156204123655,0.06875,0.34486218621253095,0.4905,False,True
r2q1rk1/1bpnbppp/p3pn2/1p4B1/3P4/2NBPN2/PP3PPP/R2Q1RK1 w - -,1800-1999,d1e2,39,0.46153846153846156,0.46343184119896325,0.0422,0.3439561253829248,0.467,False,False
r2q1rk1/1bpnbppp/p3pn2/1p4B1/3P4/2NBPN2/PP3PPP/R2Q1RK1 w - -,1800-1999,e3e4,29,0.3448275862068966,0.3520676133313671,0.00405,0.4670532080543972,0.366,True,False
r2q1rk1/1bpnbppp/p3pn2/1p4B1/3P4/2NBPN2/PP3PPP/R2Q1RK1 w - -,1800-1999,f1e1,32,0.609375,0.6054031784796542,0.69725,0.3976402936030443,0.4245,False,False
r2q1rk1/1bpnbppp/p3pn2/1p4B1/3P4/2NBPN2/PP3PPP/R2Q1RK1 w - -,1800-1999,f3e5,10,0.35,0.3700495423411904,0.0434,0.39734067748015145,0.489,False,False
r2q1rk1/1p1bppbp/p1np1np1/8/2PNP3/2N1B2P/PP2BPP1/R2Q1RK1 w - -,1800-1999,a1c1,38,0.618421052631579,0.6141281765703897,0.3445,0.4933937003866653,0.534,False,False
r2q1rk1/1p1bppbp/p1np1np1/8/2PNP3/2N1B2P/PP2BPP1/R2Q1RK1 w - -,1800-1999,a2a3,10,0.55,0.5443689887852571,0.2139,0.6281399011503984,0.561,False,True
r2q1rk1/1p1bppbp/p1np1np1/8/2PNP3/2N1B2P/PP2BPP1/R2Q1RK1 w - -,1800-1999,d1d2,56,0.625,0.6218808062345366,0.37555,0.6602739457468861,0.543,True,False
r2q1rk1/1p1bppbp/p1np1np1/8/2PNP3/2N1B2P/PP2BPP1/R2Q1RK1 w - -,1800-1999,f2f4,29,0.5172413793103449,0.5170751352344951,0.06605,0.5623861206577028,0.533,False,False
r2q1rk1/1p1bppbp/p1np1np1/8/2PNP3/2N1B3/PP1QBPPP/R4RK1 w - -,1800-1999,a1c1,24,0.5625,0.5588690707241387,0.0118,0.576861569151033,0.537,False,False
r2q1rk1/1p1bppbp/p1np1np1/8/2PNP3/2N1B3/PP1QBPPP/R4RK1 w - -,1800-1999,a1d1,20,0.4,0.40713908726942166,0.0005,0.6158026157757378,0.5395,False,False
r2q1rk1/1p1bppbp/p1np1np1/8/2PNP3/2N1B3/PP1QBPPP/R4RK1 w - -,1800-1999,f1d1,32,0.65625,0.6495342452910033,0.06655,0.6088698282172086,0.5355,False,False
r2q1rk1/1p1bppbp/p1np1np1/8/2PNP3/2N1B3/PP1QBPPP/R4RK1 w - -,1800-1999,f2f3,57,0.6140350877192983,0.6120596130303602,0.01985,0.6630103782381457,0.6075,False,True
r2q1rk1/1p1bppbp/p1np1np1/8/2PNP3/2N1B3/PP1QBPPP/R4RK1 w - -,1800-1999,f2f4,14,0.8571428571428571,0.8229373192808125,0.9013,0.6646932590013797,0.527,True,False
r2q1rk1/1p1bppbp/p1np1np1/8/2PNP3/2N1B3/PP2BPPP/2RQ1RK1 w - -,1800-1999,a2a3,35,0.5,0.5003991992603243,0.00345,0.5054387627100123,0.5355,False,False
r2q1rk1/1p1bppbp/p1np1np1/8/2PNP3/2N1B3/PP2BPPP/2RQ1RK1 w - -,1800-1999,b2b3,87,0.5747126436781609,0.5733167301259532,0.0075,0.6105142293356097,0.53,False,False
r2q1rk1/1p1bppbp/p1np1np1/8/2PNP3/2N1B3/PP2BPPP/2RQ1RK1 w - -,1800-1999,d1d2,75,0.5266666666666666,0.5267968144322516,0.0013,0.5598425796657672,0.5335,False,False
r2q1rk1/1p1bppbp/p1np1np1/8/2PNP3/2N1B3/PP2BPPP/2RQ1RK1 w - -,1800-1999,f2f3,117,0.5897435897435898,0.5886216340140229,0.00905,0.6284248577744336,0.533,True,False
r2q1rk1/1p1bppbp/p1np1np1/8/2PNP3/2N1B3/PP2BPPP/2RQ1RK1 w - -,1800-1999,f2f4,42,0.6785714285714286,0.672900745035271,0.265,0.5385014919843815,0.5255,False,False
r2q1rk1/1p1bppbp/p1np1np1/8/2PNP3/2N1B3/PP2BPPP/2RQ1RK1 w - -,1800-1999,g1h1,20,0.725,0.7089706805147273,0.5221,0.5917779860644119,0.5555,False,True
r2q1rk1/1p1bppbp/p1np1np1/8/2PNP3/2N1B3/PP2BPPP/2RQ1RK1 w - -,1800-1999,h2h3,34,0.6617647058823529,0.6551221586047008,0.1916,0.49427979664145555,0.5355,False,False
r2q1rk1/1p1bppbp/p1np1np1/8/2PNP3/2N1BP2/PP1QB1PP/R3K2R w KQ -,1800-1999,a1c1,27,0.6851851851851852,0.6746072697984348,0.3513,0.6597943206592454,0.5295,False,False
r2q1rk1/1p1bppbp/p1np1np1/8/2PNP3/2N1BP2/PP1QB1PP/R3K2R w KQ -,1800-1999,e1c1,21,0.5714285714285714,0.5672708557703249,0.05845,0.48966634312716967,0.545,False,False
r2q1rk1/1p1bppbp/p1np1np1/8/2PNP3/2N1BP2/PP1QB1PP/R3K2R w KQ -,1800-1999,e1g1,214,0.6799065420560748,0.6786657113689829,0.25515,0.6681508788604668,0.6025,True,True
r2q1rk1/1p1bppbp/p1np1np1/8/2PNP3/2N1BP2/PP1QB1PP/R3K2R w KQ -,1800-1999,g2g4,16,0.65625,0.6438012094617405,0.2455,0.60678252628401,0.5555,False,False
r2q1rk1/1p1bppbp/p1np1np1/8/2PNP3/2N1BP2/PP1QB1PP/R3K2R w KQ -,1800-1999,h2h4,11,0.5454545454545454,0.5396421680916909,0.0896,0.4033777884935033,0.498,False,False
r2q1rk1/1p1bppbp/p1np1np1/8/2PNP3/2N1BP2/PP2B1PP/R2Q1RK1 w - -,1800-1999,a1c1,158,0.5284810126582279,0.5284309807645704,0.00745,0.592143422964622,0.541,False,False
r2q1rk1/1p1bppbp/p1np1np1/8/2PNP3/2N1BP2/PP2B1PP/R2Q1RK1 w - -,1800-1999,a2a3,30,0.6333333333333333,0.6262905348195261,0.51655,0.5785126684943274,0.5555,False,False
r2q1rk1/1p1bppbp/p1np1np1/8/2PNP3/2N1BP2/PP2B1PP/R2Q1RK1 w - -,1800-1999,b2b3,29,0.41379310344827586,0.4178418676058653,0.0063,0.5920556288619307,0.5575,False,False
r2q1rk1/1p1bppbp/p1np1np1/8/2PNP3/2N1BP2/PP2B1PP/R2Q1RK1 w - -,1800-1999,c3d5,25,0.36,0.36736600781057893,0.0009,0.5343140378806547,0.5025,False,False
r2q1rk1/1p1bppbp/p1np1np1/8/2PNP3/2N1BP2/PP2B1PP/R2Q1RK1 w - -,1800-1999,d1d2,340,0.6176470588235294,0.6166841761623217,0.37485,0.6437672666093296,0.612,True,True
r2q1rk1/1p1bppbp/p1np1np1/8/2PNP3/2N1BP2/PP2B1PP/R2Q1RK1 w - -,1800-1999,d4c2,18,0.5,0.4996386350719447,0.08725,0.5998833658452596,0.5555,False,False
r2q1rk1/1p1bppbp/p1np1np1/8/2PNP3/2N1BP2/PP2B1PP/R2Q1RK1 w - -,1800-1999,g1h1,17,0.35294117647058826,0.3647474080745347,0.0067,0.6386659761394758,0.567,False,False
r2q1rk1/1p1nbppp/p2pbn2/4p3/4P3/1NN1BP2/PPP1B1PP/R2Q1RK1 w - -,1800-1999,a2a4,15,0.6,0.5897203551049274,0.5933,0.5602638474663598,0.501,True,True
r2q1rk1/1p1nbppp/p2pbn2/4p3/4P3/1NN1BP2/PPP1B1PP/R2Q1RK1 w - -,1800-1999,c3d5,72,0.3680555555555556,0.37024373889598755,0.00225,0.5040843423577576,0.4835,False,False
r2q1rk1/1p1nbppp/p2pbn2/4p3/4P3/1NN1BP2/PPP1B1PP/R2Q1RK1 w - -,1800-1999,d1d2,95,0.41578947368421054,0.41752361712738073,0.0075,0.3523212856650625,0.459,False,False
r2q1rk1/1p1nbppp/p2pbn2/4p3/4P3/1NN1BP2/PPP1B1PP/R2Q1RK1 w - -,1800-1999,d1e1,28,0.48214285714285715,0.4827913648040744,0.12615,0.45359341528132885,0.4265,False,False
r2q1rk1/1p1nbppp/p2pbn2/4p3/4P3/1NN1BP2/PPP1B1PP/R2Q1RK1 w - -,1800-1999,g1h1,18,0.5277777777777778,0.5256439006022311,0.2708,0.3918704277165217,0.4785,False,False
r2q1rk1/1p1nbppp/p2pbn2/4p3/4P3/1NN1BP2/PPPQ2PP/2KR1B1R w - -,1800-1999,c1b1,225,0.5311111111111111,0.5308382808642436,0.8805,0.5885439649140515,0.506,True,False
r2q1rk1/1p1nbppp/p2pbn2/4p3/4P3/1NN1BP2/PPPQ2PP/2KR1B1R w - -,1800-1999,g2g4,731,0.48768809849521205,0.4875715668875371,0.1195,0.5544050327553389,0.5525,False,True
r2q1rk1/1p1nbppp/p2pbn2/4p3/4P3/1NN1BP2/PPPQB1PP/R3K2R w KQ -,1800-1999,e1c1,110,0.40454545454545454,0.4056246573256523,0.19595,0.503695747749789,0.4,False,False
r2q1rk1/1p1nbppp/p2pbn2/4p3/4P3/1NN1BP2/PPPQB1PP/R3K2R w KQ -,1800-1999,e1g1,35,0.45714285714285713,0.45884066182003835,0.62865,0.3630263012920904,0.46,False,False
r2q1rk1/1p1nbppp/p2pbn2/4p3/4P3/1NN1BP2/PPPQB1PP/R3K2R w KQ -,1800-1999,g2g4,60,0.39166666666666666,0.39411092548309257,0.1754,0.5257619439917566,0.4915,True,True
r2q1rk1/1p1nbppp/p2pbn2/4p3/P3P3/1NN1B3/1PP1BPPP/R2Q1RK1 w - -,1800-1999,a4a5,52,0.5192307692307693,0.5189187499584837,0.11245,0.5252289744450404,0.5265,False,True
r2q1rk1/1p1nbppp/p2pbn2/4p3/P3P3/1NN1B3/1PP1BPPP/R2Q1RK1 w - -,1800-1999,d1d2,13,0.6153846153846154,0.6042280843513622,0.5587,0.5179829267025522,0.504,False,False
r2q1rk1/1p1nbppp/p2pbn2/4p3/P3P3/1NN1B3/1PP1BPPP/R2Q1RK1 w - -,1800-1999,f2f3,30,0.4666666666666667,0.4676758148371717,0.05815,0.526479408382074,0.507,False,False
r2q1rk1/1p1nbppp/p2pbn2/4p3/P3P3/1NN1B3/1PP1BPPP/R2Q1RK1 w - -,1800-1999,f2f4,35,0.5285714285714286,0.5271128586893761,0.1588,0.5437266069777589,0.504,True,False
r2q1rk1/1p1nbppp/p2pbn2/4p3/P3P3/1NN1B3/1PP1BPPP/R2Q1RK1 w - -,1800-1999,g1h1,12,0.4583333333333333,0.462069132700597,0.1119,0.5144239558006822,0.497,False,False
r2q1rk1/1p2bppp/p1npbn2/4p3/4P3/1NN1BP2/PPP1B1PP/R2Q1RK1 w - -,1800-1999,c3d5,57,0.5175438596491229,0.5177762824678889,0.06815,0.6261838544382929,0.555,False,True
r2q1rk1/1p2bppp/p1npbn2/4p3/4P3/1NN1BP2/PPP1B1PP/R2Q1RK1 w - -,1800-1999,d1d2,42,0.6428571428571429,0.6379068276269375,0.73725,0.6716633049185932,0.491,True,False
r2q1rk1/1p2bppp/p1npbn2/4p3/4P3/1NN1BP2/PPP1B1PP/R2Q1RK1 w - -,1800-1999,d1e1,13,0.38461538461538464,0.39715175775979716,0.03365,0.5911169255424629,0.464,False,False
r2q1rk1/1p2bppp/p1npbn2/4p3/4P3/1NN1BP2/PPP1B1PP/R2Q1RK1 w - -,1800-1999,g1h1,11,0.5,0.5001160220741933,0.16095,0.5235582712479325,0.51,False,False
r2q1rk1/1p2bppp/p1npbn2/4p3/4P3/1NN1BP2/PPPQB1PP/R3K2R w KQ -,1800-1999,e1c1,69,0.6086956521739131,0.6066479220276729,0.62925,0.7790759867536822,0.62,True,True
r2q1rk1/1p2bppp/p1npbn2/4p3/4P3/1NN1BP2/PPPQB1PP/R3K2R w KQ -,1800-1999,e1g1,16,0.4375,0.4421160914866377,0.07385,0.6359822158804106,0.499,False,False
r2q1rk1/1p2bppp/p1npbn2/4p3/4P3/1NN1BP2/PPPQB1PP/R3K2R w KQ -,1800-1999,g2g4,45,0.5666666666666667,0.5647229220236905,0.2969,0.44409844853103186,0.4765,False,False
r2q1rk1/1p2bppp/p1npbn2/4p3/P3P3/1NN1B3/1PP1BPPP/R2Q1RK1 w - -,1800-1999,a4a5,19,0.42105263157894735,0.42589804323250435,0.0877,0.548047845032067,0.4965,False,True
r2q1rk1/1p2bppp/p1npbn2/4p3/P3P3/1NN1B3/1PP1BPPP/R2Q1RK1 w - -,1800-1999,d1d2,10,0.5,0.5007684607418513,0.33255,0.5339937713823704,0.4745,False,False
r2q1rk1/1p2bppp/p1npbn2/4p3/P3P3/1NN1B3/1PP1BPPP/R2Q1RK1 w - -,1800-1999,f2f3,46,0.4782608695652174,0.4788312801081871,0.1247,0.4802207259653014,0.3745,False,False
r2q1rk1/1p2bppp/p1npbn2/4p3/P3P3/1NN1B3/1PP1BPPP/R2Q1RK1 w - -,1800-1999,f2f4,32,0.546875,0.5453664789776088,0.45505,0.5592447496137973,0.47,True,False
r2q1rk1/1pp2pp1/1pnpbn1p/4p3/2B1P3/P1NP1N1P/1PP2PP1/R2Q1RK1 w - -,1800-1999,c3d5,52,0.5192307692307693,0.5182708451185516,0.08215,0.558111339854942,0.4305,False,False
r2q1rk1/1pp2pp1/1pnpbn1p/4p3/2B1P3/P1NP1N1P/1PP2PP1/R2Q1RK1 w - -,1800-1999,c4a2,37,0.581081081081081,0.5783725443926312,0.3312,0.5417925313577129,0.4925,False,True
r2q1rk1/1pp2pp1/1pnpbn1p/4p3/2B1P3/P1NP1N1P/1PP2PP1/R2Q1RK1 w - -,1800-1999,c4e6,47,0.574468085106383,0.5717335326276967,0.27555,0.591287579924226,0.4885,True,False
r2q1rk1/1pp2pp1/1pnpbn1p/4p3/2B1P3/P1NP1N1P/1PP2PP1/R2Q1RK1 w - -,1800-1999,f3d2,10,0.55,0.5442137665216105,0.3111,0.5258226161243099,0.484,False,False
r2q1rk1/1pp2pp1/1pnpbn1p/4p3/2B1P3/P2P1N1P/1PP2PP1/R1BQ1RK1 w - -,1800-1999,c4a2,62,0.46774193548387094,0.46857204684844445,0.0334,0.4550291440797419,0.477,False,False
r2q1rk1/1pp2pp1/1pnpbn1p/4p3/2B1P3/P2P1N1P/1PP2PP1/R1BQ1RK1 w - -,1800-1999,c4b5,13,0.46153846153846156,0.4653592324162432,0.11315,0.40157362005924974,0.498,False,False
r2q1rk1/1pp2pp1/1pnpbn1p/4p3/2B1P3/P2P1N1P/1PP2PP1/R1BQ1RK1 w - -,1800-1999,c4e6,126,0.5674603174603174,0.5672171232183715,0.39685,0.5125591716402434,0.5095,True,True
r2q1rk1/1pp2pp1/1pnpbn1p/4p3/2B1P3/P2P1N1P/1PP2PP1/R1BQ1RK1 w - -,1800-1999,f3d2,14,0.5714285714285714,0.5646542485643353,0.4566,0.4995292899683359,0.483,False,False
r2q1rk1/1pp2pp1/p1npbn1p/4p3/2B1P3/P1NPPN1P/1PP3P1/R2Q1RK1 w - -,1800-1999,c3d5,50,0.44,0.4413081653715886,0.03255,0.5473237338930805,0.49,True,False
r2q1rk1/1pp2pp1/p1npbn1p/4p3/2B1P3/P1NPPN1P/1PP3P1/R2Q1RK1 w - -,1800-1999,c4a2,32,0.359375,0.36559098505371956,0.0073,0.44729232483708925,0.5,False,False
r2q1rk1/1pp2pp1/p1npbn1p/4p3/2B1P3/P1NPPN1P/1PP3P1/R2Q1RK1 w - -,1800-1999,c4e6,18,0.6666666666666666,0.6526191150213921,0.96015,0.4859202796412796,0.502,False,True
r2q1rk1/2p1bpp1/p1np1n1p/1p2p3/4P1b1/1BPP1N2/PP1N1PPP/R1BQR1K1 w - -,1800-1999,d2f1,134,0.5559701492537313,0.5555877138532113,0.18425,0.6290662772572764,0.5775,False,False
r2q1rk1/2p1bpp1/p1np1n1p/1p2p3/4P1b1/1BPP1N2/PP1N1PPP/R1BQR1K1 w - -,1800-1999,h2h3,46,0.6304347826086957,0.6269602747240277,0.81575,0.7065024270748178,0.6015,True,True
r2q1rk1/2p1bppp/p1np1n2/1p2p2b/3PP3/1BP2N1P/PP3PP1/RNBQR1K1 w - -,1800-1999,b1d2,18,0.5,0.5000052544266118,0.2732,0.45577032248286947,0.4045,False,False
r2q1rk1/2p1bppp/p1np1n2/1p2p2b/3PP3/1BP2N1P/PP3PP1/RNBQR1K1 w - -,1800-1999,c1g5,20,0.5,0.5001518962399062,0.2685,0.45655149480600943,0.484,False,False
r2q1rk1/2p1bppp/p1np1n2/1p2p2b/3PP3/1BP2N1P/PP3PP1/RNBQR1K1 w - -,1800-1999,d4d5,38,0.5,0.4996096746103821,0.2061,0.555234441269912,0.5265,False,False
r2q1rk1/2p1bppp/p1np1n2/1p2p2b/3PP3/1BP2N1P/PP3PP1/RNBQR1K1 w - -,1800-1999,g2g4,23,0.5,0.5006327323598264,0.2522,0.6518864765988547,0.5555,True,True
r2q1rk1/2p1bppp/p1np1n2/1p2p2b/4P3/1BPP1N1P/PP3PP1/RNBQR1K1 w - -,1800-1999,b1d2,276,0.5960144927536232,0.5956395959488454,0.63535,0.6653970580152905,0.621,True,True
r2q1rk1/2p1bppp/p1np1n2/1p2p2b/4P3/1BPP1N1P/PP3PP1/RNBQR1K1 w - -,1800-1999,c1e3,40,0.525,0.5250289981942418,0.1616,0.5033720253768881,0.5435,False,False
r2q1rk1/2p1bppp/p1np1n2/1p2p2b/4P3/1BPP1N1P/PP3PP1/RNBQR1K1 w - -,1800-1999,c1g5,23,0.5217391304347826,0.5207629161321478,0.20305,0.5465050603051559,0.537,False,False
r2q1rk1/2p1bppp/p1np1n2/1p2p2b/B3P3/2PP1N1P/PP1N1PP1/R1BQR1K1 w - b6,1800-1999,a4b3,89,0.5955056179775281,0.5936794443632467,0.46775,0.650706593820536,0.609,False,False
r2q1rk1/2p1bppp/p1np1n2/1p2p2b/B3P3/2PP1N1P/PP1N1PP1/R1BQR1K1 w - b6,1800-1999,a4c2,130,0.6,0.5994483014046749,0.53225,0.6887303845752003,0.615,True,True
r2q1rk1/2p1bppp/p1np1n2/1p2p3/3PP3/1BP2b1P/PP3PP1/RNBQR1K1 w - -,1800-1999,d1f3,101,0.4207920792079208,0.42231959582193856,0.4364,0.2972373363775128,0.452,False,False
r2q1rk1/2p1bppp/p1np1n2/1p2p3/3PP3/1BP2b1P/PP3PP1/RNBQR1K1 w - -,1800-1999,g2f3,89,0.43258426966292135,0.43335091257635805,0.5636,0.35875884484656656,0.488,True,True
r2q1rk1/2p1bppp/p1np1n2/1p6/3PP1b1/1B3N2/PP3PPP/RNBQR1K1 w - -,1800-1999,b1c3,43,0.5116279069767442,0.5106419298084298,0.24625,0.5524743486852937,0.567,False,False
r2q1rk1/2p1bppp/p1np1n2/1p6/3PP1b1/1B3N2/PP3PPP/RNBQR1K1 w - -,1800-1999,b1d2,23,0.3695652173913043,0.37716586289570764,0.0282,0.3233538670871023,0.144,False,False
r2q1rk1/2p1bppp/p1np1n2/1p6/3PP1b1/1B3N2/PP3PPP/RNBQR1K1 w - -,1800-1999,c1e3,44,0.5340909090909091,0.5338195485246259,0.37465,0.7884110540902222,0.53,True,False
r2q1rk1/2p1bppp/p1np1n2/1p6/3PP1b1/1B3N2/PP3PPP/RNBQR1K1 w - -,1800-1999,d4d5,50,0.51,0.5096098733687668,0.2323,0.5672520788572212,0.511,False,False
r2q1rk1/2p1bppp/p1np1n2/1p6/3PP1b1/1B3N2/PP3PPP/RNBQR1K1 w - -,1800-1999,h2h3,43,0.47674418604651164,0.4769912388079782,0.1186,0.5109264490287369,0.591,False,True
r2q1rk1/2p2ppp/p1n1b3/1pbpP3/4n3/1BP2N2/PP1N1PPP/R1BQ1RK1 w - -,1800-1999,b3c2,70,0.5785714285714286,0.5768493133301101,0.7567,0.5816612640796333,0.5465,False,True
r2q1rk1/2p2ppp/p1n1b3/1pbpP3/4n3/1BP2N2/PP1N1PPP/R1BQ1RK1 w - -,1800-1999,d1e2,17,0.35294117647058826,0.3654398260304789,0.03535,0.7123216855478253,0.5,True,False
r2q1rk1/2p2ppp/p1n1b3/1pbpP3/4n3/1BP2N2/PP1N1PPP/R1BQ1RK1 w - -,1800-1999,d2e4,49,0.5102040816326531,0.5098625289452149,0.20795,0.4052591539988719,0.492,False,False
r2q1rk1/3nppbp/b2p1np1/2pP4/8/2N2NP1/PP2PPBP/1RBQK2R w K -,1800-1999,b2b3,20,0.625,0.6171211414635402,0.4485,0.4957328023228185,0.5565,True,False
r2q1rk1/3nppbp/b2p1np1/2pP4/8/2N2NP1/PP2PPBP/1RBQK2R w K -,1800-1999,e1g1,103,0.6359223300970874,0.6337968589055764,0.5515,0.4453090086433115,0.5905,False,True
r2q1rk1/3nppbp/b2p1np1/2pP4/8/2N2NP1/PP2PPBP/R1BQ1RK1 w - -,1800-1999,a1b1,246,0.5752032520325203,0.5747844756845253,0.6112,0.5156687724946812,0.583,False,True
r2q1rk1/3nppbp/b2p1np1/2pP4/8/2N2NP1/PP2PPBP/R1BQ1RK1 w - -,1800-1999,d1c2,187,0.5588235294117647,0.5587041352455491,0.34405,0.5922316336527381,0.582,True,False
r2q1rk1/3nppbp/b2p1np1/2pP4/8/2N2NP1/PP2PPBP/R1BQ1RK1 w - -,1800-1999,f1e1,719,0.3657858136300417,0.3660967247034506,0.0,0.44755641091045656,0.535,False,False
r2q1rk1/3nppbp/b2p1np1/2pP4/8/2N2NP1/PP2PPBP/R1BQ1RK1 w - -,1800-1999,h2h3,97,0.4948453608247423,0.4951559311796228,0.04475,0.5516730958769323,0.523,False,False
r2q1rk1/4ppbp/n2p1np1/2pP4/4P3/2N2N2/PP3PPP/R1BQ1RK1 w - -,1800-1999,a2a3,58,0.5862068965517241,0.5843547004348844,0.0569,0.5965947388593988,0.6055,False,False
r2q1rk1/4ppbp/n2p1np1/2pP4/4P3/2N2N2/PP3PPP/R1BQ1RK1 w - -,1800-1999,a2a4,29,0.5689655172413793,0.5657993184087287,0.0745,0.6419857942083729,0.6405,False,False
r2q1rk1/4ppbp/n2p1np1/2pP4/4P3/2N2N2/PP3PPP/R1BQ1RK1 w - -,1800-1999,c1d2,12,0.4166666666666667,0.4266047352936828,0.02075,0.6956875220886316,0.6685,False,True
r2q1rk1/4ppbp/n2p1np1/2pP4/4P3/2N2N2/PP3PPP/R1BQ1RK1 w - -,1800-1999,c1f4,17,0.6764705882352942,0.6628365956693704,0.43005,0.7809696727977359,0.5955,False,False
r2q1rk1/4ppbp/n2p1np1/2pP4/4P3/2N2N2/PP3PPP/R1BQ1RK1 w - -,1800-1999,c1g5,49,0.4489795918367347,0.45094769291957754,0.0012,0.9146157392194251,0.62,True,False
r2q1rk1/4ppbp/n2p1np1/2pP4/4P3/2N2N2/PP3PPP/R1BQ1RK1 w - -,1800-1999,d1e2,18,0.5833333333333334,0.5792509806649776,0.13375,0.816713241626754,0.5835,False,False
r2q1rk1/4ppbp/n2p1np1/2pP4/4P3/2N2N2/PP3PPP/R1BQ1RK1 w - -,1800-1999,e4e5,18,0.6111111111111112,0.6035320728645752,0.1946,0.5232183332235653,0.499,False,False
r2q1rk1/4ppbp/n2p1np1/2pP4/4P3/2N2N2/PP3PPP/R1BQ1RK1 w - -,1800-1999,f1e1,94,0.5319148936170213,0.5314437749845295,0.0044,0.8492680480137323,0.589,False,False
r2q1rk1/4ppbp/n2p1np1/2pP4/4P3/2N2N2/PP3PPP/R1BQ1RK1 w - -,1800-1999,f3d2,15,0.5333333333333333,0.5313760275823145,0.081,0.6988680258274568,0.5965,False,False
r2q1rk1/4ppbp/n2p1np1/2pP4/4P3/2N2N2/PP3PPP/R1BQ1RK1 w - -,1800-1999,h2h3,34,0.45588235294117646,0.45802190644184154,0.00285,0.8415580034841121,0.61,False,False
r2q1rk1/p1p1bppp/2pp1n2/6B1/4P3/2N5/PPP2PPP/R2Q1RK1 w - -,1800-1999,d1d3,16,0.46875,0.4718164912413751,0.2045,0.526461261743944,0.5115,True,False
r2q1rk1/p1p1bppp/2pp1n2/6B1/4P3/2N5/PPP2PPP/R2Q1RK1 w - -,1800-1999,d1e2,19,0.47368421052631576,0.47594630322407866,0.1945,0.5216661724995654,0.512,False,True
r2q1rk1/p1p1bppp/2pp1n2/6B1/4P3/2N5/PPP2PPP/R2Q1RK1 w - -,1800-1999,d1f3,38,0.5263157894736842,0.5257718902804542,0.34245,0.5167976536629489,0.5045,False,False
r2q1rk1/p1p1bppp/2pp1n2/6B1/4P3/2N5/PPP2PPP/R2Q1RK1 w - -,1800-1999,f1e1,64,0.453125,0.45443416847926876,0.0551,0.5238022998962629,0.5045,False,False
r2q1rk1/p1p1bppp/2pp1n2/6B1/4P3/2N5/PPP2PPP/R2Q1RK1 w - -,1800-1999,f2f3,14,0.42857142857142855,0.4342607500995604,0.1245,0.5136512362603214,0.498,False,False
r2q1rk1/p1p1bppp/2pp1n2/6B1/4P3/2N5/PPP2PPP/R2Q1RK1 w - -,1800-1999,f2f4,33,0.4393939393939394,0.442650185263558,0.07895,0.3933784602672496,0.485,False,False
r2q1rk1/p1p1bppp/2pp1n2/8/4P3/2N5/PPP2PPP/R1BQR1K1 w - -,1800-1999,b2b3,18,0.75,0.7305056820851624,0.5624,0.5500084632103842,0.517,False,False
r2q1rk1/p1p1bppp/2pp1n2/8/4P3/2N5/PPP2PPP/R1BQR1K1 w - -,1800-1999,c1e3,28,0.6964285714285714,0.6866545237526273,0.27255,0.5114646914239659,0.517,False,False
r2q1rk1/p1p1bppp/2pp1n2/8/4P3/2N5/PPP2PPP/R1BQR1K1 w - -,1800-1999,c1f4,43,0.5930232558139535,0.5900290411254427,0.02645,0.5888051488342387,0.516,True,False
r2q1rk1/p1p1bppp/2pp1n2/8/4P3/2N5/PPP2PPP/R1BQR1K1 w - -,1800-1999,c1g5,60,0.5333333333333333,0.5325368496150703,0.00145,0.5156235423337702,0.5075,False,False
r2q1rk1/p1p1bppp/2pp1n2/8/4P3/2N5/PPP2PPP/R1BQR1K1 w - -,1800-1999,d1f3,19,0.4473684210526316,0.45173253153048015,0.0025,0.5464821063236344,0.506,False,False
r2q1rk1/p1p1bppp/2pp1n2/8/4P3/2N5/PPP2PPP/R1BQR1K1 w - -,1800-1999,e4e5,46,0.6413043478260869,0.6370123278825858,0.08185,0.5190129239401037,0.507,False,False
r2q1rk1/p1p1bppp/2pp1n2/8/4P3/2N5/PPP2PPP/R1BQR1K1 w - -,1800-1999,f2f4,11,0.4090909090909091,0.41961476154267846,0.00665,0.5093276339604871,0.5535,False,True
r2q1rk1/p1p1bppp/2pp1n2/8/4P3/2N5/PPP2PPP/R1BQR1K1 w - -,1800-1999,h2h3,11,0.5454545454545454,0.5396199701799673,0.04615,0.4983653523737397,0.517,False,False
r2q1rk1/p1p1bppp/2pp1n2/8/4PB2/2N5/PPP2PPP/R2Q1RK1 w - -,1800-1999,d1f3,11,0.5909090909090909,0.5799836688942109,0.5004,0.6809124729721622,0.5075,True,False
r2q1rk1/p1p1bppp/2pp1n2/8/4PB2/2N5/PPP2PPP/R2Q1RK1 w - -,1800-1999,e4e5,31,0.5806451612903226,0.5773463172163601,0.46775,0.6751913289806452,0.508,False,False
r2q1rk1/p1p1bppp/2pp1n2/8/4PB2/2N5/PPP2PPP/R2Q1RK1 w - -,1800-1999,f1e1,12,0.3333333333333333,0.3543214394275921,0.03185,0.555538847846159,0.5105,False,True
r2q1rk1/p1p1bppp/2pp1n2/8/4PP2/2N5/PPP3PP/R1BQ1RK1 w - -,1800-1999,c1e3,28,0.5178571428571429,0.5169803743373166,0.24025,0.7504640245863679,0.555,True,False
r2q1rk1/p1p1bppp/2pp1n2/8/4PP2/2N5/PPP3PP/R1BQ1RK1 w - -,1800-1999,d1f3,44,0.5227272727272727,0.5224346243052083,0.2282,0.6812732717760186,0.5985,False,True
r2q1rk1/p1p1bppp/2pp1n2/8/4PP2/2N5/PPP3PP/R1BQ1RK1 w - -,1800-1999,e4e5,39,0.5,0.5000606699884956,0.15765,0.3870141080435456,0.378,False,False
r2q1rk1/p1p1bppp/2pp1n2/8/4PP2/2N5/PPP3PP/R1BQ1RK1 w - -,1800-1999,g1h1,10,0.4,0.41185176935212947,0.08385,0.7058484439078847,0.572,False,False
r2q1rk1/p1p1bppp/2pp1n2/8/4PP2/2N5/PPP3PP/R1BQ1RK1 w - -,1800-1999,h2h3,10,0.5,0.5007587900706445,0.29005,0.5762205117128395,0.551,False,False
r2q1rk1/p1pb1ppp/2p5/2bpP3/3Nn3/2P5/PP3PPP/RNBQ1RK1 w - -,1800-1999,b1d2,109,0.46788990825688076,0.4683053915295175,0.2002,0.566411713960628,0.487,False,False
r2q1rk1/p1pb1ppp/2p5/2bpP3/3Nn3/2P5/PP3PPP/RNBQ1RK1 w - -,1800-1999,c1e3,72,0.4652777777777778,0.46623512304543363,0.21945,0.38819017619145807,0.3635,False,False
r2q1rk1/p1pb1ppp/2p5/2bpP3/3Nn3/2P5/PP3PPP/RNBQ1RK1 w - -,1800-1999,d1h5,16,0.5,0.5003701227175499,0.5028,0.5683067746226825,0.2205,False,False
r2q1rk1/p1pb1ppp/2p5/2bpP3/3Nn3/2P5/PP3PPP/RNBQ1RK1 w - -,1800-1999,f2f3,112,0.4375,0.4385226460433586,0.07755,0.6453309890228117,0.4985,True,True
r2q1rk1/p1pb1ppp/2p5/2bpP3/3Nn3/4B3/PPP2PPP/RN1Q1RK1 w - -,1800-1999,b1d2,114,0.5131578947368421,0.5132649318535666,0.0846,0.6224368285584669,0.516,True,False
r2q1rk1/p1pb1ppp/2p5/2bpP3/3Nn3/4B3/PPP2PPP/RN1Q1RK1 w - -,1800-1999,f2f3,373,0.5831099195710456,0.5825609479535314,0.9154,0.6046334278477479,0.5185,False,True
r2q1rk1/pb1nbpp1/1pp1pn1p/3p4/2PP3B/2NBPN2/PP3PPP/2RQ1RK1 w - -,1800-1999,a2a3,25,0.42,0.42486364600245025,0.0047,0.49704282887932166,0.509,False,False
r2q1rk1/pb1nbpp1/1pp1pn1p/3p4/2PP3B/2NBPN2/PP3PPP/2RQ1RK1 w - -,1800-1999,c4d5,84,0.5178571428571429,0.5177980918271526,0.0156,0.5894552526744805,0.546,False,True
r2q1rk1/pb1nbpp1/1pp1pn1p/3p4/2PP3B/2NBPN2/PP3PPP/2RQ1RK1 w - -,1800-1999,d1e2,35,0.5428571428571428,0.541602657179069,0.04585,0.6163077657722944,0.54,True,False
r2q1rk1/pb1nbpp1/1pp1pn1p/3p4/2PP3B/2NBPN2/PP3PPP/2RQ1RK1 w - -,1800-1999,f1e1,10,0.5,0.4992752200661729,0.06255,0.4955566414429366,0.5105,False,False
r2q1rk1/pb1nbpp1/1pp1pn1p/3p4/2PP3B/2NBPN2/PP3PPP/2RQ1RK1 w - -,1800-1999,f3e5,10,0.8,0.7613662211309464,0.8713,0.5280505793389845,0.5,False,False
r2q1rk1/pb1nbppp/1p2pn2/3p2B1/3P4/2NBPN2/PP3PPP/2RQ1RK1 w - -,1800-1999,a2a3,26,0.7115384615384616,0.7008205763635278,0.44385,0.5099340418351714,0.558,False,False
r2q1rk1/pb1nbppp/1p2pn2/3p2B1/3P4/2NBPN2/PP3PPP/2RQ1RK1 w - -,1800-1999,c3b5,26,0.6153846153846154,0.610597065670762,0.1092,0.7354255311501845,0.569,True,False
r2q1rk1/pb1nbppp/1p2pn2/3p2B1/3P4/2NBPN2/PP3PPP/2RQ1RK1 w - -,1800-1999,d1e2,11,0.5909090909090909,0.5821996251609123,0.1227,0.6370209709437338,0.6015,False,False
r2q1rk1/pb1nbppp/1p2pn2/3p2B1/3P4/2NBPN2/PP3PPP/2RQ1RK1 w - -,1800-1999,d3b1,45,0.4888888888888889,0.4892540153296122,0.002,0.505653116493168,0.541,False,False
r2q1rk1/pb1nbppp/1p2pn2/3p2B1/3P4/2NBPN2/PP3PPP/2RQ1RK1 w - -,1800-1999,h2h3,19,0.6842105263157895,0.6709179487438421,0.32225,0.5366084965742758,0.603,False,True
r2q1rk1/pb1nbppp/1p3n2/2pp2B1/3P4/2NBPN2/PP3PPP/2RQ1RK1 w - c6,1800-1999,b2b3,14,0.5,0.500682617324941,0.09975,0.49834427278659743,0.5175,False,False
r2q1rk1/pb1nbppp/1p3n2/2pp2B1/3P4/2NBPN2/PP3PPP/2RQ1RK1 w - c6,1800-1999,d1e2,15,0.5333333333333333,0.530453070408281,0.14475,0.5143279307687758,0.527,False,False
r2q1rk1/pb1nbppp/1p3n2/2pp2B1/3P4/2NBPN2/PP3PPP/2RQ1RK1 w - c6,1800-1999,d3b1,41,0.6585365853658537,0.6534786688691616,0.61225,0.6105826193253121,0.5135,False,False
r2q1rk1/pb1nbppp/1p3n2/2pp2B1/3P4/2NBPN2/PP3PPP/2RQ1RK1 w - c6,1800-1999,d4c5,49,0.42857142857142855,0.4299078901541677,0.00265,0.658264122369041,0.518,True,False
r2q1rk1/pb1nbppp/1p3n2/2pp2B1/3P4/2NBPN2/PP3PPP/2RQ1RK1 w - c6,1800-1999,f1e1,15,0.5333333333333333,0.531316833600681,0.1406,0.5142248245975519,0.531,False,True
r2q1rk1/pb1nbppp/1pn1p3/2ppP3/8/3P1NP1/PPP2PBP/R1BQRNK1 w - -,1800-1999,c1f4,28,0.6428571428571429,0.6343243164421362,0.4277,0.6598614269197184,0.519,False,False
r2q1rk1/pb1nbppp/1pn1p3/2ppP3/8/3P1NP1/PPP2PBP/R1BQRNK1 w - -,1800-1999,h2h4,113,0.6548672566371682,0.6536200422812897,0.5723,0.6809474166896731,0.5345,True,True
r2q1rk1/pb1nbppp/1pp1pn2/8/2PPN3/5NP1/PPQ2PBP/R1B2RK1 w - -,1800-1999,c1f4,14,0.6785714285714286,0.6618323840475416,0.64865,0.6730548906812142,0.519,False,False
r2q1rk1/pb1nbppp/1pp1pn2/8/2PPN3/5NP1/PPQ2PBP/R1B2RK1 w - -,1800-1999,e4f6,26,0.4807692307692308,0.48118301232083094,0.03325,0.68508242641765,0.6435,False,True
r2q1rk1/pb1nbppp/1pp1pn2/8/2PPN3/5NP1/PPQ2PBP/R1B2RK1 w - -,1800-1999,f1d1,77,0.6103896103896104,0.6082552688936829,0.2829,0.8320174066649029,0.576,True,False
r2q1rk1/pb1nbppp/1pp1pn2/8/2PPN3/5NP1/PPQ2PBP/R1B2RK1 w - -,1800-1999,f3e5,11,0.4090909090909091,0.41960504971662266,0.0352,0.674677114863511,0.507,False,False
r2q1rk1/pb1nbppp/2p1pn2/1p4B1/3P4/2NBPN2/PP3PPP/R2Q1RK1 w - -,1800-1999,a1c1,107,0.40654205607476634,0.40693823375570853,0.0,0.5456741415324403,0.5465,False,True
r2q1rk1/pb1nbppp/2p1pn2/1p4B1/3P4/2NBPN2/PP3PPP/R2Q1RK1 w - -,1800-1999,a2a3,66,0.6515151515151515,0.6479748540165258,0.54535,0.5526903005773336,0.5365,False,False
r2q1rk1/pb1nbppp/2p1pn2/1p4B1/3P4/2NBPN2/PP3PPP/R2Q1RK1 w - -,1800-1999,c3e4,10,0.4,0.4139259559582278,0.03875,0.5046500350452827,0.5105,False,False
r2q1rk1/pb1nbppp/2p1pn2/1p4B1/3P4/2NBPN2/PP3PPP/R2Q1RK1 w - -,1800-1999,d1c2,26,0.38461538461538464,0.390369911678065,0.00165,0.5880063062562872,0.5245,False,False
r2q1rk1/pb1nbppp/2p1pn2/1p4B1/3P4/2NBPN2/PP3PPP/R2Q1RK1 w - -,1800-1999,d1e2,32,0.625,0.6198433281553875,0.3586,0.6501493219497687,0.517,True,False
r2q1rk1/pb1nbppp/2p1pn2/1p4B1/3P4/2NBPN2/PP3PPP/R2Q1RK1 w - -,1800-1999,e3e4,28,0.48214285714285715,0.48373521113595186,0.0281,0.589848242456972,0.4655,False,False
r2q1rk1/pb1nbppp/2p1pn2/1p4B1/3P4/2NBPN2/PP3PPP/R2Q1RK1 w - -,1800-1999,f1e1,15,0.43333333333333335,0.43938521139725273,0.02755,0.5084144150938732,0.497,False,False
r2q1rk1/pbp1bppp/1p2pn2/6B1/3P4/2PB1N2/PP3PPP/R2Q1RK1 w - -,1800-1999,a1c1,14,0.4642857142857143,0.46768872516590837,0.21955,0.43075174408289146,0.492,False,False
r2q1rk1/pbp1bppp/1p2pn2/6B1/3P4/2PB1N2/PP3PPP/R2Q1RK1 w - -,1800-1999,d1c2,22,0.4772727272727273,0.47816600139092286,0.1889,0.36703876051513773,0.027,False,False
r2q1rk1/pbp1bppp/1p2pn2/6B1/3P4/2PB1N2/PP3PPP/R2Q1RK1 w - -,1800-1999,d1e2,27,0.5,0.5001114165108119,0.26915,0.5407964338320991,0.512,False,False
r2q1rk1/pbp1bppp/1p2pn2/6B1/3P4/2PB1N2/PP3PPP/R2Q1RK1 w - -,1800-1999,d3c2,24,0.4583333333333333,0.45934625332458034,0.1458,0.48958424449956434,0.5,False,False
r2q1rk1/pbp1bppp/1p2pn2/6B1/3P4/2PB1N2/PP3PPP/R2Q1RK1 w - -,1800-1999,f1e1,68,0.4632352941176471,0.4643059061826864,0.0801,0.5411166420207526,0.5125,False,True
r2q1rk1/pbp1bppp/1p2pn2/6B1/3P4/2PB1N2/PP3PPP/R2Q1RK1 w - -,1800-1999,f3e5,106,0.4811320754716981,0.4809469851047246,0.0965,0.7301536255432456,0.5005,True,False
r2q1rk1/pbpnbpp1/1p2pn1p/8/2BP3B/2N1PN2/PP3PPP/R2Q1RK1 w - -,1800-1999,a1c1,81,0.3950617283950617,0.39721951805457195,0.0757,0.4917423112104109,0.5075,False,False
r2q1rk1/pbpnbpp1/1p2pn1p/8/2BP3B/2N1PN2/PP3PPP/R2Q1RK1 w - -,1800-1999,a2a3,20,0.375,0.38329822961875826,0.1333,0.46293893135939895,0.492,False,False
r2q1rk1/pbpnbpp1/1p2pn1p/8/2BP3B/2N1PN2/PP3PPP/R2Q1RK1 w - -,1800-1999,c4d3,15,0.4,0.4089811841495806,0.21775,0.47191279733057123,0.483,False,False
r2q1rk1/pbpnbpp1/1p2pn1p/8/2BP3B/2N1PN2/PP3PPP/R2Q1RK1 w - -,1800-1999,d1e2,34,0.4411764705882353,0.44354758878017025,0.3178,0.6169617735585992,0.5215,True,True
r2q1rk1/pbpnbpp1/1p2pn1p/8/2BP3B/2N1PN2/PP3PPP/R2Q1RK1 w - -,1800-1999,f1e1,34,0.4264705882352941,0.43022708741345794,0.25545,0.5611884652232244,0.4975,False,False
r2q1rk1/pbpnbpp1/1p3n1p/3p4/3P3B/2NBPN2/PP3PPP/R2Q1RK1 w - -,1800-1999,a1c1,149,0.4966442953020134,0.49663319577855075,0.00075,0.5919837373720134,0.5325,True,False
r2q1rk1/pbpnbpp1/1p3n1p/3p4/3P3B/2NBPN2/PP3PPP/R2Q1RK1 w - -,1800-1999,a2a3,31,0.6290322580645161,0.6231931499006749,0.1826,0.5476621569156129,0.5115,False,False
r2q1rk1/pbpnbpp1/1p3n1p/3p4/3P3B/2NBPN2/PP3PPP/R2Q1RK1 w - -,1800-1999,d1c2,20,0.6,0.5936848918287198,0.1361,0.557478855625804,0.572,False,True
r2q1rk1/pbpnbpp1/1p3n1p/3p4/3P3B/2NBPN2/PP3PPP/R2Q1RK1 w - -,1800-1999,d1e2,14,0.6785714285714286,0.6612735067172898,0.4043,0.5266204049700413,0.507,False,False
r2q1rk1/pbpnbpp1/1p3n1p/3p4/3P3B/2NBPN2/PP3PPP/R2Q1RK1 w - -,1800-1999,d3c2,12,0.625,0.6107504284612236,0.20555,0.5908708746574084,0.512,False,False
r2q1rk1/pbpnbpp1/1p3n1p/3p4/3P3B/2NBPN2/PP3PPP/R2Q1RK1 w - -,1800-1999,f1e1,10,0.5,0.49942254646609396,0.0707,0.5624950761566128,0.5295,False,False
r2q1rk1/pbpnnppp/1p2p3/8/3P4/2NBPN2/PP3PPP/R2Q1RK1 w - -,1800-1999,a1c1,71,0.49295774647887325,0.49311572794357644,0.03875,0.48045325987562537,0.5185,False,True
r2q1rk1/pbpnnppp/1p2p3/8/3P4/2NBPN2/PP3PPP/R2Q1RK1 w - -,1800-1999,d1c2,13,0.5,0.4994555643886662,0.13725,0.49538803292551903,0.5115,True,False
r2q1rk1/pbpnnppp/1p2p3/8/3P4/2NBPN2/PP3PPP/R2Q1RK1 w - -,1800-1999,d1e2,20,0.65,0.6391868513445637,0.6523,0.48310377146575034,0.5165,False,False
r2q1rk1/pbpnnppp/1p2p3/8/3P4/2NBPN2/PP3PPP/R2Q1RK1 w - -,1800-1999,e3e4,26,0.4230769230769231,0.42721742279878233,0.0189,0.4003867730461196,0.497,False,False
r2q1rk1/pbpnnppp/1p2p3/8/3P4/2NBPN2/PP3PPP/R2Q1RK1 w - -,1800-1999,f1e1,11,0.5,0.4998716825551356,0.1528,0.4785494294420759,0.505,False,False
r2q1rk1/pp1bppbp/3p1np1/4n3/3NP3/1BN1BP2/PPPQ2PP/R3K2R w KQ -,1800-1999,e1c1,284,0.5933098591549296,0.5931069678066938,0.8199,0.7560315973849492,0.633,True,True
r2q1rk1/pp1bppbp/3p1np1/4n3/3NP3/1BN1BP2/PPPQ2PP/R3K2R w KQ -,1800-1999,e3h6,34,0.47058823529411764,0.47172013468162094,0.0693,0.6805783709764274,0.496,False,False
r2q1rk1/pp1bppbp/3p1np1/4n3/3NP3/1BN1BP2/PPPQ2PP/R3K2R w KQ -,1800-1999,h2h4,64,0.515625,0.5145238181803521,0.1108,0.6406295937816942,0.62,False,False
r2q1rk1/pp1bppbp/3p1np1/8/2PBP3/2N2P2/PP1QB1PP/R3K2R b KQ -,1800-1999,a7a5,19,0.42105263157894735,0.4272954666206404,0.2378,0.26465410724957084,0.198,False,False
r2q1rk1/pp1bppbp/3p1np1/8/2PBP3/2N2P2/PP1QB1PP/R3K2R b KQ -,1800-1999,a7a6,13,0.4230769230769231,0.430110628010903,0.3104,0.39929327015249516,0.367,True,True
r2q1rk1/pp1bppbp/3p1np1/8/2PBP3/2N2P2/PP1QB1PP/R3K2R b KQ -,1800-1999,d7c6,129,0.4728682170542636,0.4726347426328389,0.4518,0.2815355749853464,0.1575,False,False
r2q1rk1/pp1bppbp/3p1np1/8/2PBP3/2N2P2/PP2B1PP/R2Q1RK1 b - -,1800-1999,a7a5,28,0.5892857142857143,0.5848622744535201,0.5967,0.5158992332414079,0.45,True,True
r2q1rk1/pp1bppbp/3p1np1/8/2PBP3/2N2P2/PP2B1PP/R2Q1RK1 b - -,1800-1999,a7a6,11,0.5454545454545454,0.5409339300066512,0.38955,0.508548350429197,0.4275,False,False
r2q1rk1/pp1bppbp/3p1np1/8/2PBP3/2N2P2/PP2B1PP/R2Q1RK1 b - -,1800-1999,d7c6,187,0.4358288770053476,0.4361186852890919,0.01375,0.45141896394998116,0.4245,False,False
r2q1rk1/pp1bppbp/3p1np1/8/2PBP3/2N5/PP2BPPP/R2Q1RK1 w - -,1800-1999,a1c1,39,0.6410256410256411,0.6355091067584051,0.3918,0.5286149123380193,0.5155,False,False
r2q1rk1/pp1bppbp/3p1np1/8/2PBP3/2N5/PP2BPPP/R2Q1RK1 w - -,1800-1999,d1d2,20,0.675,0.6632585971566096,0.59245,0.6747492088318894,0.56,True,False
r2q1rk1/pp1bppbp/3p1np1/8/2PBP3/2N5/PP2BPPP/R2Q1RK1 w - -,1800-1999,f2f3,44,0.48863636363636365,0.4889616255219092,0.01375,0.5401614412250473,0.562,False,True
r2q1rk1/pp1bppbp/3p1np1/8/2PBP3/2N5/PP2BPPP/R2Q1RK1 w - -,1800-1999,f2f4,30,0.4,0.4038106863388122,0.002,0.47530778509468546,0.546,False,False
r2q1rk1/pp1bppbp/3p1np1/8/3BP3/1BN2P2/PPPQ2PP/R3K2R b KQ -,1800-1999,b7b5,77,0.38311688311688313,0.38541889834777293,0.4412,0.47194694175367474,0.4805,True,True
r2q1rk1/pp1bppbp/3p1np1/8/3BP3/1BN2P2/PPPQ2PP/R3K2R b KQ -,1800-1999,d7c6,10,0.4,0.41318032308558383,0.5588,0.30383240601514455,0.1065,False,False
r2q1rk1/pp1n1pp1/2pb1n1p/3p2B1/3P2b1/2PB1N2/PPQN1PPP/R4RK1 w - -,1800-1999,g5f6,15,0.5666666666666667,0.5613023003192337,0.56705,0.5463278645221571,0.496,True,False
r2q1rk1/pp1n1pp1/2pb1n1p/3p2B1/3P2b1/2PB1N2/PPQN1PPP/R4RK1 w - -,1800-1999,g5h4,256,0.54296875,0.5425862833337788,0.43295,0.49298026487600205,0.506,False,True
r2q1rk1/pp1n1pp1/2pb1n1p/3p4/3P2bB/2PB1N2/PP1N1PPP/R2Q1RK1 w - -,1800-1999,a1c1,48,0.3958333333333333,0.3994203925596786,0.0137,0.11873180075698175,0.4925,False,False
r2q1rk1/pp1n1pp1/2pb1n1p/3p4/3P2bB/2PB1N2/PP1N1PPP/R2Q1RK1 w - -,1800-1999,d1b3,38,0.3157894736842105,0.32334417527998494,0.0008,0.47909459952147926,0.494,False,False
r2q1rk1/pp1n1pp1/2pb1n1p/3p4/3P2bB/2PB1N2/PP1N1PPP/R2Q1RK1 w - -,1800-1999,d1c2,364,0.5357142857142857,0.5355444379208983,0.4908,0.49314073511047424,0.5075,False,True
r2q1rk1/pp1n1pp1/2pb1n1p/3p4/3P2bB/2PB1N2/PP1N1PPP/R2Q1RK1 w - -,1800-1999,f1e1,44,0.5340909090909091,0.5338751505086868,0.4947,0.4983412735752537,0.506,True,False
r2q1rk1/pp1n1ppp/2pb1n2/3p2B1/3P4/2NB1Q1P/PPP2PP1/R4RK1 w - -,1800-1999,a1e1,15,0.4,0.4092149235642963,0.18005,0.39237005709113026,0.507,False,False
r2q1rk1/pp1n1ppp/2pb1n2/3p2B1/3P4/2NB1Q1P/PPP2PP1/R4RK1 w - -,1800-1999,c3e2,20,0.5,0.4994755159629652,0.50115,0.5680301609479662,0.515,True,True
r2q1rk1/pp1n1ppp/2pb1n2/3p2B1/3P4/2NB1Q1P/PPP2PP1/R4RK1 w - -,1800-1999,f1e1,57,0.47368421052631576,0.47441148067806427,0.3188,0.24441448525231568,0.5035,False,False
r2q1rk1/pp1n1ppp/2pb1n2/3p2Bb/3P4/2N2N1P/PPP1BPP1/R2Q1RK1 w - -,1800-1999,a2a3,27,0.4074074074074074,0.4130784915829833,0.5418,0.20514672220394523,0.3715,False,False
r2q1rk1/pp1n1ppp/2pb1n2/3p2Bb/3P4/2N2N1P/PPP1BPP1/R2Q1RK1 w - -,1800-1999,d1d2,78,0.28846153846153844,0.29203241513719524,0.01565,0.2985664525876485,0.3115,False,False
r2q1rk1/pp1n1ppp/2pb1n2/3p2Bb/3P4/2N2N1P/PPP1BPP1/R2Q1RK1 w - -,1800-1999,d1d3,47,0.2978723404255319,0.304036723587561,0.0509,0.3280314771971614,0.214,False,False
r2q1rk1/pp1n1ppp/2pb1n2/3p2Bb/3P4/2N2N1P/PPP1BPP1/R2Q1RK1 w - -,1800-1999,f1e1,104,0.3798076923076923,0.3815312470370722,0.26815,0.30619112008242017,0.4305,False,False
r2q1rk1/pp1n1ppp/2pb1n2/3p2Bb/3P4/2N2N1P/PPP1BPP1/R2Q1RK1 w - -,1800-1999,f3e5,68,0.3014705882352941,0.3059887688596609,0.0338,0.3272761997848079,0.2965,False,False
r2q1rk1/pp1n1ppp/2pb1n2/3p2Bb/3P4/2N2N1P/PPP1BPP1/R2Q1RK1 w - -,1800-1999,f3h2,82,0.29878048780487804,0.3020983574578711,0.02385,0.36062088202321924,0.386,False,False
r2q1rk1/pp1n1ppp/2pb1n2/3p2Bb/3P4/2N2N1P/PPP1BPP1/R2Q1RK1 w - -,1800-1999,f3h4,30,0.2833333333333333,0.29353965592413067,0.06585,0.4499560881021482,0.47,True,True
r2q1rk1/pp1n1ppp/2pb1n2/3p2Bb/3P4/2NB1N1P/PPP2PP1/R2QR1K1 w - -,1800-1999,a2a3,26,0.28846153846153844,0.2997355805839,0.04375,0.30279799340175684,0.3725,False,False
r2q1rk1/pp1n1ppp/2pb1n2/3p2Bb/3P4/2NB1N1P/PPP2PP1/R2QR1K1 w - -,1800-1999,c3b1,13,0.38461538461538464,0.39617937195091074,0.34345,0.327297731152625,0.407,False,False
r2q1rk1/pp1n1ppp/2pb1n2/3p2Bb/3P4/2NB1N1P/PPP2PP1/R2QR1K1 w - -,1800-1999,d1d2,21,0.2619047619047619,0.27778628404974626,0.0394,0.37950240507598704,0.228,False,False
r2q1rk1/pp1n1ppp/2pb1n2/3p2Bb/3P4/2NB1N1P/PPP2PP1/R2QR1K1 w - -,1800-1999,d3e2,144,0.34375,0.34547174155365834,0.01765,0.30119073914053845,0.3995,False,False
r2q1rk1/pp1n1ppp/2pb1n2/3p2Bb/3P4/2NB1N1P/PPP2PP1/R2QR1K1 w - -,1800-1999,d3f5,75,0.4,0.4016190120007344,0.2435,0.42530687340907725,0.443,True,False
r2q1rk1/pp1n1ppp/2pb1n2/3p2Bb/3P4/2NB1N1P/PPP2PP1/R2QR1K1 w - -,1800-1999,e1e3,36,0.3611111111111111,0.36695404637999607,0.15415,0.36269375407366644,0.424,False,False
r2q1rk1/pp1n1ppp/2pb1n2/3p2Bb/3P4/2NB1N1P/PPP2PP1/R2QR1K1 w - -,1800-1999,g2g4,202,0.39603960396039606,0.3965686652324787,0.1581,0.3049327565461696,0.4575,False,True
r2q1rk1/pp1n1ppp/2pb1n2/3p2Bb/3P4/2P2N1P/PP1NBPP1/R2Q1RK1 w - -,1800-1999,d1b3,16,0.65625,0.6433947231978917,0.9121,0.4517006901609647,0.487,False,False
r2q1rk1/pp1n1ppp/2pb1n2/3p2Bb/3P4/2P2N1P/PP1NBPP1/R2Q1RK1 w - -,1800-1999,d1c2,31,0.4032258064516129,0.40816391849365574,0.0302,0.48556066691471805,0.4835,True,False
r2q1rk1/pp1n1ppp/2pb1n2/3p2Bb/3P4/2P2N1P/PP1NBPP1/R2Q1RK1 w - -,1800-1999,f1e1,51,0.4411764705882353,0.44318430342423,0.04405,0.377117817740605,0.4905,False,True
r2q1rk1/pp1n1ppp/2pb1n2/3p2Bb/3P4/2P2N1P/PP1NBPP1/R2Q1RK1 w - -,1800-1999,f3h2,25,0.36,0.3677435346963566,0.01365,0.45979544733707217,0.4285,False,False
r2q1rk1/pp1n1ppp/2pb1n2/3p2Bb/3P4/2PB1N1P/PP1N1PP1/R2Q1RK1 w - -,1800-1999,d1b3,77,0.4675324675324675,0.4685680245723299,0.38495,0.45375654132009174,0.497,False,False
r2q1rk1/pp1n1ppp/2pb1n2/3p2Bb/3P4/2PB1N1P/PP1N1PP1/R2Q1RK1 w - -,1800-1999,d1c2,907,0.43936052921719954,0.43950161262522763,0.04715,0.5142759836589836,0.506,True,True
r2q1rk1/pp1n1ppp/2pb1n2/3p2Bb/3P4/2PB1N1P/PP1N1PP1/R2Q1RK1 w - -,1800-1999,f1e1,163,0.48466257668711654,0.4845303686048652,0.5679,0.5052553630869795,0.5055,False,False
r2q1rk1/pp1n1ppp/2pb1n2/3p2Bb/3P4/3B1N1P/PPPN1PP1/R2QR1K1 w - -,1800-1999,c2c3,185,0.43243243243243246,0.4328770091049292,0.29895,0.5101539636677809,0.5095,False,False
r2q1rk1/pp1n1ppp/2pb1n2/3p2Bb/3P4/3B1N1P/PPPN1PP1/R2QR1K1 w - -,1800-1999,c2c4,50,0.45,0.451204465059705,0.50245,0.5548305736965022,0.517,True,True
r2q1rk1/pp1n1ppp/2pb1n2/3p2Bb/3P4/3B1N1P/PPPN1PP1/R2QR1K1 w - -,1800-1999,d2f1,36,0.3888888888888889,0.3938978107677769,0.18655,0.3685195991337519,0.466,False,False
r2q1rk1/pp1n1ppp/2pb1n2/3p2Bb/3P4/3B1N1P/PPPN1PP1/R2QR1K1 w - -,1800-1999,g2g4,18,0.2222222222222222,0.24349911934840188,0.01205,0.23984366481697067,0.4795,False,False
r2q1rk1/pp1n1ppp/2pb1p2/7b/3P4/2PB1N1P/PP3PP1/R1BQ1RK1 w - -,1800-1999,c1e3,51,0.39215686274509803,0.39538343117283636,0.0521,0.3873651137548671,0.493,False,False
r2q1rk1/pp1n1ppp/2pb1p2/7b/3P4/2PB1N1P/PP3PP1/R1BQ1RK1 w - -,1800-1999,d1c2,23,0.5217391304347826,0.5214286093014407,0.6204,0.30861209508214504,0.464,False,False
r2q1rk1/pp1n1ppp/2pb1p2/7b/3P4/2PB1N1P/PP3PP1/R1BQ1RK1 w - -,1800-1999,d3e2,19,0.3157894736842105,0.3285805185636129,0.037,0.4517969177005962,0.491,False,False
r2q1rk1/pp1n1ppp/2pb1p2/7b/3P4/2PB1N1P/PP3PP1/R1BQ1RK1 w - -,1800-1999,f1e1,58,0.47413793103448276,0.4750302311223254,0.2873,0.5269752501081849,0.5065,False,True
r2q1rk1/pp1n1ppp/2pb1p2/7b/3P4/2PB1N1P/PP3PP1/R1BQ1RK1 w - -,1800-1999,g2g4,24,0.22916666666666666,0.2463767876755696,0.0032,0.6716222330846334,0.5055,True,False
r2q1rk1/pp1nbpp1/2p1bn1p/3p4/3P3B/2NBP3/PPQ1NPPP/R3K2R w KQ -,1800-1999,e1g1,204,0.5906862745098039,0.5898227664787632,0.62495,0.8904332271457446,0.5475,True,False
r2q1rk1/pp1nbpp1/2p1bn1p/3p4/3P3B/2NBP3/PPQ1NPPP/R3K2R w KQ -,1800-1999,e2f4,44,0.5227272727272727,0.5221530151570356,0.1646,0.7899412615185947,0.639,False,True
r2q1rk1/pp1nbpp1/2p1bn1p/3p4/3P3B/2NBP3/PPQ1NPPP/R3K2R w KQ -,1800-1999,f2f3,26,0.5192307692307693,0.5184740605212189,0.21045,0.5186762344651229,0.559,False,False
r2q1rk1/pp1nbpp1/2p1bn1p/3p4/3P3B/2NBPN2/PPQ2PPP/R3K2R w KQ -,1800-1999,e1g1,167,0.5329341317365269,0.532527627553398,0.15795,0.8847724197505679,0.5485,True,True
r2q1rk1/pp1nbpp1/2p1bn1p/3p4/3P3B/2NBPN2/PPQ2PPP/R3K2R w KQ -,1800-1999,h2h3,10,0.7,0.673132468498645,0.84205,0.4558656328709432,0.536,False,False
r2q1rk1/pp1nbpp1/2p2n1p/3p4/3P2bB/2NBPN2/PP3PPP/R2Q1RK1 w - -,1800-1999,a1c1,18,0.3888888888888889,0.3976556548657701,0.0745,0.44507110166169866,0.502,False,False
r2q1rk1/pp1nbpp1/2p2n1p/3p4/3P2bB/2NBPN2/PP3PPP/R2Q1RK1 w - -,1800-1999,a2a3,10,0.6,0.5877966238289916,0.7572,0.45399593714599196,0.4925,False,False
r2q1rk1/pp1nbpp1/2p2n1p/3p4/3P2bB/2NBPN2/PP3PPP/R2Q1RK1 w - -,1800-1999,d3e2,10,0.3,0.3274268800972782,0.03555,0.5018156298812471,0.493,False,False
r2q1rk1/pp1nbpp1/2p2n1p/3p4/3P2bB/2NBPN2/PP3PPP/R2Q1RK1 w - -,1800-1999,h2h3,84,0.4642857142857143,0.46578722850880183,0.13275,0.6576412607257779,0.5365,True,True
r2q1rk1/pp1nbppp/2p2n2/3p2B1/3P4/2NQPN2/PP3PPP/R4RK1 w - -,1800-1999,a1b1,46,0.5978260869565217,0.5948881773819537,0.44605,0.5002194573604348,0.4965,True,False
r2q1rk1/pp1nbppp/2p2n2/3p2B1/3P4/2NQPN2/PP3PPP/R4RK1 w - -,1800-1999,a1c1,47,0.6063829787234043,0.6032961902955418,0.52305,0.49150591074972705,0.4965,False,False
r2q1rk1/pp1nbppp/2p2n2/3p2B1/3P4/2NQPN2/PP3PPP/R4RK1 w - -,1800-1999,a2a3,76,0.4473684210526316,0.4481344113617159,0.0054,0.49809450083595946,0.4985,False,False
r2q1rk1/pp1nbppp/2p2n2/3p2B1/3P4/2NQPN2/PP3PPP/R4RK1 w - -,1800-1999,f1e1,45,0.4,0.4034406129106424,0.00405,0.30079252525675654,0.4935,False,False
r2q1rk1/pp1nbppp/2p2n2/3p2B1/3P4/2NQPN2/PP3PPP/R4RK1 w - -,1800-1999,f3e5,31,0.4032258064516129,0.40854328705918985,0.0075,0.49151488371696844,0.473,False,False
r2q1rk1/pp1nbppp/2p2n2/3p2B1/3P4/2NQPN2/PP3PPP/R4RK1 w - -,1800-1999,h2h3,32,0.421875,0.4256948470510983,0.01395,0.49653542366083697,0.501,False,True
r2q1rk1/pp1nbppp/2p2n2/3p2Bb/3P4/2N1PN1P/PP2BPP1/R2Q1RK1 w - -,1800-1999,a1c1,32,0.4375,0.4400806075782496,0.01115,0.4992200948937157,0.501,False,False
r2q1rk1/pp1nbppp/2p2n2/3p2Bb/3P4/2N1PN1P/PP2BPP1/R2Q1RK1 w - -,1800-1999,a2a3,26,0.4807692307692308,0.4815253274037306,0.0293,0.4929050076257894,0.499,False,False
r2q1rk1/pp1nbppp/2p2n2/3p2Bb/3P4/2N1PN1P/PP2BPP1/R2Q1RK1 w - -,1800-1999,d1b3,12,0.625,0.6103644694036106,0.34475,0.6267266281188376,0.519,True,True
r2q1rk1/pp1nbppp/2p2n2/3p2Bb/3P4/2N1PN1P/PP2BPP1/R2Q1RK1 w - -,1800-1999,d1c2,11,0.6818181818181818,0.6597929567142782,0.55965,0.5027903803106365,0.496,False,False
r2q1rk1/pp1nbppp/2p2n2/3p2Bb/3P4/2N1PN1P/PP2BPP1/R2Q1RK1 w - -,1800-1999,f3e5,14,0.39285714285714285,0.4042720436870642,0.01455,0.4936304343016247,0.4825,False,False
r2q1rk1/pp1nbppp/2p2n2/3p2Bb/3P4/2N1PN1P/PP2BPP1/R2Q1RK1 w - -,1800-1999,f3h2,10,0.4,0.4138334407924403,0.0406,0.4623476324720147,0.4855,False,False
r2q1rk1/pp1nbppp/2p2n2/3p2Bb/3P4/2NB1N1P/PPP2PP1/R2QR1K1 w - -,1800-1999,d1e2,26,0.46153846153846156,0.46319869444000344,0.2036,0.4710349575725981,0.4505,False,False
r2q1rk1/pp1nbppp/2p2n2/3p2Bb/3P4/2NB1N1P/PPP2PP1/R2QR1K1 w - -,1800-1999,d3e2,39,0.48717948717948717,0.4880021968489591,0.28685,0.4323911103817807,0.459,False,False
r2q1rk1/pp1nbppp/2p2n2/3p2Bb/3P4/2NB1N1P/PPP2PP1/R2QR1K1 w - -,1800-1999,d3f5,21,0.5238095238095238,0.5230058356253854,0.5015,0.5008432689167296,0.4745,True,True
r2q1rk1/pp1nbppp/2p2n2/3p2Bb/3P4/2NB1N1P/PPP2PP1/R2QR1K1 w - -,1800-1999,g2g4,60,0.35833333333333334,0.3622960866787675,0.00805,0.37810886650499737,0.4645,False,False
r2q1rk1/pp1nbppp/2p2n2/3p2Bb/3P4/2NBPN1P/PP3PP1/R2Q1RK1 w - -,1800-1999,a1b1,12,0.5,0.4998178265693433,0.2488,0.4991597833540318,0.498,False,True
r2q1rk1/pp1nbppp/2p2n2/3p2Bb/3P4/2NBPN1P/PP3PP1/R2Q1RK1 w - -,1800-1999,a1c1,65,0.5,0.4997835796240636,0.1364,0.49436476164403076,0.498,False,False
r2q1rk1/pp1nbppp/2p2n2/3p2Bb/3P4/2NBPN1P/PP3PP1/R2Q1RK1 w - -,1800-1999,a2a3,34,0.4117647058823529,0.41514758825625797,0.02715,0.47289323963587815,0.497,False,False
r2q1rk1/pp1nbppp/2p2n2/3p2Bb/3P4/2NBPN1P/PP3PP1/R2Q1RK1 w - -,1800-1999,d1b3,13,0.34615384615384615,0.36168939651727133,0.03675,0.5754533581200476,0.4855,True,False
r2q1rk1/pp1nbppp/2p2n2/3p2Bb/3P4/2NBPN1P/PP3PP1/R2Q1RK1 w - -,1800-1999,d1c2,23,0.4782608695652174,0.47944815638693206,0.14995,0.5413731513112352,0.479,False,False
r2q1rk1/pp1nbppp/2p2n2/3p2Bb/3P4/2NBPN1P/PP3PP1/R2Q1RK1 w - -,1800-1999,d3e2,96,0.5052083333333334,0.5052337729204247,0.1269,0.4408207257184529,0.498,False,False
r2q1rk1/pp1nbppp/2p2n2/3p2Bb/3P4/2NBPN1P/PP3PP1/R2Q1RK1 w - -,1800-1999,f1e1,13,0.5,0.4990051651096682,0.2737,0.40590597663629996,0.498,False,False
r2q1rk1/pp1nbppp/2p2n2/3p2Bb/3P4/2NBPN1P/PP3PP1/R2Q1RK1 w - -,1800-1999,g2g4,76,0.34868421052631576,0.3512607325257061,0.00035,0.4603516546465401,0.486,False,False
r2q1rk1/pp1nbppp/2p2n2/3p2Bb/3P4/2PB1N1P/PP1N1PP1/R2Q1RK1 w - -,1800-1999,d1b3,23,0.6956521739130435,0.6830651897099622,0.93845,0.5100424891688933,0.512,False,False
r2q1rk1/pp1nbppp/2p2n2/3p2Bb/3P4/2PB1N1P/PP1N1PP1/R2Q1RK1 w - -,1800-1999,d1c2,139,0.5107913669064749,0.5106578059195624,0.0398,0.5828113413323981,0.517,True,True
r2q1rk1/pp1nbppp/2p2n2/3p2Bb/3P4/2PB1N1P/PP1N1PP1/R2Q1RK1 w - -,1800-1999,f1e1,36,0.4444444444444444,0.4471089560900521,0.02175,0.5365067739033228,0.516,False,False
r2q1rk1/pp1nppbp/2p2np1/8/2BP4/2N1PQ1P/PP3PP1/R1B2RK1 w - -,1800-1999,a2a3,17,0.4411764705882353,0.4454443191754586,0.0113,0.5412039496432877,0.518,False,False
r2q1rk1/pp1nppbp/2p2np1/8/2BP4/2N1PQ1P/PP3PP1/R1B2RK1 w - -,1800-1999,b2b3,20,0.525,0.5225229647241068,0.0392,0.4351969914863289,0.5115,False,False
r2q1rk1/pp1nppbp/2p2np1/8/2BP4/2N1PQ1P/PP3PP1/R1B2RK1 w - -,1800-1999,e3e4,40,0.7125,0.7048804223565247,0.6793,0.7046387276180243,0.545,False,False
r2q1rk1/pp1nppbp/2p2np1/8/2BP4/2N1PQ1P/PP3PP1/R1B2RK1 w - -,1800-1999,f1d1,33,0.6515151515151515,0.6452467985008026,0.2702,0.915894973745033,0.5825,True,True
r2q1rk1/pp2bpp1/2n1pn1p/3p2B1/3P2b1/2PB1N2/PPQN1PPP/R4RK1 w - -,1800-1999,g5f4,40,0.6125,0.6087737101596209,0.8065,0.4256688529632531,0.505,False,False
r2q1rk1/pp2bpp1/2n1pn1p/3p2B1/3P2b1/2PB1N2/PPQN1PPP/R4RK1 w - -,1800-1999,g5f6,39,0.46153846153846156,0.4632163972263152,0.05485,0.6453144515736534,0.524,True,True
r2q1rk1/pp2bpp1/2n1pn1p/3p2B1/3P2b1/2PB1N2/PPQN1PPP/R4RK1 w - -,1800-1999,g5h4,253,0.5335968379446641,0.5337424495976171,0.13865,0.5426639034087278,0.516,False,False
r2q1rk1/pp2bppp/2bp1n2/4p1B1/4P3/2NQ1N2/PPP2PPP/2KR3R w - -,1800-1999,c1b1,13,0.7307692307692307,0.7070101560292514,0.48625,0.5923138380953139,0.502,False,False
r2q1rk1/pp2bppp/2bp1n2/4p1B1/4P3/2NQ1N2/PPP2PPP/2KR3R w - -,1800-1999,g5f6,82,0.6646341463414634,0.6613926647618388,0.1737,0.6801824918429541,0.628,True,True
r2q1rk1/pp2bppp/2bp1n2/4p1B1/4P3/2NQ1N2/PPP2PPP/2KR3R w - -,1800-1999,h1e1,13,0.6923076923076923,0.6722243092187744,0.34005,0.6622195184720074,0.58,False,False
r2q1rk1/pp2bppp/2bppn2/6B1/3QP3/2N2N2/PPP2PPP/2KRR3 w - -,1800-1999,c1b1,32,0.5625,0.5594852252011229,0.3037,0.447308693269622,0.465,False,False
r2q1rk1/pp2bppp/2bppn2/6B1/3QP3/2N2N2/PPP2PPP/2KRR3 w - -,1800-1999,d4d2,17,0.4411764705882353,0.44550096930255884,0.07015,0.2412211555006097,0.455,False,False
r2q1rk1/pp2bppp/2bppn2/6B1/3QP3/2N2N2/PPP2PPP/2KRR3 w - -,1800-1999,e4e5,28,0.5357142857142857,0.534594530380474,0.2053,0.5177124513801252,0.5005,True,True
r2q1rk1/pp2bppp/2bppn2/6B1/3QP3/2N2N2/PPP2PPP/2KRR3 w - -,1800-1999,g5f6,24,0.5833333333333334,0.578260014311633,0.42085,0.22418940019740186,0.473,False,False
r2q1rk1/pp2bppp/2n1bn2/3pN1B1/2pP4/2N3P1/PP2PPBP/R2Q1RK1 w - -,1800-1999,b2b3,12,0.4583333333333333,0.46122189841770467,0.13935,0.787236479217958,0.528,True,False
r2q1rk1/pp2bppp/2n1bn2/3pN1B1/2pP4/2N3P1/PP2PPBP/R2Q1RK1 w - -,1800-1999,e2e4,10,0.6,0.5869065391994942,0.54095,0.3135643754366571,0.444,False,False
r2q1rk1/pp2bppp/2n1bn2/3pN1B1/2pP4/2N3P1/PP2PPBP/R2Q1RK1 w - -,1800-1999,e5c6,27,0.4444444444444444,0.44804691156276694,0.0722,0.3851198327415662,0.526,False,False
r2q1rk1/pp2bppp/2n1bn2/3pN1B1/2pP4/2N3P1/PP2PPBP/R2Q1RK1 w - -,1800-1999,f2f4,10,0.5,0.4999441485932326,0.2475,0.518165908852568,0.529,False,True
r2q1rk1/pp2bppp/2n1pn2/1B1p2B1/3P4/2N2Q1P/PPP2PP1/R4RK1 w - -,1800-1999,a1d1,62,0.46774193548387094,0.4678708160292382,0.5065,0.4300486727661533,0.468,False,False
r2q1rk1/pp2bppp/2n1pn2/1B1p2B1/3P4/2N2Q1P/PPP2PP1/R4RK1 w - -,1800-1999,b5c6,95,0.4473684210526316,0.4481885648193305,0.32605,0.3521946802617545,0.4925,False,True
r2q1rk1/pp2bppp/2n1pn2/1B1p2B1/3P4/2N2Q1P/PPP2PP1/R4RK1 w - -,1800-1999,c3e2,19,0.3684210526315789,0.3775440216365822,0.1667,0.4475813583719948,0.485,True,False
r2q1rk1/pp2bppp/2n1pn2/1B1p2B1/3P4/2N2Q1P/PPP2PP1/R4RK1 w - -,1800-1999,f1e1,39,0.20512820512820512,0.21553276757528264,0.00075,0.02806953026800491,0.006,False,False
r2q1rk1/pp2bppp/2n1pn2/3p2Bb/3P4/2P2N1P/PP1NBPP1/R2Q1RK1 w - -,1800-1999,a1c1,17,0.47058823529411764,0.4723240795489603,0.1704,0.5025022515729909,0.498,False,False
r2q1rk1/pp2bppp/2n1pn2/3p2Bb/3P4/2P2N1P/PP1NBPP1/R2Q1RK1 w - -,1800-1999,a2a3,10,0.45,0.4559044792860695,0.15655,0.49396991582123406,0.493,False,False
r2q1rk1/pp2bppp/2n1pn2/3p2Bb/3P4/2P2N1P/PP1NBPP1/R2Q1RK1 w - -,1800-1999,d1b3,16,0.53125,0.5286855416338968,0.35875,0.5279363676497812,0.482,False,False
r2q1rk1/pp2bppp/2n1pn2/3p2Bb/3P4/2P2N1P/PP1NBPP1/R2Q1RK1 w - -,1800-1999,d1c2,22,0.45454545454545453,0.4574193749787891,0.119,0.5687947983651596,0.4925,True,False
r2q1rk1/pp2bppp/2n1pn2/3p2Bb/3P4/2P2N1P/PP1NBPP1/R2Q1RK1 w - -,1800-1999,d2b3,13,0.2692307692307692,0.2928807933939586,0.0064,0.49638145049033056,0.487,False,False
r2q1rk1/pp2bppp/2n1pn2/3p2Bb/3P4/2P2N1P/PP1NBPP1/R2Q1RK1 w - -,1800-1999,f1e1,59,0.4406779661016949,0.4417519717574227,0.03385,0.5045916237446083,0.513,False,True
r2q1rk1/pp2bppp/2n1pn2/3p2Bb/3P4/2P2N1P/PP1NBPP1/R2Q1RK1 w - -,1800-1999,f3e5,56,0.5,0.4993880830590173,0.15335,0.5091692289802312,0.511,False,False
r2q1rk1/pp2bppp/2n1pn2/3p2Bb/3P4/2P2N1P/PP1NBPP1/R2Q1RK1 w - -,1800-1999,f3h2,30,0.3,0.3100294961390597,0.0017,0.46705928191342205,0.497,False,False
r2q1rk1/pp2bppp/2n1pn2/3p2Bb/3P4/2PB1N1P/PP1N1PP1/R2Q1RK1 w - -,1800-1999,a1c1,47,0.5319148936170213,0.5301216358157784,0.40265,0.5364750348881623,0.506,False,False
r2q1rk1/pp2bppp/2n1pn2/3p2Bb/3P4/2PB1N1P/PP1N1PP1/R2Q1RK1 w - -,1800-1999,d1b3,118,0.4364406779661017,0.4374702386273003,0.0135,0.5170060958868149,0.506,False,False
r2q1rk1/pp2bppp/2n1pn2/3p2Bb/3P4/2PB1N1P/PP1N1PP1/R2Q1RK1 w - -,1800-1999,d1c2,308,0.4107142857142857,0.41085952664967007,0.0002,0.497746114027166,0.5205,False,False
r2q1rk1/pp2bppp/2n1pn2/3p2Bb/3P4/2PB1N1P/PP1N1PP1/R2Q1RK1 w - -,1800-1999,d1e1,18,0.3055555555555556,0.320267282716571,0.0134,0.5360359427008227,0.5195,False,False
r2q1rk1/pp2bppp/2n1pn2/3p2Bb/3P4/2PB1N1P/PP1N1PP1/R2Q1RK1 w - -,1800-1999,d1e2,14,0.42857142857142855,0.4345341753517152,0.13535,0.5472113123395271,0.5,True,False
r2q1rk1/pp2bppp/2n1pn2/3p2Bb/3P4/2PB1N1P/PP1N1PP1/R2Q1RK1 w - -,1800-1999,f1e1,135,0.5370370370370371,0.5368143174311717,0.42315,0.5382340121925377,0.521,False,True
r2q1rk1/pp2bppp/2n1pn2/3p2Bb/3P4/2PB1N1P/PP1N1PP1/R2Q1RK1 w - -,1800-1999,g2g4,34,0.36764705882352944,0.3729050197958006,0.01175,0.5359081050333916,0.49,False,False
r2q1rk1/pp2bppp/2n1pn2/3p3b/3P1B2/2PB1N1P/PP1N1PP1/R2Q1RK1 w - -,1800-1999,a1c1,10,0.5,0.5000760816854356,0.2877,0.46021198812870945,0.525,False,False
r2q1rk1/pp2bppp/2n1pn2/3p3b/3P1B2/2PB1N1P/PP1N1PP1/R2Q1RK1 w - -,1800-1999,d1b3,26,0.5769230769230769,0.5721631596703396,0.53805,0.5311867658167861,0.528,True,False
r2q1rk1/pp2bppp/2n1pn2/3p3b/3P1B2/2PB1N1P/PP1N1PP1/R2Q1RK1 w - -,1800-1999,d1c2,69,0.4782608695652174,0.4788606768215991,0.07995,0.4739079326624239,0.53,False,False
r2q1rk1/pp2bppp/2n1pn2/3p3b/3P1B2/2PB1N1P/PP1N1PP1/R2Q1RK1 w - -,1800-1999,f1e1,48,0.4791666666666667,0.47963276724646203,0.0943,0.5074204004665498,0.5315,False,True
r2q1rk1/pp2ppbp/1nnp2p1/8/2PP2b1/1PN1BN2/P3BPPP/R2QK2R w KQ -,1800-1999,a1c1,87,0.5287356321839081,0.5279390914984947,0.4469,0.6568364767852963,0.4905,True,False
r2q1rk1/pp2ppbp/1nnp2p1/8/2PP2b1/1PN1BN2/P3BPPP/R2QK2R w KQ -,1800-1999,e1g1,106,0.4386792452830189,0.439367799824497,0.03365,0.639187576048524,0.527,False,False
r2q1rk1/pp2ppbp/1nnp2p1/8/2PP2b1/1PN1BN2/P3BPPP/R2QK2R w KQ -,1800-1999,h2h3,27,0.5370370370370371,0.5347561225494971,0.51945,0.588540708929999,0.5475,False,True
r2q1rk1/pp2ppbp/1nnp2p1/8/2PP2b1/2N1BN2/PP2BPPP/R2Q1RK1 w - -,1800-1999,a1c1,64,0.359375,0.3628753078919807,0.0293,0.3015386935458556,0.426,False,False
r2q1rk1/pp2ppbp/1nnp2p1/8/2PP2b1/2N1BN2/PP2BPPP/R2Q1RK1 w - -,1800-1999,b2b3,236,0.4872881355932203,0.48774385987979313,0.95015,0.6467392169319609,0.514,True,True
r2q1rk1/pp2ppbp/1nnp2p1/8/2PP2b1/2N1BN2/PP2BPPP/R2Q1RK1 w - -,1800-1999,d1d2,43,0.27906976744186046,0.28739886497335587,0.00435,0.18208286226785847,0.435,False,False
r2q1rk1/pp2ppbp/1nnp2p1/8/2PP2b1/2N1BN2/PP2BPPP/R2Q1RK1 w - -,1800-1999,d4d5,130,0.3769230769230769,0.37821382827850514,0.01565,0.1444317026957652,0.414,False,False
r2q1rk1/pp2ppbp/1nnp2p1/8/2PP2b1/2N1BN2/PP2BPPP/R2Q1RK1 w - -,1800-1999,h2h3,186,0.3387096774193548,0.340582875259785,0.00055,0.06551227106184769,0.313,False,False
r2q1rk1/pp2ppbp/1nnp2p1/8/2PP2b1/2NBBN2/PP3PPP/R2Q1RK1 w - -,1800-1999,d3e2,66,0.2803030303030303,0.2854203465800355,0.0099,0.19144002180341615,0.351,False,False
r2q1rk1/pp2ppbp/1nnp2p1/8/2PP2b1/2NBBN2/PP3PPP/R2Q1RK1 w - -,1800-1999,d3e4,13,0.23076923076923078,0.25836178296396006,0.06425,0.007079901702109574,0.0145,False,False
r2q1rk1/pp2ppbp/1nnp2p1/8/2PP2b1/2NBBN2/PP3PPP/R2Q1RK1 w - -,1800-1999,d4d5,114,0.2543859649122807,0.25738260684895725,0.0012,0.18204022239545906,0.1575,False,False
r2q1rk1/pp2ppbp/1nnp2p1/8/2PP2b1/2NBBN2/PP3PPP/R2Q1RK1 w - -,1800-1999,h2h3,74,0.4527027027027027,0.4532627696811114,0.92465,0.26968423213289744,0.474,True,True
r2q1rk1/pp2ppbp/2n3p1/2p5/2BPP1b1/2P1BN2/P4PPP/R2Q1RK1 w - -,1800-1999,a1b1,28,0.4642857142857143,0.4662038602461909,0.1877,0.4422345614517494,0.4505,False,False
r2q1rk1/pp2ppbp/2n3p1/2p5/2BPP1b1/2P1BN2/P4PPP/R2Q1RK1 w - -,1800-1999,c4d5,24,0.3958333333333333,0.4030355307695095,0.05835,0.49091983210204465,0.487,False,False
r2q1rk1/pp2ppbp/2n3p1/2p5/2BPP1b1/2P1BN2/P4PPP/R2Q1RK1 w - -,1800-1999,c4e2,27,0.3888888888888889,0.39434804307404064,0.04545,0.05863456792169254,0.0845,False,False
r2q1rk1/pp2ppbp/2n3p1/2p5/2BPP1b1/2P1BN2/P4PPP/R2Q1RK1 w - -,1800-1999,d4c5,17,0.5294117647058824,0.5283626284807199,0.5055,0.6723695099717536,0.507,True,True
r2q1rk1/pp2ppbp/2n3p1/2p5/2BPP1b1/2P1BN2/P4PPP/R2Q1RK1 w - -,1800-1999,d4d5,74,0.44594594594594594,0.44723178536916247,0.07175,0.5417441787412104,0.5035,False,False
r2q1rk1/pp2ppbp/2n3p1/2p5/2BPP1b1/2P1BN2/P4PPP/R2Q1RK1 w - -,1800-1999,e4e5,50,0.46,0.46068430852426,0.13035,0.34127086913838933,0.482,False,False
r2q1rk1/pp2ppbp/2n3p1/2p5/2BPP1b1/2P1BN2/P4PPP/R2Q1RK1 w - -,1800-1999,h2h3,41,0.2926829268292683,0.29944729695644656,0.0009,0.13426780225993662,0.1225,False,False
r2q1rk1/pp2ppbp/2n3p1/2p5/2BPP1b1/2P1BP2/P3N1PP/R2Q1RK1 b - -,1800-1999,c5d4,99,0.4898989898989899,0.49028227893156734,0.22805,0.44392610855634645,0.478,False,True
r2q1rk1/pp2ppbp/2n3p1/2p5/2BPP1b1/2P1BP2/P3N1PP/R2Q1RK1 b - -,1800-1999,c6a5,372,0.49193548387096775,0.49190265994953564,0.1439,0.4664273553495748,0.455,True,False
r2q1rk1/pp2ppbp/2n3p1/2p5/2BPP1b1/2P1BP2/P3N1PP/R2Q1RK1 b - -,1800-1999,g4d7,143,0.527972027972028,0.5274249505522098,0.62805,0.3607723456482805,0.473,False,False
r2q1rk1/pp2ppbp/3p1np1/2p5/3nPP2/2NP1QPP/PPP3B1/R1B2RK1 w - -,1800-1999,f3d1,41,0.45121951219512196,0.45325717488182454,0.19895,0.5359893303424085,0.5095,True,False
r2q1rk1/pp2ppbp/3p1np1/2p5/3nPP2/2NP1QPP/PPP3B1/R1B2RK1 w - -,1800-1999,f3f2,86,0.5290697674418605,0.5289843565151621,0.80105,0.4542000504073302,0.5505,False,True
r2q1rk1/pp2ppbp/3pbnp1/8/2BBP3/2N2P2/PPPQ2PP/R3K2R w KQ -,1800-1999,c4b3,65,0.5769230769230769,0.5749347906803045,0.6716,0.6862553160853897,0.5385,True,False
r2q1rk1/pp2ppbp/3pbnp1/8/2BBP3/2N2P2/PPPQ2PP/R3K2R w KQ -,1800-1999,c4e6,134,0.5447761194029851,0.5441753359391418,0.3284,0.6341666103028586,0.5405,False,True
r2q1rk1/pp2ppbp/3pbnp1/8/2PBP3/2N2P2/PP1Q2PP/R3KB1R w KQ -,1800-1999,a1c1,32,0.671875,0.6646564590038745,0.5095,0.5480349222654602,0.5155,False,False
r2q1rk1/pp2ppbp/3pbnp1/8/2PBP3/2N2P2/PP1Q2PP/R3KB1R w KQ -,1800-1999,b2b3,12,0.625,0.6110377095104463,0.3072,0.6037690697609256,0.5255,False,True
r2q1rk1/pp2ppbp/3pbnp1/8/2PBP3/2N2P2/PP1Q2PP/R3KB1R w KQ -,1800-1999,e1c1,19,0.5789473684210527,0.573499258383649,0.1476,0.6369506587459239,0.5175,True,False
r2q1rk1/pp2ppbp/3pbnp1/8/2PBP3/2N2P2/PP1Q2PP/R3KB1R w KQ -,1800-1999,f1e2,71,0.5563380281690141,0.5550576226860219,0.0357,0.5928225418183608,0.5255,False,False
r2q1rk1/pp2ppbp/3pbnp1/8/2PBP3/2N5/PP2BPPP/R2Q1RK1 w - -,1800-1999,a1c1,105,0.47619047619047616,0.4765782750590466,0.00195,0.5803285280902283,0.608,False,False
r2q1rk1/pp2ppbp/3pbnp1/8/2PBP3/2N5/PP2BPPP/R2Q1RK1 w - -,1800-1999,b2b3,65,0.5461538461538461,0.544728839127524,0.049,0.6163844982328137,0.6465,False,True
r2q1rk1/pp2ppbp/3pbnp1/8/2PBP3/2N5/PP2BPPP/R2Q1RK1 w - -,1800-1999,d1d2,32,0.5,0.4998493375425919,0.0362,0.658325708770341,0.608,True,False
r2q1rk1/pp2ppbp/3pbnp1/8/2PBP3/2N5/PP2BPPP/R2Q1RK1 w - -,1800-1999,f2f3,61,0.6639344262295082,0.6596347304564267,0.8085,0.5233212162716733,0.586,False,False
r2q1rk1/pp2ppbp/3pbnp1/8/2PBP3/2N5/PP2BPPP/R2Q1RK1 w - -,1800-1999,f2f4,32,0.546875,0.5448574422779592,0.10435,0.5597715499119126,0.644,False,False
r2q1rk1/pp2ppbp/3pbnp1/8/3BP1P1/2N2P2/PPPQ3P/R3KB1R w KQ -,1800-1999,e1c1,75,0.54,0.5394132175669871,0.0359,0.48256950232448603,0.5125,False,False
r2q1rk1/pp2ppbp/3pbnp1/8/3BP1P1/2N2P2/PPPQ3P/R3KB1R w KQ -,1800-1999,g4g5,11,0.8181818181818182,0.7800792403803769,0.963,0.6550575722231828,0.5045,True,False
r2q1rk1/pp2ppbp/3pbnp1/8/3BP1P1/2N2P2/PPPQ3P/R3KB1R w KQ -,1800-1999,h2h4,108,0.4351851851851852,0.4360376616172003,0.0011,0.529633028769178,0.8385,False,True
r2q1rk1/pp2ppbp/3pbnp1/8/3BP3/2N2P2/PPPQB1PP/R3K2R w KQ -,1800-1999,e1c1,87,0.4482758620689655,0.44880489723485406,0.0315,0.6054591173617043,0.5075,False,False
r2q1rk1/pp2ppbp/3pbnp1/8/3BP3/2N2P2/PPPQB1PP/R3K2R w KQ -,1800-1999,e1g1,17,0.35294117647058826,0.36502979062107477,0.0258,0.4615042978457278,0.508,False,False
r2q1rk1/pp2ppbp/3pbnp1/8/3BP3/2N2P2/PPPQB1PP/R3K2R w KQ -,1800-1999,g2g4,66,0.48484848484848486,0.48600998588688143,0.10835,0.7377125281813212,0.597,True,False
r2q1rk1/pp2ppbp/3pbnp1/8/3BP3/2N2P2/PPPQB1PP/R3K2R w KQ -,1800-1999,h2h4,21,0.6190476190476191,0.6116514941687122,0.83435,0.6218475045825678,0.6845,False,True
r2q1rk1/pp3ppp/2n1bn2/2bp2B1/8/2N2NP1/PP2PPBP/R2Q1RK1 w - -,1800-1999,a1c1,61,0.6229508196721312,0.6195806485918716,0.0955,0.7783341614003095,0.602,False,False
r2q1rk1/pp3ppp/2n1bn2/2bp2B1/8/2N2NP1/PP2PPBP/R2Q1RK1 w - -,1800-1999,a2a3,12,0.5,0.4997967397384972,0.0536,0.7590633590952255,0.535,False,False
r2q1rk1/pp3ppp/2n1bn2/2bp2B1/8/2N2NP1/PP2PPBP/R2Q1RK1 w - -,1800-1999,c3b5,10,0.4,0.4127077896862286,0.01765,0.5417700897091462,0.4905,False,False
r2q1rk1/pp3ppp/2n1bn2/2bp2B1/8/2N2NP1/PP2PPBP/R2Q1RK1 w - -,1800-1999,e2e3,41,0.4634146341463415,0.4647510720790338,0.00165,0.8367796388228945,0.541,True,False
r2q1rk1/pp3ppp/2n1bn2/2bp2B1/8/2N2NP1/PP2PPBP/R2Q1RK1 w - -,1800-1999,e2e4,12,0.25,0.27884288211791297,0.0006,0.43305437112868617,0.3845,False,False
r2q1rk1/pp3ppp/2n1bn2/2bp2B1/8/2N2NP1/PP2PPBP/R2Q1RK1 w - -,1800-1999,g5f6,63,0.7222222222222222,0.7172470914354446,0.831,0.7961171025357855,0.6765,False,True
r2q1rk1/pp3ppp/2n2n2/1Bbp3b/8/2N1PN1P/PP3PP1/R1BQ1RK1 w - -,1800-1999,a2a3,12,0.375,0.38895159234864596,0.27595,0.49513434739461487,0.483,False,False
r2q1rk1/pp3ppp/2n2n2/1Bbp3b/8/2N1PN1P/PP3PP1/R1BQ1RK1 w - -,1800-1999,b5e2,60,0.4583333333333333,0.4589292805052891,0.6119,0.5120904302706818,0.487,True,True
r2q1rk1/pp3ppp/2n2n2/1Bbp3b/8/2N1PN1P/PP3PP1/R1BQ1RK1 w - -,1800-1999,g2g4,21,0.3333333333333333,0.3439586968222306,0.11215,0.4028394963341691,0.325,False,False
r2q1rk1/pp3ppp/2nbpn2/3p3b/3P4/2PB1N1P/PP1N1PP1/R1BQR1K1 w - -,1800-1999,d1b3,23,0.4782608695652174,0.47972348435966633,0.49625,0.40608648135092157,0.3765,False,False
r2q1rk1/pp3ppp/2nbpn2/3p3b/3P4/2PB1N1P/PP1N1PP1/R1BQR1K1 w - -,1800-1999,d1c2,60,0.45,0.4511570548574048,0.2641,0.30405883602174516,0.3735,False,False
r2q1rk1/pp3ppp/2nbpn2/3p3b/3P4/2PB1N1P/PP1N1PP1/R1BQR1K1 w - -,1800-1999,d2f1,127,0.452755905511811,0.45326185662566293,0.23965,0.5063605191273356,0.4645,True,True
r2q1rk1/ppp1b1pp/3ppn2/6B1/3QP3/2N5/PPP2PPP/2KR3R w - -,1800-1999,d4c4,10,0.2,0.23992467285641725,0.00015,0.8039318205053384,0.5365,False,False
r2q1rk1/ppp1b1pp/3ppn2/6B1/3QP3/2N5/PPP2PPP/2KR3R w - -,1800-1999,e4e5,50,0.77,0.762412820809095,0.8942,0.8739628201274198,0.555,True,True
r2q1rk1/ppp1b1pp/3ppn2/6B1/3QP3/2N5/PPP2PPP/2KR3R w - -,1800-1999,f2f3,15,0.43333333333333335,0.4390926435998462,0.0035,0.5688663729680371,0.5045,False,False
r2q1rk1/ppp1b1pp/3ppn2/6B1/3QP3/2N5/PPP2PPP/2KR3R w - -,1800-1999,f2f4,29,0.5689655172413793,0.5646360817641306,0.0158,0.6458921716060484,0.5395,False,False
r2q1rk1/ppp1b1pp/3ppn2/6B1/3QP3/2N5/PPP2PPP/2KR3R w - -,1800-1999,h2h4,18,0.6111111111111112,0.6017538705110612,0.08635,0.5262024235698806,0.5005,False,False
r2q1rk1/ppp1b1pp/3ppn2/6B1/3QP3/2N5/PPP2PPP/R4RK1 w - -,1800-1999,a1d1,61,0.5245901639344263,0.524438497800246,0.11015,0.5740150121227041,0.5215,False,False
r2q1rk1/ppp1b1pp/3ppn2/6B1/3QP3/2N5/PPP2PPP/R4RK1 w - -,1800-1999,d4c4,24,0.4583333333333333,0.4606149197289147,0.0538,0.7004847124437471,0.505,True,False
r2q1rk1/ppp1b1pp/3ppn2/6B1/3QP3/2N5/PPP2PPP/R4RK1 w - -,1800-1999,e4e5,51,0.46078431372549017,0.4619795312782914,0.0278,0.6870990431800864,0.543,False,True
r2q1rk1/ppp1b1pp/3ppn2/6B1/3QP3/2N5/PPP2PPP/R4RK1 w - -,1800-1999,f2f4,23,0.6521739130434783,0.6423450792203745,0.80825,0.6078505139931473,0.501,False,False
r2q1rk1/ppp1bpp1/3pbn1p/8/2BQP2B/2N5/PPP2PPP/R4RK1 w - -,1800-1999,a1d1,15,0.6333333333333333,0.6207683921263111,0.74555,0.7228828453640336,0.5465,True,True
r2q1rk1/ppp1bpp1/3pbn1p/8/2BQP2B/2N5/PPP2PPP/R4RK1 w - -,1800-1999,c4d3,19,0.4473684210526316,0.45056886976140065,0.09015,0.5570653119039837,0.493,False,False
r2q1rk1/ppp1bpp1/3pbn1p/8/2BQP2B/2N5/PPP2PPP/R4RK1 w - -,1800-1999,c4e6,24,0.5,0.5004953550347429,0.1643,0.5795355987334806,0.5255,False,False
r2q1rk1/ppp1bppp/1nn1p3/4Pb2/2PP4/2N1BN2/PP2B1PP/R2Q1RK1 b - -,1800-1999,a7a6,13,0.07692307692307693,0.12040828076962908,5e-05,0.24601384283432445,0.0105,False,False
r2q1rk1/ppp1bppp/1nn1p3/4Pb2/2PP4/2N1BN2/PP2B1PP/R2Q1RK1 b - -,1800-1999,d8d7,13,0.5384615384615384,0.5353550567692468,0.3382,0.34854053895219006,0.235,False,False
r2q1rk1/ppp1bppp/1nn1p3/4Pb2/2PP4/2N1BN2/PP2B1PP/R2Q1RK1 b - -,1800-1999,f5g4,24,0.3958333333333333,0.4010028564304054,0.0187,0.46062864471817194,0.163,False,False
r2q1rk1/ppp1bppp/1nn1p3/4Pb2/2PP4/2N1BN2/PP2B1PP/R2Q1RK1 b - -,1800-1999,f7f6,147,0.5782312925170068,0.5777092222595304,0.48755,0.4964173275051877,0.334,True,True
r2q1rk1/ppp1bppp/1nn1p3/4Pb2/2PP4/2N1BN2/PP2B1PP/R2Q1RK1 b - -,1800-1999,h7h6,11,0.45454545454545453,0.46069440640238646,0.1555,0.3255535241467232,0.1475,False,False
r2q1rk1/ppp1bppp/2b2n2/4Q1B1/8/2N2N2/PPP2PPP/2KR3R b - -,1800-1999,d8e8,82,0.2865853658536585,0.2898273486819516,0.0045,0.38726914301900134,0.008,True,False
r2q1rk1/ppp1bppp/2b2n2/4Q1B1/8/2N2N2/PPP2PPP/2KR3R b - -,1800-1999,e7d6,88,0.4715909090909091,0.471489986190902,0.9955,0.3401374736407835,0.4715,False,True
r2q1rk1/ppp2ppp/1nnp1b2/8/2PP2b1/1P3N2/PB2BPPP/RN1Q1RK1 w - -,1800-1999,b1a3,42,0.40476190476190477,0.4082511416214814,0.0204,0.6765742382416133,0.511,True,True
r2q1rk1/ppp2ppp/1nnp1b2/8/2PP2b1/1P3N2/PB2BPPP/RN1Q1RK1 w - -,1800-1999,b1c3,12,0.5416666666666666,0.5364938786691862,0.3396,0.46294877288745717,0.506,False,False
r2q1rk1/ppp2ppp/1nnp1b2/8/2PP2b1/1P3N2/PB2BPPP/RN1Q1RK1 w - -,1800-1999,b1d2,85,0.40588235294117647,0.4082167480471876,0.0093,0.48360577202393024,0.503,False,False
r2q1rk1/ppp2ppp/1nnp1b2/8/2PP2b1/1P3N2/PB2BPPP/RN1Q1RK1 w - -,1800-1999,d1d2,17,0.4411764705882353,0.44579145775876733,0.1044,0.5170239864745501,0.493,False,False
r2q1rk1/ppp2ppp/1nnp1b2/8/2PP2b1/1P3N2/PB2BPPP/RN1Q1RK1 w - -,1800-1999,d1d3,12,0.5833333333333334,0.5729612125125868,0.5074,0.34966986848750775,0.4685,False,False
r2q1rk1/ppp2ppp/1nnp1b2/8/2PP2b1/1P3N2/PB2BPPP/RN1Q1RK1 w - -,1800-1999,h2h3,66,0.4166666666666667,0.4191199953590209,0.0189,0.4592369544091764,0.499,False,False
r2q1rk1/ppp2ppp/1nnp1b2/8/2PP2b1/1PN1BN2/P3BPPP/R2Q1RK1 b - -,1800-1999,d6d5,30,0.36666666666666664,0.3732375247802841,0.03285,0.32055428319424506,0.3755,True,True
r2q1rk1/ppp2ppp/1nnp1b2/8/2PP2b1/1PN1BN2/P3BPPP/R2Q1RK1 b - -,1800-1999,f8e8,102,0.553921568627451,0.5535343162172646,0.96715,0.14183100919932862,0.322,False,False
r2q1rk1/ppp2ppp/2np1n2/8/2BPP1b1/5N2/PP1N1PPP/R2QR1K1 w - -,1800-1999,d1b3,15,0.6,0.5901755149605818,0.235,0.5459232121890133,0.493,False,False
r2q1rk1/ppp2ppp/2np1n2/8/2BPP1b1/5N2/PP1N1PPP/R2QR1K1 w - -,1800-1999,d1c2,16,0.71875,0.7004012521484281,0.7631,0.8743320869327084,0.5275,True,False
r2q1rk1/ppp2ppp/2np1n2/8/2BPP1b1/5N2/PP1N1PPP/R2QR1K1 w - -,1800-1999,h2h3,59,0.4152542372881356,0.41786781108120374,0.0019,0.6869510511829798,0.574,False,True
r2q3r/ppp2k1p/2npb1p1/8/2QpP3/8/PPP2PPP/RNB1K2R w KQ -,1800-1999,c4b5,15,0.7333333333333333,0.7107342456926522,0.86095,0.4645256258872319,0.5025,True,False
r2q3r/ppp2k1p/2npb1p1/8/2QpP3/8/PPP2PPP/RNB1K2R w KQ -,1800-1999,c4d3,33,0.5,0.49991661577110097,0.03155,0.38739979761039867,0.502,False,False
r2q3r/ppp2k1p/2npb1p1/8/2QpP3/8/PPP2PPP/RNB1K2R w KQ -,1800-1999,c4e2,52,0.5769230769230769,0.5743018902054314,0.1075,0.4368842328275504,0.5105,False,True
r2qk1nr/1p1bbppp/p1np4/4p3/2B1PB2/2N2N2/PP2QPPP/R2R2K1 w kq -,1800-1999,f4e3,100,0.47,0.47076917209387587,0.99985,0.648046825783176,0.484,True,True
r2qk1nr/1p1bbppp/p1np4/4p3/2B1PB2/2N2N2/PP2QPPP/R2R2K1 w kq -,1800-1999,f4g3,46,0.1956521739130435,0.20486680960802642,0.00015,0.35621988022361395,0.418,False,False
r2qk1nr/p2b1pbp/4p1p1/1B1p4/8/2N5/PPP2PPP/R1BQ1RK1 w kq -,1800-1999,b5d7,46,0.4782608695652174,0.478586377438865,0.03545,0.21265722616524135,0.429,False,False
r2qk1nr/p2b1pbp/4p1p1/1B1p4/8/2N5/PPP2PPP/R1BQ1RK1 w kq -,1800-1999,d1e2,32,0.53125,0.5299503568158558,0.1418,0.2715593085974015,0.407,False,False
r2qk1nr/p2b1pbp/4p1p1/1B1p4/8/2N5/PPP2PPP/R1BQ1RK1 w kq -,1800-1999,f1e1,17,0.6764705882352942,0.6618335281944878,0.82275,0.3899141405757048,0.437,True,True
r2qk2r/1b1nbppp/p1p1pn2/1p4B1/3P4/2NBPN2/PP3PPP/R2Q1RK1 w kq -,1800-1999,a1c1,98,0.576530612244898,0.5751158235562905,0.18115,0.48564254377934213,0.557,False,True
r2qk2r/1b1nbppp/p1p1pn2/1p4B1/3P4/2NBPN2/PP3PPP/R2Q1RK1 w kq -,1800-1999,a2a3,63,0.5158730158730159,0.5156701000244023,0.04245,0.5141073252226295,0.475,False,False
r2qk2r/1b1nbppp/p1p1pn2/1p4B1/3P4/2NBPN2/PP3PPP/R2Q1RK1 w kq -,1800-1999,a2a4,13,0.38461538461538464,0.39751422436273026,0.03165,0.53810963336841,0.538,False,False
r2qk2r/1b1nbppp/p1p1pn2/1p4B1/3P4/2NBPN2/PP3PPP/R2Q1RK1 w kq -,1800-1999,c3e4,14,0.4642857142857143,0.4686736075996595,0.06815,0.5133262173791105,0.4785,False,False
r2qk2r/1b1nbppp/p1p1pn2/1p4B1/3P4/2NBPN2/PP3PPP/R2Q1RK1 w kq -,1800-1999,d1c2,12,0.5,0.49947261007740346,0.15705,0.3632887300448312,0.54,False,False
r2qk2r/1b1nbppp/p1p1pn2/1p4B1/3P4/2NBPN2/PP3PPP/R2Q1RK1 w kq -,1800-1999,d1e2,27,0.6111111111111112,0.6051822134852282,0.43795,0.4905043733537508,0.5135,False,False
r2qk2r/1b1nbppp/p1p1pn2/1p4B1/3P4/2NBPN2/PP3PPP/R2Q1RK1 w kq -,1800-1999,e3e4,33,0.45454545454545453,0.45671195248909663,0.01775,0.6607585723168059,0.506,True,False
r2qk2r/1b1nbppp/p1p1pn2/1p4B1/3P4/2NBPN2/PP3PPP/R2Q1RK1 w kq -,1800-1999,f1e1,18,0.4722222222222222,0.4742311542569891,0.06385,0.4583539135746879,0.474,False,False
r2qk2r/1b1nbppp/p2ppn2/1p6/3NP3/P1N1BP2/1PP1B1PP/R2Q1RK1 w kq -,1800-1999,d1d2,75,0.48,0.480834162156598,0.04355,0.23268184117195637,0.448,False,False
r2qk2r/1b1nbppp/p2ppn2/1p6/3NP3/P1N1BP2/1PP1B1PP/R2Q1RK1 w kq -,1800-1999,d1e1,26,0.36538461538461536,0.37180929925641787,0.0083,0.24840318484198048,0.4605,False,False
r2qk2r/1b1nbppp/p2ppn2/1p6/3NP3/P1N1BP2/1PP1B1PP/R2Q1RK1 w kq -,1800-1999,d4b3,10,0.7,0.674062156683623,0.83795,0.3314924888022563,0.4425,False,False
r2qk2r/1b1nbppp/p2ppn2/1p6/3NP3/P1N1BP2/1PP1B1PP/R2Q1RK1 w kq -,1800-1999,e2d3,10,0.45,0.4567478183108927,0.09795,0.2683401906480783,0.4425,False,False
r2qk2r/1b1nbppp/p2ppn2/1p6/3NP3/P1N1BP2/1PP1B1PP/R2Q1RK1 w kq -,1800-1999,g1h1,34,0.3088235294117647,0.31749157983937837,0.00075,0.3071015910219513,0.4615,False,True
r2qk2r/1b1nbppp/p2ppn2/1p6/3NP3/P1N1BP2/1PP1B1PP/R2Q1RK1 w kq -,1800-1999,g2g4,10,0.3,0.3277708613066267,0.0115,0.6351531367410869,0.214,True,False
r2qk2r/1p1nbpp1/p2pbn2/4p2p/4P3/1NN1BP2/PPPQ2PP/2KR1B1R w kq -,1800-1999,c1b1,47,0.5319148936170213,0.5305430365442958,0.1919,0.5264008328723829,0.514,False,True
r2qk2r/1p1nbpp1/p2pbn2/4p2p/4P3/1NN1BP2/PPPQ2PP/2KR1B1R w kq -,1800-1999,c3d5,11,0.5,0.5000144339370096,0.2184,0.5475012838124849,0.511,False,False
r2qk2r/1p1nbpp1/p2pbn2/4p2p/4P3/1NN1BP2/PPPQ2PP/2KR1B1R w kq -,1800-1999,f1e2,23,0.4782608695652174,0.4801765116257989,0.10685,0.5862568470049718,0.4955,False,False
r2qk2r/1p1nbpp1/p2pbn2/4p2p/4P3/1NN1BP2/PPPQ2PP/2KR1B1R w kq -,1800-1999,g2g3,10,0.55,0.5419010422262238,0.35135,0.6964522012589999,0.5095,True,False
r2qk2r/1p1nbpp1/p2pbn2/4p2p/4P3/1NN1BP2/PPPQ2PP/2KR1B1R w kq -,1800-1999,h2h3,30,0.5,0.4998359661382242,0.1315,0.6677560885210149,0.497,False,False
r2qk2r/1p3ppp/p1nbpn2/3p4/3P1B2/2NQPN2/PP3PPP/R4RK1 w kq -,1800-1999,f3e5,27,0.5,0.5000836049872193,0.13635,0.5293361299267784,0.5005,True,False
r2qk2r/1p3ppp/p1nbpn2/3p4/3P1B2/2NQPN2/PP3PPP/R4RK1 w kq -,1800-1999,f4d6,49,0.5714285714285714,0.569157414056568,0.39615,0.5040484105443952,0.514,False,True
r2qk2r/1p3ppp/p1nbpn2/3p4/3P1B2/2NQPN2/PP3PPP/R4RK1 w kq -,1800-1999,f4g3,14,0.5714285714285714,0.5631998352605113,0.42725,0.49625385909207986,0.5005,False,False
r2qk2r/1p3ppp/p1nbpn2/3p4/3P1B2/2NQPN2/PP3PPP/R4RK1 w kq -,1800-1999,f4g5,27,0.42592592592592593,0.4306239191444474,0.04025,0.5010009474317545,0.5055,False,False
r2qk2r/1p3ppp/p1npbb2/3Np3/4P3/N7/PPP2PPP/R2QKB1R w KQkq -,1800-1999,a3c4,55,0.5454545454545454,0.5446587948738314,0.09925,0.5783413749888237,0.531,True,True
r2qk2r/1p3ppp/p1npbb2/3Np3/4P3/N7/PPP2PPP/R2QKB1R w KQkq -,1800-1999,c2c3,153,0.5947712418300654,0.5941163305965942,0.2657,0.5765590000616181,0.5155,False,False
r2qk2r/1p3ppp/p1npbb2/3Np3/4P3/N7/PPP2PPP/R2QKB1R w KQkq -,1800-1999,c2c4,110,0.4727272727272727,0.47289727129890263,0.002,0.3915726897467453,0.453,False,False
r2qk2r/1p3ppp/p1npbb2/3Np3/4P3/N7/PPP2PPP/R2QKB1R w KQkq -,1800-1999,d5f6,38,0.631578947368421,0.6263325398254194,0.58995,0.35779406495831395,0.4905,False,False
r2qk2r/1p3ppp/p1npbb2/3Np3/4P3/N7/PPP2PPP/R2QKB1R w KQkq -,1800-1999,f1c4,22,0.45454545454545453,0.4569980031912439,0.0431,0.5571391799796557,0.5045,False,False
r2qk2r/3nbppp/p2pbn2/1p2p3/4P3/1NN1BP2/PPPQ2PP/2KR1B1R w kq -,1800-1999,c1b1,54,0.5092592592592593,0.5093706909740409,0.45135,0.5469294750251398,0.513,False,False
r2qk2r/3nbppp/p2pbn2/1p2p3/4P3/1NN1BP2/PPPQ2PP/2KR1B1R w kq -,1800-1999,c3d5,15,0.36666666666666664,0.3772840518944979,0.0923,0.6081548588513527,0.514,True,False
r2qk2r/3nbppp/p2pbn2/1p2p3/4P3/1NN1BP2/PPPQ2PP/2KR1B1R w kq -,1800-1999,g2g4,133,0.5112781954887218,0.5113897350251104,0.45635,0.5377307424613467,0.55,False,True
r2qk2r/3nbppp/p2pbn2/1p2p3/4P3/1NN1BP2/PPPQ2PP/2KR1B1R w kq b6,1800-1999,c1b1,100,0.445,0.44585628523523835,0.0743,0.5590657275352564,0.513,False,False
r2qk2r/3nbppp/p2pbn2/1p2p3/4P3/1NN1BP2/PPPQ2PP/2KR1B1R w kq b6,1800-1999,c3d5,30,0.5,0.500116565400962,0.4475,0.6227821488996363,0.514,True,False
r2qk2r/3nbppp/p2pbn2/1p2p3/4P3/1NN1BP2/PPPQ2PP/2KR1B1R w kq b6,1800-1999,g2g4,236,0.5084745762711864,0.5088734129961372,0.4782,0.5426339275782431,0.55,False,True
r2qk2r/3nppbp/3p1np1/2pP4/4P3/2N2NP1/PP3PKP/R1BQ3R b kq -,1800-1999,e8g8,285,0.5,0.49986519866705614,0.41695,0.47261697008917103,0.278,True,True
r2qk2r/3nppbp/3p1np1/2pP4/4P3/2N2NP1/PP3PKP/R1BQ3R b kq -,1800-1999,f6g4,21,0.5238095238095238,0.5214474198129135,0.58305,0.4525705886301931,0.096,False,False
r2qk2r/3nppbp/3p1np1/2pP4/4P3/2N3P1/PP3PKP/R1BQ2NR w kq -,1800-1999,f2f4,13,0.3076923076923077,0.3272435268814605,0.09515,0.5376367019352905,0.551,False,False
r2qk2r/3nppbp/3p1np1/2pP4/4P3/2N3P1/PP3PKP/R1BQ2NR w kq -,1800-1999,g1e2,53,0.37735849056603776,0.38091895149227634,0.0868,0.5469390052809614,0.5955,True,False
r2qk2r/3nppbp/3p1np1/2pP4/4P3/2N3P1/PP3PKP/R1BQ2NR w kq -,1800-1999,g1f3,139,0.4712230215827338,0.47178791099091677,0.6976,0.5208557225453716,0.727,False,True
r2qk2r/3nppbp/3p1np1/2pP4/4P3/2N3P1/PP3PKP/R1BQ2NR w kq -,1800-1999,h2h3,19,0.34210526315789475,0.3541727773209037,0.12045,0.5409842856338158,0.644,False,False
r2qk2r/p1pb1ppp/1bp5/3pP3/3Nn3/4B3/PPP2PPP/RN1Q1RK1 w kq -,1800-1999,b1d2,45,0.45555555555555555,0.45737692804951674,0.18545,0.44625859730915707,0.497,False,True
r2qk2r/p1pb1ppp/1bp5/3pP3/3Nn3/4B3/PPP2PPP/RN1Q1RK1 w kq -,1800-1999,c2c3,21,0.5238095238095238,0.5216695762971402,0.5762,0.4661764626164828,0.486,True,False
r2qk2r/p1pb1ppp/1bp5/3pP3/3Nn3/4B3/PPP2PPP/RN1Q1RK1 w kq -,1800-1999,f2f3,120,0.4791666666666667,0.4789014674937719,0.23835,0.45811922496645546,0.4815,False,False
r2qk2r/p1pb1ppp/2p5/2bpP1n1/3N4/5P2/PPP3PP/RNBQ1RK1 w kq -,1800-1999,c1e3,203,0.5295566502463054,0.5292638468798665,0.203,0.495732221033418,0.5055,False,False
r2qk2r/p1pb1ppp/2p5/2bpP1n1/3N4/5P2/PPP3PP/RNBQ1RK1 w kq -,1800-1999,f3f4,675,0.5614814814814815,0.5612278371575331,0.797,0.6032890239458244,0.507,True,True
r2qk2r/p1pbbppp/2p5/2npP3/3N4/5P2/PPP3PP/RNBQ1RK1 w kq -,1800-1999,b1c3,45,0.43333333333333335,0.4347440347931945,0.0335,0.562394142024797,0.492,False,False
r2qk2r/p1pbbppp/2p5/2npP3/3N4/5P2/PPP3PP/RNBQ1RK1 w kq -,1800-1999,b2b4,24,0.3333333333333333,0.34344575871349603,0.0084,0.20155245985674133,0.445,False,False
r2qk2r/p1pbbppp/2p5/2npP3/3N4/5P2/PPP3PP/RNBQ1RK1 w kq -,1800-1999,c1e3,66,0.5833333333333334,0.5811563493658133,0.7673,0.4913750017074088,0.484,False,False
r2qk2r/p1pbbppp/2p5/2npP3/3N4/5P2/PPP3PP/RNBQ1RK1 w kq -,1800-1999,f3f4,145,0.5241379310344828,0.5234904767523963,0.1908,0.5958883350464762,0.525,True,True
r2qk2r/p2bbppp/2Q2n2/4p1N1/8/8/PPPP1PPP/RNB1K2R w KQkq -,1800-1999,c6c3,41,0.3048780487804878,0.31152797313593045,0.185,0.24833218208199442,0.022,False,False
r2qk2r/p2bbppp/2Q2n2/4p1N1/8/8/PPPP1PPP/RNB1K2R w KQkq -,1800-1999,c6c4,118,0.3516949152542373,0.3536038997245742,0.3559,0.2240403439616342,0.165,False,False
r2qk2r/p2bbppp/2Q2n2/4p1N1/8/8/PPPP1PPP/RNB1K2R w KQkq -,1800-1999,c6f3,177,0.3615819209039548,0.3627187356067025,0.4591,0.5944739554063369,0.403,True,True
r2qk2r/p2bbppp/4pn2/1B1p2B1/8/2N5/PPP2PPP/R2Q1RK1 w kq -,1800-1999,b5d7,15,0.5,0.5008717642367948,0.8696,0.5083093863475314,0.3555,True,False
r2qk2r/p2bbppp/4pn2/1B1p2B1/8/2N5/PPP2PPP/R2Q1RK1 w kq -,1800-1999,f1e1,26,0.34615384615384615,0.35471000855071017,0.1304,0.38790126126408897,0.411,False,True
r2qk2r/p3ppbp/2pp1np1/6B1/4P3/2N5/PPP2PPP/R2Q1RK1 w kq -,1800-1999,d1d2,17,0.29411764705882354,0.3110512712045162,0.04845,0.4897205368422747,0.5025,True,True
r2qk2r/p3ppbp/2pp1np1/6B1/4P3/2N5/PPP2PPP/R2Q1RK1 w kq -,1800-1999,d1f3,14,0.5714285714285714,0.5651146473278932,0.95155,0.381516708952161,0.499,False,False
r2qk2r/p3ppbp/2pp1np1/8/4P3/2N1B3/PPP2PPP/R2Q1RK1 w kq -,1800-1999,d1d2,21,0.47619047619047616,0.47757960068335487,0.0077,0.4826649174902077,0.5005,True,True
r2qk2r/p3ppbp/2pp1np1/8/4P3/2N1B3/PPP2PPP/R2Q1RK1 w kq -,1800-1999,f2f3,11,0.5,0.49942921036800336,0.023,0.3017323011012521,0.496,False,False
r2qk2r/p3ppbp/2pp1np1/8/4P3/2N1B3/PPP2PPP/R2Q1RK1 w kq -,1800-1999,f2f4,11,0.8636363636363636,0.8194570307164412,0.9693,0.4663684722635995,0.498,False,False
r2qk2r/pp1n1ppp/2pbpn2/8/3P4/2PQ1NN1/PP3PPP/R1B2RK1 w kq -,1800-1999,c1g5,73,0.5821917808219178,0.5806587162934684,0.8767,0.5102534789244435,0.5045,False,False
r2qk2r/pp1n1ppp/2pbpn2/8/3P4/2PQ1NN1/PP3PPP/R1B2RK1 w kq -,1800-1999,f1e1,53,0.4716981132075472,0.47224814678337523,0.0945,0.5176064244872993,0.5055,True,True
r2qk2r/pp1n1ppp/2pbpn2/8/3P4/2PQ1NN1/PP3PPP/R1B2RK1 w kq -,1800-1999,g3e4,44,0.42045454545454547,0.42302089676842336,0.0288,0.5097081577164226,0.5045,False,False
r2qk2r/pp1nbppp/2p1pn2/6B1/3P4/3Q1NN1/PPP2PPP/R4RK1 w kq -,1800-1999,a1d1,32,0.515625,0.5151039876742574,0.20145,0.5676314596664579,0.5085,False,False
r2qk2r/pp1nbppp/2p1pn2/6B1/3P4/3Q1NN1/PPP2PPP/R4RK1 w kq -,1800-1999,c2c3,35,0.5857142857142857,0.581548103440577,0.5695,0.5052049539310167,0.5,False,False
r2qk2r/pp1nbppp/2p1pn2/6B1/3P4/3Q1NN1/PPP2PPP/R4RK1 w kq -,1800-1999,c2c4,20,0.5,0.4998508369666235,0.19395,0.502995539792064,0.5115,False,True
r2qk2r/pp1nbppp/2p1pn2/6B1/3P4/3Q1NN1/PPP2PPP/R4RK1 w kq -,1800-1999,f1e1,58,0.4482758620689655,0.4495293154063276,0.0272,0.5755643141720266,0.5075,True,False
r2qk2r/pp1nbppp/2p1pn2/6B1/3P4/3Q1NN1/PPP2PPP/R4RK1 w kq -,1800-1999,f3e5,12,0.2916666666666667,0.313637720943379,0.0079,0.4944069368377931,0.479,False,False
r2qk2r/pp1nbppp/2p1pn2/8/3P4/3Q1NN1/PPP2PPP/R1B1R1K1 w kq -,1800-1999,b2b3,13,0.5,0.499420251078138,0.0874,0.5881799854079403,0.514,True,False
r2qk2r/pp1nbppp/2p1pn2/8/3P4/3Q1NN1/PPP2PPP/R1B1R1K1 w kq -,1800-1999,c1f4,20,0.625,0.6158532771747216,0.3412,0.5686189549009658,0.518,False,True
r2qk2r/pp1nbppp/2p1pn2/8/3P4/3Q1NN1/PPP2PPP/R1B1R1K1 w kq -,1800-1999,c1g5,26,0.4423076923076923,0.44549120712933615,0.00985,0.5783747914477565,0.5085,False,False
r2qk2r/pp1nbppp/2p1pn2/8/3P4/3Q1NN1/PPP2PPP/R1B1R1K1 w kq -,1800-1999,c2c3,34,0.6617647058823529,0.6540322555850465,0.53395,0.5111996285639092,0.502,False,False
r2qk2r/pp1nbppp/2p1pn2/8/3P4/3Q1NN1/PPP2PPP/R1B1R1K1 w kq -,1800-1999,c2c4,56,0.49107142857142855,0.4912927371611349,0.0097,0.5193175971108189,0.516,False,False
r2qk2r/pp1nbppp/2p1pn2/8/3P4/3Q1NN1/PPP2PPP/R1B1R1K1 w kq -,1800-1999,f3e5,14,0.42857142857142855,0.4358632105875993,0.0179,0.4361509950727264,0.482,False,False
r2qk2r/pp2bppp/2n1b3/3pPp2/3P4/2N2N2/PP3PPP/R1BQ1RK1 w kq -,1800-1999,a2a3,138,0.4746376811594203,0.47541980966232916,0.2579,0.4992111943449937,0.4605,False,False
r2qk2r/pp2bppp/2n1b3/3pPp2/3P4/2N2N2/PP3PPP/R1BQ1RK1 w kq -,1800-1999,c1e3,77,0.5064935064935064,0.5064480237784402,0.59265,0.3923920692396836,0.4625,False,False
r2qk2r/pp2bppp/2n1b3/3pPp2/3P4/2N2N2/PP3PPP/R1BQ1RK1 w kq -,1800-1999,c1f4,13,0.3076923076923077,0.3273406524404819,0.06285,0.45009128361889045,0.396,False,False
r2qk2r/pp2bppp/2n1b3/3pPp2/3P4/2N2N2/PP3PPP/R1BQ1RK1 w kq -,1800-1999,d1b3,35,0.38571428571428573,0.3912948219178905,0.0644,0.652188026466827,0.503,True,True
r2qk2r/pp2bppp/2n1b3/3pPp2/3P4/2N2N2/PP3PPP/R1BQ1RK1 w kq -,1800-1999,f1e1,18,0.2777777777777778,0.29376359748546554,0.0222,0.4637383168406225,0.4535,False,False
r2qk2r/pp2bppp/2n1p3/3n3b/3P4/2N2N1P/PP2BPP1/R1BQ1RK1 w kq -,1800-1999,a2a3,47,0.48936170212765956,0.4899668795697599,0.01975,0.4796959645966562,0.4755,False,False
r2qk2r/pp2bppp/2n1p3/3n3b/3P4/2N2N1P/PP2BPP1/R1BQ1RK1 w kq -,1800-1999,c1e3,19,0.47368421052631576,0.475672434245862,0.0414,0.47803460274454423,0.483,False,False
r2qk2r/pp2bppp/2n1p3/3n3b/3P4/2N2N1P/PP2BPP1/R1BQ1RK1 w kq -,1800-1999,c3d5,43,0.38372093023255816,0.3877262472642662,0.00085,0.4781504099378197,0.4835,False,False
r2qk2r/pp2bppp/2n1p3/3n3b/3P4/2N2N1P/PP2BPP1/R1BQ1RK1 w kq -,1800-1999,c3e4,16,0.5,0.49916220125472865,0.06865,0.16954188874729398,0.4255,False,False
r2qk2r/pp2bppp/2n1p3/3n3b/3P4/2N2N1P/PP2BPP1/R1BQ1RK1 w kq -,1800-1999,d1b3,15,0.7333333333333333,0.7132081054511127,0.86455,0.5912727267896681,0.4985,True,True
r2qk2r/pp2bppp/2n1p3/3n3b/3P4/2N2N1P/PP2BPP1/R1BQ1RK1 w kq -,1800-1999,f1e1,30,0.4,0.4054353737990829,0.0034,0.4182901360803266,0.4835,False,False
r2qk2r/pp2bppp/2n1p3/3n3b/3P4/2N2N1P/PP2BPP1/R1BQ1RK1 w kq -,1800-1999,f3e5,22,0.3409090909090909,0.35113013557556955,0.0014,0.4684930690641603,0.491,False,False
r2qk2r/pp2bppp/2n1pn2/8/3P2b1/2N1BN2/PP2BPPP/R2Q1RK1 w kq -,1800-1999,a1c1,23,0.3695652173913043,0.3770155862756013,0.0024,0.5448878258564628,0.535,False,False
r2qk2r/pp2bppp/2n1pn2/8/3P2b1/2N1BN2/PP2BPPP/R2Q1RK1 w kq -,1800-1999,a2a3,17,0.47058823529411764,0.47328097929741225,0.04125,0.5433368950606919,0.5145,False,False
r2qk2r/pp2bppp/2n1pn2/8/3P2b1/2N1BN2/PP2BPPP/R2Q1RK1 w kq -,1800-1999,d1a4,17,0.6764705882352942,0.6619633915001463,0.56275,0.502048402654324,0.505,False,False
r2qk2r/pp2bppp/2n1pn2/8/3P2b1/2N1BN2/PP2BPPP/R2Q1RK1 w kq -,1800-1999,d1b3,35,0.5714285714285714,0.5690538238567742,0.10915,0.6996364247034823,0.548,True,False
r2qk2r/pp2bppp/2n1pn2/8/3P2b1/2N1BN2/PP2BPPP/R2Q1RK1 w kq -,1800-1999,f3e5,19,0.6052631578947368,0.5968541181322998,0.25,0.650929098557739,0.5025,False,False
r2qk2r/pp2bppp/2n1pn2/8/3P2b1/2N1BN2/PP2BPPP/R2Q1RK1 w kq -,1800-1999,h2h3,89,0.550561797752809,0.5498536258435958,0.03445,0.6176486891266667,0.5615,False,True
r2qk2r/pp2bppp/2p1pn2/8/3P2b1/2PB1N2/PP3PPP/R1BQ1RK1 w kq -,1800-1999,c1f4,28,0.4107142857142857,0.41464225007415845,0.20375,0.5465600129533603,0.502,False,False
r2qk2r/pp2bppp/2p1pn2/8/3P2b1/2PB1N2/PP3PPP/R1BQ1RK1 w kq -,1800-1999,c1g5,12,0.4166666666666667,0.42565413960043896,0.2856,0.5322762027746991,0.4735,False,False
r2qk2r/pp2bppp/2p1pn2/8/3P2b1/2PB1N2/PP3PPP/R1BQ1RK1 w kq -,1800-1999,f1e1,51,0.4117647058823529,0.41478110262556894,0.13465,0.5555387821762184,0.516,True,True
r2qk2r/pp2bppp/2p1pn2/8/3P2b1/2PB1N2/PP3PPP/R1BQ1RK1 w kq -,1800-1999,h2h3,108,0.46296296296296297,0.46292311031371247,0.376,0.5082472036272159,0.516,False,False
r2qk2r/pp2npbp/2n1p1p1/3pP3/3P4/2N2B1P/PP3PP1/R1BQ1RK1 b kq -,1800-1999,d8b6,18,0.6944444444444444,0.6806326806289963,0.5483,0.8107957530425491,0.5185,True,False
r2qk2r/pp2npbp/2n1p1p1/3pP3/3P4/2N2B1P/PP3PP1/R1BQ1RK1 b kq -,1800-1999,e7f5,61,0.6721311475409836,0.667835742210668,0.42325,0.7600064631500763,0.597,False,True
r2qk2r/pp2npbp/2n1p1p1/3pP3/3P4/2N2B1P/PP3PP1/R1BQ1RK1 b kq -,1800-1999,e8g8,87,0.5689655172413793,0.5677574771494736,0.02845,0.5833459892584909,0.5305,False,False
r2qk2r/pp2ppbp/1nnp2p1/8/2PP4/2N1BQ1P/PP3PP1/R3KB1R w KQkq -,1800-1999,a1d1,82,0.5060975609756098,0.5059865020396144,0.2232,0.5764639611171761,0.5745,False,False
r2qk2r/pp2ppbp/1nnp2p1/8/2PP4/2N1BQ1P/PP3PP1/R3KB1R w KQkq -,1800-1999,c4c5,11,0.36363636363636365,0.38024458939777056,0.0872,0.6974119709309016,0.433,True,False
r2qk2r/pp2ppbp/1nnp2p1/8/2PP4/2N1BQ1P/PP3PP1/R3KB1R w KQkq -,1800-1999,e1c1,48,0.5416666666666666,0.5403095115330564,0.4837,0.6450151677811058,0.5795,False,True
r2qk2r/pp2ppbp/1nnp2p1/8/2PP4/2N1BQ1P/PP3PP1/R3KB1R w KQkq -,1800-1999,f3d1,26,0.4807692307692308,0.48301810929151723,0.2059,0.4835686373915004,0.483,False,False
r2qk2r/pp3ppp/2pbpn2/8/3P2b1/2PB1N2/PP3PPP/R1BQ1RK1 w kq -,1800-1999,c1g5,58,0.45689655172413796,0.45721856550596174,0.09895,0.6171127694581361,0.471,True,False
r2qk2r/pp3ppp/2pbpn2/8/3P2b1/2PB1N2/PP3PPP/R1BQ1RK1 w kq -,1800-1999,f1e1,38,0.5394736842105263,0.5380968370518678,0.57825,0.5951093505508303,0.5065,False,False
r2qk2r/pp3ppp/2pbpn2/8/3P2b1/2PB1N2/PP3PPP/R1BQ1RK1 w kq -,1800-1999,h2h3,93,0.510752688172043,0.5109650979092977,0.3228,0.5155950233772542,0.507,False,True
r2qkb1r/1b1n1ppp/p3pn2/1pp5/3P4/P1NBPN2/1P3PPP/R1BQ1RK1 w kq -,1800-1999,b2b3,16,0.40625,0.4149668033797796,0.08975,0.41691306952180385,0.441,False,False
r2qkb1r/1b1n1ppp/p3pn2/1pp5/3P4/P1NBPN2/1P3PPP/R1BQ1RK1 w kq -,1800-1999,c1d2,11,0.2727272727272727,0.3005715064078779,0.02445,0.4890947064866872,0.4645,False,False
r2qkb1r/1b1n1ppp/p3pn2/1pp5/3P4/P1NBPN2/1P3PPP/R1BQ1RK1 w kq -,1800-1999,d1e2,28,0.5178571428571429,0.5173122710607203,0.315,0.56067011325749,0.472,True,False
r2qkb1r/1b1n1ppp/p3pn2/1pp5/3P4/P1NBPN2/1P3PPP/R1BQ1RK1 w kq -,1800-1999,d4c5,73,0.4315068493150685,0.432202726931281,0.02905,0.46942471181602197,0.4785,False,True
r2qkb1r/1b1n1ppp/p3pn2/1pp5/3P4/P1NBPN2/1P3PPP/R1BQ1RK1 w kq -,1800-1999,e3e4,17,0.5294117647058824,0.5272826164843536,0.3994,0.3382852335333979,0.426,False,False
r2qkb1r/1b1n1ppp/p3pn2/1pp5/3P4/P1NBPN2/1P3PPP/R1BQ1RK1 w kq -,1800-1999,f1e1,25,0.46,0.4626293387054725,0.14235,0.5204751433950648,0.4315,False,False
r2qkb1r/1b1n1ppp/p3pn2/1pp5/3PP3/2NB1N2/PP3PPP/R1BQ1RK1 w kq -,1800-1999,c1g5,11,0.36363636363636365,0.3791256708337777,0.1372,0.47733220356713024,0.3445,False,False
r2qkb1r/1b1n1ppp/p3pn2/1pp5/3PP3/2NB1N2/PP3PPP/R1BQ1RK1 w kq -,1800-1999,d4d5,71,0.5211267605633803,0.5204709693894946,0.8101,0.6960353834562885,0.528,True,True
r2qkb1r/1b1n1ppp/p3pn2/1pp5/3PP3/2NB1N2/PP3PPP/R1BQ1RK1 w kq -,1800-1999,e4e5,110,0.41363636363636364,0.4147114144358802,0.0527,0.17396254247866155,0.5045,False,False
r2qkb1r/1b3ppp/pn1ppn2/1p6/3NP1P1/2N1BP2/PPPQ3P/2KR1B1R w kq -,1800-1999,g4g5,44,0.3977272727272727,0.40114844135713756,0.35725,0.5671627256642577,0.6275,False,True
r2qkb1r/1b3ppp/pn1ppn2/1p6/3NP1P1/2N1BP2/PPPQ3P/2KR1B1R w kq -,1800-1999,h2h4,73,0.4315068493150685,0.4330813084600378,0.64275,0.7060895482669661,0.5275,True,False
r2qkb1r/5ppp/p1p1pn2/3p4/3P4/2N2Q1P/PPP2PP1/R1B2RK1 w kq -,1800-1999,c1g5,44,0.38636363636363635,0.3895289552247722,0.21445,0.49445382202192517,0.5055,False,False
r2qkb1r/5ppp/p1p1pn2/3p4/3P4/2N2Q1P/PPP2PP1/R1B2RK1 w kq -,1800-1999,f1e1,13,0.5,0.49978618296068955,0.78555,0.496289318307925,0.506,True,True
r2qkb1r/pQ3ppp/4p3/1n1n4/8/2N2P2/PP3P1P/R1B1K2R w KQkq -,1800-1999,b7b5,26,0.40384615384615385,0.4089300694300359,0.27705,0.502899622104072,0.4995,False,False
r2qkb1r/pQ3ppp/4p3/1n1n4/8/2N2P2/PP3P1P/R1B1K2R w KQkq -,1800-1999,b7c6,101,0.46534653465346537,0.46540470953993235,0.72295,0.8141541033222673,0.51,True,True
r2qkb1r/pp1n1pp1/2p1pn1p/8/3P1B1P/3Q1NN1/PPP2PP1/R3K2R w KQkq -,1800-1999,c2c4,12,0.375,0.38953247813314246,0.05265,0.4875378560495287,0.497,False,False
r2qkb1r/pp1n1pp1/2p1pn1p/8/3P1B1P/3Q1NN1/PPP2PP1/R3K2R w KQkq -,1800-1999,e1c1,178,0.5870786516853933,0.5860870308214939,0.69915,0.6050119183189614,0.5265,False,True
r2qkb1r/pp1n1pp1/2p1pn1p/8/3P1B1P/3Q1NN1/PPP2PP1/R3K2R w KQkq -,1800-1999,e1g1,24,0.375,0.3813239420759396,0.01445,0.6514061648753899,0.5185,True,False
r2qkb1r/pp1n1pp1/2p1pn1p/8/3P1B1P/3Q1NN1/PPP2PP1/R3K2R w KQkq -,1800-1999,f3e5,12,0.5,0.4990979578312866,0.23375,0.5473903114852304,0.495,False,False
r2qkb1r/pp1n1pp1/2p1pn1p/8/3P3P/3Q1NN1/PPPB1PP1/R3K2R w KQkq -,1800-1999,e1c1,339,0.556047197640118,0.5558975503854072,0.9862,0.487473064227823,0.513,False,True
r2qkb1r/pp1n1pp1/2p1pn1p/8/3P3P/3Q1NN1/PPPB1PP1/R3K2R w KQkq -,1800-1999,g3e4,20,0.325,0.33726331964007383,0.0138,0.5096730960971982,0.507,True,False
r2qkb1r/pp1nppp1/2p2n1p/7P/3P4/3Q1NN1/PPP2PP1/R1B1K2R w KQkq -,1800-1999,c1d2,1311,0.597254004576659,0.5971140484680371,0.81205,0.5333948656411804,0.5225,False,False
r2qkb1r/pp1nppp1/2p2n1p/7P/3P4/3Q1NN1/PPP2PP1/R1B1K2R w KQkq -,1800-1999,c1f4,1075,0.5613953488372093,0.5611131837913239,0.02305,0.5925756096619198,0.526,False,True
r2qkb1r/pp1nppp1/2p2n1p/7P/3P4/3Q1NN1/PPP2PP1/R1B1K2R w KQkq -,1800-1999,c2c3,136,0.5441176470588235,0.5437060004547125,0.0983,0.5357880654029807,0.502,False,False
r2qkb1r/pp1nppp1/2p2n1p/7P/3P4/3Q1NN1/PPP2PP1/R1B1K2R w KQkq -,1800-1999,c2c4,137,0.5,0.5000574567780135,0.012,0.514520465669823,0.4935,False,False
r2qkb1r/pp1nppp1/2p2n1p/7P/3P4/3Q1NN1/PPP2PP1/R1B1K2R w KQkq -,1800-1999,e1g1,140,0.5321428571428571,0.5318883648986009,0.0546,0.6459861023846556,0.511,True,False
r2qkb1r/pp3ppp/2p1pn2/7b/3P4/2PB1N1P/PP3PP1/R1BQK2R w KQkq -,1800-1999,c1e3,13,0.4230769230769231,0.4307377826787074,0.0943,0.5003127214848118,0.5065,False,True
r2qkb1r/pp3ppp/2p1pn2/7b/3P4/2PB1N1P/PP3PP1/R1BQK2R w KQkq -,1800-1999,c1f4,50,0.45,0.45192698195179626,0.03405,0.5074277213764552,0.503,False,False
r2qkb1r/pp3ppp/2p1pn2/7b/3P4/2PB1N1P/PP3PP1/R1BQK2R w KQkq -,1800-1999,c1g5,86,0.4883720930232558,0.4881607897936381,0.04605,0.5253728921777118,0.4885,True,False
r2qkb1r/pp3ppp/2p1pn2/7b/3P4/2PB1N1P/PP3PP1/R1BQK2R w KQkq -,1800-1999,e1g1,100,0.475,0.47507656329102854,0.0275,0.5175047369804641,0.5065,False,False
r2qkb1r/pp3ppp/2p1pn2/7b/3P4/2PB1N1P/PP3PP1/R1BQK2R w KQkq -,1800-1999,g2g4,57,0.6052631578947368,0.6016236185247239,0.7981,0.4663532007005544,0.5045,False,False
r2qkbnr/pp1n1pp1/2p1p2p/7P/3P4/3Q1NN1/PPP2PP1/R1B1K2R w KQkq -,1800-1999,c1d2,1484,0.5357142857142857,0.5357082277774808,0.05445,0.5391130189998566,0.5205,False,True
r2qkbnr/pp1n1pp1/2p1p2p/7P/3P4/3Q1NN1/PPP2PP1/R1B1K2R w KQkq -,1800-1999,c1e3,147,0.5306122448979592,0.5307659740176414,0.1293,0.5349642969420757,0.514,False,False
r2qkbnr/pp1n1pp1/2p1p2p/7P/3P4/3Q1NN1/PPP2PP1/R1B1K2R w KQkq -,1800-1999,c1f4,1402,0.510342368045649,0.5102825727867265,0.0018,0.5966336297074931,0.52,True,False
r2qkbnr/pp1n1pp1/2p1p2p/7P/3P4/3Q1NN1/PPP2PP1/R1B1K2R w KQkq -,1800-1999,e1g1,173,0.5867052023121387,0.5863772458527681,0.81445,0.583519601225697,0.503,False,False
r2qr1k1/1bp1bppp/p1np1n2/1p2p3/3PP3/1BP2N1P/PP3PP1/RNBQR1K1 w - -,1800-1999,a2a4,16,0.5,0.49990712390412256,0.30235,0.589605407952205,0.525,False,False
r2qr1k1/1bp1bppp/p1np1n2/1p2p3/3PP3/1BP2N1P/PP3PP1/RNBQR1K1 w - -,1800-1999,b1d2,123,0.540650406504065,0.5401377584303393,0.4358,0.6741900042737952,0.5495,True,False
r2qr1k1/1bp1bppp/p1np1n2/1p2p3/3PP3/1BP2N1P/PP3PP1/RNBQR1K1 w - -,1800-1999,c1g5,27,0.35185185185185186,0.3593564647081675,0.01565,0.5652137956279122,0.4665,False,False
r2qr1k1/1bp1bppp/p1np1n2/1p2p3/3PP3/1BP2N1P/PP3PP1/RNBQR1K1 w - -,1800-1999,d4d5,47,0.3191489361702128,0.32484252805647984,0.0008,0.42880129371180886,0.502,False,False
r2qr1k1/1bp1bppp/p1np1n2/1p2p3/3PP3/1BP2N1P/PP3PP1/RNBQR1K1 w - -,1800-1999,f3g5,27,0.5,0.500202840130889,0.2454,0.5453170475212511,0.556,False,True
r2qr1k1/pp1nbppp/2p2n2/3p2B1/3P2b1/2PB1N2/PP1N1PPP/R2QR1K1 w - -,1800-1999,d1b3,14,0.6428571428571429,0.6270301678947778,0.72265,0.5788751284443436,0.5115,True,False
r2qr1k1/pp1nbppp/2p2n2/3p2B1/3P2b1/2PB1N2/PP1N1PPP/R2QR1K1 w - -,1800-1999,d1c2,157,0.5191082802547771,0.5183095816339651,0.10515,0.5458034714808406,0.5495,False,True
r2qr1k1/pp1nbppp/2p2n2/3p2B1/3P2b1/2PB1N2/PP1N1PPP/R2QR1K1 w - -,1800-1999,h2h3,10,0.5,0.499903520148151,0.1722,0.5370497104646228,0.518,False,False
r3k1nr/pp1b1ppp/4p3/3pP3/1b1q4/2NB4/PP3PPP/R1BQ1RK1 w kq -,1800-1999,c1e3,20,0.8,0.7792498886356974,0.6292,0.741505087503367,0.372,False,False
r3k1nr/pp1b1ppp/4p3/3pP3/1b1q4/2NB4/PP3PPP/R1BQ1RK1 w kq -,1800-1999,c3b5,139,0.6906474820143885,0.6884135426337018,0.06765,0.8932142426377029,0.957,True,True
r3k1nr/pp1b1ppp/4p3/3pP3/1b1q4/2NB4/PP3PPP/R1BQ1RK1 w kq -,1800-1999,d1e2,16,0.5625,0.5561326061338486,0.0233,0.6218134462802607,0.4795,False,False
r3k1nr/pp1b1ppp/4p3/3pP3/1b1q4/2NB4/PP3PPP/R1BQ1RK1 w kq -,1800-1999,f1e1,11,0.7272727272727273,0.7014666529149167,0.27985,0.6450294057741828,0.525,False,False
r3k2r/1bqnbppp/pp1ppn2/8/2PNP3/2N1BP2/PP2B1PP/2RQ1RK1 w kq -,1800-1999,b2b3,23,0.5652173913043478,0.561394981631811,0.23715,0.5795290843606736,0.575,False,False
r3k2r/1bqnbppp/pp1ppn2/8/2PNP3/2N1BP2/PP2B1PP/2RQ1RK1 w kq -,1800-1999,d1d2,57,0.6228070175438597,0.6193199591049682,0.53385,0.5827607137013951,0.594,True,True
r3k2r/1bqnbppp/pp1ppn2/8/2PNP3/2N1BP2/PP2B1PP/2RQ1RK1 w kq -,1800-1999,g1h1,12,0.5416666666666666,0.5373192832350385,0.229,0.5804389307688254,0.5855,False,False
r3k2r/1pqnbppp/p2pbn2/4p3/4P3/1NN1BP2/PPPQ2PP/2KR1B1R w kq -,1800-1999,c1b1,150,0.5433333333333333,0.5432867760070191,0.4428,0.667284640828285,0.543,True,False
r3k2r/1pqnbppp/p2pbn2/4p3/4P3/1NN1BP2/PPPQ2PP/2KR1B1R w kq -,1800-1999,g2g4,204,0.5514705882352942,0.5509867852666889,0.5572,0.5830127914065834,0.595,False,True
r3k2r/p1ppqpbp/b1p3p1/3nP3/2P5/1P6/PB2QPPP/RN2KB1R w KQkq -,1800-1999,b1d2,51,0.38235294117647056,0.38612811709662376,0.07995,0.5575729940758302,0.495,False,False
r3k2r/p1ppqpbp/b1p3p1/3nP3/2P5/1P6/PB2QPPP/RN2KB1R w KQkq -,1800-1999,e2e4,22,0.5227272727272727,0.5205512684800065,0.78705,0.48602662292593163,0.046,False,False
r3k2r/p1ppqpbp/b1p3p1/3nP3/2P5/1P6/PB2QPPP/RN2KB1R w KQkq -,1800-1999,g2g3,63,0.4126984126984127,0.41391265594475846,0.133,0.5578907279669635,0.503,True,True
r3k2r/pp1bbppp/1qn1p3/3pPn2/1P1P4/P4N2/1B2BPPP/RN1QK2R w KQkq -,1800-1999,e1g1,255,0.5176470588235295,0.5176954030679132,0.4569,0.4228043773850032,0.491,False,True
r3k2r/pp1bbppp/1qn1p3/3pPn2/1P1P4/P4N2/1B2BPPP/RN1QK2R w KQkq -,1800-1999,g2g4,15,0.5333333333333333,0.530101601043172,0.5431,0.5975100104344109,0.256,True,False
r3k2r/pp1bbppp/1qn1p3/3pPn2/3P4/5N2/PPN1BPPP/R1BQ1RK1 w kq -,1800-1999,a1b1,13,0.46153846153846156,0.4666529552568174,0.0688,0.46757479167351745,0.547,False,False
r3k2r/pp1bbppp/1qn1p3/3pPn2/3P4/5N2/PPN1BPPP/R1BQ1RK1 w kq -,1800-1999,a2a3,52,0.6153846153846154,0.6134356186520594,0.41995,0.6971853644171098,0.4865,True,False
r3k2r/pp1bbppp/1qn1p3/3pPn2/3P4/5N2/PPN1BPPP/R1BQ1RK1 w kq -,1800-1999,b2b3,39,0.3076923076923077,0.3154955214024068,0.0001,0.47801936682360546,0.5095,False,False
r3k2r/pp1bbppp/1qn1p3/3pPn2/3P4/5N2/PPN1BPPP/R1BQ1RK1 w kq -,1800-1999,g2g4,19,0.631578947368421,0.6228009135090773,0.51115,0.5351146829376521,0.5495,False,True
r3k2r/pp3ppp/2nqpn2/3p3b/3P4/2PB1N1P/PP1N1PP1/R2QK2R w KQkq -,1800-1999,d1b3,70,0.5071428571428571,0.5070972662853025,0.0918,0.5218692752109868,0.508,True,False
r3k2r/pp3ppp/2nqpn2/3p3b/3P4/2PB1N1P/PP1N1PP1/R2QK2R w KQkq -,1800-1999,d1c2,74,0.527027027027027,0.526355606757644,0.15155,0.41709015530593174,0.5125,False,False
r3k2r/pp3ppp/2nqpn2/3p3b/3P4/2PB1N1P/PP1N1PP1/R2QK2R w KQkq -,1800-1999,d1e2,22,0.5909090909090909,0.5835207361421083,0.5437,0.4419024632087627,0.511,False,False
r3k2r/pp3ppp/2nqpn2/3p3b/3P4/2PB1N1P/PP1N1PP1/R2QK2R w KQkq -,1800-1999,e1g1,199,0.507537688442211,0.5077016269061387,0.04955,0.5149406475831355,0.5145,False,True
r3k2r/pp3ppp/2nqpn2/3p3b/3P4/2PB1N1P/PP1N1PP1/R2QK2R w KQkq -,1800-1999,g2g4,24,0.5,0.4997440584885685,0.1634,0.21139757489998837,0.4825,False,False
r3k2r/ppp2ppp/2n1bP2/2b2qN1/2pp4/2N5/PPP2PPP/R1BQR1K1 w kq -,1800-1999,c3e4,287,0.44076655052264807,0.4407098190104061,0.79115,0.1735177393052385,0.5,False,True
r3k2r/ppp2ppp/2n1bP2/2b2qN1/2pp4/2N5/PPP2PPP/R1BQR1K1 w kq -,1800-1999,g2g4,163,0.401840490797546,0.4029561834628434,0.20885,0.3730416040083198,0.5,True,False
r3kb1r/1bqn1ppp/p2ppn2/1p4B1/3NPP2/2NB1Q2/PPP3PP/2KR3R w kq -,1800-1999,c1b1,13,0.5384615384615384,0.533943934012194,0.42495,0.5810099981182938,0.4845,False,False
r3kb1r/1bqn1ppp/p2ppn2/1p4B1/3NPP2/2NB1Q2/PPP3PP/2KR3R w kq -,1800-1999,g2g4,18,0.5277777777777778,0.524905363447286,0.3632,0.4675403755970336,0.4465,False,False
r3kb1r/1bqn1ppp/p2ppn2/1p4B1/3NPP2/2NB1Q2/PPP3PP/2KR3R w kq -,1800-1999,h1e1,101,0.5099009900990099,0.5093453327568521,0.21185,0.8807577960086652,0.516,True,True
r3kb1r/p2q1ppp/4pn2/3p4/8/2N5/PPP2PPP/R1BQ1RK1 w kq -,1800-1999,c1g5,87,0.3563218390804598,0.35832529891107984,0.5454,0.15042933589610738,0.4255,False,False
r3kb1r/p2q1ppp/4pn2/3p4/8/2N5/PPP2PPP/R1BQ1RK1 w kq -,1800-1999,f1e1,35,0.34285714285714286,0.3496565976206134,0.4546,0.34266672642802204,0.4485,True,True
r3kb1r/p2q1ppp/4pn2/3p4/8/2N5/PPP2PPP/R1BQK2R w KQkq -,1800-1999,c1g5,11,0.3181818181818182,0.3410248167298688,0.13235,0.22618624408719182,0.2625,False,False
r3kb1r/p2q1ppp/4pn2/3p4/8/2N5/PPP2PPP/R1BQK2R w KQkq -,1800-1999,e1g1,41,0.5,0.5003842102934339,0.86765,0.26947031802772603,0.3565,True,True
r3kb1r/p2q1ppp/4pn2/3p4/8/8/PPP2PPP/RNBQ1RK1 w kq -,1800-1999,b1c3,18,0.2777777777777778,0.2952669442057081,0.00275,0.22532833288642284,0.3565,False,False
r3kb1r/p2q1ppp/4pn2/3p4/8/8/PPP2PPP/RNBQ1RK1 w kq -,1800-1999,c1g5,34,0.5147058823529411,0.5145463722833392,0.10425,0.26310473756770053,0.4705,False,True
r3kb1r/p2q1ppp/4pn2/3p4/8/8/PPP2PPP/RNBQ1RK1 w kq -,1800-1999,c2c3,13,0.5384615384615384,0.5326487290453539,0.20015,0.40906322424022573,0.3825,True,False
r3kb1r/p2q1ppp/4pn2/3p4/8/8/PPP2PPP/RNBQ1RK1 w kq -,1800-1999,c2c4,11,0.6363636363636364,0.6208220692900596,0.537,0.38438379196608036,0.4095,False,False
r3kb1r/p2q1ppp/4pn2/3p4/8/8/PPP2PPP/RNBQ1RK1 w kq -,1800-1999,f1e1,12,0.5,0.5002191549033729,0.15585,0.2790634849489883,0.449,False,False
r3kb1r/p2q1ppp/5n2/3pp3/8/8/PPP2PPP/RNBQ1RK1 w kq -,1800-1999,b1c3,10,0.5,0.49889077233021234,0.22145,0.5064552428660678,0.4885,False,False
r3kb1r/p2q1ppp/5n2/3pp3/8/8/PPP2PPP/RNBQ1RK1 w kq -,1800-1999,c1g5,33,0.4090909090909091,0.4132762169793775,0.02235,0.477193687232046,0.465,False,False
r3kb1r/p2q1ppp/5n2/3pp3/8/8/PPP2PPP/RNBQ1RK1 w kq -,1800-1999,f1e1,27,0.6296296296296297,0.6226834967044528,0.7562,0.5727308787682922,0.5105,True,True
r3kb1r/pp1b1ppp/1qn5/3pPp2/3P4/5N2/PP3PPP/RNBQ1RK1 w kq -,1800-1999,a2a3,26,0.5576923076923077,0.553955849203828,0.48665,0.5601607706435245,0.5125,False,False
r3kb1r/pp1b1ppp/1qn5/3pPp2/3P4/5N2/PP3PPP/RNBQ1RK1 w kq -,1800-1999,b1c3,155,0.5580645161290323,0.5574412424643024,0.51335,0.8399692438194258,0.529,True,True
r3kb1r/pp1b1ppp/1qn5/3pPp2/3P4/P4N2/1P3PPP/RNBQK2R w KQkq -,1800-1999,b1c3,93,0.532258064516129,0.531100665541083,0.2241,0.6526469002605563,0.518,True,False
r3kb1r/pp1b1ppp/1qn5/3pPp2/3P4/P4N2/1P3PPP/RNBQK2R w KQkq -,1800-1999,e1g1,94,0.5851063829787234,0.5837520893511013,0.7759,0.5605857581402228,0.5255,False,True
r3kb1r/pp1bnppp/1q2p3/3pP3/8/3B1N2/PP3PPP/R1BQ1RK1 w kq -,1800-1999,c1e3,258,0.5135658914728682,0.5133534898193808,0.9578,0.5607899569964586,0.5185,True,True
r3kb1r/pp1bnppp/1q2p3/3pP3/8/3B1N2/PP3PPP/R1BQ1RK1 w kq -,1800-1999,f3g5,54,0.3888888888888889,0.391126859015381,0.0422,0.40242389371211973,0.4345,False,False
r3kb1r/pp1bnppp/4p3/3pP3/3q4/2NB4/PP3PPP/R1BQ1RK1 w kq -,1800-1999,c1e3,31,0.6290322580645161,0.6233667123606264,0.4263,0.596613882029087,0.29,False,False
r3kb1r/pp1bnppp/4p3/3pP3/3q4/2NB4/PP3PPP/R1BQ1RK1 w kq -,1800-1999,c3b5,98,0.6224489795918368,0.6204619428186077,0.3577,0.9929708935665617,0.527,True,True
r3kb1r/pp1bnppp/4p3/3pP3/3q4/2NB4/PP3PPP/R1BQ1RK1 w kq -,1800-1999,d1e2,29,0.3275862068965517,0.3368332829669938,0.00065,0.361166587173716,0.231,False,False
r3kb1r/pp1bnppp/4p3/3pP3/3q4/2NB4/PP3PPP/R1BQ1RK1 w kq -,1800-1999,f1e1,55,0.41818181818181815,0.4198915445117082,0.0009,0.616765064705088,0.3315,False,False
r3kb1r/pp1bnppp/4p3/3pP3/3q4/2NB4/PP3PPP/R1BQ1RK1 w kq -,1800-1999,g1h1,10,0.55,0.544017966263973,0.21445,0.5053136186880556,0.2355,False,False
r3kb1r/pp3ppp/1qn1b3/3pPp2/3P4/2N2N2/PP3PPP/R1BQ1RK1 w kq -,1800-1999,a1b1,24,0.5625,0.5579252978925502,0.2162,0.3312799871277513,0.5265,False,True
r3kb1r/pp3ppp/1qn1b3/3pPp2/3P4/2N2N2/PP3PPP/R1BQ1RK1 w kq -,1800-1999,a2a3,94,0.48936170212765956,0.48941222429754433,0.0105,0.5145636395641562,0.512,False,False
r3kb1r/pp3ppp/1qn1b3/3pPp2/3P4/2N2N2/PP3PPP/R1BQ1RK1 w kq -,1800-1999,b2b3,26,0.5769230769230769,0.573218641558921,0.27285,0.5184845916125861,0.511,False,False
r3kb1r/pp3ppp/1qn1b3/3pPp2/3P4/2N2N2/PP3PPP/R1BQ1RK1 w kq -,1800-1999,c1e3,24,0.5625,0.559418862682652,0.2226,0.31982977044034805,0.5075,False,False
r3kb1r/pp3ppp/1qn1b3/3pPp2/3P4/2N2N2/PP3PPP/R1BQ1RK1 w kq -,1800-1999,c3a4,15,0.43333333333333335,0.4391072113381021,0.0457,0.6054821379065726,0.5215,True,False
r3kb1r/pp3ppp/1qn1b3/3pPp2/3P4/2N2N2/PP3PPP/R1BQ1RK1 w kq -,1800-1999,f1e1,12,0.4583333333333333,0.4630127500116695,0.0477,0.5101159450325862,0.5085,False,False
r3kb1r/pp3ppp/1qn1b3/3pPp2/3P4/2N2N2/PP3PPP/R1BQ1RK1 w kq -,1800-1999,f3g5,28,0.5535714285714286,0.5511024934659534,0.18445,0.4274760247716293,0.4175,False,False
r3kb1r/ppqb1ppp/2n1p3/3pPn2/N2P4/5N2/PP2BPPP/R1BQ1RK1 w kq -,1800-1999,b2b3,14,0.6428571428571429,0.6283171854576971,0.45975,0.7750819597290727,0.532,True,False
r3kb1r/ppqb1ppp/2n1p3/3pPn2/N2P4/5N2/PP2BPPP/R1BQ1RK1 w kq -,1800-1999,c1e3,32,0.609375,0.6049763955202033,0.28255,0.5634691822772213,0.579,False,False
r3kb1r/ppqb1ppp/2n1p3/3pPn2/N2P4/5N2/PP2BPPP/R1BQ1RK1 w kq -,1800-1999,g2g4,34,0.6029411764705882,0.5987484277845204,0.2577,0.7228266906957925,0.6085,False,True
r3kbnr/1p1b1ppp/p3p3/3pP3/3q4/2NB4/PP3PPP/R1BQ1RK1 w kq -,1800-1999,c1e3,209,0.44019138755980863,0.44050009289716474,0.01285,0.7213984351634873,0.005,True,False
r3kbnr/1p1b1ppp/p3p3/3pP3/3q4/2NB4/PP3PPP/R1BQ1RK1 w kq -,1800-1999,d1e2,440,0.5125,0.5122651740991154,0.41315,0.3848370696716969,0.2995,False,False
r3kbnr/1p1b1ppp/p3p3/3pP3/3q4/2NB4/PP3PPP/R1BQ1RK1 w kq -,1800-1999,d1f3,77,0.4675324675324675,0.46765074533696804,0.14805,0.20677199278679445,0.185,False,False
r3kbnr/1p1b1ppp/p3p3/3pP3/3q4/2NB4/PP3PPP/R1BQ1RK1 w kq -,1800-1999,f1e1,311,0.48231511254019294,0.48263357750946917,0.0971,0.6139591162802372,0.3355,False,True
r3kbnr/1p1b1ppp/p3p3/3pP3/3q4/2NB4/PP3PPP/R1BQ1RK1 w kq -,1800-1999,g1h1,103,0.4174757281553398,0.4187184244124264,0.0135,0.36934533954086207,0.013,False,False
r3kbnr/1p1b1ppp/p3p3/3pP3/3q4/2NB4/PP3PPP/R1BQ1RK1 w kq -,1800-1999,g2g3,59,0.4915254237288136,0.49155339150669425,0.31535,0.5264947928938315,0.3115,False,False
r3kbnr/pp1b1ppp/1q2p3/3pP3/8/2NB4/PP3PPP/R1BQ1RK1 w kq -,1800-1999,a2a3,40,0.5,0.5006110541580151,0.12915,0.39665543698023387,0.483,False,True
r3kbnr/pp1b1ppp/1q2p3/3pP3/8/2NB4/PP3PPP/R1BQ1RK1 w kq -,1800-1999,a2a4,38,0.4868421052631579,0.4869957917184973,0.10145,0.6441164447006379,0.4455,False,False
r3kbnr/pp1b1ppp/1q2p3/3pP3/8/2NB4/PP3PPP/R1BQ1RK1 w kq -,1800-1999,c1e3,38,0.5131578947368421,0.5124869659759927,0.1718,0.7533575082852305,0.0005,True,False
r3kbnr/pp1b1ppp/1q2p3/3pP3/8/2NB4/PP3PPP/R1BQ1RK1 w kq -,1800-1999,c3a4,37,0.5,0.49983636403330267,0.13265,0.5479283889890428,0.3285,False,False
r3kbnr/pp1b1ppp/1q2p3/3pP3/8/2NB4/PP3PPP/R1BQ1RK1 w kq -,1800-1999,d1e2,62,0.4838709677419355,0.48404085523659157,0.048,0.2897926644167519,0.4215,False,False
r3kbnr/pp1b1ppp/1q2p3/3pP3/8/2NB4/PP3PPP/R1BQ1RK1 w kq -,1800-1999,d1g4,62,0.5645161290322581,0.5632630541332895,0.39465,0.5061068579527269,0.4375,False,False
r3kbnr/pp1b1ppp/1q2p3/3pP3/8/2NB4/PP3PPP/R1BQ1RK1 w kq -,1800-1999,f1e1,38,0.42105263157894735,0.42451551859185555,0.01805,0.45229450267789856,0.2295,False,False
r3kbnr/pp1b1ppp/1q2p3/3pP3/8/2NB4/PP3PPP/R1BQ1RK1 w kq -,1800-1999,g1h1,77,0.42207792207792205,0.423524208112822,0.00425,0.43486545838017476,0.4065,False,False
r3kbnr/pp3ppp/2n1p3/3pP3/3P4/4BB2/Pq1N1PPP/R2Q1RK1 b kq -,1800-1999,b2a3,16,0.5625,0.5569215580807925,0.6769,0.5654682056949016,0.4415,False,False
r3kbnr/pp3ppp/2n1p3/3pP3/3P4/4BB2/Pq1N1PPP/R2Q1RK1 b kq -,1800-1999,b2b6,96,0.4947916666666667,0.4948802796549204,0.29085,0.28470256294501417,0.469,False,True
r3kbnr/pp3ppp/2n1p3/3pP3/3P4/4BB2/Pq1N1PPP/R2Q1RK1 b kq -,1800-1999,c6d4,27,0.35185185185185186,0.3593561799343456,0.03,0.17840100742398168,0.001,False,False
r3kbnr/pp3ppp/2n1p3/3pP3/3P4/4BB2/Pq1N1PPP/R2Q1RK1 b kq -,1800-1999,f8b4,19,0.21052631578947367,0.23195758641977035,0.00225,0.6167400206596324,0.4455,True,False
r3kbnr/pp3ppp/2n1p3/3pP3/3q4/2N2B2/PP3PPP/R1BQ1RK1 w kq -,1800-1999,c1e3,17,0.2647058823529412,0.2847002802320543,0.01245,0.3183179567270328,0.009,True,False
r3kbnr/pp3ppp/2n1p3/3pP3/3q4/2N2B2/PP3PPP/R1BQ1RK1 w kq -,1800-1999,c3b5,30,0.4,0.404992763394527,0.1139,0.29691502470539727,0.0245,False,False
r3kbnr/pp3ppp/2n1p3/3pP3/3q4/2N2B2/PP3PPP/R1BQ1RK1 w kq -,1800-1999,d1b3,78,0.44871794871794873,0.45005472203338986,0.19805,0.30934344969103283,0.117,False,False
r3kbnr/pp3ppp/2n1p3/3pP3/3q4/2N2B2/PP3PPP/R1BQ1RK1 w kq -,1800-1999,d1d4,35,0.21428571428571427,0.22619584885004684,0.00055,0.17830970383363712,0.13,False,True
r3kbnr/pp3ppp/2n1p3/3pP3/3q4/2N2B2/PP3PPP/R1BQ1RK1 w kq -,1800-1999,d1e2,11,0.5454545454545454,0.539840771854627,0.67505,0.30639558205427103,0.0135,False,False
r3kbnr/ppqnppp1/2p4p/7P/3P4/3Q1NN1/PPP2PP1/R1B1K2R w KQkq -,1800-1999,c1d2,359,0.5626740947075209,0.5624293214208267,0.06005,0.6984055190741042,0.5365,True,False
r3kbnr/ppqnppp1/2p4p/7P/3P4/3Q1NN1/PPP2PP1/R1B1K2R w KQkq -,1800-1999,c1e3,79,0.43037974683544306,0.4318706021661628,0.0004,0.6464260805886851,0.5145,False,False
r3kbnr/ppqnppp1/2p4p/7P/3P4/3Q1NN1/PPP2PP1/R1B1K2R w KQkq -,1800-1999,c2c3,26,0.5769230769230769,0.5733369767035944,0.19655,0.6101379112855525,0.507,False,False
r3kbnr/ppqnppp1/2p4p/7P/3P4/3Q1NN1/PPP2PP1/R1B1K2R w KQkq -,1800-1999,c2c4,20,0.675,0.6640135986728365,0.7029,0.6185097365250164,0.5065,False,False
r3kbnr/ppqnppp1/2p4p/7P/3P4/3Q1NN1/PPP2PP1/R1B1K2R w KQkq -,1800-1999,e1g1,36,0.4583333333333333,0.45954958702299237,0.0155,0.532013702442409,0.5005,False,False
r3kbnr/ppqnppp1/2p4p/7P/3P4/3Q1NN1/PPP2PP1/R1B1K2R w KQkq -,1800-1999,g3e4,29,0.46551724137931033,0.4671998863113082,0.0246,0.5561951342095603,0.554,False,True
r4b1r/p1p2k1p/2p1bp2/4p3/8/8/PPPP1PPP/RNB1K2R w KQ -,1800-1999,b1c3,14,0.42857142857142855,0.43562930667075406,0.01765,0.572370039538156,0.525,False,False
r4b1r/p1p2k1p/2p1bp2/4p3/8/8/PPPP1PPP/RNB1K2R w KQ -,1800-1999,d2d3,16,0.75,0.7292861607407666,0.81165,0.7051661340325868,0.5295,True,True
r4b1r/p1p2k1p/2p1bp2/4p3/8/8/PPPP1PPP/RNB1K2R w KQ -,1800-1999,e1g1,11,0.5909090909090909,0.5801767615925141,0.1707,0.4872906219779166,0.501,False,False
r4bnr/pp1k1ppp/4p3/3pP3/3q4/8/PP1N1PPP/R1BQK2R w KQ -,1800-1999,d1e2,10,0.55,0.5435593261714452,0.54275,0.66651047451417,0.2165,False,False
r4bnr/pp1k1ppp/4p3/3pP3/3q4/8/PP1N1PPP/R1BQK2R w KQ -,1800-1999,e1g1,67,0.5298507462686567,0.5293246659641226,0.45725,0.763870620085385,0.282,True,True
r4rk1/1bqnbppp/pp1ppn2/8/2PNP3/2N1BP2/PP1QB1PP/2R2RK1 w - -,1800-1999,b2b3,17,0.6176470588235294,0.6084233781777193,0.5246,0.5940250929930737,0.5715,False,False
r4rk1/1bqnbppp/pp1ppn2/8/2PNP3/2N1BP2/PP1QB1PP/2R2RK1 w - -,1800-1999,f1d1,105,0.6047619047619047,0.6034131661920729,0.4754,0.5953886458865859,0.6005,True,True
r4rk1/pp1bppbp/2np1np1/q7/2BNP3/2N1BP2/PPPQ2PP/2KR3R w - -,1800-1999,c1b1,209,0.4904306220095694,0.49006489615135995,0.26535,0.8419260872192162,0.7165,False,False
r4rk1/pp1bppbp/2np1np1/q7/2BNP3/2N1BP2/PPPQ2PP/2KR3R w - -,1800-1999,c4b3,102,0.46078431372549017,0.461562097304381,0.1293,0.8467734722955996,0.7205,False,True
r4rk1/pp1bppbp/2np1np1/q7/2BNP3/2N1BP2/PPPQ2PP/2KR3R w - -,1800-1999,d4b3,24,0.5,0.5010160816000767,0.45665,0.729930917311836,0.569,False,False
r4rk1/pp1bppbp/2np1np1/q7/2BNP3/2N1BP2/PPPQ2PP/2KR3R w - -,1800-1999,g2g4,38,0.34210526315789475,0.3478837214639052,0.0106,0.7702824039175192,0.6115,False,False
r4rk1/pp1bppbp/2np1np1/q7/2BNP3/2N1BP2/PPPQ2PP/2KR3R w - -,1800-1999,h2h4,61,0.45081967213114754,0.45275093996439864,0.1381,0.8722095015993405,0.711,True,False
r4rk1/pp1bppbp/2np1np1/q7/3NP3/1BN1B2P/PPP2PP1/R2Q1RK1 w - -,1800-1999,d1d2,21,0.5,0.49966277851540525,0.19995,0.34314304899814857,0.49,False,False
r4rk1/pp1bppbp/2np1np1/q7/3NP3/1BN1B2P/PPP2PP1/R2Q1RK1 w - -,1800-1999,f1e1,14,0.5714285714285714,0.5650160065340231,0.4994,0.5559060412102443,0.545,False,True
r4rk1/pp1bppbp/2np1np1/q7/3NP3/1BN1B2P/PPP2PP1/R2Q1RK1 w - -,1800-1999,f2f4,40,0.5375,0.5361312218553039,0.30065,0.5798801146778944,0.514,True,False
r4rk1/pp1bppbp/2np1np1/q7/3NP3/1BN1BP2/PPPQ2PP/R3K2R w KQ -,1800-1999,e1c1,200,0.575,0.5740936004879431,0.3296,0.8387839544097756,0.7075,True,True
r4rk1/pp1bppbp/2np1np1/q7/3NP3/1BN1BP2/PPPQ2PP/R3K2R w KQ -,1800-1999,g2g4,16,0.46875,0.4726759302606626,0.107,0.8374464388864491,0.6895,False,False
r4rk1/pp1bppbp/2np1np1/q7/3NP3/1BN1BP2/PPPQ2PP/R3K2R w KQ -,1800-1999,h2h4,13,0.6153846153846154,0.6031919048222274,0.5634,0.7074379535766819,0.6855,False,False
r4rk1/pp1qppbp/2np1np1/8/2PNP3/2N1BP2/PP4PP/R2QK2R w KQ -,1800-1999,a1c1,15,0.5333333333333333,0.5294751156990883,0.27825,0.5487458733253587,0.5105,False,False
r4rk1/pp1qppbp/2np1np1/8/2PNP3/2N1BP2/PP4PP/R2QK2R w KQ -,1800-1999,b2b3,11,0.5454545454545454,0.5389888786075697,0.3195,0.576897726825894,0.5075,True,False
r4rk1/pp1qppbp/2np1np1/8/2PNP3/2N1BP2/PP4PP/R2QK2R w KQ -,1800-1999,d1d2,19,0.5,0.4996159955458081,0.15235,0.4924530240480227,0.498,False,False
r4rk1/pp1qppbp/2np1np1/8/2PNP3/2N1BP2/PP4PP/R2QK2R w KQ -,1800-1999,e1g1,60,0.55,0.5494912927508017,0.2499,0.5345404441290637,0.515,False,True
r4rk1/pp1qppbp/2np1np1/8/3PP3/2N2N2/PP3PPP/R1BQR1K1 w - -,1800-1999,c1f4,25,0.68,0.6711694699669448,0.7546,0.6180418348692764,0.552,True,False
r4rk1/pp1qppbp/2np1np1/8/3PP3/2N2N2/PP3PPP/R1BQR1K1 w - -,1800-1999,c1g5,68,0.5220588235294118,0.5217041938435605,0.0313,0.5161375894286614,0.5255,False,False
r4rk1/pp1qppbp/2np1np1/8/3PP3/2N2N2/PP3PPP/R1BQR1K1 w - -,1800-1999,d4d5,13,0.5384615384615384,0.5347460949070201,0.1517,0.5559544875981018,0.5495,False,False
r4rk1/pp1qppbp/2np1np1/8/3PP3/2N2N2/PP3PPP/R1BQR1K1 w - -,1800-1999,e4e5,14,0.39285714285714285,0.4024064178845124,0.0199,0.38451998392966724,0.4895,False,False
r4rk1/pp1qppbp/2np1np1/8/3PP3/2N2N2/PP3PPP/R1BQR1K1 w - -,1800-1999,h2h3,54,0.5185185185185185,0.517528636394816,0.0425,0.5662483075457204,0.557,False,True
r4rk1/pp3ppp/2nqpn2/3p4/3P2b1/2P2N2/PP1NBPPP/R2Q1RK1 w - -,1800-1999,f1e1,46,0.4782608695652174,0.47937594183467475,0.6038,0.5497870768339144,0.5075,True,True
r4rk1/pp3ppp/2nqpn2/3p4/3P2b1/2P2N2/PP1NBPPP/R2Q1RK1 w - -,1800-1999,h2h3,55,0.45454545454545453,0.4556883399043002,0.3962,0.50297631664119,0.5015,False,False
r4rk1/pp3ppp/2nqpn2/3p4/3P2b1/2PB1N2/PP1N1PPP/R2Q1RK1 w - -,1800-1999,d1b3,81,0.46296296296296297,0.46299380936985096,0.0415,0.6338089600199155,0.512,False,False
r4rk1/pp3ppp/2nqpn2/3p4/3P2b1/2PB1N2/PP1N1PPP/R2Q1RK1 w - -,1800-1999,d1c2,132,0.3977272727272727,0.399411891230593,0.00065,0.5885305291234841,0.51,False,False
r4rk1/pp3ppp/2nqpn2/3p4/3P2b1/2PB1N2/PP1N1PPP/R2Q1RK1 w - -,1800-1999,d1e1,98,0.576530612244898,0.575939739798803,0.833,0.7443863110056904,0.5055,True,False
r4rk1/pp3ppp/2nqpn2/3p4/3P2b1/2PB1N2/PP1N1PPP/R2Q1RK1 w - -,1800-1999,f1e1,221,0.5113122171945701,0.5112786953785919,0.12005,0.5386265895762828,0.515,False,True
r4rk1/pp3ppp/2nqpn2/3p4/3P2b1/2PB1N2/PP1N1PPP/R2Q1RK1 w - -,1800-1999,h2h3,216,0.44907407407407407,0.4492993720765003,0.0048,0.5081706764657016,0.5045,False,False
r4rk1/ppp2ppp/2n2n2/3q4/3P2b1/2P2N2/P3BPPP/R1BQ1RK1 w - -,1800-1999,c1a3,10,0.25,0.2820916652917519,0.01175,0.3891594415133874,0.508,False,False
r4rk1/ppp2ppp/2n2n2/3q4/3P2b1/2P2N2/P3BPPP/R1BQ1RK1 w - -,1800-1999,c1e3,23,0.45652173913043476,0.46026563325354425,0.1092,0.5654883027767541,0.549,False,False
r4rk1/ppp2ppp/2n2n2/3q4/3P2b1/2P2N2/P3BPPP/R1BQ1RK1 w - -,1800-1999,c1f4,12,0.625,0.6106790379466117,0.729,0.46247954034248917,0.5525,False,False
r4rk1/ppp2ppp/2n2n2/3q4/3P2b1/2P2N2/P3BPPP/R1BQ1RK1 w - -,1800-1999,c3c4,83,0.40963855421686746,0.4114202239500831,0.00955,0.6114807424360167,0.525,False,False
r4rk1/ppp2ppp/2n2n2/3q4/3P2b1/2P2N2/P3BPPP/R1BQ1RK1 w - -,1800-1999,h2h3,87,0.5,0.5001180273438889,0.1405,0.6808860761496283,0.596,True,True
r4rk1/pppqbppp/3p1n2/6B1/3QP3/2N5/PPP2PPP/R4RK1 w - -,1800-1999,a1d1,171,0.6286549707602339,0.627515059972823,0.24005,0.6422491433812337,0.509,False,False
r4rk1/pppqbppp/3p1n2/6B1/3QP3/2N5/PPP2PPP/R4RK1 w - -,1800-1999,e4e5,48,0.6770833333333334,0.6715525767251967,0.71905,0.6731619269766773,0.593,True,True
r4rk1/pppqbppp/3p1n2/6B1/3QP3/2N5/PPP2PPP/R4RK1 w - -,1800-1999,f1e1,42,0.5238095238095238,0.5234291569310046,0.0246,0.6010398230007927,0.518,False,False
r4rk1/pppqbppp/3p1n2/6B1/3QP3/2N5/PPP2PPP/R4RK1 w - -,1800-1999,f2f4,28,0.48214285714285715,0.48315301586253584,0.0163,0.6614312621714721,0.498,False,False
r4rk1/pppqbppp/3p1n2/8/3QP3/2N4P/PPP2PP1/R1B2RK1 w - -,1800-1999,c1e3,22,0.5454545454545454,0.5430896977842746,0.066,0.641456875543892,0.519,True,True
r4rk1/pppqbppp/3p1n2/8/3QP3/2N4P/PPP2PP1/R1B2RK1 w - -,1800-1999,c1f4,22,0.7272727272727273,0.7127511802454514,0.7456,0.5867046358835548,0.514,False,False
r4rk1/pppqbppp/3p1n2/8/3QP3/2N4P/PPP2PP1/R1B2RK1 w - -,1800-1999,c1g5,25,0.62,0.6138409454775248,0.1884,0.623196575127762,0.5105,False,False
r4rk1/pppqbppp/3p1n2/8/3QP3/2N5/PPP2PPP/R1B1R1K1 w - -,1800-1999,c1f4,31,0.5161290322580645,0.5143172019773343,0.11275,0.5743221341534877,0.516,False,False
r4rk1/pppqbppp/3p1n2/8/3QP3/2N5/PPP2PPP/R1B1R1K1 w - -,1800-1999,c1g5,79,0.6329113924050633,0.6306185319503146,0.84885,0.6086364401277096,0.5215,True,True
r4rk1/pppqbppp/3p1n2/8/3QP3/2N5/PPP2PPP/R1B1R1K1 w - -,1800-1999,c3d5,19,0.3684210526315789,0.3770416931426071,0.0102,0.47927692650994685,0.5015,False,False
r4rk1/pppqbppp/3p1n2/8/3QP3/2N5/PPP2PPP/R1B1R1K1 w - -,1800-1999,e4e5,24,0.4375,0.44082733980708416,0.0282,0.10729044776251734,0.493,False,False
r4rk1/ppqn1ppp/2pb1n2/3p2B1/3P2b1/2PB1N2/PP1N1PPP/R2QR1K1 w - -,1800-1999,d1c2,408,0.44485294117647056,0.4450256602716667,0.06855,0.507248460530417,0.505,True,False
r4rk1/ppqn1ppp/2pb1n2/3p2B1/3P2b1/2PB1N2/PP1N1PPP/R2QR1K1 w - -,1800-1999,d2f1,22,0.5681818181818182,0.5637091742893959,0.84085,0.4507509744237268,0.4385,False,False
r4rk1/ppqn1ppp/2pb1n2/3p2B1/3P2b1/2PB1N2/PP1N1PPP/R2QR1K1 w - -,1800-1999,h2h3,168,0.44642857142857145,0.44667504891746423,0.0906,0.5052243510680294,0.5075,False,True
r4rk1/ppqn1ppp/2pb1n2/3p2B1/3P2b1/2PB1N2/PPQN1PPP/R4RK1 w - -,1800-1999,a1e1,190,0.4710526315789474,0.47099950175080113,0.04455,0.4861344769138552,0.5065,False,False
r4rk1/ppqn1ppp/2pb1n2/3p2B1/3P2b1/2PB1N2/PPQN1PPP/R4RK1 w - -,1800-1999,d3f5,146,0.4931506849315068,0.49351744719393603,0.1477,0.4857001494696431,0.4835,False,False
r4rk1/ppqn1ppp/2pb1n2/3p2B1/3P2b1/2PB1N2/PPQN1PPP/R4RK1 w - -,1800-1999,f1e1,582,0.47594501718213056,0.47610066162292713,0.0261,0.49916935124947315,0.5075,True,False
r4rk1/ppqn1ppp/2pb1n2/3p2B1/3P2b1/2PB1N2/PPQN1PPP/R4RK1 w - -,1800-1999,g5h4,87,0.5517241379310345,0.550917743390268,0.7669,0.49688752222290306,0.5035,False,False
r4rk1/ppqn1ppp/2pb1n2/3p2B1/3P2b1/2PB1N2/PPQN1PPP/R4RK1 w - -,1800-1999,h2h3,587,0.469335604770017,0.46930770071784145,0.01475,0.479940763778369,0.511,False,True
rn1q1rk1/1b2bppp/p2ppn2/1p6/3NP3/1BN1BP2/PPPQ2PP/R3K2R w KQ -,1800-1999,b3e6,18,0.4166666666666667,0.4234995930058075,0.2558,0.49621446748730824,0.4745,False,False
rn1q1rk1/1b2bppp/p2ppn2/1p6/3NP3/1BN1BP2/PPPQ2PP/R3K2R w KQ -,1800-1999,e1c1,176,0.48295454545454547,0.48313802844229914,0.51295,0.603386617947794,0.5,True,True
rn1q1rk1/1b2bppp/p2ppn2/1p6/3NP3/1BN1BP2/PPPQ2PP/R3K2R w KQ -,1800-1999,g2g4,44,0.4318181818181818,0.4336825664255248,0.19845,0.5697278148713947,0.489,False,False
rn1q1rk1/1b2bppp/p2ppn2/1p6/3NP3/1BN1BP2/PPPQ2PP/R3K2R w KQ -,1800-1999,h2h4,15,0.26666666666666666,0.287242524086045,0.0328,0.4698959450356999,0.4965,False,False
rn1q1rk1/1p2bppp/3pbn2/p3p3/4P3/1NN1BP2/PPPQ2PP/2KR1B1R w - -,1800-1999,a2a4,65,0.43846153846153846,0.4399126350509034,0.05715,0.8000488081711242,0.7035,True,True
rn1q1rk1/1p2bppp/3pbn2/p3p3/4P3/1NN1BP2/PPPQ2PP/2KR1B1R w - -,1800-1999,c1b1,60,0.425,0.42690484050093164,0.0448,0.643577313301027,0.544,False,False
rn1q1rk1/1p2bppp/3pbn2/p3p3/4P3/1NN1BP2/PPPQ2PP/2KR1B1R w - -,1800-1999,c3a4,17,0.6176470588235294,0.6076397347228178,0.8566,0.5134624463968206,0.504,False,False
rn1q1rk1/1p2bppp/3pbn2/p3p3/4P3/1NN1BP2/PPPQ2PP/2KR1B1R w - -,1800-1999,f1b5,30,0.36666666666666664,0.3739408164403245,0.02465,0.6822041274441523,0.632,False,False
rn1q1rk1/1p2bppp/3pbn2/p3p3/4P3/1NN1BP2/PPPQ2PP/2KR1B1R w - -,1800-1999,g2g4,31,0.3548387096774194,0.36163484344955465,0.0168,0.38180962354144404,0.4885,False,False
rn1q1rk1/1p2bppp/p2pbn2/8/4Pp2/1NN1B3/PPP1B1PP/R2Q1RK1 w - -,1800-1999,e3f4,203,0.4605911330049261,0.4608522560786633,0.37235,0.37888060367981613,0.5065,False,True
rn1q1rk1/1p2bppp/p2pbn2/8/4Pp2/1NN1B3/PPP1B1PP/R2Q1RK1 w - -,1800-1999,f1f4,41,0.4878048780487805,0.48807507598958527,0.62765,0.49639382015499656,0.5,True,False
rn1q1rk1/1p3pbp/p2p1np1/2pP4/P3P1b1/2N2N2/1P2BPPP/R1BQ1RK1 w - -,1800-1999,f3d2,35,0.4857142857142857,0.486587342361873,0.40735,0.6800589918493045,0.5485,True,True
rn1q1rk1/1p3pbp/p2p1np1/2pP4/P3P1b1/2N2N2/1P2BPPP/R1BQ1RK1 w - -,1800-1999,h2h3,31,0.5161290322580645,0.5147260387851921,0.59265,0.573581678847158,0.5395,False,False
rn1q1rk1/4bppp/p2pbn2/1p2p3/4P3/1NN1BP2/PPPQ2PP/2KR1B1R w - b6,1800-1999,c1b1,58,0.5689655172413793,0.5671047023618441,0.41905,0.6249666549489297,0.5165,False,False
rn1q1rk1/4bppp/p2pbn2/1p2p3/4P3/1NN1BP2/PPPQ2PP/2KR1B1R w - b6,1800-1999,c3d5,15,0.36666666666666664,0.3792259793977779,0.0331,0.7633337614928772,0.598,True,True
rn1q1rk1/4bppp/p2pbn2/1p2p3/4P3/1NN1BP2/PPPQ2PP/2KR1B1R w - b6,1800-1999,g2g4,174,0.5804597701149425,0.5800218738233165,0.54785,0.6071073003003444,0.567,False,False
rn1q1rk1/4ppbp/3p1np1/2pP4/4P3/2N2NP1/PP3PKP/R1BQ3R b - -,1800-1999,b8a6,36,0.4305555555555556,0.4336384463383467,0.0345,0.12801228034785458,0.275,False,False
rn1q1rk1/4ppbp/3p1np1/2pP4/4P3/2N2NP1/PP3PKP/R1BQ3R b - -,1800-1999,b8d7,486,0.48148148148148145,0.4812882140688381,0.0183,0.499810661334949,0.301,True,False
rn1q1rk1/4ppbp/3p1np1/2pP4/4P3/2N2NP1/PP3PKP/R1BQ3R b - -,1800-1999,d8a5,43,0.5116279069767442,0.510903628281574,0.1532,0.39188616653034,0.245,False,False
rn1q1rk1/4ppbp/3p1np1/2pP4/4P3/2N2NP1/PP3PKP/R1BQ3R b - -,1800-1999,d8b6,41,0.6097560975609756,0.605921052223839,0.794,0.4770062335737909,0.3505,False,True
rn1q1rk1/4ppbp/3p1np1/2pP4/4P3/2N3P1/PP3PKP/R1BQ2NR w - -,1800-1999,a2a4,17,0.5588235294117647,0.5542513148342021,0.5493,0.6177206526055161,0.677,True,True
rn1q1rk1/4ppbp/3p1np1/2pP4/4P3/2N3P1/PP3PKP/R1BQ2NR w - -,1800-1999,f2f4,35,0.4714285714285714,0.47332333721279085,0.13785,0.5563438034177796,0.5195,False,False
rn1q1rk1/4ppbp/3p1np1/2pP4/4P3/2N3P1/PP3PKP/R1BQ2NR w - -,1800-1999,g1e2,109,0.44954128440366975,0.4497174955557119,0.02395,0.4433508830319286,0.5605,False,False
rn1q1rk1/4ppbp/3p1np1/2pP4/4P3/2N3P1/PP3PKP/R1BQ2NR w - -,1800-1999,g1f3,326,0.5107361963190185,0.5106302459282677,0.16555,0.5416392256437821,0.6725,False,False
rn1q1rk1/4ppbp/3p1np1/2pP4/4P3/2N3P1/PP3PKP/R1BQ2NR w - -,1800-1999,h2h3,43,0.47674418604651164,0.47749475589087004,0.12335,0.5632821274690938,0.5645,False,False
rn1q1rk1/pp2bppp/2p2nb1/3p2B1/3P2P1/2NBPN1P/PP3P2/R2QK2R w KQ -,1800-1999,d1c2,23,0.41304347826086957,0.41932392515093214,0.2238,0.43982482188196936,0.4665,False,False
rn1q1rk1/pp2bppp/2p2nb1/3p2B1/3P2P1/2NBPN1P/PP3P2/R2QK2R w KQ -,1800-1999,d3g6,86,0.38953488372093026,0.3916907425816003,0.0536,0.5205439741011035,0.516,False,True
rn1q1rk1/pp2bppp/2p2nb1/3p2B1/3P2P1/2NBPN1P/PP3P2/R2QK2R w KQ -,1800-1999,f3e5,56,0.5,0.5012073052874887,0.7226,0.5476210413117469,0.4855,True,False
rn1q1rk1/pp2n1pp/2pb1p2/3p4/3P3B/2NQ1N2/PPP2PPP/R3R1K1 b - -,1800-1999,b8a6,23,0.5869565217391305,0.582812206174925,0.28635,0.5243104958880886,0.493,False,True
rn1q1rk1/pp2n1pp/2pb1p2/3p4/3P3B/2NQ1N2/PPP2PPP/R3R1K1 b - -,1800-1999,b8d7,16,0.46875,0.47160766822286193,0.06465,0.5401542478299912,0.482,False,False
rn1q1rk1/pp2n1pp/2pb1p2/3p4/3P3B/2NQ1N2/PPP2PPP/R3R1K1 b - -,1800-1999,d8d7,40,0.5625,0.5605443369834535,0.13595,0.5007537550395833,0.4925,False,False
rn1q1rk1/pp2n1pp/2pb1p2/3p4/3P3B/2NQ1N2/PPP2PPP/R3R1K1 b - -,1800-1999,e7g6,64,0.609375,0.6066195701631255,0.31775,0.5065979092835776,0.4805,False,False
rn1q1rk1/pp2n1pp/2pb1p2/3p4/3P3B/2NQ1N2/PPP2PPP/R3R1K1 b - -,1800-1999,f8e8,17,0.5588235294117647,0.5537973372064269,0.1953,0.5621109297700235,0.4905,True,False
rn1q1rk1/pp3pbp/3p1np1/2pP4/2P5/2NB1Q1P/PP3PP1/R1B2RK1 b - -,1800-1999,a7a6,21,0.5714285714285714,0.5656215618784565,0.51635,0.30721982863454533,0.311,False,False
rn1q1rk1/pp3pbp/3p1np1/2pP4/2P5/2NB1Q1P/PP3PP1/R1B2RK1 b - -,1800-1999,b8d7,128,0.5625,0.5620915152921463,0.48365,0.5439041934855563,0.4445,True,True
rn1q1rk1/pp3pp1/2p2b1p/3p4/3P2b1/2NBPN2/PP3PPP/R2Q1RK1 w - -,1800-1999,a1c1,16,0.40625,0.41442128226984043,0.0956,0.49272112512870564,0.513,False,False
rn1q1rk1/pp3pp1/2p2b1p/3p4/3P2b1/2NBPN2/PP3PPP/R2Q1RK1 w - -,1800-1999,d3e2,11,0.5454545454545454,0.5385732915244955,0.49565,0.46496284207693167,0.4915,False,False
rn1q1rk1/pp3pp1/2p2b1p/3p4/3P2b1/2NBPN2/PP3PPP/R2Q1RK1 w - -,1800-1999,h2h3,61,0.5327868852459017,0.5310455861704121,0.40875,0.5028793224227094,0.514,True,True
rn1q1rk1/pp3ppp/2pb1nb1/3p2B1/3P2P1/2NB1N1P/PPP2P2/R2Q1RK1 w - -,1800-1999,d3g6,177,0.3785310734463277,0.37995114362166416,0.0001,0.28791599994355055,0.438,False,False
rn1q1rk1/pp3ppp/2pb1nb1/3p2B1/3P2P1/2NB1N1P/PPP2P2/R2Q1RK1 w - -,1800-1999,f1e1,36,0.5138888888888888,0.5131344091148053,0.31505,0.4602990766063805,0.435,True,False
rn1q1rk1/pp3ppp/2pb1nb1/3p2B1/3P2P1/2NB1N1P/PPP2P2/R2Q1RK1 w - -,1800-1999,f3e5,230,0.5239130434782608,0.5236776735569493,0.29485,0.4567395132079432,0.4735,False,True
rn1q1rk1/pp3ppp/2pb1nb1/3p2B1/3P2P1/2NB1N1P/PPP2P2/R2Q1RK1 w - -,1800-1999,f3h4,40,0.525,0.5251417222379802,0.39,0.3920103070143827,0.4725,False,False
rn1qk1nr/pp3pp1/2pbp2p/7P/3P4/3Q1NN1/PPP2PP1/R1B1K2R w KQkq -,1800-1999,c1d2,38,0.5526315789473685,0.550706916489695,0.05855,0.5312049416036568,0.578,False,True
rn1qk1nr/pp3pp1/2pbp2p/7P/3P4/3Q1NN1/PPP2PP1/R1B1K2R w KQkq -,1800-1999,c1e3,22,0.6363636363636364,0.6280447234066442,0.3526,0.5560404048878449,0.5225,False,False
rn1qk1nr/pp3pp1/2pbp2p/7P/3P4/3Q1NN1/PPP2PP1/R1B1K2R w KQkq -,1800-1999,g3e4,74,0.668918918918919,0.6653978166547067,0.58885,0.5692296394488551,0.5725,True,False
rn1qkb1r/pp3pp1/2p1pn1p/7P/3P4/3Q1NN1/PPP2PP1/R1B1K2R w KQkq -,1800-1999,c1d2,825,0.5903030303030303,0.5901128567073143,0.391,0.5221703564759836,0.517,False,True
rn1qkb1r/pp3pp1/2p1pn1p/7P/3P4/3Q1NN1/PPP2PP1/R1B1K2R w KQkq -,1800-1999,c1e3,97,0.520618556701031,0.5203440310875467,0.041,0.5402821200581494,0.5045,True,False
rn1qkb1r/pp3pp1/2p1pn1p/7P/3P4/3Q1NN1/PPP2PP1/R1B1K2R w KQkq -,1800-1999,c1f4,777,0.5662805662805663,0.5662911000049993,0.0538,0.5262952413481262,0.5065,False,False
rn1qkb1r/pp3pp1/2p1pn1p/7P/3P4/3Q1NN1/PPP2PP1/R1B1K2R w KQkq -,1800-1999,c2c3,94,0.5851063829787234,0.5839735133381897,0.40615,0.3214063221154319,0.5005,False,False
rn1qkb1r/pp3pp1/2p1pn1p/7P/3P4/3Q1NN1/PPP2PP1/R1B1K2R w KQkq -,1800-1999,e1g1,110,0.5454545454545454,0.5457141952452755,0.10805,0.4935847755443957,0.4935,False,False
rn1qkb1r/pp3ppn/2p1p2p/7P/3P4/5NN1/PPP2PP1/R1BQK2R w KQkq -,1800-1999,c1d2,10,0.7,0.6741757077218531,0.19215,0.6157223167697736,0.5305,False,True
rn1qkb1r/pp3ppn/2p1p2p/7P/3P4/5NN1/PPP2PP1/R1BQK2R w KQkq -,1800-1999,c1e3,17,0.7058823529411765,0.6892953416921519,0.1736,0.4977930965758964,0.5105,False,False
rn1qkb1r/pp3ppn/2p1p2p/7P/3P4/5NN1/PPP2PP1/R1BQK2R w KQkq -,1800-1999,c1f4,75,0.4866666666666667,0.48683707286188,0.0,0.5072578057051002,0.5255,False,False
rn1qkb1r/pp3ppn/2p1p2p/7P/3P4/5NN1/PPP2PP1/R1BQK2R w KQkq -,1800-1999,c2c3,15,0.7666666666666667,0.7428380069426295,0.36825,0.4992997877236174,0.5115,False,False
rn1qkb1r/pp3ppn/2p1p2p/7P/3P4/5NN1/PPP2PP1/R1BQK2R w KQkq -,1800-1999,d1d3,59,0.576271186440678,0.5749854281830611,0.00345,0.5835553032876809,0.518,False,False
rn1qkb1r/pp3ppn/2p1p2p/7P/3P4/5NN1/PPP2PP1/R1BQK2R w KQkq -,1800-1999,e1g1,19,0.5526315789473685,0.549820759259424,0.0097,0.6362620173841076,0.5115,True,False
rn1qkb1r/pp3ppn/2p1p2p/7P/3P4/5NN1/PPP2PP1/R1BQK2R w KQkq -,1800-1999,f3e5,15,0.7333333333333333,0.7126971751492208,0.25285,0.5529251472780836,0.513,False,False
rn1qr1k1/pp3pbp/3p1np1/2pP4/4PPb1/2NB1N2/PP4PP/R1BQ1RK1 w - -,1800-1999,d1c2,27,0.3888888888888889,0.394805173823082,0.0405,0.33643669007422167,0.496,False,False
rn1qr1k1/pp3pbp/3p1np1/2pP4/4PPb1/2NB1N2/PP4PP/R1BQ1RK1 w - -,1800-1999,f1e1,28,0.48214285714285715,0.48389088868883945,0.25215,0.5505862317553276,0.554,False,False
rn1qr1k1/pp3pbp/3p1np1/2pP4/4PPb1/2NB1N2/PP4PP/R1BQ1RK1 w - -,1800-1999,h2h3,168,0.5476190476190477,0.5472529288503997,0.70735,0.6314563531401527,0.617,True,True
rn2kb1r/ppq2ppp/2p1pn2/4N3/3P4/2N4P/PPPBQPP1/R4RK1 b kq -,1800-1999,b8d7,53,0.44339622641509435,0.445145321375977,0.3754,0.4434930123117066,0.4775,False,True
rn2kb1r/ppq2ppp/2p1pn2/4N3/3P4/2N4P/PPPBQPP1/R4RK1 b kq -,1800-1999,f8d6,60,0.45,0.4510010610443559,0.4217,0.4630885936816748,0.476,False,False
rn2kb1r/ppq2ppp/2p1pn2/4N3/3P4/2N4P/PPPBQPP1/R4RK1 b kq -,1800-1999,f8e7,23,0.391304347826087,0.39868877329270225,0.2029,0.4889726768393512,0.4085,True,False
rn3rk1/1pq1bppp/p2pbn2/4p3/4P3/1NN1BP2/PPPQ2PP/2KR1B1R w - -,1800-1999,c1b1,101,0.4752475247524752,0.47574189077878154,0.0541,0.6246485473924168,0.5805,False,False
rn3rk1/1pq1bppp/p2pbn2/4p3/4P3/1NN1BP2/PPPQ2PP/2KR1B1R w - -,1800-1999,g2g4,115,0.5826086956521739,0.5808191386079933,0.92155,0.6850702631494708,0.62,True,True
rn3rk1/1pq1bppp/p2pbn2/4p3/4P3/1NN1BP2/PPPQ2PP/2KR1B1R w - -,1800-1999,h2h4,15,0.3333333333333333,0.34779100662739443,0.02435,0.5955422811935083,0.5365,False,False
rnb1k1r1/ppq1np1Q/4p3/3pP3/8/P1p5/2P1NPPP/R1B1KB1R w KQq -,1800-1999,f2f4,163,0.5398773006134969,0.5392024663810415,0.58075,0.6160339321257593,0.582,True,True
rnb1k1r1/ppq1np1Q/4p3/3pP3/8/P1p5/2P1NPPP/R1B1KB1R w KQq -,1800-1999,h7d3,26,0.5192307692307693,0.5190564423323604,0.41925,0.560342611188513,0.5575,False,False
rnb1k2r/pp3p1p/2p2p2/3p4/3P4/2q1P3/P2N1PPP/R2QKB1R w KQkq -,1800-1999,a1c1,54,0.5925925925925926,0.5897397928784328,0.8213,0.5786388387563263,0.509,True,False
rnb1k2r/pp3p1p/2p2p2/3p4/3P4/2q1P3/P2N1PPP/R2QKB1R w KQkq -,1800-1999,f1e2,97,0.5154639175257731,0.5158155989231327,0.1787,0.5301771975041886,0.5165,False,True
rnb1kb1r/1p3pp1/p2ppn1p/8/3NPP1B/q1N5/P1PQ2PP/1R2KB1R w Kkq -,1800-1999,e4e5,20,0.55,0.5462824202184614,0.61335,0.4966896147041175,0.5515,True,True
rnb1kb1r/1p3pp1/p2ppn1p/8/3NPP1B/q1N5/P1PQ2PP/1R2KB1R w Kkq -,1800-1999,h4f6,14,0.5,0.5000634138337384,0.38665,0.42699721364557736,0.511,False,False
rnb1r1k1/ppp2pbp/6p1/3Pp1B1/4P3/5N2/PP2BPPP/R3K2R b KQ -,1800-1999,b8d7,18,0.08333333333333333,0.1148422527441938,0.0,0.14515698425078552,0.3345,False,False
rnb1r1k1/ppp2pbp/6p1/3Pp1B1/4P3/5N2/PP2BPPP/R3K2R b KQ -,1800-1999,c7c6,173,0.5,0.499892439984503,0.1368,0.4769014839461407,0.501,True,True
rnb1r1k1/ppp2pbp/6p1/3Pp1B1/4P3/5N2/PP2BPPP/R3K2R b KQ -,1800-1999,f7f5,12,0.375,0.38887227358932835,0.0666,0.35501327588951465,0.2885,False,False
rnb1r1k1/ppp2pbp/6p1/3Pp1B1/4P3/5N2/PP2BPPP/R3K2R b KQ -,1800-1999,f7f6,32,0.421875,0.4247351284205093,0.0399,0.47211562929954903,0.462,False,False
rnb1r1k1/ppp2pbp/6p1/3Pp1B1/4P3/5N2/PP2BPPP/R3K2R b KQ -,1800-1999,h7h6,19,0.6052631578947368,0.5981283457537345,0.7567,0.42463302725727503,0.4945,False,False
rnb1r3/ppp2kpp/5n2/8/4P3/8/PB1N1PPP/R3K1NR w KQ -,1800-1999,b2f6,62,0.4596774193548387,0.460865952668319,0.011,0.4391580889416334,0.4945,False,False
rnb1r3/ppp2kpp/5n2/8/4P3/8/PB1N1PPP/R3K1NR w KQ -,1800-1999,e4e5,42,0.38095238095238093,0.38472040008394254,0.00215,0.4526297237486083,0.1395,False,False
rnb1r3/ppp2kpp/5n2/8/4P3/8/PB1N1PPP/R3K1NR w KQ -,1800-1999,f2f3,228,0.48464912280701755,0.4846744026232616,0.00305,0.5562560450294073,0.5005,False,True
rnb1r3/ppp2kpp/5n2/8/4P3/8/PB1N1PPP/R3K1NR w KQ -,1800-1999,g1f3,131,0.6221374045801527,0.620925490886884,0.9838,0.6604653531464354,0.4995,True,False
rnb2rk1/p1p1qpp1/1p5p/3p4/3P4/4PN2/PP3PPP/R2QKB1R w KQ -,1800-1999,a1c1,19,0.6052631578947368,0.5967795298398886,0.59695,0.8530363726378359,0.5,True,True
rnb2rk1/p1p1qpp1/1p5p/3p4/3P4/4PN2/PP3PPP/R2QKB1R w KQ -,1800-1999,d1b3,12,0.25,0.2781279165325525,0.0099,0.4948550148743785,0.499,False,False
rnb2rk1/p1p1qpp1/1p5p/3p4/3P4/4PN2/PP3PPP/R2QKB1R w KQ -,1800-1999,d1d2,12,0.5416666666666666,0.5378414365760108,0.33795,0.5849564710805567,0.4995,False,False
rnb2rk1/p1p1qpp1/1p5p/3p4/3P4/4PN2/PP3PPP/R2QKB1R w KQ -,1800-1999,f1d3,95,0.47368421052631576,0.47393410764917415,0.0515,0.5057971974175249,0.499,False,False
rnb2rk1/p1p1qpp1/1p5p/3p4/3P4/4PN2/PP3PPP/R2QKB1R w KQ -,1800-1999,f1e2,31,0.3225806451612903,0.33041464012175703,0.0037,0.6159314114607158,0.5,False,False
rnb2rk1/pp2ppbp/6p1/q7/3PP3/5N2/P3BPPP/1RBQK2R w K -,1800-1999,c1d2,52,0.4423076923076923,0.444642923572208,0.0356,0.6779241863882722,0.527,False,True
rnb2rk1/pp2ppbp/6p1/q7/3PP3/5N2/P3BPPP/1RBQK2R w K -,1800-1999,d1d2,35,0.6285714285714286,0.6239679090037573,0.9644,0.715980659997125,0.508,True,False
rnb2rk1/pp2q1pp/2p5/3p1p2/3Pn3/2NBPN2/PP3PPP/R2Q1RK1 w - -,1800-1999,a1c1,22,0.36363636363636365,0.3725005127613724,0.01115,0.49847742508219545,0.5535,True,False
rnb2rk1/pp2q1pp/2p5/3p1p2/3Pn3/2NBPN2/PP3PPP/R2Q1RK1 w - -,1800-1999,a2a3,12,0.5,0.4998641446301164,0.23035,0.44303149753051907,0.5465,False,False
rnb2rk1/pp2q1pp/2p5/3p1p2/3Pn3/2NBPN2/PP3PPP/R2Q1RK1 w - -,1800-1999,d1b3,15,0.5,0.4992012713559271,0.1927,0.20527452626409504,0.542,False,False
rnb2rk1/pp2q1pp/2p5/3p1p2/3Pn3/2NBPN2/PP3PPP/R2Q1RK1 w - -,1800-1999,d1c2,25,0.42,0.4243925540771528,0.0337,0.46186003528759867,0.5365,False,False
rnb2rk1/pp2q1pp/2p5/3p1p2/3Pn3/2NBPN2/PP3PPP/R2Q1RK1 w - -,1800-1999,d3e4,10,0.5,0.5009291941220815,0.2433,0.13003573701514665,0.4815,False,False
rnb2rk1/pp2q1pp/2p5/3p1p2/3Pn3/2NBPN2/PP3PPP/R2Q1RK1 w - -,1800-1999,f3d2,14,0.5,0.500722124265157,0.2,0.30403814376135857,0.505,False,False
rnb2rk1/pp2q1pp/2p5/3p1p2/3Pn3/2NBPN2/PP3PPP/R2Q1RK1 w - -,1800-1999,f3e5,140,0.5107142857142857,0.5102318298811676,0.0888,0.41273856447754154,0.556,False,True
rnb2rk1/pp3ppp/5q2/3Q4/1b6/2N1PN2/PP3PPP/R3KB1R w KQ -,1800-1999,a1c1,15,0.8666666666666667,0.8323631817908755,0.88455,0.7048667872659761,0.539,False,False
rnb2rk1/pp3ppp/5q2/3Q4/1b6/2N1PN2/PP3PPP/R3KB1R w KQ -,1800-1999,d5b3,58,0.646551724137931,0.642087433745178,0.0247,0.5583238408855894,0.606,False,False
rnb2rk1/pp3ppp/5q2/3Q4/1b6/2N1PN2/PP3PPP/R3KB1R w KQ -,1800-1999,d5c4,10,0.45,0.45728430547328736,0.00575,0.4869902521791928,0.5005,False,False
rnb2rk1/pp3ppp/5q2/3Q4/1b6/2N1PN2/PP3PPP/R3KB1R w KQ -,1800-1999,d5d4,43,0.6627906976744186,0.6569636687823605,0.0454,0.7102920371074513,0.6195,True,True
rnb2rk1/pp3ppp/5q2/3Q4/1b6/2N1PN2/PP3PPP/R3KB1R w KQ -,1800-1999,d5e5,17,0.6176470588235294,0.6073552433147593,0.0396,0.5744261932900557,0.5205,False,False
rnb2rk1/ppp1q1p1/4p2p/5p2/2PPp3/4P3/PP1N1PPP/R2QKB1R w KQ f6,1800-1999,c4c5,14,0.5714285714285714,0.5655604060673267,0.68865,0.5390149217353193,0.354,True,False
rnb2rk1/ppp1q1p1/4p2p/5p2/2PPp3/4P3/PP1N1PPP/R2QKB1R w KQ f6,1800-1999,d1b3,12,0.4166666666666667,0.4269389450681394,0.1733,0.5035477143826498,0.4735,False,True
rnb2rk1/ppp1q1p1/4p2p/5p2/2PPp3/4P3/PP1N1PPP/R2QKB1R w KQ f6,1800-1999,f1e2,56,0.45535714285714285,0.45701019296327394,0.13805,0.342893482773401,0.471,False,False
rnb2rk1/ppp1qpp1/7p/3p4/3P4/2P1PN2/P4PPP/R2QKB1R w KQ -,1800-1999,d1b3,25,0.52,0.5186796226753169,0.14395,0.5390399208916579,0.5045,False,False
rnb2rk1/ppp1qpp1/7p/3p4/3P4/2P1PN2/P4PPP/R2QKB1R w KQ -,1800-1999,f1d3,116,0.5646551724137931,0.564323117279305,0.23555,0.5269898635573248,0.507,False,True
rnb2rk1/ppp1qpp1/7p/3p4/3P4/2P1PN2/P4PPP/R2QKB1R w KQ -,1800-1999,f1e2,23,0.5652173913043478,0.5612227767074401,0.30365,0.5181853709279614,0.5,False,False
rnb2rk1/ppp1qpp1/7p/3p4/3P4/2P1PN2/P4PPP/R2QKB1R w KQ -,1800-1999,h2h3,11,0.5454545454545454,0.5395143141431691,0.31685,0.5410690612170626,0.5035,True,False
rnbq1k1r/pp3pp1/4p2p/2ppP3/3P2Q1/2PB4/P1PK1PPP/R5NR w - c6,1800-1999,f2f4,17,0.4117647058823529,0.4189301658006249,0.0491,0.5579639773718553,0.5035,False,False
rnbq1k1r/pp3pp1/4p2p/2ppP3/3P2Q1/2PB4/P1PK1PPP/R5NR w - c6,1800-1999,g1f3,30,0.6,0.5946229347637956,0.64605,0.5732319749326382,0.5265,False,False
rnbq1k1r/pp3pp1/4p2p/2ppP3/3P2Q1/2PB4/P1PK1PPP/R5NR w - c6,1800-1999,h2h4,26,0.5384615384615384,0.5365576709825851,0.30485,0.7514621480389825,0.5375,True,True
rnbq1rk1/p4pbp/3p2p1/1BpP4/4n3/2N2N1P/PP3PP1/R1BQK2R w KQ -,1800-1999,c3e4,56,0.39285714285714285,0.39560532687005157,0.2318,0.4431014354123558,0.545,False,True
rnbq1rk1/p4pbp/3p2p1/1BpP4/4n3/2N2N1P/PP3PP1/R1BQK2R w KQ -,1800-1999,e1g1,14,0.5,0.4988715857416407,0.7682,0.5157225206552954,0.4975,True,False
rnbq1rk1/pp3ppp/4p3/8/3PP3/5N2/P2Q1PPP/R3KB1R w KQ -,1800-1999,f1c4,116,0.5905172413793104,0.5897221904948842,0.86985,0.5465648073827234,0.512,True,False
rnbq1rk1/pp3ppp/4p3/8/3PP3/5N2/P2Q1PPP/R3KB1R w KQ -,1800-1999,f1d3,158,0.44936708860759494,0.44958190916046253,0.00305,0.4473713607190433,0.5145,False,True
rnbq1rk1/pp3ppp/4p3/8/3PP3/5N2/P2Q1PPP/R3KB1R w KQ -,1800-1999,f1e2,88,0.5170454545454546,0.5167797189147008,0.1271,0.5396416007997054,0.503,False,False
rnbqk2r/1p2ppb1/p2p3p/4n1p1/3NP3/2N3BP/PPP2PP1/R2QKB1R w KQkq -,1800-1999,d1d2,40,0.4875,0.488600648085987,0.04845,0.5624442548485127,0.5135,False,False
rnbqk2r/1p2ppb1/p2p3p/4n1p1/3NP3/2N3BP/PPP2PP1/R2QKB1R w KQkq -,1800-1999,d4f5,19,0.5,0.4991227916231993,0.0935,0.6606331737060516,0.5395,True,True
rnbqk2r/1p2ppb1/p2p3p/4n1p1/3NP3/2N3BP/PPP2PP1/R2QKB1R w KQkq -,1800-1999,f1e2,50,0.46,0.4608360138685187,0.02165,0.43893808143135604,0.5095,False,False
rnbqk2r/1p2ppb1/p2p3p/4n1p1/3NP3/2N3BP/PPP2PP1/R2QKB1R w KQkq -,1800-1999,f2f3,15,0.7,0.6813754744229528,0.8364,0.4528027080723339,0.516,False,False
rnbqr1k1/1p3pbp/p2p1np1/2pP4/4P3/2NB1N1P/PP3PP1/R1BQ1RK1 w - -,1800-1999,a2a4,265,0.6150943396226415,0.6146333652029723,0.9093,0.7663550575697944,0.7415,True,True
rnbqr1k1/1p3pbp/p2p1np1/2pP4/4P3/2NB1N1P/PP3PP1/R1BQ1RK1 w - -,1800-1999,f1e1,22,0.4772727272727273,0.478097393825391,0.0907,0.5915158194892564,0.637,False,False
rnbqr1k1/1p3pbp/p2p1np1/2pP4/4PP2/2NB1N2/PP4PP/R1BQ1RK1 w - -,1800-1999,a2a4,197,0.5279187817258884,0.5279594889673517,0.58655,0.6074832674784795,0.6445,True,False
rnbqr1k1/1p3pbp/p2p1np1/2pP4/4PP2/2NB1N2/PP4PP/R1BQ1RK1 w - -,1800-1999,e4e5,17,0.3235294117647059,0.3386118242264384,0.03375,0.17039602093835807,0.4885,False,False
rnbqr1k1/1p3pbp/p2p1np1/2pP4/4PP2/2NB1N2/PP4PP/R1BQ1RK1 w - -,1800-1999,f1e1,33,0.48484848484848486,0.48569799144575637,0.2888,0.48170932367204405,0.5,False,False
rnbqr1k1/1p3pbp/p2p1np1/2pP4/4PP2/2NB1N2/PP4PP/R1BQ1RK1 w - -,1800-1999,h2h3,22,0.4090909090909091,0.4148491434789167,0.0909,0.4823882166335491,0.6625,False,True
rnbqr1k1/1p3pbp/p2p1np1/2pP4/P7/2N2NP1/1P2PPBP/R1BQ1RK1 w - -,1800-1999,c1f4,28,0.625,0.6182203736823292,0.75545,0.6763658356871128,0.551,False,True
rnbqr1k1/1p3pbp/p2p1np1/2pP4/P7/2N2NP1/1P2PPBP/R1BQ1RK1 w - -,1800-1999,f1e1,40,0.4875,0.4879118169989403,0.08315,0.5881125747192157,0.537,False,False
rnbqr1k1/1p3pbp/p2p1np1/2pP4/P7/2N2NP1/1P2PPBP/R1BQ1RK1 w - -,1800-1999,f3d2,70,0.5214285714285715,0.5210571206739558,0.12905,0.7611619389677515,0.526,True,False
rnbqr1k1/1p3pbp/p2p1np1/2pP4/P7/2N2NP1/1P2PPBP/R1BQ1RK1 w - -,1800-1999,h2h3,16,0.375,0.3851432228210221,0.03235,0.649394439568282,0.531,False,False
rqb1k2r/pp2bppp/2nppn2/1N6/2B1P3/5N2/PP2QPPP/R1BR2K1 w kq -,1800-1999,c1f4,145,0.5758620689655173,0.5745728661044807,0.34675,0.6037250845366351,0.569,True,True
rqb1k2r/pp2bppp/2nppn2/1N6/2B1P3/5N2/PP2QPPP/R1BR2K1 w kq -,1800-1999,c1g5,31,0.6129032258064516,0.6067998813808478,0.6413,0.45621737846158755,0.425,False,False
rqb1k2r/pp2bppp/2nppn2/1N6/2B1P3/5N2/PP2QPPP/R1BR2K1 w kq -,1800-1999,e4e5,14,0.32142857142857145,0.3394979280891818,0.01195,0.21188449742874585,0.049,False,False
1rbq1rk1/p3ppbp/2Bp1np1/8/2P5/2N3P1/PP2PP1P/R1BQ1RK1 w - -,2000-2199,a1b1,10,0.25,0.2825305528833477,0.0004,0.5096748794590079,0.486,False,False
1rbq1rk1/p3ppbp/2Bp1np1/8/2P5/2N3P1/PP2PP1P/R1BQ1RK1 w - -,2000-2199,b2b3,23,0.6521739130434783,0.642996552498021,0.1035,0.5314972472670497,0.509,False,False
1rbq1rk1/p3ppbp/2Bp1np1/8/2P5/2N3P1/PP2PP1P/R1BQ1RK1 w - -,2000-2199,c6g2,223,0.625560538116592,0.6245089512392192,0.02575,0.6397143032295838,0.589,True,True
1rbq1rk1/p3ppbp/2Bp1np1/8/2P5/2N3P1/PP2PP1P/R1BQ1RK1 w - -,2000-2199,d1c2,10,0.85,0.8050206217393484,0.87035,0.47250665228590333,0.5125,False,False
1rbqk2r/p2pppbp/6p1/3QP3/8/4B3/PPP2PPP/R3KB1R w KQk -,2000-2199,e1c1,142,0.545774647887324,0.5454780290026794,0.0518,0.4431769863590626,0.7025,False,True
1rbqk2r/p2pppbp/6p1/3QP3/8/4B3/PPP2PPP/R3KB1R w KQk -,2000-2199,e3a7,19,0.7105263157894737,0.6950563160069739,0.85815,0.47713584887579225,0.5015,False,False
1rbqk2r/p2pppbp/6p1/3QP3/8/4B3/PPP2PPP/R3KB1R w KQk -,2000-2199,e3d4,21,0.5,0.5003998726912595,0.0661,0.42610085277406906,0.5335,False,False
1rbqk2r/p2pppbp/6p1/3QP3/8/4B3/PPP2PPP/R3KB1R w KQk -,2000-2199,f1c4,108,0.5185185185185185,0.5184217828444294,0.02395,0.5159930387150362,0.504,True,False
1rbqkb1r/p2n1ppp/2Q5/4p1N1/8/8/PPPP1PPP/RNB1K2R w KQk -,2000-2199,d2d3,64,0.4765625,0.47723722083590175,0.68595,0.5442754567853672,0.3825,True,True
1rbqkb1r/p2n1ppp/2Q5/4p1N1/8/8/PPPP1PPP/RNB1K2R w KQk -,2000-2199,d2d4,11,0.13636363636363635,0.17908429407505003,0.0059,0.5081932317684478,0.1365,False,False
1rbqkb1r/p2n1ppp/2Q5/4p1N1/8/8/PPPP1PPP/RNB1K2R w KQk -,2000-2199,g5e4,31,0.41935483870967744,0.4245667277235343,0.29395,0.3248356003856462,0.0295,False,False
1rbqkb1r/p2n1ppp/2Q5/4p1N1/8/8/PPPP1PPP/RNB1K2R w KQk -,2000-2199,g5f3,15,0.2,0.22623509067196268,0.0142,0.36831939716454193,0.3305,False,False
2kr3r/pppqn1pp/2nb1p2/3p4/3P2bB/2PB1N2/PP1N1PPP/R2Q1RK1 w - -,2000-2199,a2a4,19,0.47368421052631576,0.47691590214952784,0.2583,0.49151946969067106,0.4555,False,False
2kr3r/pppqn1pp/2nb1p2/3p4/3P2bB/2PB1N2/PP1N1PPP/R2Q1RK1 w - -,2000-2199,b2b4,93,0.3870967741935484,0.38895144981683805,0.0145,0.5253555079942783,0.4795,False,False
2kr3r/pppqn1pp/2nb1p2/3p4/3P2bB/2PB1N2/PP1N1PPP/R2Q1RK1 w - -,2000-2199,d1a4,26,0.40384615384615385,0.4089159870100301,0.0845,0.5512236473061914,0.466,True,False
2kr3r/pppqn1pp/2nb1p2/3p4/3P2bB/2PB1N2/PP1N1PPP/R2Q1RK1 w - -,2000-2199,d1c2,20,0.475,0.4756861416982282,0.2629,0.45858722786940564,0.484,False,False
2kr3r/pppqn1pp/2nb1p2/3p4/3P2bB/2PB1N2/PP1N1PPP/R2Q1RK1 w - -,2000-2199,h4g3,16,0.5,0.5004192493902336,0.3798,0.474103518759922,0.502,False,True
2kr3r/pppqn1pp/2nb1p2/3p4/3P2bB/2PB1N2/PP3PPP/RN1QR1K1 w - -,2000-2199,b1d2,79,0.3924050632911392,0.394425061284569,0.04525,0.45688080555816357,0.41,False,False
2kr3r/pppqn1pp/2nb1p2/3p4/3P2bB/2PB1N2/PP3PPP/RN1QR1K1 w - -,2000-2199,b2b4,16,0.4375,0.444405930985127,0.24435,0.48007490662559216,0.388,True,False
2kr3r/pppqn1pp/2nb1p2/3p4/3P2bB/2PB1N2/PP3PPP/RN1QR1K1 w - -,2000-2199,h4g3,21,0.5476190476190477,0.544914884008371,0.7104,0.44111995969138496,0.506,False,True
2r1kb1r/pp1b1ppp/1qn1p3/3pPn2/1P1P4/P4N2/1B2BPPP/RN1Q1RK1 b k -,2000-2199,c6a5,22,0.38636363636363635,0.392786105152673,0.03775,0.3381651135890317,0.364,False,False
2r1kb1r/pp1b1ppp/1qn1p3/3pPn2/1P1P4/P4N2/1B2BPPP/RN1Q1RK1 b k -,2000-2199,f8e7,38,0.618421052631579,0.613631555344555,0.96225,0.47243624967715087,0.5,True,True
2r1kbnr/pp1b1ppp/1q2p3/3pP3/3P4/5N2/PPQ2PPP/RNB2RK1 w k -,2000-2199,b1c3,96,0.3177083333333333,0.32102445132459645,0.17025,0.47729628875385943,0.4915,True,True
2r1kbnr/pp1b1ppp/1q2p3/3pP3/3P4/5N2/PPQ2PPP/RNB2RK1 w k -,2000-2199,c2d1,10,0.45,0.45709829617473513,0.82975,0.41282212963133963,0.481,False,False
2rq1rk1/pb1nbppp/1pp1pn2/3p4/2PP4/1P3NP1/PBQNPPBP/R4RK1 w - -,2000-2199,a1c1,30,0.5333333333333333,0.5314900987830105,0.044,0.5266404592679621,0.514,False,False
2rq1rk1/pb1nbppp/1pp1pn2/3p4/2PP4/1P3NP1/PBQNPPBP/R4RK1 w - -,2000-2199,a1d1,19,0.6842105263157895,0.6710719079496383,0.5594,0.5549918317534455,0.509,True,False
2rq1rk1/pb1nbppp/1pp1pn2/3p4/2PP4/1P3NP1/PBQNPPBP/R4RK1 w - -,2000-2199,e2e4,86,0.6569767441860465,0.6544917088027974,0.3966,0.519856601033256,0.522,False,True
2rq1rk1/pp1bppbp/2np1np1/8/2PNP3/2N1B3/PP2BPPP/2RQ1RK1 w - -,2000-2199,b2b3,64,0.53125,0.5309835636003204,0.0525,0.5794250134068492,0.599,False,False
2rq1rk1/pp1bppbp/2np1np1/8/2PNP3/2N1B3/PP2BPPP/2RQ1RK1 w - -,2000-2199,d1d2,23,0.5,0.49851899113669407,0.07665,0.6061740288704556,0.577,False,False
2rq1rk1/pp1bppbp/2np1np1/8/2PNP3/2N1B3/PP2BPPP/2RQ1RK1 w - -,2000-2199,f2f3,51,0.6372549019607843,0.6342939429629929,0.5952,0.6695046510252943,0.5915,True,False
2rq1rk1/pp1bppbp/2np1np1/8/2PNP3/2N1B3/PP2BPPP/2RQ1RK1 w - -,2000-2199,f2f4,25,0.46,0.4622184672781137,0.0323,0.547308556408389,0.554,False,False
2rq1rk1/pp1bppbp/2np1np1/8/2PNP3/2N1B3/PP2BPPP/2RQ1RK1 w - -,2000-2199,h2h3,10,0.55,0.5435396363683833,0.24335,0.6010639971049364,0.6295,False,True
2rq1rk1/pp1bppbp/2np1np1/8/2PNP3/2N1BP2/PP1QB1PP/R3K2R w KQ -,2000-2199,a1c1,27,0.46296296296296297,0.4651864422836349,0.015,0.667811036763582,0.5855,True,False
2rq1rk1/pp1bppbp/2np1np1/8/2PNP3/2N1BP2/PP1QB1PP/R3K2R w KQ -,2000-2199,e1g1,116,0.6681034482758621,0.6658761484408756,0.985,0.6660551065966355,0.621,False,True
2rq1rk1/pp1bppbp/2np1np1/8/2PNP3/2N1BP2/PP2B1PP/R2Q1RK1 w - -,2000-2199,a1c1,71,0.45774647887323944,0.45905909846804654,0.0005,0.6834926565848614,0.566,False,False
2rq1rk1/pp1bppbp/2np1np1/8/2PNP3/2N1BP2/PP2B1PP/R2Q1RK1 w - -,2000-2199,b2b3,11,0.7727272727272727,0.7397393206181129,0.8354,0.5860975776812944,0.576,False,False
2rq1rk1/pp1bppbp/2np1np1/8/2PNP3/2N1BP2/PP2B1PP/R2Q1RK1 w - -,2000-2199,d1d2,126,0.626984126984127,0.6252295135833866,0.1641,0.7152951680570453,0.634,True,True
2rq1rk1/pp1bppbp/2np1np1/8/3NP3/1BN1BP2/PPPQ2PP/R3K2R w KQ -,2000-2199,e1c1,603,0.494195688225539,0.4944731766211971,0.53,0.7520336484496036,0.633,False,True
2rq1rk1/pp1bppbp/2np1np1/8/3NP3/1BN1BP2/PPPQ2PP/R3K2R w KQ -,2000-2199,g2g4,47,0.43617021276595747,0.437883491048015,0.1806,0.8020382261161264,0.6015,True,False
2rq1rk1/pp1bppbp/2np1np1/8/3NP3/1BN1BP2/PPPQ2PP/R3K2R w KQ -,2000-2199,h2h4,148,0.47635135135135137,0.4768171478830668,0.2894,0.6589028035890878,0.6245,False,False
r1b1k1nr/pp1p1ppp/8/q3p3/N2QP3/2P5/PP3PPP/R3KB1R w KQkq -,2000-2199,d4b4,48,0.5208333333333334,0.5202010183287206,0.5952,0.5074714761451524,0.495,False,False
r1b1k1nr/pp1p1ppp/8/q3p3/N2QP3/2P5/PP3PPP/R3KB1R w KQkq -,2000-2199,d4c4,14,0.32142857142857145,0.33805058512675173,0.055,0.720546110619284,0.483,True,False
r1b1k1nr/pp1p1ppp/8/q3p3/N2QP3/2P5/PP3PPP/R3KB1R w KQkq -,2000-2199,d4d1,30,0.48333333333333334,0.4839243463608548,0.3498,0.5315846234928328,0.5035,False,True
r1b1k1nr/pp3ppp/8/3qP3/4p3/2B5/PP3PPP/R2QKB1R b KQkq -,2000-2199,d5d1,40,0.15,0.16255507695346727,0.0,0.12242221759113243,0.156,False,False
r1b1k1nr/pp3ppp/8/3qP3/4p3/2B5/PP3PPP/R2QKB1R b KQkq -,2000-2199,g8e7,164,0.5426829268292683,0.542108336738061,1.0,0.3572428351193702,0.4705,True,True
r1b1k1r1/ppq1np1Q/2n1p3/3pP3/3p4/P1P5/2P1NPPP/R1B1KB1R w KQq -,2000-2199,c3d4,24,0.4166666666666667,0.4219957587888557,0.22865,0.6352802296088582,0.5065,True,False
r1b1k1r1/ppq1np1Q/2n1p3/3pP3/3p4/P1P5/2P1NPPP/R1B1KB1R w KQq -,2000-2199,f2f4,487,0.4917864476386037,0.4919427690148755,0.77135,0.5712240384290957,0.5995,False,True
r1b1k2r/1p2qppp/p1n1p3/2npP3/5P2/2N2N2/PPPQ2PP/R3KB1R w KQkq -,2000-2199,e1c1,102,0.5686274509803921,0.5675539534918922,0.0286,0.380692100890347,0.508,False,False
r1b1k2r/1p2qppp/p1n1p3/2npP3/5P2/2N2N2/PPPQ2PP/R3KB1R w KQkq -,2000-2199,f1d3,77,0.7012987012987013,0.6975378348011417,0.9714,0.5025947199822687,0.513,True,True
r1b1k2r/1p2qppp/p1n1p3/2npP3/5P2/2NB1N2/PPP3PP/R2QK2R w KQkq -,2000-2199,a2a3,12,0.625,0.6109846401171264,0.50515,0.6299085789250969,0.507,False,False
r1b1k2r/1p2qppp/p1n1p3/2npP3/5P2/2NB1N2/PPP3PP/R2QK2R w KQkq -,2000-2199,d1d2,51,0.5882352941176471,0.585204702262355,0.2823,0.4804289794348773,0.5145,False,True
r1b1k2r/1p2qppp/p1n1p3/2npP3/5P2/2NB1N2/PPP3PP/R2QK2R w KQkq -,2000-2199,d1e2,11,0.45454545454545453,0.4583161554714256,0.0955,0.48483110920730066,0.514,False,False
r1b1k2r/1p2qppp/p1n1p3/2npP3/5P2/2NB1N2/PPP3PP/R2QK2R w KQkq -,2000-2199,e1g1,63,0.5476190476190477,0.5470155027945661,0.11705,0.7181661607391477,0.514,True,False
r1b1k2r/1pq1bppp/p1nppn2/8/2B1P3/2N2N1P/PP2QPP1/R1BR2K1 w kq -,2000-2199,c1e3,11,0.6363636363636364,0.6217217520153953,0.8616,0.4332154194702377,0.4335,False,True
r1b1k2r/1pq1bppp/p1nppn2/8/2B1P3/2N2N1P/PP2QPP1/R1BR2K1 w kq -,2000-2199,c1f4,92,0.44021739130434784,0.4408443425962283,0.0827,0.5282321763674209,0.432,True,False
r1b1k2r/1pq1bppp/p1nppn2/8/2B1P3/2N2N1P/PP2QPP1/R1BR2K1 w kq -,2000-2199,c1g5,14,0.35714285714285715,0.37133871410433167,0.0557,0.41459963253601134,0.43,False,False
r1b1k2r/1pq1bppp/p1nppn2/8/2B1PB2/2N2N2/PP2QPPP/R2R2K1 w kq -,2000-2199,a1c1,254,0.4704724409448819,0.4705148849015424,0.5698,0.6055283503275468,0.5,True,True
r1b1k2r/1pq1bppp/p1nppn2/8/2B1PB2/2N2N2/PP2QPPP/R2R2K1 w kq -,2000-2199,e4e5,74,0.4594594594594595,0.4601374734021103,0.4302,0.5552003671884134,0.4725,False,False
r1b1k2r/1pqnbpp1/p2ppn1p/6B1/3NPP2/2NB1Q2/PPP3PP/2KR3R w kq -,2000-2199,g5f6,38,0.6052631578947368,0.6015351526889469,0.6625,0.34488533155994017,0.471,False,False
r1b1k2r/1pqnbpp1/p2ppn1p/6B1/3NPP2/2NB1Q2/PPP3PP/2KR3R w kq -,2000-2199,g5h4,161,0.4782608695652174,0.47845567468577066,0.02175,0.6023114465155847,0.531,False,True
r1b1k2r/1pqnbpp1/p2ppn1p/6B1/3NPP2/2NB1Q2/PPP3PP/2KR3R w kq -,2000-2199,h2h4,28,0.5535714285714286,0.5503660282932923,0.31575,0.885174766977092,0.489,True,False
r1b1k2r/1pqnbpp1/p2ppn1p/6B1/3NPPP1/2N2Q2/PPP4P/2KR1B1R w kq -,2000-2199,g5f6,252,0.5873015873015873,0.5865599079287624,0.99235,0.7015631455645127,0.64,True,True
r1b1k2r/1pqnbpp1/p2ppn1p/6B1/3NPPP1/2N2Q2/PPP4P/2KR1B1R w kq -,2000-2199,g5h4,71,0.4295774647887324,0.43105043978995744,0.00765,0.25289324293568033,0.53,False,False
r1b1k2r/1pqnbpp1/p2ppn1p/8/3NPP1B/2N2Q2/PPP3PP/2KR1B1R w kq -,2000-2199,c1b1,27,0.42592592592592593,0.4289733472896537,0.0042,0.5836685105162732,0.519,False,False
r1b1k2r/1pqnbpp1/p2ppn1p/8/3NPP1B/2N2Q2/PPP3PP/2KR1B1R w kq -,2000-2199,f1d3,114,0.5614035087719298,0.5603635247016514,0.0276,0.651315796997592,0.5315,True,False
r1b1k2r/1pqnbpp1/p2ppn1p/8/3NPP1B/2N2Q2/PPP3PP/2KR1B1R w kq -,2000-2199,f1e2,48,0.625,0.6210889060678347,0.1865,0.49817815500353313,0.697,False,True
r1b1k2r/1pqnbpp1/p2ppn1p/8/3NPP1B/2N2Q2/PPP3PP/2KR1B1R w kq -,2000-2199,f3g3,12,0.75,0.722600660434205,0.7579,0.46623261825440043,0.5335,False,False
r1b1k2r/1pqnbpp1/p2ppn1p/8/3NPP1B/2N2Q2/PPP3PP/2KR1B1R w kq -,2000-2199,g2g4,106,0.419811320754717,0.42089291945840795,0.0001,0.23729825489356543,0.5335,False,False
r1b1k2r/1pqnbpp1/p2ppn1p/8/3NPP1B/2N2Q2/PPP3PP/2KR1B1R w kq -,2000-2199,h4f2,25,0.5,0.49921103520440036,0.0237,0.36400196553629693,0.489,False,False
r1b1k2r/2q1bppp/p2p1n2/npp1p3/3PP3/2P2N2/PPB2PPP/RNBQR1K1 w kq -,2000-2199,a2a4,18,0.5277777777777778,0.5267139194339052,0.03175,0.7653829828534926,0.6045,True,False
r1b1k2r/2q1bppp/p2p1n2/npp1p3/3PP3/2P2N2/PPB2PPP/RNBQR1K1 w kq -,2000-2199,b1d2,58,0.7068965517241379,0.7009844785568221,0.52555,0.5354288790510336,0.559,False,False
r1b1k2r/2q1bppp/p2p1n2/npp1p3/3PP3/2P2N2/PPB2PPP/RNBQR1K1 w kq -,2000-2199,c1g5,10,0.4,0.4141400987625151,0.0155,0.5362373664578679,0.521,False,False
r1b1k2r/2q1bppp/p2p1n2/npp1p3/3PP3/2P2N2/PPB2PPP/RNBQR1K1 w kq -,2000-2199,d4d5,27,0.6296296296296297,0.6228609092504502,0.15655,0.7198518676824455,0.655,False,True
r1b1k2r/2q1bppp/p2p1n2/npp1p3/3PP3/2P2N2/PPB2PPP/RNBQR1K1 w kq -,2000-2199,d4e5,11,0.6363636363636364,0.6199744086005545,0.2532,0.4940777120656479,0.483,False,False
r1b1k2r/2q1bppp/p2p1n2/npp1p3/3PP3/2P2N2/PPB2PPP/RNBQR1K1 w kq -,2000-2199,h2h3,48,0.5625,0.5606196969283399,0.01745,0.5926450738475374,0.602,False,False
r1b1k2r/2qnbppp/p2ppn2/1p4B1/3NPP2/2NB1Q2/PPP3PP/2KR3R w kq b6,2000-2199,a2a3,14,0.5714285714285714,0.5656237767377441,0.4235,0.5864659620142779,0.49,False,False
r1b1k2r/2qnbppp/p2ppn2/1p4B1/3NPP2/2NB1Q2/PPP3PP/2KR3R w kq b6,2000-2199,c1b1,16,0.4375,0.4438608426614599,0.06835,0.507168185578555,0.5055,False,False
r1b1k2r/2qnbppp/p2ppn2/1p4B1/3NPP2/2NB1Q2/PPP3PP/2KR3R w kq b6,2000-2199,e4e5,14,0.39285714285714285,0.4040023211196486,0.04725,0.32575053366193796,0.379,False,False
r1b1k2r/2qnbppp/p2ppn2/1p4B1/3NPP2/2NB1Q2/PPP3PP/2KR3R w kq b6,2000-2199,h1e1,250,0.584,0.583346337570603,0.4609,0.604116593207517,0.5145,True,True
r1b1k2r/2qnbppp/p2ppn2/1p4B1/3NPPP1/2N2Q2/PPP4P/2KR1B1R w kq b6,2000-2199,a2a3,56,0.5089285714285714,0.5089604387595829,0.1349,0.5062385033702662,0.5475,False,False
r1b1k2r/2qnbppp/p2ppn2/1p4B1/3NPPP1/2N2Q2/PPP4P/2KR1B1R w kq b6,2000-2199,f1d3,39,0.5897435897435898,0.5870767160803768,0.6431,0.39861875486709586,0.4615,False,False
r1b1k2r/2qnbppp/p2ppn2/1p4B1/3NPPP1/2N2Q2/PPP4P/2KR1B1R w kq b6,2000-2199,g5f6,605,0.5479338842975207,0.54782326800259,0.222,0.5515830419795579,0.587,True,True
r1b1k2r/4qppp/p1np1n2/1p2p1B1/4P3/N7/PPP2PPP/R2QKB1R w KQkq -,2000-2199,c2c3,72,0.4791666666666667,0.47996864337717954,0.1469,0.5056368303302495,0.512,False,True
r1b1k2r/4qppp/p1np1n2/1p2p1B1/4P3/N7/PPP2PPP/R2QKB1R w KQkq -,2000-2199,c2c4,94,0.5425531914893617,0.5418651339920443,0.6526,0.6340961112755545,0.5095,True,False
r1b1k2r/4qppp/p1np1n2/1p2p1B1/4P3/N7/PPP2PPP/R2QKB1R w KQkq -,2000-2199,f1d3,24,0.4166666666666667,0.4204954456149904,0.1058,0.46568660514855525,0.502,False,False
r1b1k2r/4qppp/p1np1n2/1p2p1B1/4P3/N7/PPP2PPP/R2QKB1R w KQkq -,2000-2199,f2f3,26,0.4230769230769231,0.4281936899334946,0.0947,0.3027215913185645,0.4825,False,False
r1b1k2r/pp1n1ppp/1qn1p3/3pP3/3P4/3B1N2/PP1QNPPP/R3K2R b KQkq -,2000-2199,b6b4,117,0.37606837606837606,0.37746445883841934,0.0025,0.4835517997244746,0.2025,True,False
r1b1k2r/pp1n1ppp/1qn1p3/3pP3/3P4/3B1N2/PP1QNPPP/R3K2R b KQkq -,2000-2199,c6b4,14,0.32142857142857145,0.3392601606714065,0.02985,0.13018585709699523,0.0245,False,False
r1b1k2r/pp1n1ppp/1qn1p3/3pP3/3P4/3B1N2/PP1QNPPP/R3K2R b KQkq -,2000-2199,e8g8,33,0.5909090909090909,0.586580174199192,0.8134,0.4524488375056609,0.3295,False,False
r1b1k2r/pp1n1ppp/1qn1p3/3pP3/3P4/3B1N2/PP1QNPPP/R3K2R b KQkq -,2000-2199,f7f6,20,0.425,0.4305939757807385,0.0885,0.4495646459332031,0.339,False,True
r1b1k2r/pp1n1ppp/1qn1p3/3pP3/3P4/3B1N2/PP1QNPPP/R3K2R b KQkq -,2000-2199,h7h6,21,0.40476190476190477,0.40862381901110556,0.06575,0.2599912891625501,0.035,False,False
r1b1k2r/pp1p1ppp/4pn2/q7/N2QP3/2P5/PP3PPP/R3KB1R w KQkq -,2000-2199,a4c5,21,0.5,0.5002182237202789,0.0259,0.5596784276589863,0.5685,False,True
r1b1k2r/pp1p1ppp/4pn2/q7/N2QP3/2P5/PP3PPP/R3KB1R w KQkq -,2000-2199,e4e5,11,0.7727272727272727,0.7403187820605001,0.7645,0.7853900012548963,0.5685,True,False
r1b1k2r/pp1p1ppp/4pn2/q7/N2QP3/2P5/PP3PPP/R3KB1R w KQkq -,2000-2199,f1d3,15,0.6333333333333333,0.6209065368945692,0.20745,0.6021594671165549,0.4895,False,False
r1b1k2r/pp1p1ppp/4pn2/q7/N2QP3/2P5/PP3PPP/R3KB1R w KQkq -,2000-2199,f1e2,18,0.3611111111111111,0.3718397365780415,0.00215,0.6002465906279879,0.447,False,False
r1b1k2r/ppp1q1pp/2np1n2/8/2P2B2/2PQ1N2/P3PPPP/R3KB1R w KQkq -,2000-2199,e2e3,99,0.5505050505050505,0.5492820064910093,0.8316,0.5930156135293869,0.5195,False,False
r1b1k2r/ppp1q1pp/2np1n2/8/2P2B2/2PQ1N2/P3PPPP/R3KB1R w KQkq -,2000-2199,g2g3,73,0.4794520547945205,0.4794844090114008,0.1684,0.6957095887736476,0.5455,True,True
r1b1k2r/ppp1qppp/3p4/4n3/2P2B2/4P3/PP1QBPPP/R4RK1 b kq -,2000-2199,b7b6,24,0.4166666666666667,0.42197153375415203,0.2406,0.4129409500721773,0.37,True,False
r1b1k2r/ppp1qppp/3p4/4n3/2P2B2/4P3/PP1QBPPP/R4RK1 b kq -,2000-2199,c8e6,16,0.46875,0.4715075260328,0.5023,0.2094335388430759,0.2695,False,False
r1b1k2r/ppp1qppp/3p4/4n3/2P2B2/4P3/PP1QBPPP/R4RK1 b kq -,2000-2199,e5g6,10,0.35,0.37135055360486424,0.18125,0.2298250831664357,0.4005,False,False
r1b1k2r/ppp1qppp/3p4/4n3/2P2B2/4P3/PP1QBPPP/R4RK1 b kq -,2000-2199,e8g8,95,0.38421052631578945,0.38639923106440677,0.07585,0.4001064179931038,0.4775,False,True
r1b1k2r/ppp1qppp/3p4/4n3/2P2B2/P3P3/1P1Q1PPP/R3KB1R w KQkq -,2000-2199,a1c1,21,0.6904761904761905,0.6776897754475355,0.65355,0.614839921212804,0.5155,True,False
r1b1k2r/ppp1qppp/3p4/4n3/2P2B2/P3P3/1P1Q1PPP/R3KB1R w KQkq -,2000-2199,c4c5,23,0.5,0.5007318279882775,0.02385,0.5501735372321336,0.517,False,False
r1b1k2r/ppp1qppp/3p4/4n3/2P2B2/P3P3/1P1Q1PPP/R3KB1R w KQkq -,2000-2199,d2c3,30,0.6,0.5947234352209857,0.1756,0.46786955048564954,0.511,False,False
r1b1k2r/ppp1qppp/3p4/4n3/2P2B2/P3P3/1P1Q1PPP/R3KB1R w KQkq -,2000-2199,f1e2,257,0.6147859922178989,0.6139233841515596,0.147,0.6072104670414066,0.525,False,True
r1b1k2r/ppp2ppp/1bn5/4P3/2B1n3/5N2/PP3PPP/RNBR2K1 w kq -,2000-2199,c1e3,18,0.3611111111111111,0.37148605059054884,0.4617,0.40935570039326197,0.501,False,True
r1b1k2r/ppp2ppp/1bn5/4P3/2B1n3/5N2/PP3PPP/RNBR2K1 w kq -,2000-2199,d1f1,16,0.375,0.3859778177912416,0.5383,0.48527034361335913,0.328,True,False
r1b1k2r/ppq1bppp/2np1n2/4p3/2B1PB2/2N2N2/PP2QPPP/R2R2K1 w kq -,2000-2199,f4e3,26,0.6153846153846154,0.6083777106894364,0.7216,0.5807095151618067,0.5095,True,True
r1b1k2r/ppq1bppp/2np1n2/4p3/2B1PB2/2N2N2/PP2QPPP/R2R2K1 w kq -,2000-2199,f4g5,35,0.5428571428571428,0.541328288115039,0.2784,0.4756658495011055,0.5055,False,False
r1b1kb1r/1p3ppp/p2qpn2/8/2BN4/8/PPP2PPP/R1BQ1RK1 w kq -,2000-2199,a2a4,10,0.55,0.5437772676133537,0.12165,0.5006262592464187,0.5,False,False
r1b1kb1r/1p3ppp/p2qpn2/8/2BN4/8/PPP2PPP/R1BQ1RK1 w kq -,2000-2199,c1e3,15,0.3,0.31768932424245167,0.00105,0.4963675432166301,0.4935,False,False
r1b1kb1r/1p3ppp/p2qpn2/8/2BN4/8/PPP2PPP/R1BQ1RK1 w kq -,2000-2199,c1g5,10,0.75,0.7173267241642528,0.7181,0.5357517891087886,0.494,False,False
r1b1kb1r/1p3ppp/p2qpn2/8/2BN4/8/PPP2PPP/R1BQ1RK1 w kq -,2000-2199,c2c3,60,0.5333333333333333,0.5325462847129038,0.0216,0.49329486474338874,0.499,False,False
r1b1kb1r/1p3ppp/p2qpn2/8/2BN4/8/PPP2PPP/R1BQ1RK1 w kq -,2000-2199,c4b3,10,0.2,0.2392048164212333,0.00095,0.529679191232915,0.508,False,False
r1b1kb1r/1p3ppp/p2qpn2/8/2BN4/8/PPP2PPP/R1BQ1RK1 w kq -,2000-2199,f1e1,55,0.6090909090909091,0.6059080321081571,0.13665,0.579561653962085,0.51,True,True
r1b1kb1r/p4pp1/2p2n1p/n3N3/3qp3/8/PPPPBPPP/RNBQK2R w KQkq -,2000-2199,e5g4,46,0.45652173913043476,0.4574974477194144,0.4038,0.7391731651598704,0.467,False,False
r1b1kb1r/p4pp1/2p2n1p/n3N3/3qp3/8/PPPPBPPP/RNBQK2R w KQkq -,2000-2199,f2f4,127,0.4763779527559055,0.4769540334175024,0.5962,0.8060828698392045,0.52,True,True
r1b1kb1r/pp3ppp/2n1p3/3pP3/3q4/2N5/PP2BPPP/R1BQ1RK1 w kq -,2000-2199,c3b5,10,0.3,0.32583959365365567,0.2692,0.33852850608810664,0.2465,False,True
r1b1kb1r/pp3ppp/2n1p3/3pP3/3q4/2N5/PP2BPPP/R1BQ1RK1 w kq -,2000-2199,d1b3,13,0.38461538461538464,0.39711696832554105,0.5363,0.3530715588273816,0.0035,True,False
r1b1kb1r/pp3ppp/2n1p3/3pP3/3q4/2N5/PP2BPPP/R1BQ1RK1 w kq -,2000-2199,d1d4,20,0.3,0.3143123450950638,0.1945,0.09922443333200691,0.0815,False,False
r1b1r1k1/ppqn1pbp/2pp1np1/4p3/2PPP3/2N1BNPP/PP3PB1/R2Q1RK1 w - -,2000-2199,a1c1,28,0.7678571428571429,0.7541455952525807,0.9494,0.7333291032803703,0.6265,False,False
r1b1r1k1/ppqn1pbp/2pp1np1/4p3/2PPP3/2N1BNPP/PP3PB1/R2Q1RK1 w - -,2000-2199,d1c2,89,0.5617977528089888,0.5607182129191518,0.0101,0.8250352269746914,0.7435,True,False
r1b1r1k1/ppqn1pbp/2pp1np1/4p3/2PPP3/2N1BNPP/PP3PB1/R2Q1RK1 w - -,2000-2199,d1d2,23,0.45652173913043476,0.45935393526652496,0.00445,0.6939321104996835,0.6265,False,False
r1b1r1k1/ppqn1pbp/2pp1np1/4p3/2PPP3/2N1BNPP/PP3PB1/R2Q1RK1 w - -,2000-2199,d4d5,18,0.5,0.4991416499123473,0.0181,0.7894272977799801,0.756,False,True
r1b1r1k1/ppqn1pbp/2pp1np1/4p3/2PPP3/2N1BNPP/PP3PB1/R2Q1RK1 w - -,2000-2199,f1e1,28,0.5357142857142857,0.5343156996684637,0.01795,0.7004206357639895,0.703,False,False
r1b2rk1/1p3ppp/p1nqpn2/3p4/3P4/2NBPN2/PP3PPP/R2Q1RK1 w - -,2000-2199,a1c1,89,0.5280898876404494,0.5279640175805179,0.0373,0.5055937660967241,0.5145,False,False
r1b2rk1/1p3ppp/p1nqpn2/3p4/3P4/2NBPN2/PP3PPP/R2Q1RK1 w - -,2000-2199,a2a3,43,0.5,0.49964088748732993,0.03065,0.5089418188713866,0.5155,False,False
r1b2rk1/1p3ppp/p1nqpn2/3p4/3P4/2NBPN2/PP3PPP/R2Q1RK1 w - -,2000-2199,c3a4,10,0.65,0.6294966408698524,0.4239,0.5694698427836938,0.511,True,False
r1b2rk1/1p3ppp/p1nqpn2/3p4/3P4/2NBPN2/PP3PPP/R2Q1RK1 w - -,2000-2199,d1e2,15,0.6666666666666666,0.651230019106301,0.50815,0.5208040499282216,0.516,False,True
r1b2rk1/1pq1bppp/p1nppn2/8/2PNP3/2N1BP2/PP2B1PP/R2Q1RK1 w - -,2000-2199,a1c1,39,0.41025641025641024,0.41363719231361046,0.0065,0.7454780854057753,0.6895,True,True
r1b2rk1/1pq1bppp/p1nppn2/8/2PNP3/2N1BP2/PP2B1PP/R2Q1RK1 w - -,2000-2199,d1d2,32,0.6875,0.6785493405458939,0.9935,0.6270705622273194,0.632,False,False
r1b2rk1/1pq1bppp/p1nppn2/8/3NP3/1BN1BP2/PPPQ2PP/R3K2R w KQ -,2000-2199,e1c1,74,0.5,0.5002180065200181,0.6774,0.6074030546703242,0.5,False,False
r1b2rk1/1pq1bppp/p1nppn2/8/3NP3/1BN1BP2/PPPQ2PP/R3K2R w KQ -,2000-2199,g2g4,30,0.45,0.4522341489405899,0.3226,0.6189185538097178,0.508,True,True
r1b2rk1/1pq1bppp/p1nppn2/8/3NPP2/1BN1B3/PPP3PP/R2Q1RK1 w - -,2000-2199,d1f3,35,0.5428571428571428,0.5408573869442718,0.2871,0.4154848121166537,0.52,False,False
r1b2rk1/1pq1bppp/p1nppn2/8/3NPP2/1BN1B3/PPP3PP/R2Q1RK1 w - -,2000-2199,f4f5,50,0.59,0.5873544029867207,0.58975,0.681475064081329,0.528,True,True
r1b2rk1/1pq1bppp/p1nppn2/8/3NPP2/1BN1B3/PPP3PP/R2Q1RK1 w - -,2000-2199,g1h1,21,0.47619047619047616,0.47786530178679204,0.12315,0.48841973687742085,0.486,False,False
r1b2rk1/1pq1bppp/p1nppn2/8/3NPP2/2N1B3/PPP1B1PP/R2Q1R1K w - -,2000-2199,a2a4,12,0.4583333333333333,0.463620667221831,0.22085,0.5246336898480967,0.528,False,False
r1b2rk1/1pq1bppp/p1nppn2/8/3NPP2/2N1B3/PPP1B1PP/R2Q1R1K w - -,2000-2199,d1e1,78,0.532051282051282,0.5314796016775527,0.3654,0.48223186645268684,0.565,False,True
r1b2rk1/1pq1bppp/p1nppn2/8/3NPP2/2N1B3/PPP1B1PP/R2Q1R1K w - -,2000-2199,e2f3,51,0.5392156862745098,0.5364628396842867,0.41375,0.715802805751045,0.513,True,False
r1b2rk1/1pq1bppp/p1nppn2/8/3NPP2/2N1BB2/PPP3PP/R2Q1RK1 w - -,2000-2199,a2a4,16,0.4375,0.44191915436456863,0.04625,0.48243548666631936,0.533,False,True
r1b2rk1/1pq1bppp/p1nppn2/8/3NPP2/2N1BB2/PPP3PP/R2Q1RK1 w - -,2000-2199,d1d2,21,0.40476190476190477,0.4116013641597698,0.01505,0.6287223908127588,0.4915,False,False
r1b2rk1/1pq1bppp/p1nppn2/8/3NPP2/2N1BB2/PPP3PP/R2Q1RK1 w - -,2000-2199,d1e1,34,0.39705882352941174,0.4016180956669137,0.00395,0.5410136072698133,0.489,False,False
r1b2rk1/1pq1bppp/p1nppn2/8/3NPP2/2N1BB2/PPP3PP/R2Q1RK1 w - -,2000-2199,d1e2,16,0.53125,0.5290766109863867,0.1653,0.6120581201832154,0.4725,False,False
r1b2rk1/1pq1bppp/p1nppn2/8/3NPP2/2N1BB2/PPP3PP/R2Q1RK1 w - -,2000-2199,d4b3,10,0.6,0.586331797012002,0.36585,0.4228802666085793,0.4935,False,False
r1b2rk1/1pq1bppp/p1nppn2/8/3NPP2/2N1BB2/PPP3PP/R2Q1RK1 w - -,2000-2199,g1h1,38,0.5657894736842105,0.5634773629927666,0.1873,0.7696297846188472,0.511,True,False
r1b2rk1/1pq1bppp/p1nppn2/8/3NPP2/2N1BB2/PPP3PP/R2Q1RK1 w - -,2000-2199,g2g4,18,0.5555555555555556,0.5505523136582346,0.2163,0.5938100612500724,0.483,False,False
r1b2rk1/1pq1bppp/p1nppn2/8/3NPP2/P1N1B3/1PP1B1PP/R2Q1RK1 w - -,2000-2199,d1e1,26,0.5576923076923077,0.5537300246720493,0.4206,0.5465259921342753,0.5495,False,True
r1b2rk1/1pq1bppp/p1nppn2/8/3NPP2/P1N1B3/1PP1B1PP/R2Q1RK1 w - -,2000-2199,e2f3,31,0.5,0.4990780429877699,0.1804,0.7219641611067811,0.5055,True,False
r1b2rk1/1pq1bppp/p1nppn2/8/3NPP2/P1N1B3/1PP1B1PP/R2Q1RK1 w - -,2000-2199,g1h1,28,0.5535714285714286,0.5507061219455611,0.399,0.4913046283300112,0.5095,False,False
r1b2rk1/1pq1bppp/p1nppn2/8/P2NPP2/2N1B3/1PP1B1PP/R2Q1RK1 w - -,2000-2199,d1e1,12,0.5,0.49892978495600393,0.1352,0.4855000021659001,0.514,False,False
r1b2rk1/1pq1bppp/p1nppn2/8/P2NPP2/2N1B3/1PP1B1PP/R2Q1RK1 w - -,2000-2199,d4b3,28,0.6071428571428571,0.601629598711598,0.36165,0.7010782177307352,0.509,True,False
r1b2rk1/1pq1bppp/p1nppn2/8/P2NPP2/2N1B3/1PP1B1PP/R2Q1RK1 w - -,2000-2199,e2f3,50,0.53,0.5291946008913503,0.06105,0.4607175213055247,0.5175,False,False
r1b2rk1/1pq1bppp/p1nppn2/8/P2NPP2/2N1B3/1PP1B1PP/R2Q1RK1 w - -,2000-2199,g1h1,48,0.625,0.6209941188754148,0.4421,0.5273551723613221,0.5255,False,True
r1b2rk1/1pq1ppbp/p1np1np1/8/2PN4/1PN3P1/PB2PPBP/R2Q1RK1 w - -,2000-2199,a1c1,130,0.6461538461538462,0.644635607920441,0.0298,0.7204401543987736,0.612,False,True
r1b2rk1/1pq1ppbp/p1np1np1/8/2PN4/1PN3P1/PB2PPBP/R2Q1RK1 w - -,2000-2199,c3d5,28,0.625,0.6185975632766793,0.05775,0.593954803880931,0.5395,False,False
r1b2rk1/1pq1ppbp/p1np1np1/8/2PN4/1PN3P1/PB2PPBP/R2Q1RK1 w - -,2000-2199,d4c2,18,0.75,0.7299544194895231,0.4872,0.687286628631183,0.6105,False,False
r1b2rk1/1pq1ppbp/p1np1np1/8/2PN4/1PN3P1/PB2PPBP/R2Q1RK1 w - -,2000-2199,d4c6,18,0.7222222222222222,0.7054318559186299,0.3516,0.5185524117335799,0.563,False,False
r1b2rk1/1pq1ppbp/p1np1np1/8/2PN4/1PN3P1/PB2PPBP/R2Q1RK1 w - -,2000-2199,e2e3,34,0.6470588235294118,0.640852141663036,0.07365,0.725665091472651,0.558,True,False
r1b2rk1/2p1bppp/p1n2n2/1p2p3/4P3/2P2N2/PP3PPP/RNBBR1K1 b - -,2000-2199,c8b7,19,0.631578947368421,0.623001076228299,0.82395,0.5379593299555198,0.5005,True,False
r1b2rk1/2p1bppp/p1n2n2/1p2p3/4P3/2P2N2/PP3PPP/RNBBR1K1 b - -,2000-2199,c8g4,23,0.3695652173913043,0.3790530861882039,0.023,0.47178277217938225,0.5015,False,False
r1b2rk1/2p1bppp/p1n2n2/1p2p3/4P3/2P2N2/PP3PPP/RNBBR1K1 b - -,2000-2199,f8d8,10,0.45,0.4560176610098566,0.15305,0.5103350135787743,0.5035,False,True
r1b2rk1/3nppbp/pq1p1np1/2pP4/4P3/2N2N2/PP2BPPP/R1BQ1RK1 w - -,2000-2199,a1b1,20,0.525,0.5232575752082488,0.2691,0.5213768090962551,0.5565,False,False
r1b2rk1/3nppbp/pq1p1np1/2pP4/4P3/2N2N2/PP2BPPP/R1BQ1RK1 w - -,2000-2199,a2a4,15,0.43333333333333335,0.44083679087054845,0.09995,0.5955772242726896,0.5605,False,False
r1b2rk1/3nppbp/pq1p1np1/2pP4/4P3/2N2N2/PP2BPPP/R1BQ1RK1 w - -,2000-2199,d1c2,19,0.39473684210526316,0.40237082290277054,0.04195,0.6129023423115435,0.5505,False,False
r1b2rk1/3nppbp/pq1p1np1/2pP4/4P3/2N2N2/PP2BPPP/R1BQ1RK1 w - -,2000-2199,f3d2,69,0.5,0.4995711076785734,0.1044,0.746392345371453,0.561,True,True
r1b2rk1/3nppbp/pq1p1np1/2pP4/4P3/2N2N2/PP2BPPP/R1BQ1RK1 w - -,2000-2199,h2h3,27,0.5740740740740741,0.5691361535460953,0.4846,0.5625380449697933,0.5265,False,False
r1b2rk1/p1p1qppp/4pn2/8/2pP4/6P1/PP2PP1P/RNBQ1RK1 w - -,2000-2199,b1a3,34,0.4117647058823529,0.4149183209476533,0.00745,0.6504971871334755,0.5005,True,False
r1b2rk1/p1p1qppp/4pn2/8/2pP4/6P1/PP2PP1P/RNBQ1RK1 w - -,2000-2199,b1c3,13,0.5,0.49808774021515967,0.1179,0.276280898049479,0.4995,False,False
r1b2rk1/p1p1qppp/4pn2/8/2pP4/6P1/PP2PP1P/RNBQ1RK1 w - -,2000-2199,d1a4,168,0.5119047619047619,0.5117277910628599,0.024,0.5763745762783143,0.5075,False,True
r1b2rk1/p1p1qppp/4pn2/8/2pP4/6P1/PP2PP1P/RNBQ1RK1 w - -,2000-2199,d1c2,38,0.6578947368421053,0.651420693103928,0.85065,0.5489567708182836,0.5025,False,False
r1b2rk1/p1qnbppp/2n1p3/1pppP3/8/3P1NP1/PPPNQPBP/R1B1R1K1 w - b6,2000-2199,c2c3,27,0.42592592592592593,0.4301873348895836,0.01425,0.4062936217077762,0.4705,False,False
r1b2rk1/p1qnbppp/2n1p3/1pppP3/8/3P1NP1/PPPNQPBP/R1B1R1K1 w - b6,2000-2199,d2f1,99,0.6464646464646465,0.6437688844538375,0.8778,0.49849504090563707,0.4785,False,False
r1b2rk1/p1qnbppp/2n1p3/1pppP3/8/3P1NP1/PPPNQPBP/R1B1R1K1 w - b6,2000-2199,h2h4,58,0.5517241379310345,0.5499837789981172,0.10795,0.5021157130044482,0.4815,True,True
r1b2rk1/pp1nq1pp/2p1p3/3pNp2/2PPn3/2NBP3/PP3PPP/R2Q1RK1 w - -,2000-2199,e5d7,30,0.35,0.35647218350541693,0.0217,0.47859669169445634,0.5435,False,True
r1b2rk1/pp1nq1pp/2p1p3/3pNp2/2PPn3/2NBP3/PP3PPP/R2Q1RK1 w - -,2000-2199,f2f3,22,0.5,0.5002336577570047,0.4163,0.4356197817835401,0.371,False,False
r1b2rk1/pp1nq1pp/2p1p3/3pNp2/2PPn3/2NBP3/PP3PPP/R2Q1RK1 w - -,2000-2199,f2f4,47,0.5212765957446809,0.521446351939269,0.562,0.5746742206849135,0.514,True,False
r1b2rk1/pp1nqppp/2p1p3/3n4/2BP4/2N1PN2/PP3PPP/R2Q1RK1 w - -,2000-2199,a1c1,43,0.5813953488372093,0.5788988700057944,0.14665,0.5971361023972077,0.5275,True,True
r1b2rk1/pp1nqppp/2p1p3/3n4/2BP4/2N1PN2/PP3PPP/R2Q1RK1 w - -,2000-2199,a2a3,11,0.5,0.5009633768002708,0.0965,0.5795599893319757,0.5115,False,False
r1b2rk1/pp1nqppp/2p1p3/3n4/2BP4/2N1PN2/PP3PPP/R2Q1RK1 w - -,2000-2199,c3d5,12,0.25,0.27869011885584055,0.001,0.5843802292027422,0.5085,False,False
r1b2rk1/pp1nqppp/2p1p3/3n4/2BP4/2N1PN2/PP3PPP/R2Q1RK1 w - -,2000-2199,d1e2,15,0.7,0.6820201126925528,0.72795,0.5496411308899045,0.5165,False,False
r1b2rk1/pp1nqppp/2p1p3/3n4/2BP4/2N1PN2/PP3PPP/R2Q1RK1 w - -,2000-2199,e3e4,85,0.5294117647058824,0.5292179851550383,0.0279,0.5371593540464518,0.5225,False,False
r1b2rk1/pp2ppbp/2N2np1/8/4p3/2N1BP2/PPPq2PP/2KR1B1R w - -,2000-2199,d1d2,160,0.515625,0.5154550020953192,0.99695,0.36095214065781833,0.4,True,False
r1b2rk1/pp2ppbp/2N2np1/8/4p3/2N1BP2/PPPq2PP/2KR1B1R w - -,2000-2199,e3d2,30,0.26666666666666666,0.2783413027828636,0.00305,0.34662271450343746,0.4985,False,True
r1b2rk1/pp2ppbp/2n3p1/2q5/8/4PN2/PP2BPPP/R1BQ1RK1 w - -,2000-2199,a2a3,34,0.36764705882352944,0.37302254444078214,0.07135,0.22410449573083432,0.043,False,False
r1b2rk1/pp2ppbp/2n3p1/2q5/8/4PN2/PP2BPPP/R1BQ1RK1 w - -,2000-2199,c1d2,11,0.2727272727272727,0.29851528083526757,0.0552,0.4341143821237706,0.3595,True,True
r1b2rk1/pp2ppbp/2n3p1/2q5/8/4PN2/PP2BPPP/R1BQ1RK1 w - -,2000-2199,d1b3,24,0.5416666666666666,0.5393554799547117,0.87345,0.36568255455971577,0.1255,False,False
r1b2rk1/pp2ppbp/2n3p1/3q4/3N4/4B3/PPP1BPPP/R2Q1RK1 w - -,2000-2199,c2c3,32,0.34375,0.3507878073165178,0.00605,0.6239882493630285,0.4875,True,False
r1b2rk1/pp2ppbp/2n3p1/3q4/3N4/4B3/PPP1BPPP/R2Q1RK1 w - -,2000-2199,d4c6,114,0.49122807017543857,0.491610078246569,0.18345,0.5897213375361247,0.5105,False,False
r1b2rk1/pp2ppbp/2n3p1/3q4/3N4/4B3/PPP1BPPP/R2Q1RK1 w - -,2000-2199,e2f3,187,0.5401069518716578,0.5400650114902387,0.8105,0.59375924195412,0.513,False,True
r1b2rk1/pp2ppbp/2n3p1/3q4/3N4/4B3/PPPQBPPP/R3K2R w KQ -,2000-2199,d4c6,56,0.33035714285714285,0.3356060131283903,0.02455,0.3060702588163908,0.49,False,False
r1b2rk1/pp2ppbp/2n3p1/3q4/3N4/4B3/PPPQBPPP/R3K2R w KQ -,2000-2199,e2f3,45,0.5111111111111111,0.5111525703801539,0.97545,0.4704990780301678,0.497,True,True
r1b2rk1/pp2ppbp/2n3p1/3q4/3N4/4BP2/PPPQ2PP/R3KB1R w KQ -,2000-2199,c2c3,66,0.4090909090909091,0.4109408809411576,0.1618,0.35802922480949834,0.2975,True,False
r1b2rk1/pp2ppbp/2n3p1/3q4/3N4/4BP2/PPPQ2PP/R3KB1R w KQ -,2000-2199,c2c4,35,0.5,0.49971994386660273,0.8235,0.3027404301117989,0.181,False,False
r1b2rk1/pp2ppbp/2n3p1/3q4/3N4/4BP2/PPPQ2PP/R3KB1R w KQ -,2000-2199,d4c6,305,0.36721311475409835,0.3677553696700645,0.0147,0.27306169541947367,0.346,False,True
r1b2rk1/pp2ppbp/2n3p1/q1p5/2BPP3/2P1B3/P3NPPP/R2Q1RK1 w - -,2000-2199,a1b1,43,0.5348837209302325,0.5331507957956952,0.31585,0.7317596433924952,0.603,True,True
r1b2rk1/pp2ppbp/2n3p1/q1p5/2BPP3/2P1B3/P3NPPP/R2Q1RK1 w - -,2000-2199,a1c1,30,0.5333333333333333,0.5318336105441878,0.3318,0.6078786080193852,0.5305,False,False
r1b2rk1/pp2ppbp/2n3p1/q1p5/2BPP3/2P1B3/P3NPPP/R2Q1RK1 w - -,2000-2199,d1b3,23,0.5217391304347826,0.5211106150979614,0.29115,0.5546840076184355,0.514,False,False
r1b2rk1/pp2ppbp/2n3p1/q1p5/2BPP3/2P1B3/P3NPPP/R2Q1RK1 w - -,2000-2199,f2f3,13,0.38461538461538464,0.3957560350118155,0.0612,0.5766291106451747,0.501,False,False
r1b2rk1/pp3ppp/2n1pn2/3q4/3P4/2P2N2/P3BPPP/R1BQ1RK1 w - -,2000-2199,c1a3,12,0.5,0.5013869147283326,0.33155,0.5764368324541407,0.593,False,False
r1b2rk1/pp3ppp/2n1pn2/3q4/3P4/2P2N2/P3BPPP/R1BQ1RK1 w - -,2000-2199,c3c4,32,0.515625,0.5137707205884631,0.32195,0.5856251745718751,0.681,False,True
r1b2rk1/pp3ppp/2n1pn2/3q4/3P4/2P2N2/P3BPPP/R1BQ1RK1 w - -,2000-2199,h2h3,10,0.5,0.5008567313268769,0.3465,0.7777000614982769,0.6665,True,False
r1b2rk1/pp3ppp/5n2/3pq3/8/2PB4/PP1N1PPP/R2Q1RK1 w - -,2000-2199,d2f3,57,0.6140350877192983,0.6111759805683042,0.2964,0.5297933323507599,0.5185,False,False
r1b2rk1/pp3ppp/5n2/3pq3/8/2PB4/PP1N1PPP/R2Q1RK1 w - -,2000-2199,f1e1,23,0.6739130434782609,0.6626795419836874,0.7036,0.5463267337158794,0.531,True,True
r1b2rk1/ppp1qppp/3p4/4n3/1bP2B2/4P3/PP1NBPPP/R2Q1RK1 w - -,2000-2199,a2a3,27,0.4444444444444444,0.4477655692963776,0.0084,0.604111587940587,0.5385,False,True
r1b2rk1/ppp1qppp/3p4/4n3/1bP2B2/4P3/PP1NBPPP/R2Q1RK1 w - -,2000-2199,d2b3,112,0.6696428571428571,0.6676642131858834,0.9916,0.6262416746211672,0.535,True,False
r1b2rk1/ppp2ppp/2n2q2/2p5/2B1P3/2P5/PP3PPP/RN1Q1RK1 w - -,2000-2199,b1d2,21,0.6428571428571429,0.6336710148730839,0.6464,0.5558399757100605,0.51,True,False
r1b2rk1/ppp2ppp/2n2q2/2p5/2B1P3/2P5/PP3PPP/RN1Q1RK1 w - -,2000-2199,f2f4,17,0.5882352941176471,0.5803196096043791,0.3536,0.5339654167536974,0.537,False,True
r1b2rk1/ppppqppp/8/4n3/2P2B2/P3P3/1P1Q1PPP/R3KB1R w KQ -,2000-2199,c4c5,10,0.6,0.5881943324795038,0.39115,0.9500176890052452,0.612,True,True
r1b2rk1/ppppqppp/8/4n3/2P2B2/P3P3/1P1Q1PPP/R3KB1R w KQ -,2000-2199,d2c3,13,0.5769230769230769,0.5688483394049517,0.3089,0.44005217521362683,0.521,False,False
r1b2rk1/ppppqppp/8/4n3/2P2B2/P3P3/1P1Q1PPP/R3KB1R w KQ -,2000-2199,f1e2,80,0.59375,0.5913565304102971,0.29995,0.653842345201945,0.5225,False,False
r1b2rk1/ppq1ppbp/2n3p1/2p5/2BPP3/2P1B3/P3NPPP/R2Q1RK1 w - -,2000-2199,a1b1,13,0.6153846153846154,0.6038640110414303,0.43565,0.5827890223784539,0.518,False,False
r1b2rk1/ppq1ppbp/2n3p1/2p5/2BPP3/2P1B3/P3NPPP/R2Q1RK1 w - -,2000-2199,a1c1,305,0.5344262295081967,0.5342202917545618,0.05095,0.6520338717359598,0.56,True,True
r1b2rk1/ppq1ppbp/2n3p1/2p5/2BPP3/2P1B3/P3NPPP/R2Q1RK1 w - -,2000-2199,d1d2,11,0.5454545454545454,0.5416657105875908,0.2435,0.5543999574777876,0.519,False,False
r1b2rk1/ppq1ppbp/2n3p1/2p5/2BPP3/2P1B3/P3NPPP/R2Q1RK1 w - -,2000-2199,d4c5,22,0.5227272727272727,0.5214443950166017,0.13265,0.5291437353688265,0.4895,False,False
r1b2rk1/ppq1ppbp/2n3p1/2p5/2BPP3/2P1B3/P3NPPP/R2Q1RK1 w - -,2000-2199,d4d5,11,0.4090909090909091,0.4206377069016174,0.04625,0.519372158580551,0.5075,False,False
r1b2rk1/ppq1ppbp/2n3p1/2p5/2BPP3/2P1B3/P3NPPP/R2Q1RK1 w - -,2000-2199,e3f4,11,0.45454545454545453,0.4589147476333191,0.091,0.43998897098133777,0.5195,False,False
r1bq1b1r/pp1nk1pp/4pp2/3pP2Q/3n1N2/3B4/PP1N1PPP/R1B1K2R w KQ -,2000-2199,e5f6,120,0.525,0.5250866085512467,0.95975,0.5427327954117941,0.5065,True,True
r1bq1b1r/pp1nk1pp/4pp2/3pP2Q/3n1N2/3B4/PP1N1PPP/R1B1K2R w KQ -,2000-2199,f4g6,219,0.4292237442922374,0.4295901502442314,0.04025,0.0003091258622812908,0.5015,False,False
r1bq1rk1/1p1n1pbp/p2p1np1/2pP4/P7/2N2NP1/1P2PPBP/R1BQ1RK1 w - -,2000-2199,c1f4,79,0.5822784810126582,0.5807433704732694,0.2159,0.6091544765421193,0.567,False,True
r1bq1rk1/1p1n1pbp/p2p1np1/2pP4/P7/2N2NP1/1P2PPBP/R1BQ1RK1 w - -,2000-2199,e2e4,25,0.58,0.5756521196530549,0.3005,0.5389639062864657,0.5415,False,False
r1bq1rk1/1p1n1pbp/p2p1np1/2pP4/P7/2N2NP1/1P2PPBP/R1BQ1RK1 w - -,2000-2199,f3d2,64,0.578125,0.5760311493131343,0.20945,0.6890905848788798,0.5305,True,False
r1bq1rk1/1p1n1pbp/p2p1np1/2pP4/P7/2N2NP1/1P2PPBP/R1BQ1RK1 w - -,2000-2199,h2h3,32,0.578125,0.5753747842764814,0.27415,0.561916309492438,0.5305,False,False
r1bq1rk1/1p2bpp1/p1n1pn1p/3p4/3P3B/2NBPN2/PP3PPP/R2Q1RK1 w - -,2000-2199,a1c1,59,0.6271186440677966,0.6241739751985252,0.9555,0.5997015340181281,0.584,True,True
r1bq1rk1/1p2bpp1/p1n1pn1p/3p4/3P3B/2NBPN2/PP3PPP/R2Q1RK1 w - -,2000-2199,a2a3,27,0.4444444444444444,0.44746559463809854,0.0445,0.5794790151982948,0.518,False,False
r1bq1rk1/1p2bppp/p1n1pn2/6B1/2BP4/2N2N2/PP3PPP/R2Q1RK1 w - -,2000-2199,a1c1,22,0.4090909090909091,0.4158314863586612,0.0978,0.40085448065365675,0.476,False,False
r1bq1rk1/1p2bppp/p1n1pn2/6B1/2BP4/2N2N2/PP3PPP/R2Q1RK1 w - -,2000-2199,a2a3,28,0.5535714285714286,0.5497954474255518,0.64175,0.4578677772769796,0.4845,False,False
r1bq1rk1/1p2bppp/p1n1pn2/6B1/2BP4/2N2N2/PP3PPP/R2Q1RK1 w - -,2000-2199,a2a4,21,0.47619047619047616,0.47733341601187984,0.25305,0.48507251512432425,0.4905,True,True
r1bq1rk1/1p2bppp/p1n1pn2/6B1/2BP4/2N2N2/PP3PPP/R2Q1RK1 w - -,2000-2199,f1e1,24,0.2916666666666667,0.30376473505448853,0.0074,0.4382544139946217,0.4875,False,False
r1bq1rk1/1p2bppp/p1n1pn2/6B1/2BP4/2N2N2/PP3PPP/R2QR1K1 w - -,2000-2199,a1c1,13,0.4230769230769231,0.4311470289678118,0.0065,0.4338926992334171,0.518,False,True
r1bq1rk1/1p2bppp/p1n1pn2/6B1/2BP4/2N2N2/PP3PPP/R2QR1K1 w - -,2000-2199,a2a3,16,0.40625,0.4140703396441628,0.00405,0.5040901100961503,0.5045,False,False
r1bq1rk1/1p2bppp/p1n1pn2/6B1/2BP4/2N2N2/PP3PPP/R2QR1K1 w - -,2000-2199,a2a4,18,0.8333333333333334,0.8079431475241854,0.98945,0.5578359768522613,0.5095,True,False
r1bq1rk1/1p2bppp/p1n1pn2/8/2BP4/P1N2N2/1P3PPP/R1BQ1RK1 w - -,2000-2199,b2b4,14,0.5714285714285714,0.5657502472122916,0.20025,0.48963187947319736,0.4795,True,False
r1bq1rk1/1p2bppp/p1n1pn2/8/2BP4/P1N2N2/1P3PPP/R1BQ1RK1 w - -,2000-2199,c1g5,12,0.4166666666666667,0.42653915031324013,0.03785,0.44384741007125067,0.4895,False,False
r1bq1rk1/1p2bppp/p1n1pn2/8/2BP4/P1N2N2/1P3PPP/R1BQ1RK1 w - -,2000-2199,d4d5,15,0.5,0.5013958217250489,0.0823,0.47174434501954554,0.4995,False,False
r1bq1rk1/1p2bppp/p1n1pn2/8/2BP4/P1N2N2/1P3PPP/R1BQ1RK1 w - -,2000-2199,f1e1,11,0.36363636363636365,0.37899865928896986,0.0206,0.4879758027356603,0.503,False,True
r1bq1rk1/1p2bppp/p1n1pn2/8/2BP4/P1N2N2/1P3PPP/R1BQ1RK1 w - -,2000-2199,h2h3,10,0.7,0.6742755260586283,0.659,0.4816460352688732,0.494,False,False
r1bq1rk1/1p2ppbp/p2p1np1/8/2BBP3/2N2P2/PPPQ2PP/2KR3R b - -,2000-2199,b7b5,90,0.36666666666666664,0.3683427568776059,0.5482,0.2298962065264842,0.2025,True,False
r1bq1rk1/1p2ppbp/p2p1np1/8/2BBP3/2N2P2/PPPQ2PP/2KR3R b - -,2000-2199,c8e6,16,0.34375,0.3582010902584061,0.4518,0.13833648248232963,0.2145,False,True
r1bq1rk1/1p3ppp/p1np1b2/3Np3/4P3/N7/PPP2PPP/R2QKB1R w KQ -,2000-2199,a3c4,49,0.5306122448979592,0.5296418901891485,0.2435,0.6294987500318556,0.549,True,True
r1bq1rk1/1p3ppp/p1np1b2/3Np3/4P3/N7/PPP2PPP/R2QKB1R w KQ -,2000-2199,c2c3,116,0.5043103448275862,0.5039592848351466,0.07935,0.5694195537275164,0.5115,False,False
r1bq1rk1/1p3ppp/p1np1b2/3Np3/4P3/N7/PPP2PPP/R2QKB1R w KQ -,2000-2199,c2c4,33,0.5303030303030303,0.5283169414725082,0.26355,0.46626562098543395,0.4575,False,False
r1bq1rk1/1p3ppp/p1np1b2/3Np3/4P3/N7/PPP2PPP/R2QKB1R w KQ -,2000-2199,f1d3,17,0.4411764705882353,0.4475520464282671,0.10605,0.4807564181511529,0.496,False,False
r1bq1rk1/1p3ppp/p1np1b2/3Np3/4P3/N7/PPP2PPP/R2QKB1R w KQ -,2000-2199,f1e2,28,0.5357142857142857,0.5341386790702756,0.30755,0.494818500265229,0.5095,False,False
r1bq1rk1/1pp1bppp/p1p1n3/4N3/3P4/2P5/PP3PPP/RNBQR1K1 w - -,2000-2199,b1d2,147,0.4387755102040816,0.439810375268984,0.3243,0.48584401620935186,0.472,False,False
r1bq1rk1/1pp1bppp/p1p1n3/4N3/3P4/2P5/PP3PPP/RNBQR1K1 w - -,2000-2199,c1e3,13,0.5,0.49932937320044746,0.6757,0.5565799525947744,0.492,True,True
r1bq1rk1/1pp1npbp/3p1np1/3Pp3/1BP1P3/2N2N2/P3BPPP/R2Q1RK1 b - -,2000-2199,b7b6,162,0.4660493827160494,0.4660522172307954,0.37355,0.3530214772835395,0.4205,True,True
r1bq1rk1/1pp1npbp/3p1np1/3Pp3/1BP1P3/2N2N2/P3BPPP/R2Q1RK1 b - -,2000-2199,f6d7,100,0.435,0.4358308361877186,0.1695,0.2895279792750196,0.3315,False,False
r1bq1rk1/1pp1npbp/3p1np1/3Pp3/1BP1P3/2N2N2/P3BPPP/R2Q1RK1 b - -,2000-2199,f6e8,27,0.46296296296296297,0.4650059831486142,0.43505,0.27387144355331916,0.3315,False,False
r1bq1rk1/1pp1npbp/3p1np1/3Pp3/1BP1P3/2N2N2/P3BPPP/R2Q1RK1 b - -,2000-2199,f6h5,30,0.31666666666666665,0.32444223927710003,0.0219,0.2814138583636796,0.232,False,False
r1bq1rk1/1pp1npp1/1b1p1n1p/pP2p3/P1B1P3/2PP1N1P/5PP1/RNBQ1RK1 w - -,2000-2199,c1e3,20,0.425,0.42945911489955063,0.6538,0.4976358916561357,0.4955,False,False
r1bq1rk1/1pp1npp1/1b1p1n1p/pP2p3/P1B1P3/2PP1N1P/5PP1/RNBQ1RK1 w - -,2000-2199,f1e1,10,0.35,0.36867159032039654,0.3462,0.5484787154506995,0.512,True,True
r1bq1rk1/1pp2pb1/3p1npp/p1nPp1B1/2P1P3/2N2N2/PPQ1BPPP/R4RK1 w - -,2000-2199,g5e3,168,0.5654761904761905,0.5649218582745301,0.55195,0.43683639023776566,0.532,True,True
r1bq1rk1/1pp2pb1/3p1npp/p1nPp1B1/2P1P3/2N2N2/PPQ1BPPP/R4RK1 w - -,2000-2199,g5h4,53,0.5566037735849056,0.5546865350203235,0.44805,0.3307019962744497,0.445,False,False
r1bq1rk1/2p1bppp/p1P2n2/1p6/8/1BP2p2/PP1P1PPP/RNBQR1K1 w - -,2000-2199,d1f3,160,0.321875,0.32382929908991215,0.0016,0.4281430381806632,0.544,False,False
r1bq1rk1/2p1bppp/p1P2n2/1p6/8/1BP2p2/PP1P1PPP/RNBQR1K1 w - -,2000-2199,d2d4,33,0.5909090909090909,0.5870289809081237,0.9984,0.7841470612390466,0.6645,True,True
r1bq1rk1/2p1bppp/p1n5/1p1n4/3p4/1BP2N2/PP3PPP/RNBQR1K1 w - -,2000-2199,c3d4,69,0.4927536231884058,0.49297370397759577,0.76595,0.6545040726313547,0.499,True,True
r1bq1rk1/2p1bppp/p1n5/1p1n4/3p4/1BP2N2/PP3PPP/RNBQR1K1 w - -,2000-2199,f3d4,199,0.44472361809045224,0.4446973507410004,0.23405,0.5807479037684029,0.496,False,False
r1bq1rk1/2p1bppp/p7/1p1nR3/8/1B5P/PPPP1PP1/RNBQ2K1 b - -,2000-2199,c7c6,98,0.45408163265306123,0.45433579231286647,0.01845,0.4133664901610037,0.253,False,False
r1bq1rk1/2p1bppp/p7/1p1nR3/8/1B5P/PPPP1PP1/RNBQ2K1 b - -,2000-2199,c8b7,17,0.5294117647058824,0.5268316250592082,0.25305,0.5632853496178153,0.411,False,False
r1bq1rk1/2p1bppp/p7/1p1nR3/8/1B5P/PPPP1PP1/RNBQ2K1 b - -,2000-2199,d5f6,39,0.6153846153846154,0.611313033093776,0.7285,0.5892480067381636,0.438,True,True
r1bq1rk1/2p1bppp/p7/1p1nR3/8/1BP5/PP1P1PPP/RNBQ2K1 b - -,2000-2199,c7c6,1300,0.5542307692307692,0.5541647951485175,0.0246,0.4358972766306198,0.418,True,True
r1bq1rk1/2p1bppp/p7/1p1nR3/8/1BP5/PP1P1PPP/RNBQ2K1 b - -,2000-2199,d5f6,390,0.6089743589743589,0.6084154804144157,0.9754,0.3611799168624578,0.3765,False,False
r1bq1rk1/2p2pp1/pbnp1n1p/1p2p3/3PP3/1BP2N1P/PP3PP1/RNBQR1K1 w - -,2000-2199,a2a4,44,0.5,0.49996776219753886,0.74535,0.5821731184207793,0.514,True,False
r1bq1rk1/2p2pp1/pbnp1n1p/1p2p3/3PP3/1BP2N1P/PP3PP1/RNBQR1K1 w - -,2000-2199,c1e3,28,0.4107142857142857,0.41515402599909157,0.21165,0.5745360270065528,0.5415,False,True
r1bq1rk1/2p2pp1/pbnp1n1p/1p2p3/3PP3/1BP2N1P/PP3PP1/RNBQR1K1 w - -,2000-2199,d4d5,16,0.28125,0.2995700719789094,0.043,0.3973270860904089,0.45,False,False
r1bq1rk1/2pnbppp/p2p1n2/1p2p3/3PP3/1BP2N1P/PP3PP1/RNBQR1K1 w - -,2000-2199,a2a4,85,0.4176470588235294,0.4194286856514028,0.0051,0.5519358046005912,0.533,False,False
r1bq1rk1/2pnbppp/p2p1n2/1p2p3/3PP3/1BP2N1P/PP3PP1/RNBQR1K1 w - -,2000-2199,b1d2,633,0.542654028436019,0.5427639921235491,0.4865,0.5747214078537041,0.564,True,True
r1bq1rk1/2pnbppp/p2p1n2/1p2p3/3PP3/1BP2N1P/PP3PP1/RNBQR1K1 w - -,2000-2199,c1g5,45,0.5444444444444444,0.5439032712316182,0.5084,0.5567178268731992,0.511,False,False
r1bq1rk1/3nbppp/2n1p3/ppppP3/8/3P1NP1/PPP2PBP/R1BQRNK1 w - a6,2000-2199,c1f4,32,0.34375,0.3509158157311247,0.0023,0.46238442370007726,0.361,False,False
r1bq1rk1/3nbppp/2n1p3/ppppP3/8/3P1NP1/PPP2PBP/R1BQRNK1 w - a6,2000-2199,h2h4,182,0.6016483516483516,0.6009246907384985,0.9977,0.552372412601578,0.5,True,True
r1bq1rk1/3nbppp/p1p1pn2/1p4B1/3P4/2NBPN2/PP3PPP/R2Q1RK1 w - -,2000-2199,a1c1,45,0.5222222222222223,0.5220039025955232,0.04315,0.4702385611843158,0.505,False,False
r1bq1rk1/3nbppp/p1p1pn2/1p4B1/3P4/2NBPN2/PP3PPP/R2Q1RK1 w - -,2000-2199,a2a3,22,0.5909090909090909,0.5856577045302781,0.21,0.5309087268469158,0.4775,False,False
r1bq1rk1/3nbppp/p1p1pn2/1p4B1/3P4/2NBPN2/PP3PPP/R2Q1RK1 w - -,2000-2199,d1e2,14,0.6428571428571429,0.6297156531099336,0.43095,0.5593986752483695,0.517,False,False
r1bq1rk1/3nbppp/p1p1pn2/1p4B1/3P4/2NBPN2/PP3PPP/R2Q1RK1 w - -,2000-2199,e3e4,25,0.62,0.6142430121374522,0.3159,0.6819646163904689,0.5425,True,True
r1bq1rk1/3nbppp/p3pn2/1p1p2B1/3P4/2NBPN2/PP3PPP/2RQ1RK1 w - b6,2000-2199,a2a3,18,0.6111111111111112,0.6020542085408562,0.65295,0.4959717990710594,0.5405,False,False
r1bq1rk1/3nbppp/p3pn2/1p1p2B1/3P4/2NBPN2/PP3PPP/2RQ1RK1 w - b6,2000-2199,d3b1,19,0.5526315789473685,0.5502240093452332,0.34705,0.5711316873132909,0.5975,True,True
r1bq1rk1/4bppp/p2p1n2/npp1p3/4P3/2P2N1P/PPBP1PP1/RNBQR1K1 w - -,2000-2199,d2d3,13,0.6538461538461539,0.638153318801133,0.87615,0.5666782092816028,0.5125,False,False
r1bq1rk1/4bppp/p2p1n2/npp1p3/4P3/2P2N1P/PPBP1PP1/RNBQR1K1 w - -,2000-2199,d2d4,137,0.4927007299270073,0.492364490037617,0.12385,0.6046117870783425,0.5795,True,True
r1bq1rk1/4bppp/p2p1n2/npp1p3/4P3/2P2N1P/PPBP1PP1/RNBQR1K1 w - c6,2000-2199,d2d3,206,0.5412621359223301,0.541041945471762,0.5574,0.5717517615892748,0.5125,False,False
r1bq1rk1/4bppp/p2p1n2/npp1p3/4P3/2P2N1P/PPBP1PP1/RNBQR1K1 w - c6,2000-2199,d2d4,1659,0.5361663652802894,0.5361400054221173,0.4426,0.6108700350380797,0.5795,True,True
r1bq1rk1/4bppp/p2p1n2/npp1p3/4P3/2PP1N1P/PPB2PP1/RNBQ1RK1 w - c6,2000-2199,a2a4,40,0.45,0.45219714480409984,0.00285,0.4780938817794477,0.506,False,False
r1bq1rk1/4bppp/p2p1n2/npp1p3/4P3/2PP1N1P/PPB2PP1/RNBQ1RK1 w - c6,2000-2199,b1d2,124,0.5806451612903226,0.5797100999594968,0.06395,0.5594576808968473,0.512,False,True
r1bq1rk1/4bppp/p2p1n2/npp1p3/4P3/2PP1N1P/PPB2PP1/RNBQ1RK1 w - c6,2000-2199,c1e3,32,0.515625,0.5146384906789055,0.0352,0.48581980181641365,0.5085,False,False
r1bq1rk1/4bppp/p2p1n2/npp1p3/4P3/2PP1N1P/PPB2PP1/RNBQ1RK1 w - c6,2000-2199,c1g5,23,0.5652173913043478,0.5607566258249984,0.1288,0.5043860595484198,0.4915,False,False
r1bq1rk1/4bppp/p2p1n2/npp1p3/4P3/2PP1N1P/PPB2PP1/RNBQ1RK1 w - c6,2000-2199,d3d4,44,0.625,0.621952279656792,0.2678,0.5348463960200498,0.509,False,False
r1bq1rk1/4bppp/p2p1n2/npp1p3/4P3/2PP1N1P/PPB2PP1/RNBQ1RK1 w - c6,2000-2199,f1e1,115,0.49130434782608695,0.4911216525291703,0.0016,0.5627750791314104,0.511,True,False
r1bq1rk1/4bppp/p2p1n2/npp1p3/4P3/2PP1N1P/PPB2PP1/RNBQ1RK1 w - c6,2000-2199,f3h2,15,0.6666666666666666,0.6511055879173601,0.4998,0.4623132693296977,0.463,False,False
r1bq1rk1/4bppp/p2p1n2/npp1p3/4P3/2PP1N2/PPB2PPP/RNBQR1K1 w - c6,2000-2199,a2a4,18,0.4166666666666667,0.42328473313243886,0.0667,0.4967392017229489,0.5245,False,True
r1bq1rk1/4bppp/p2p1n2/npp1p3/4P3/2PP1N2/PPB2PPP/RNBQR1K1 w - c6,2000-2199,b1d2,338,0.5133136094674556,0.5134636557612732,0.09945,0.5948689774020536,0.5125,True,False
r1bq1rk1/4bppp/p2p1n2/npp1p3/4P3/2PP1N2/PPB2PPP/RNBQR1K1 w - c6,2000-2199,h2h3,43,0.6046511627906976,0.6011979217085035,0.83385,0.5581188552005147,0.514,False,False
r1bq1rk1/p1p2ppp/5n2/3p4/8/2PB4/P1P2PPP/R1BQ1RK1 w - -,2000-2199,c1g5,52,0.46153846153846156,0.46204547476625824,0.28425,0.5239644123718428,0.5105,False,False
r1bq1rk1/p1p2ppp/5n2/3p4/8/2PB4/P1P2PPP/R1BQ1RK1 w - -,2000-2199,h2h3,12,0.5416666666666666,0.5355994880039555,0.71575,0.6253075901127875,0.5135,True,True
r1bq1rk1/p2nbpp1/2p1pn1p/1p6/2BP3B/2N1PN2/PP3PPP/R2Q1RK1 w - b6,2000-2199,c4b3,48,0.53125,0.5299508607574083,0.37185,0.5013523855817714,0.511,False,False
r1bq1rk1/p2nbpp1/2p1pn1p/1p6/2BP3B/2N1PN2/PP3PPP/R2Q1RK1 w - b6,2000-2199,c4d3,108,0.5555555555555556,0.5552759307323653,0.62815,0.5134628528559824,0.5485,True,True
r1bq1rk1/p2nppbp/2p3p1/3pP3/5P2/2N1B3/PPP1B1PP/R2Q1RK1 b - f3,2000-2199,e7e6,168,0.5119047619047619,0.5118006355688884,0.74895,0.4920257588470866,0.4955,False,True
r1bq1rk1/p2nppbp/2p3p1/3pP3/5P2/2N1B3/PPP1B1PP/R2Q1RK1 b - f3,2000-2199,f7f6,10,0.4,0.4153090454004465,0.25105,0.6955597157633572,0.465,True,False
r1bq1rk1/p3bppp/4pn2/3p2B1/8/2NB4/PPP2PPP/R2Q1RK1 w - -,2000-2199,d1f3,10,0.5,0.5006386115832736,0.70045,0.4287250964817938,0.4585,False,False
r1bq1rk1/p3bppp/4pn2/3p2B1/8/2NB4/PPP2PPP/R2Q1RK1 w - -,2000-2199,f1e1,14,0.39285714285714285,0.4034134552430951,0.29955,0.4659035137104187,0.471,True,True
r1bq1rk1/p3ppbp/1pn3p1/2p5/2BPP3/2P1B3/P3NPPP/R2Q1RK1 w - -,2000-2199,a1b1,14,0.5,0.5005045748570192,0.21005,0.5358294277274437,0.5045,False,False
r1bq1rk1/p3ppbp/1pn3p1/2p5/2BPP3/2P1B3/P3NPPP/R2Q1RK1 w - -,2000-2199,a1c1,39,0.5256410256410257,0.5249667164743822,0.17435,0.5907456631597797,0.515,False,True
r1bq1rk1/p3ppbp/1pn3p1/2p5/2BPP3/2P1B3/P3NPPP/R2Q1RK1 w - -,2000-2199,c4d5,14,0.5357142857142857,0.5322549191910358,0.2902,0.6158652480017276,0.5005,True,False
r1bq1rk1/p3ppbp/1pn3p1/2p5/2BPP3/2P1B3/P3NPPP/R2Q1RK1 w - -,2000-2199,d1d2,28,0.4107142857142857,0.41455607755147794,0.0208,0.5675611394026453,0.515,False,False
r1bq1rk1/p3ppbp/1pn3p1/2p5/2BPP3/2P1B3/P3NPPP/R2Q1RK1 w - -,2000-2199,d4c5,28,0.5535714285714286,0.5514079381449769,0.3046,0.48924809956730503,0.5115,False,False
r1bq1rk1/p3ppbp/2p2np1/3p4/4P3/2N1BP2/PPPQ2PP/2KR1B1R w - -,2000-2199,e3h6,75,0.5733333333333334,0.5715094983728651,0.9258,0.44920223107762314,0.56,False,False
r1bq1rk1/p3ppbp/2p2np1/3p4/4P3/2N1BP2/PPPQ2PP/2KR1B1R w - -,2000-2199,e4d5,404,0.41707920792079206,0.41750344807757567,0.0017,0.7665462751465352,0.5165,False,False
r1bq1rk1/p3ppbp/2p2np1/3p4/4P3/2N1BP2/PPPQ2PP/2KR1B1R w - -,2000-2199,e4e5,167,0.4431137724550898,0.4435678381782965,0.02065,0.5680185855731076,0.508,False,False
r1bq1rk1/p3ppbp/2p2np1/3p4/4P3/2N1BP2/PPPQ2PP/2KR1B1R w - -,2000-2199,f1c4,21,0.38095238095238093,0.3886847449455608,0.05185,0.8074691766528974,0.5715,True,True
r1bq1rk1/p3ppbp/2p3p1/3n4/8/2N1B3/PPP1BPPP/R2Q1RK1 w - -,2000-2199,c3d5,124,0.3951612903225806,0.39613357011414224,0.09165,0.4694297947613234,0.4925,False,True
r1bq1rk1/p3ppbp/2p3p1/3n4/8/2N1B3/PPP1BPPP/R2Q1RK1 w - -,2000-2199,e3d4,58,0.49137931034482757,0.4916209816715735,0.90835,0.5093202292029493,0.4815,True,False
r1bq1rk1/p3ppbp/2p3p1/3n4/8/2N1B3/PPPQBPPP/R3K2R w KQ -,2000-2199,c3d5,80,0.44375,0.4446381856646646,0.7889,0.38416469074229775,0.491,False,True
r1bq1rk1/p3ppbp/2p3p1/3n4/8/2N1B3/PPPQBPPP/R3K2R w KQ -,2000-2199,e3d4,11,0.3181818181818182,0.340245200555896,0.2111,0.4076683106560788,0.4855,True,False
r1bq1rk1/p3ppbp/2p3p1/3n4/8/2N1BP2/PPPQ2PP/R3KB1R w KQ -,2000-2199,c3d5,277,0.37364620938628157,0.374319582135814,0.0515,0.20075349855489916,0.3035,False,True
r1bq1rk1/p3ppbp/2p3p1/3n4/8/2N1BP2/PPPQ2PP/R3KB1R w KQ -,2000-2199,e3d4,118,0.4576271186440678,0.4580601100626459,0.9485,0.3620947192926416,0.055,True,False
r1bq1rk1/p3ppbp/5np1/3p4/8/2N1BP2/PPPQ2PP/R3KB1R w KQ -,2000-2199,e1c1,79,0.3670886075949367,0.3689620205846652,0.29195,0.36906985411834137,0.3305,True,True
r1bq1rk1/p3ppbp/5np1/3p4/8/2N1BP2/PPPQ2PP/R3KB1R w KQ -,2000-2199,e3d4,19,0.2894736842105263,0.3042270390155788,0.13645,0.06132022796233704,0.004,False,False
r1bq1rk1/p3ppbp/5np1/3p4/8/2N1BP2/PPPQ2PP/R3KB1R w KQ -,2000-2199,e3h6,15,0.4,0.4090785757447078,0.5716,0.13895809505595505,0.087,False,False
r1bq1rk1/p4pbp/2p1pnp1/3p4/3P4/2N3P1/PP2PPBP/R1BQ1RK1 w - -,2000-2199,b2b3,30,0.48333333333333334,0.4838069742711155,0.02355,0.49765847642442834,0.5065,False,False
r1bq1rk1/p4pbp/2p1pnp1/3p4/3P4/2N3P1/PP2PPBP/R1BQ1RK1 w - -,2000-2199,c1f4,37,0.5945945945945946,0.591383226251476,0.1914,0.6051651423768122,0.53,True,True
r1bq1rk1/p4pbp/2p1pnp1/3p4/3P4/2N3P1/PP2PPBP/R1BQ1RK1 w - -,2000-2199,c1g5,15,0.7,0.6817435718225255,0.7146,0.518242456952742,0.5175,False,False
r1bq1rk1/p4pbp/2p1pnp1/3p4/3P4/2N3P1/PP2PPBP/R1BQ1RK1 w - -,2000-2199,c3a4,86,0.563953488372093,0.5628181124260465,0.07045,0.594748201714394,0.517,False,False
r1bq1rk1/p4ppp/2p2n2/3p2B1/1b6/2NB4/PPP2PPP/R2Q1RK1 w - -,2000-2199,c3a4,104,0.5288461538461539,0.5282984763803819,0.419,0.5012582211315575,0.494,False,False
r1bq1rk1/p4ppp/2p2n2/3p2B1/1b6/2NB4/PPP2PPP/R2Q1RK1 w - -,2000-2199,c3e2,144,0.4548611111111111,0.45481714571957893,0.02225,0.49177278114986206,0.492,False,False
r1bq1rk1/p4ppp/2p2n2/3p2B1/1b6/2NB4/PPP2PPP/R2Q1RK1 w - -,2000-2199,d1f3,774,0.5012919896640827,0.5010012907282833,0.0796,0.45275661207472495,0.5035,False,True
r1bq1rk1/p4ppp/2p2n2/3p2B1/1b6/2NB4/PPP2PPP/R2Q1RK1 w - -,2000-2199,h2h3,103,0.5339805825242718,0.5333953583672382,0.47915,0.5268901199111187,0.502,True,False
r1bq1rk1/p4ppp/2p2n2/3p4/1b6/2NB3P/PPP2PP1/R1BQ1RK1 w - -,2000-2199,c1g5,34,0.7058823529411765,0.6963219858057701,0.9967,0.5334555130951507,0.5025,False,False
r1bq1rk1/p4ppp/2p2n2/3p4/1b6/2NB3P/PPP2PP1/R1BQ1RK1 w - -,2000-2199,d1f3,250,0.47,0.47051478001635694,0.0033,0.5544557766572122,0.507,True,True
r1bq1rk1/pp1nbpp1/2p1p2p/3n4/2BP3B/2N1PN2/PP3PPP/R2Q1RK1 w - -,2000-2199,h4e7,45,0.5444444444444444,0.5435980482142174,0.1549,0.5328053445236324,0.537,False,False
r1bq1rk1/pp1nbpp1/2p1p2p/3n4/2BP3B/2N1PN2/PP3PPP/R2Q1RK1 w - -,2000-2199,h4g3,33,0.6515151515151515,0.6460253441107561,0.8451,0.7268668355090788,0.616,True,True
r1bq1rk1/pp2bpp1/2n1pn1p/8/2BP3B/2N2N2/PP3PPP/R2Q1RK1 b - -,2000-2199,a7a6,27,0.6851851851851852,0.6745543018803101,0.8541,0.5903843676967123,0.5185,True,True
r1bq1rk1/pp2bpp1/2n1pn1p/8/2BP3B/2N2N2/PP3PPP/R2Q1RK1 b - -,2000-2199,f6d5,10,0.5,0.501055080082458,0.1459,0.4773591382765184,0.4945,False,False
r1bq1rk1/pp2bpp1/2n2n1p/3p2B1/3N4/2N3P1/PP2PPBP/R2Q1RK1 w - -,2000-2199,g5e3,123,0.491869918699187,0.4920909946826605,0.21635,0.6188044747047141,0.5655,True,True
r1bq1rk1/pp2bpp1/2n2n1p/3p2B1/3N4/2N3P1/PP2PPBP/R2Q1RK1 w - -,2000-2199,g5f4,79,0.5189873417721519,0.5183420185912306,0.473,0.48442193720617754,0.5155,False,False
r1bq1rk1/pp2bpp1/2n2n1p/3p2B1/3N4/2N3P1/PP2PPBP/R2Q1RK1 w - -,2000-2199,g5f6,66,0.5,0.49909049968877073,0.31065,0.5013533132145469,0.516,False,False
r1bq1rk1/pp2bppp/2n1pn2/6B1/2BP4/2N2N2/PP3PPP/R2Q1RK1 w - -,2000-2199,a1c1,15,0.6,0.5907632577956402,0.5936,0.49027034198582714,0.508,False,False
r1bq1rk1/pp2bppp/2n1pn2/6B1/2BP4/2N2N2/PP3PPP/R2Q1RK1 w - -,2000-2199,a2a3,14,0.32142857142857145,0.3393696715168617,0.0211,0.4950888061526229,0.5135,False,True
r1bq1rk1/pp2bppp/2n1pn2/6B1/2BP4/2N2N2/PP3PPP/R2Q1RK1 w - -,2000-2199,d1d2,12,0.5,0.49951311460630704,0.2426,0.4570911166974807,0.5105,False,False
r1bq1rk1/pp2bppp/2n1pn2/6B1/2BP4/2N2N2/PP3PPP/R2Q1RK1 w - -,2000-2199,f1e1,48,0.5,0.49938210702010877,0.1427,0.5050765066457813,0.5075,True,False
r1bq1rk1/pp2bppp/2np1n2/4p1B1/2B1P3/2N2N2/PP2QPPP/R2R2K1 w - -,2000-2199,a1c1,31,0.3225806451612903,0.3305241045806204,0.00155,0.25789790037458554,0.465,False,True
r1bq1rk1/pp2bppp/2np1n2/4p1B1/2B1P3/2N2N2/PP2QPPP/R2R2K1 w - -,2000-2199,c3b5,26,0.5961538461538461,0.5914775717166276,0.5411,0.42033242171268603,0.4615,True,False
r1bq1rk1/pp2bppp/2np1n2/4p1B1/2B1P3/2N2N2/PP2QPPP/R2R2K1 w - -,2000-2199,g5f6,18,0.5,0.49989908514658954,0.15865,0.3226441893019398,0.464,False,False
r1bq1rk1/pp2bppp/2np1n2/4p1B1/2B1P3/2N2N2/PP2QPPP/R2R2K1 w - -,2000-2199,h2h3,30,0.55,0.5485090003720071,0.2987,0.41370206425807055,0.4645,False,False
r1bq1rk1/pp2bppp/2np1n2/4p3/2B1P3/2N2N1P/PP2QPP1/R1BR2K1 w - -,2000-2199,a2a3,20,0.35,0.3602145738662598,0.05945,0.5033814157120384,0.4645,True,False
r1bq1rk1/pp2bppp/2np1n2/4p3/2B1P3/2N2N1P/PP2QPP1/R1BR2K1 w - -,2000-2199,b2b4,22,0.5454545454545454,0.5443664766579382,0.74525,0.44966322055142577,0.4605,False,False
r1bq1rk1/pp2bppp/2np1n2/4p3/2B1P3/2N2N1P/PP2QPP1/R1BR2K1 w - -,2000-2199,c1e3,117,0.44871794871794873,0.44951372433875314,0.1323,0.4372461328789509,0.4805,False,True
r1bq1rk1/pp2bppp/2np1n2/4p3/2B1P3/2N2N1P/PP2QPP1/R1BR2K1 w - -,2000-2199,c1g5,156,0.42948717948717946,0.4300264830239258,0.063,0.43853319357875203,0.4615,False,False
r1bq1rk1/pp2npbp/2n3p1/1B1p4/3P4/5N2/PP3PPP/RNBQR1K1 w - -,2000-2199,b1c3,38,0.27631578947368424,0.285238628945938,0.005,0.30332568183979586,0.439,False,False
r1bq1rk1/pp2npbp/2n3p1/1B1p4/3P4/5N2/PP3PPP/RNBQR1K1 w - -,2000-2199,c1g5,48,0.53125,0.5303095558477354,0.995,0.5273745235436275,0.483,True,True
r1bq1rk1/pp2pp1p/2n3p1/2pP4/4P3/5N2/P2QBPPP/1R2K2R b K -,2000-2199,c6a5,65,0.6,0.597599142947969,0.99855,0.24650760104754202,0.196,False,False
r1bq1rk1/pp2pp1p/2n3p1/2pP4/4P3/5N2/P2QBPPP/1R2K2R b K -,2000-2199,c6b8,52,0.14423076923076922,0.15473815997846033,0.0,0.16107634260059137,0.0695,False,False
r1bq1rk1/pp2pp1p/2n3p1/2pP4/4P3/5N2/P2QBPPP/1R2K2R b K -,2000-2199,c6d4,57,0.3508771929824561,0.35449957810250454,0.00145,0.28928808909297676,0.42,True,True
r1bq1rk1/pp2ppbp/1n1p2p1/3Pn3/2P5/1PN1B3/P4PPP/2RQKBNR w K -,2000-2199,f1e2,259,0.6158301158301158,0.6147495452533157,0.1862,0.8869587033868852,0.74,True,True
r1bq1rk1/pp2ppbp/1n1p2p1/3Pn3/2P5/1PN1B3/P4PPP/2RQKBNR w K -,2000-2199,h2h3,18,0.7222222222222222,0.7056158781560792,0.8138,0.668379655838581,0.5255,False,False
r1bq1rk1/pp2ppbp/2n3p1/3n4/3N4/2N1BP2/PPPQ2PP/2KR1B1R w - -,2000-2199,c3d5,142,0.4084507042253521,0.40968780471018634,0.3842,0.4825665746988548,0.4455,False,False
r1bq1rk1/pp2ppbp/2n3p1/3n4/3N4/2N1BP2/PPPQ2PP/2KR1B1R w - -,2000-2199,d4c6,411,0.4221411192214112,0.4224954841212785,0.6158,0.6110673729899229,0.573,True,True
r1bq1rk1/pp2ppbp/2n3p1/8/2BPP3/4B3/P3NPPP/R2Q1RK1 b - -,2000-2199,a7a6,29,0.39655172413793105,0.40184193175291405,0.01255,0.3020759470412179,0.4445,False,False
r1bq1rk1/pp2ppbp/2n3p1/8/2BPP3/4B3/P3NPPP/R2Q1RK1 b - -,2000-2199,b7b6,35,0.45714285714285713,0.45942598811553415,0.03905,0.41383400262088677,0.3695,False,False
r1bq1rk1/pp2ppbp/2n3p1/8/2BPP3/4B3/P3NPPP/R2Q1RK1 b - -,2000-2199,c6a5,64,0.421875,0.4232289975130287,0.00695,0.4710376577516181,0.4735,True,True
r1bq1rk1/pp2ppbp/2n3p1/8/2BPP3/4B3/P3NPPP/R2Q1RK1 b - -,2000-2199,c8d7,11,0.5,0.5003138488972301,0.2005,0.3889710740033755,0.403,False,False
r1bq1rk1/pp2ppbp/2n3p1/8/2BPP3/4B3/P3NPPP/R2Q1RK1 b - -,2000-2199,c8g4,65,0.5076923076923077,0.5073053445985857,0.0847,0.4058187526975686,0.4695,False,False
r1bq1rk1/pp2ppbp/2n3p1/8/2BPP3/4B3/P3NPPP/R2Q1RK1 b - -,2000-2199,e7e5,11,0.045454545454545456,0.09978692416746064,0.0,0.20242671293476855,0.274,False,False
r1bq1rk1/pp2ppbp/2n3p1/8/2BPP3/4B3/P3NPPP/R2Q1RK1 b - -,2000-2199,e7e6,25,0.62,0.6130990325155365,0.65625,0.4311415834107179,0.35,False,False
r1bq1rk1/pp2ppbp/2n3p1/8/2BPP3/4B3/P3NPPP/R2QK2R w KQ -,2000-2199,a1c1,13,0.6153846153846154,0.6036944304793425,0.7988,0.51142290007662,0.5065,False,False
r1bq1rk1/pp2ppbp/2n3p1/8/2BPP3/4B3/P3NPPP/R2QK2R w KQ -,2000-2199,e1g1,174,0.4942528735632184,0.494257652684029,0.2012,0.5983571669432126,0.532,True,True
r1bq1rk1/pp2ppbp/2n3p1/8/3PP3/4BN2/P3BPPP/R2Q1RK1 b - -,2000-2199,b7b6,21,0.47619047619047616,0.47845949407214167,0.6222,0.09373090474237548,0.094,False,False
r1bq1rk1/pp2ppbp/2n3p1/8/3PP3/4BN2/P3BPPP/R2Q1RK1 b - -,2000-2199,c8g4,119,0.44537815126050423,0.4464057785863375,0.3778,0.2584649919301238,0.395,True,True
r1bq1rk1/pp2ppbp/3p1np1/8/3NP3/1nN1BP2/PPPQ2PP/R3K2R w KQ -,2000-2199,a2b3,62,0.5967741935483871,0.59446123389213,0.67185,0.6396647634234037,0.622,True,True
r1bq1rk1/pp2ppbp/3p1np1/8/3NP3/1nN1BP2/PPPQ2PP/R3K2R w KQ -,2000-2199,c2b3,28,0.5178571428571429,0.5169635617155129,0.1996,0.6138152489136502,0.566,False,False
r1bq1rk1/pp2ppbp/3p1np1/8/3NP3/1nN1BP2/PPPQ2PP/R3K2R w KQ -,2000-2199,d4b3,19,0.47368421052631576,0.47536903192287683,0.12855,0.5872406455066914,0.5235,False,False
r1bq1rk1/pp2ppbp/6p1/n1p5/2BPP3/2P1B3/P3NPPP/R2Q1RK1 w - -,2000-2199,c4b3,11,0.2727272727272727,0.2987460406901072,0.03655,0.5543491369519085,0.5065,False,False
r1bq1rk1/pp2ppbp/6p1/n1p5/2BPP3/2P1B3/P3NPPP/R2Q1RK1 w - -,2000-2199,c4d3,218,0.5458715596330275,0.5454167285783493,0.96345,0.5908437974555828,0.547,True,True
r1bq1rk1/pp3pbp/2n1p1p1/3n4/3P4/2N2NP1/PP3PBP/R1BQ1RK1 w - -,2000-2199,c1g5,38,0.5394736842105263,0.5374559832320442,0.834,0.41532535966416345,0.5135,False,False
r1bq1rk1/pp3pbp/2n1p1p1/3n4/3P4/2N2NP1/PP3PBP/R1BQ1RK1 w - -,2000-2199,c3d5,37,0.36486486486486486,0.3703832872486652,0.03515,0.5093100021306833,0.4905,False,False
r1bq1rk1/pp3pbp/2n1p1p1/3n4/3P4/2N2NP1/PP3PBP/R1BQ1RK1 w - -,2000-2199,f1e1,19,0.39473684210526316,0.40199127352918207,0.13085,0.5325041884085089,0.5195,True,True
r1bq1rk1/pp3ppp/2n1p3/2b5/4B3/2P2N2/PP3PPP/R1BQ1RK1 b - -,2000-2199,d8c7,22,0.36363636363636365,0.372439707912069,0.23745,0.5168975406437044,0.433,True,False
r1bq1rk1/pp3ppp/2n1p3/2b5/4B3/2P2N2/PP3PPP/R1BQ1RK1 b - -,2000-2199,d8d1,47,0.3617021276595745,0.3662559328592791,0.17755,0.2074763868227621,0.4415,False,True
r1bq1rk1/pp3ppp/2n1p3/2b5/4B3/2P2N2/PP3PPP/R1BQ1RK1 b - -,2000-2199,d8e7,15,0.43333333333333335,0.4402890024723967,0.585,0.3617858047104387,0.346,False,False
r1bq1rk1/pp3ppp/2n2n2/2b3B1/3p4/2N2NP1/PP2PPBP/R2Q1RK1 w - -,2000-2199,c3a4,15,0.7333333333333333,0.7123076352287808,0.9365,0.49226797094548863,0.506,False,False
r1bq1rk1/pp3ppp/2n2n2/2b3B1/3p4/2N2NP1/PP2PPBP/R2Q1RK1 w - -,2000-2199,c3e4,88,0.3693181818181818,0.37176474411354227,0.00015,0.503,0.532,False,True
r1bq1rk1/pp3ppp/2n2n2/2b3B1/3p4/2N2NP1/PP2PPBP/R2Q1RK1 w - -,2000-2199,g5f6,86,0.5232558139534884,0.5230701570968834,0.06335,0.5159219805855467,0.523,True,False
r1bq1rk1/pp3ppp/2n2n2/3p4/8/P1NB4/1PP2PPP/R1BQ1RK1 b - -,2000-2199,c8g4,31,0.4838709677419355,0.4843492983208409,0.58195,0.3021226115000605,0.474,False,True
r1bq1rk1/pp3ppp/2n2n2/3p4/8/P1NB4/1PP2PPP/R1BQ1RK1 b - -,2000-2199,d5d4,120,0.45416666666666666,0.4551885104338954,0.3076,0.44616334781337513,0.4595,True,False
r1bq1rk1/pp3ppp/2n2n2/3p4/8/P1NB4/1PP2PPP/R1BQ1RK1 b - -,2000-2199,h7h6,49,0.3979591836734694,0.40113437809265295,0.11045,0.402154095882109,0.4595,False,False
r1bq1rk1/ppp1n1bp/3p2p1/3Ppp1n/1PP1P3/2N2N2/P3BPPP/R1BQR1K1 w - f6,2000-2199,c4c5,11,0.7272727272727273,0.7002794462019213,0.64655,0.6459834088047227,0.622,False,True
r1bq1rk1/ppp1n1bp/3p2p1/3Ppp1n/1PP1P3/2N2N2/P3BPPP/R1BQR1K1 w - f6,2000-2199,e2f1,11,0.5909090909090909,0.5794849621999851,0.1904,0.7022719814161831,0.575,True,False
r1bq1rk1/ppp1n1bp/3p2p1/3Ppp1n/1PP1P3/2N2N2/P3BPPP/R1BQR1K1 w - f6,2000-2199,f3d2,14,0.5714285714285714,0.5646671337613528,0.14735,0.5870413271750955,0.5875,False,False
r1bq1rk1/ppp1n1bp/3p2p1/3Ppp1n/1PP1P3/2N2N2/P3BPPP/R1BQR1K1 w - f6,2000-2199,f3g5,134,0.5223880597014925,0.5219665469684024,0.0157,0.604151779568534,0.6005,False,False
r1bq1rk1/ppp2ppp/2n5/1B1pP3/1b1P4/5N2/PP1N1PPP/R2QK2R w KQ -,2000-2199,b5c6,28,0.5,0.5001801677522689,0.17765,0.6295972767108104,0.5095,True,False
r1bq1rk1/ppp2ppp/2n5/1B1pP3/1b1P4/5N2/PP1N1PPP/R2QK2R w KQ -,2000-2199,e1g1,55,0.6,0.5975695476942248,0.82235,0.6108546210162873,0.5165,False,True
r1bq1rk1/ppp2ppp/2n5/3n4/2BP4/2P2N2/P4PPP/R1BQ1RK1 w - -,2000-2199,c1d2,14,0.5714285714285714,0.5645321740956367,0.10065,0.5652290645441752,0.6395,False,True
r1bq1rk1/ppp2ppp/2n5/3n4/2BP4/2P2N2/P4PPP/R1BQ1RK1 w - -,2000-2199,c1g5,17,0.5882352941176471,0.5803385491294725,0.11065,0.7064601628064767,0.576,False,False
r1bq1rk1/ppp2ppp/2n5/3n4/2BP4/2P2N2/P4PPP/R1BQ1RK1 w - -,2000-2199,d1c2,17,0.7647058823529411,0.742671215418058,0.777,0.777423398165732,0.6115,False,False
r1bq1rk1/ppp2ppp/2n5/3n4/2BP4/2P2N2/P4PPP/R1BQ1RK1 w - -,2000-2199,d1d3,12,0.4166666666666667,0.4257654397711106,0.0117,0.891649669479287,0.5775,True,False
r1bq1rk1/ppp2ppp/2n5/3n4/2BP4/5N2/PP1N1PPP/R2Q1RK1 w - -,2000-2199,a1c1,37,0.527027027027027,0.5264505966262841,0.5231,0.4419267990098292,0.501,False,True
r1bq1rk1/ppp2ppp/2n5/3n4/2BP4/5N2/PP1N1PPP/R2Q1RK1 w - -,2000-2199,a2a3,30,0.38333333333333336,0.3895485644246581,0.0464,0.2597983279540952,0.4815,False,False
r1bq1rk1/ppp2ppp/2n5/3n4/2BP4/5N2/PP1N1PPP/R2Q1RK1 w - -,2000-2199,d1b3,19,0.2631578947368421,0.2808342373138898,0.0099,0.39644445205594997,0.4355,False,False
r1bq1rk1/ppp2ppp/2n5/3n4/2BP4/5N2/PP1N1PPP/R2Q1RK1 w - -,2000-2199,d2b3,12,0.4583333333333333,0.4621208412021524,0.27475,0.5466720538361576,0.488,True,False
r1bq1rk1/ppp2ppp/2n5/3n4/2BP4/5N2/PP1N1PPP/R2Q1RK1 w - -,2000-2199,d2e4,25,0.22,0.23500013166607456,0.0007,0.4466249570059682,0.491,False,False
r1bq1rk1/ppp2ppp/2n5/3n4/2BP4/5N2/PP1N1PPP/R2Q1RK1 w - -,2000-2199,f1e1,54,0.3888888888888889,0.3923646800006036,0.022,0.43575392340111735,0.497,False,False
r1bq1rk1/ppp2ppp/2n5/3n4/2BP4/5N2/PP1N1PPP/R2Q1RK1 w - -,2000-2199,f3e5,32,0.4375,0.4405331347471754,0.1165,0.473460560512866,0.4895,False,False
r1bq1rk1/ppp2ppp/2n5/3n4/2BP4/5N2/PP1N1PPP/R2Q1RK1 w - -,2000-2199,h2h3,40,0.325,0.33183366909501405,0.00665,0.4124052693689184,0.473,False,False
r1bq1rk1/ppp2ppp/2n5/3p4/3Pn3/2PB1N2/P4PPP/R1BQ1RK1 w - -,2000-2199,c3c4,11,0.4090909090909091,0.4194109495272925,0.2453,0.3310088002503508,0.1595,False,False
r1bq1rk1/ppp2ppp/2n5/3p4/3Pn3/2PB1N2/P4PPP/R1BQ1RK1 w - -,2000-2199,d1c2,62,0.5161290322580645,0.5156220959537159,0.7547,0.4765780032214652,0.4435,True,True
r1bq1rk1/pppnn1bp/3p2p1/3Ppp2/2P1P3/2N1BP2/PP2B1PP/R2QNRK1 b - -,2000-2199,d7f6,78,0.3525641025641026,0.3553940099984632,0.01585,0.39180710560156967,0.2215,False,False
r1bq1rk1/pppnn1bp/3p2p1/3Ppp2/2P1P3/2N1BP2/PP2B1PP/R2QNRK1 b - -,2000-2199,f5f4,837,0.472520908004779,0.4724306473214701,0.98415,0.4000920343388581,0.3705,True,True
r1bq1rk1/pppnn1bp/3p2p1/3Ppp2/2P1P3/2N2P2/PP2B1PP/R1BQNRK1 w - f6,2000-2199,c1e3,136,0.5220588235294118,0.521793993691313,0.61225,0.6406977392388785,0.6165,True,True
r1bq1rk1/pppnn1bp/3p2p1/3Ppp2/2P1P3/2N2P2/PP2B1PP/R1BQNRK1 w - f6,2000-2199,g2g4,117,0.5042735042735043,0.5046159328382527,0.38775,0.436297368505668,0.538,False,False
r1bq1rk1/pppnn1bp/3p2p1/3Ppp2/2P1P3/2NN4/PP2BPPP/R1BQ1RK1 w - f6,2000-2199,c1d2,291,0.5687285223367697,0.5680822218263538,0.8147,0.5966767149527005,0.537,True,False
r1bq1rk1/pppnn1bp/3p2p1/3Ppp2/2P1P3/2NN4/PP2BPPP/R1BQ1RK1 w - f6,2000-2199,f2f3,272,0.53125,0.531138787431315,0.17935,0.5750070166915665,0.614,False,True
r1bq1rk1/pppnn1bp/3p2p1/3Ppp2/2P1P3/2NN4/PP2BPPP/R1BQ1RK1 w - f6,2000-2199,f2f4,24,0.3333333333333333,0.3438992585281112,0.00595,0.47725212210947676,0.5085,False,False
r1bq3r/ppp2kpp/8/3p4/1n1Pn3/1Q3N2/PP3PPP/RN2K2R w KQ d6,2000-2199,b3b4,98,0.5867346938775511,0.5852853356117562,0.6957,0.5972146706708249,0.5035,False,False
r1bq3r/ppp2kpp/8/3p4/1n1Pn3/1Q3N2/PP3PPP/RN2K2R w KQ d6,2000-2199,f3e5,45,0.5444444444444444,0.5435411916758913,0.3043,0.6804274335262619,0.512,True,True
r1bqk2r/1p3ppp/p1np4/3Np1b1/4P3/N7/PPP2PPP/R2QKB1R w KQkq -,2000-2199,a3c4,14,0.75,0.7251359631010548,0.48715,0.5525419698560219,0.535,False,True
r1bqk2r/1p3ppp/p1np4/3Np1b1/4P3/N7/PPP2PPP/R2QKB1R w KQkq -,2000-2199,c2c3,45,0.5666666666666667,0.5643846242345303,0.02135,0.5479268538187076,0.5105,False,False
r1bqk2r/1p3ppp/p1np4/3Np1b1/4P3/N7/PPP2PPP/R2QKB1R w KQkq -,2000-2199,c2c4,13,0.4230769230769231,0.4314283708874329,0.0073,0.4356685759760787,0.48,False,False
r1bqk2r/1p3ppp/p1np4/3Np1b1/4P3/N7/PPP2PPP/R2QKB1R w KQkq -,2000-2199,h2h4,12,0.75,0.7217656107717857,0.4842,0.5937326751777916,0.501,True,False
r1bqk2r/4np1p/p2p1p2/1p2p3/4P3/N7/PPP2PPP/R2QKB1R w KQkq -,2000-2199,c2c3,34,0.4411764705882353,0.4446693808588837,0.0443,0.4146754846653731,0.4995,False,False
r1bqk2r/4np1p/p2p1p2/1p2p3/4P3/N7/PPP2PPP/R2QKB1R w KQkq -,2000-2199,c2c4,92,0.4782608695652174,0.47940112112660943,0.05005,0.589427130468845,0.501,True,True
r1bqk2r/4np1p/p2p1p2/1p2p3/4P3/N7/PPP2PPP/R2QKB1R w KQkq -,2000-2199,d1d2,17,0.5,0.500609384140564,0.1805,0.530595733180964,0.499,False,False
r1bqk2r/4np1p/p2p1p2/1p2p3/4P3/N7/PPP2PPP/R2QKB1R w KQkq -,2000-2199,d1f3,17,0.35294117647058826,0.36387403585746947,0.01925,0.5200937694635136,0.491,False,False
r1bqk2r/4np1p/p2p1p2/1p2p3/4P3/N7/PPP2PPP/R2QKB1R w KQkq -,2000-2199,f1d3,18,0.5,0.5011742247799109,0.1951,0.30075079186305137,0.4925,False,False
r1bqk2r/4np1p/p2p1p2/1p2p3/4P3/N7/PPP2PPP/R2QKB1R w KQkq -,2000-2199,f1e2,11,0.5909090909090909,0.5796508917212776,0.5108,0.5185245917598803,0.499,False,False
r1bqk2r/5pbp/p1np1p2/1p1Np3/4P3/N7/PPP2PPP/R2QKB1R w KQkq -,2000-2199,c2c3,371,0.49865229110512127,0.4985398613885739,0.0717,0.6135540646458669,0.5165,False,True
r1bqk2r/5pbp/p1np1p2/1p1Np3/4P3/N7/PPP2PPP/R2QKB1R w KQkq -,2000-2199,c2c4,120,0.5041666666666667,0.5040415691069389,0.1929,0.6905636272207332,0.498,False,False
r1bqk2r/5pbp/p1np1p2/1p1Np3/4P3/N7/PPP2PPP/R2QKB1R w KQkq -,2000-2199,d1h5,64,0.515625,0.5150185609349572,0.3295,0.5779002564610133,0.504,False,False
r1bqk2r/5pbp/p1np1p2/1p1Np3/4P3/N7/PPP2PPP/R2QKB1R w KQkq -,2000-2199,f1d3,285,0.531578947368421,0.5312799755193529,0.4059,0.7004116159840647,0.511,True,False
r1bqk2r/5ppp/p1np1b2/1p1Np3/4P3/N7/PPP2PPP/R2QKB1R w KQkq -,2000-2199,c2c3,2770,0.4893501805054152,0.48940963132027443,0.0057,0.5385621842354471,0.524,False,True
r1bqk2r/5ppp/p1np1b2/1p1Np3/4P3/N7/PPP2PPP/R2QKB1R w KQkq -,2000-2199,c2c4,1057,0.533585619678335,0.5335090307344866,0.9943,0.5813861333680662,0.5115,True,False
r1bqk2r/p3bpp1/2p4p/n2np3/4N3/3B4/PPPP1PPP/RNBQ1RK1 w kq -,2000-2199,b1c3,31,0.45161290322580644,0.45314385207684266,0.065,0.5705240161046471,0.528,False,False
r1bqk2r/p3bpp1/2p4p/n2np3/4N3/3B4/PPPP1PPP/RNBQ1RK1 w kq -,2000-2199,e4g3,12,0.6666666666666666,0.6501416444883941,0.8399,0.6435653077945398,0.788,True,True
r1bqk2r/p3bpp1/2p4p/n2np3/4N3/3B4/PPPP1PPP/RNBQ1RK1 w kq -,2000-2199,f1e1,32,0.46875,0.4711606413446766,0.0951,0.5906828894142983,0.6055,False,False
r1bqk2r/p4pp1/2p2n1p/n1b1N3/4p3/8/PPPPBPPP/RNBQK2R w KQkq -,2000-2199,c2c3,63,0.373015873015873,0.37563751025838205,0.10515,0.581483080542243,0.4665,False,False
r1bqk2r/p4pp1/2p2n1p/n1b1N3/4p3/8/PPPPBPPP/RNBQK2R w KQkq -,2000-2199,d2d4,24,0.4166666666666667,0.4216624674333861,0.3244,0.44816376419802934,0.0075,False,False
r1bqk2r/p4pp1/2p2n1p/n1b1N3/4p3/8/PPPPBPPP/RNBQK2R w KQkq -,2000-2199,e1g1,54,0.3425925925925926,0.3472547448602593,0.0593,0.6732509212219124,0.4965,True,True
r1bqk2r/p4pp1/2p2n1p/n1b1N3/4p3/8/PPPPBPPP/RNBQK2R w KQkq -,2000-2199,f2f4,10,0.45,0.4569611180454832,0.51115,0.4412444772908506,0.1915,False,False
r1bqk2r/p4pp1/2pb1n1p/n3N3/4p3/8/PPPPBPPP/RNBQK2R w KQkq -,2000-2199,d2d4,249,0.4879518072289157,0.4878181746482848,0.67565,0.5284348937406742,0.5045,True,True
r1bqk2r/p4pp1/2pb1n1p/n3N3/4p3/8/PPPPBPPP/RNBQK2R w KQkq -,2000-2199,e5g4,26,0.3269230769230769,0.3361672699920393,0.04315,0.5201155099542338,0.4605,False,False
r1bqk2r/p4pp1/2pb1n1p/n3N3/4p3/8/PPPPBPPP/RNBQK2R w KQkq -,2000-2199,f2f4,31,0.43548387096774194,0.43891036783925547,0.2812,0.49740475549806307,0.432,False,False
r1bqk2r/pp1n1ppp/4p3/3pP3/3Q1P2/2N5/PPP3PP/R3KB1R b KQkq -,2000-2199,d8b6,177,0.4124293785310734,0.4131752260278283,0.82795,0.45176007986766165,0.433,True,True
r1bqk2r/pp1n1ppp/4p3/3pP3/3Q1P2/2N5/PPP3PP/R3KB1R b KQkq -,2000-2199,e8g8,18,0.3055555555555556,0.320788557885743,0.17205,0.43763144171976737,0.409,False,False
r1bqk2r/pp4pp/2nbpn2/3p4/3P4/3B1N2/PP1N1PPP/R1BQ1RK1 w kq -,2000-2199,a2a3,15,0.6333333333333333,0.621059835435547,0.319,0.6163238629805506,0.551,False,False
r1bqk2r/pp4pp/2nbpn2/3p4/3P4/3B1N2/PP1N1PPP/R1BQ1RK1 w kq -,2000-2199,b2b3,15,0.6,0.5905095221248393,0.2044,0.5412301387575796,0.5275,False,False
r1bqk2r/pp4pp/2nbpn2/3p4/3P4/3B1N2/PP1N1PPP/R1BQ1RK1 w kq -,2000-2199,d2b3,31,0.4838709677419355,0.48486525918618684,0.0134,0.6639718528449228,0.5505,True,False
r1bqk2r/pp4pp/2nbpn2/3p4/3P4/3B1N2/PP1N1PPP/R1BQ1RK1 w kq -,2000-2199,f1e1,115,0.6652173913043479,0.6632921741316073,0.4632,0.5859043243374795,0.5555,False,True
r1bqk2r/pp4pp/2nbpn2/3p4/3P4/3B1N2/PP2NPPP/R1BQK2R w KQkq -,2000-2199,c1f4,111,0.5,0.49987312722866456,0.6126,0.5079065255774362,0.509,False,False
r1bqk2r/pp4pp/2nbpn2/3p4/3P4/3B1N2/PP2NPPP/R1BQK2R w KQkq -,2000-2199,e1g1,552,0.4855072463768116,0.4855530783113983,0.3874,0.6044974538001349,0.531,True,True
r1bqk2r/pp4pp/2nbpn2/3p4/3P4/3B4/PP1NNPPP/R1BQ1RK1 w kq -,2000-2199,d2f3,871,0.5109070034443168,0.5109382916818632,0.8761,0.5639924585054322,0.5375,True,True
r1bqk2r/pp4pp/2nbpn2/3p4/3P4/3B4/PP1NNPPP/R1BQ1RK1 w kq -,2000-2199,f2f4,50,0.43,0.43195271068928315,0.1239,0.48042640924267566,0.504,False,False
r1bqk2r/ppp2ppp/8/8/1QpPn3/5N2/PP3PPP/RN2K2R w KQkq -,2000-2199,b4c4,10,0.35,0.369248623633205,0.45215,0.4622268940721791,0.4825,False,False
r1bqk2r/ppp2ppp/8/8/1QpPn3/5N2/PP3PPP/RN2K2R w KQkq -,2000-2199,e1g1,12,0.375,0.3896720036603869,0.54785,0.83061793888616,0.4865,True,True
r1bqkb1r/4nppp/p2p4/1p1Pp3/8/N3B3/PPP2PPP/R2QKB1R w KQkq -,2000-2199,c2c4,107,0.46261682242990654,0.46329243719229607,0.48665,0.6224836857791682,0.5185,True,True
r1bqkb1r/4nppp/p2p4/1p1Pp3/8/N3B3/PPP2PPP/R2QKB1R w KQkq -,2000-2199,f1e2,14,0.4642857142857143,0.4668257938423964,0.51335,0.6046428392296302,0.5075,False,False
r1bqkb1r/5p1p/p1np4/1p1Npp2/4P3/N7/PPP2PPP/R2QKB1R w KQkq -,2000-2199,c2c3,224,0.6071428571428571,0.6063410942349877,0.7075,0.5446146184354255,0.5145,False,False
r1bqkb1r/5p1p/p1np4/1p1Npp2/4P3/N7/PPP2PPP/R2QKB1R w KQkq -,2000-2199,c2c4,63,0.4523809523809524,0.45353562606673387,0.0078,0.6339388689204802,0.5055,False,False
r1bqkb1r/5p1p/p1np4/1p1Npp2/4P3/N7/PPP2PPP/R2QKB1R w KQkq -,2000-2199,e4f5,175,0.5114285714285715,0.511375861218721,0.01015,0.43195292043403677,0.511,False,False
r1bqkb1r/5p1p/p1np4/1p1Npp2/4P3/N7/PPP2PPP/R2QKB1R w KQkq -,2000-2199,f1b5,170,0.5764705882352941,0.5754614174632391,0.2421,0.2494211326412383,0.529,False,True
r1bqkb1r/5p1p/p1np4/1p1Npp2/4P3/N7/PPP2PPP/R2QKB1R w KQkq -,2000-2199,f1d3,674,0.5541543026706232,0.5538666886791904,0.03245,0.7052470816143127,0.5155,True,False
r1bqkb1r/5ppp/p1np1n2/1p1Np3/4P3/N7/PPPB1PPP/R2QKB1R w KQkq -,2000-2199,d2g5,118,0.4872881355932203,0.4873564888903387,0.1188,0.5156864015769536,0.521,False,False
r1bqkb1r/5ppp/p1np1n2/1p1Np3/4P3/N7/PPPB1PPP/R2QKB1R w KQkq -,2000-2199,d5f6,30,0.5666666666666667,0.5627434491839611,0.5766,0.5517568071431851,0.5255,False,False
r1bqkb1r/5ppp/p1np1n2/1p1Np3/4P3/N7/PPPB1PPP/R2QKB1R w KQkq -,2000-2199,f1d3,13,0.5,0.5002367785462489,0.3046,0.7110614238818083,0.6075,True,True
r1bqkb1r/p2n1p2/2p1pn2/1p2P1B1/2pP4/2N5/PP3PPP/R2QKB1R w KQkq -,2000-2199,d1f3,45,0.5666666666666667,0.5648289973111168,0.82795,0.7243102094199235,0.5055,True,False
r1bqkb1r/p2n1p2/2p1pn2/1p2P1B1/2pP4/2N5/PP3PPP/R2QKB1R w KQkq -,2000-2199,e5f6,311,0.477491961414791,0.47761028256370075,0.085,0.4348439959901403,0.5545,False,False
r1bqkb1r/p2n1p2/2p1pn2/1p2P1B1/2pP4/2N5/PP3PPP/R2QKB1R w KQkq -,2000-2199,g2g3,270,0.4777777777777778,0.47751147862317767,0.08705,0.6996864191730888,0.57,False,True
r1bqnrk1/ppp1n1bp/3p2p1/2PPpp2/1P2P3/2N2N2/P3BPPP/R1BQ1RK1 w - f6,2000-2199,a2a4,16,0.625,0.6146533840721928,0.37995,0.732039037358567,0.6645,False,False
r1bqnrk1/ppp1n1bp/3p2p1/2PPpp2/1P2P3/2N2N2/P3BPPP/R1BQ1RK1 w - f6,2000-2199,c1a3,10,0.6,0.5870361850267493,0.3208,0.5956283357215046,0.568,False,False
r1bqnrk1/ppp1n1bp/3p2p1/2PPpp2/1P2P3/2N2N2/P3BPPP/R1BQ1RK1 w - f6,2000-2199,d1b3,11,0.45454545454545453,0.46144941050507904,0.0703,0.654849003908316,0.562,False,False
r1bqnrk1/ppp1n1bp/3p2p1/2PPpp2/1P2P3/2N2N2/P3BPPP/R1BQ1RK1 w - f6,2000-2199,f3d2,104,0.5625,0.5614503917384875,0.06755,0.6323454517126825,0.7005,False,True
r1bqnrk1/ppp1n1bp/3p2p1/2PPpp2/1P2P3/2N2N2/P3BPPP/R1BQ1RK1 w - f6,2000-2199,f3g5,72,0.5902777777777778,0.5883186571672633,0.1614,0.7897532048191948,0.561,True,False
r1bqnrk1/ppp1n1bp/3p2p1/3Ppp2/1PP1P3/2N5/P2NBPPP/R1BQ1RK1 w - f6,2000-2199,a2a4,47,0.7659574468085106,0.7567052666437578,0.9688,0.6863647617852907,0.666,False,False
r1bqnrk1/ppp1n1bp/3p2p1/3Ppp2/1PP1P3/2N5/P2NBPPP/R1BQ1RK1 w - f6,2000-2199,c4c5,82,0.6097560975609756,0.6074956761662619,0.0312,0.6918631330785705,0.6935,True,True
r1bqnrk1/ppp1n1bp/3p2p1/3Ppp2/1PP1P3/2N5/P2NBPPP/R1BQ1RK1 w - f6,2000-2199,f2f3,60,0.35833333333333334,0.3625912880129349,0.0,0.6434569715323782,0.5725,False,False
r1bqnrk1/ppp1n1bp/3p2p1/3Ppp2/2P1P3/2N1BP2/PP2B1PP/R2QNRK1 b - -,2000-2199,e8f6,67,0.39552238805970147,0.39774180835708095,0.0322,0.4075776592032683,0.1915,True,False
r1bqnrk1/ppp1n1bp/3p2p1/3Ppp2/2P1P3/2N1BP2/PP2B1PP/R2QNRK1 b - -,2000-2199,f5f4,667,0.507496251874063,0.5076949396754042,0.9678,0.38441044664765844,0.324,False,True
r1bqnrk1/ppp1n1bp/3p2p1/3Ppp2/2P1P3/2NN4/PP2BPPP/R1BQ1RK1 w - f6,2000-2199,c1d2,201,0.572139303482587,0.5715402926270625,0.30065,0.591980086260016,0.5315,False,False
r1bqnrk1/ppp1n1bp/3p2p1/3Ppp2/2P1P3/2NN4/PP2BPPP/R1BQ1RK1 w - f6,2000-2199,f2f3,201,0.5870646766169154,0.5865647448958117,0.49955,0.5971545802715528,0.608,False,True
r1bqnrk1/ppp1n1bp/3p2p1/3Ppp2/2P1P3/2NN4/PP2BPPP/R1BQ1RK1 w - f6,2000-2199,f2f4,24,0.5208333333333334,0.5180360078277572,0.1998,0.6222073858508189,0.5535,True,False
r1bqr1k1/2p1bpp1/p1np1n1p/1p2p3/3PP3/1BP2N1P/PP3PP1/RNBQR1K1 w - -,2000-2199,a2a4,17,0.4411764705882353,0.4454559158985331,0.099,0.5351324185876537,0.526,False,False
r1bqr1k1/2p1bpp1/p1np1n1p/1p2p3/3PP3/1BP2N1P/PP3PP1/RNBQR1K1 w - -,2000-2199,b1d2,97,0.6030927835051546,0.6015431512577311,0.901,0.6539913202025099,0.6005,True,True
r1bqr1k1/pp1n1pp1/2pb1n1p/3p4/3P3B/2NBP3/PPQ1NPPP/R3K2R w KQ -,2000-2199,e1c1,24,0.4375,0.44001211916438776,0.1376,0.5439741897835962,0.4845,False,False
r1bqr1k1/pp1n1pp1/2pb1n1p/3p4/3P3B/2NBP3/PPQ1NPPP/R3K2R w KQ -,2000-2199,e1g1,78,0.5384615384615384,0.5386331603847204,0.60445,0.4390538995976466,0.549,False,True
r1bqr1k1/pp1n1pp1/2pb1n1p/3p4/3P3B/2NBP3/PPQ1NPPP/R3K2R w KQ -,2000-2199,h2h3,29,0.4482758620689655,0.45111533760030054,0.15,0.5966795593732062,0.5445,True,False
r1bqr1k1/pp1n1pp1/2pb1n1p/3p4/3P3B/2NBP3/PPQ1NPPP/R3K2R w KQ -,2000-2199,h4g3,31,0.43548387096774194,0.4387065863064513,0.10795,0.5246763079855126,0.507,False,False
r1bqr1k1/pp1n1pp1/2pb1n1p/3p4/3P3B/2NBPN2/PPQ2PPP/R3K2R w KQ -,2000-2199,e1c1,53,0.6226415094339622,0.6197213017907103,0.80595,0.603644985336328,0.521,False,False
r1bqr1k1/pp1n1pp1/2pb1n1p/3p4/3P3B/2NBPN2/PPQ2PPP/R3K2R w KQ -,2000-2199,e1g1,224,0.5580357142857143,0.5578833905286286,0.19405,0.6069014481824818,0.563,True,True
r1bqr1k1/pp1nbpp1/2p2n1p/3p2B1/3P4/2NBPN2/PPQ2PPP/R4RK1 w - -,2000-2199,g5f4,34,0.7647058823529411,0.7533701754591104,0.99265,0.5392363414503397,0.5715,False,True
r1bqr1k1/pp1nbpp1/2p2n1p/3p2B1/3P4/2NBPN2/PPQ2PPP/R4RK1 w - -,2000-2199,g5h4,86,0.5348837209302325,0.5342727387637135,0.00735,0.5513538111331574,0.528,True,False
r1bqr1k1/pp1nbpp1/2p2n1p/3p4/3P3B/2NBP3/PP2NPPP/R2Q1RK1 w - -,2000-2199,a1b1,10,0.4,0.41162548691908285,0.0582,0.5257059463655926,0.5175,False,False
r1bqr1k1/pp1nbpp1/2p2n1p/3p4/3P3B/2NBP3/PP2NPPP/R2Q1RK1 w - -,2000-2199,d1c2,43,0.6395348837209303,0.6351889418258668,0.71515,0.5612616436707645,0.526,False,True
r1bqr1k1/pp1nbpp1/2p2n1p/3p4/3P3B/2NBP3/PP2NPPP/R2Q1RK1 w - -,2000-2199,f2f3,32,0.5625,0.5600143338651413,0.22665,0.6920100438264253,0.513,True,False
r1bqr1k1/pp1nbpp1/2p2n1p/3p4/3P3B/2NBP3/PPQ1NPPP/R3K2R w KQ -,2000-2199,e1c1,30,0.43333333333333335,0.43712028284832877,0.04855,0.20725457304743486,0.3065,False,False
r1bqr1k1/pp1nbpp1/2p2n1p/3p4/3P3B/2NBP3/PPQ1NPPP/R3K2R w KQ -,2000-2199,e1g1,388,0.5786082474226805,0.5783295096452618,0.7089,0.5547647176037156,0.5275,True,True
r1bqr1k1/pp1nbpp1/2p2n1p/3p4/3P3B/2NBP3/PPQ1NPPP/R3K2R w KQ -,2000-2199,f2f3,84,0.5416666666666666,0.5409394441647136,0.24255,0.5440225622789573,0.507,False,False
r1bqr1k1/pp1nbpp1/2p2n1p/3p4/3P3B/2NBPN2/PP3PPP/R2Q1RK1 w - -,2000-2199,a1b1,41,0.6707317073170732,0.6653381223667895,0.5026,0.5231779576828692,0.501,True,False
r1bqr1k1/pp1nbpp1/2p2n1p/3p4/3P3B/2NBPN2/PP3PPP/R2Q1RK1 w - -,2000-2199,a1c1,43,0.4418604651162791,0.4438009715451205,0.001,0.519648877680038,0.517,False,False
r1bqr1k1/pp1nbpp1/2p2n1p/3p4/3P3B/2NBPN2/PP3PPP/R2Q1RK1 w - -,2000-2199,a2a3,19,0.631578947368421,0.6205806320512496,0.3078,0.5190481811694925,0.5045,False,False
r1bqr1k1/pp1nbpp1/2p2n1p/3p4/3P3B/2NBPN2/PP3PPP/R2Q1RK1 w - -,2000-2199,d1c2,74,0.5337837837837838,0.5333794026932549,0.01395,0.4987854876023739,0.533,False,True
r1bqr1k1/pp1nbpp1/2p2n1p/3p4/3P3B/2NBPN2/PP3PPP/R2Q1RK1 w - -,2000-2199,f1e1,20,0.55,0.5467712662352515,0.0709,0.5146523330209263,0.503,False,False
r1bqr1k1/pp1nbpp1/2p2n1p/3p4/3P3B/2NBPN2/PP3PPP/R2Q1RK1 w - -,2000-2199,f3e5,12,0.5416666666666666,0.5371615176817063,0.10315,0.43705442375949116,0.041,False,False
r1bqr1k1/pp1nbpp1/2p2n1p/3p4/3P3B/2NBPN2/PP3PPP/R2Q1RK1 w - -,2000-2199,h2h3,14,0.25,0.27387956669195085,0.0006,0.5183383797593962,0.511,False,False
r1bqr1k1/pp1nbpp1/2p2n1p/3p4/3P3B/2NBPN2/PPQ2PPP/R3K2R w KQ -,2000-2199,e1c1,70,0.5642857142857143,0.5621570820270334,0.16495,0.2523076309566866,0.4655,False,False
r1bqr1k1/pp1nbpp1/2p2n1p/3p4/3P3B/2NBPN2/PPQ2PPP/R3K2R w KQ -,2000-2199,e1g1,577,0.621317157712305,0.6208535742386142,0.83505,0.5478256909657518,0.5315,True,True
r1bqr1k1/pp1nbppp/2p1p3/8/2PPQ3/5NP1/PP3PBP/R1B2RK1 b - -,2000-2199,d7f6,155,0.3580645161290323,0.35937948527428903,0.3033,0.20812069024640342,0.126,False,False
r1bqr1k1/pp1nbppp/2p1p3/8/2PPQ3/5NP1/PP3PBP/R1B2RK1 b - -,2000-2199,e7f6,17,0.4117647058823529,0.4188455698992821,0.6967,0.30819198981591805,0.1495,True,True
r1bqr1k1/ppp2pbp/3p1np1/2n5/2PNP3/2N3PP/PP3PB1/R1BQ1RK1 w - -,2000-2199,d1c2,12,0.4583333333333333,0.4638177517143802,0.37685,0.3387635621402533,0.2705,False,False
r1bqr1k1/ppp2pbp/3p1np1/2n5/2PNP3/2N3PP/PP3PB1/R1BQ1RK1 w - -,2000-2199,f1e1,111,0.5045045045045045,0.5045675145080808,0.62315,0.4892380885881102,0.604,True,True
r1bqrnk1/pp2bppp/2p2n2/3p2B1/3P4/2NBP3/PPQ1NPPP/R4RK1 w - -,2000-2199,a1b1,77,0.564935064935065,0.5641570963638521,0.23515,0.5814885145528528,0.5255,True,False
r1bqrnk1/pp2bppp/2p2n2/3p2B1/3P4/2NBP3/PPQ1NPPP/R4RK1 w - -,2000-2199,a1d1,65,0.5846153846153846,0.5821152904120911,0.3698,0.5778995519239453,0.524,False,False
r1bqrnk1/pp2bppp/2p2n2/3p2B1/3P4/2NBP3/PPQ1NPPP/R4RK1 w - -,2000-2199,a1e1,96,0.546875,0.5461104398216654,0.12255,0.5249007263199882,0.5265,False,False
r1bqrnk1/pp2bppp/2p2n2/3p2B1/3P4/2NBP3/PPQ1NPPP/R4RK1 w - -,2000-2199,f2f3,229,0.5262008733624454,0.5257946872145377,0.02835,0.5804767459266785,0.532,False,True
r1bqrnk1/pp2bppp/2p2n2/3p2B1/3P4/2NBP3/PPQ1NPPP/R4RK1 w - -,2000-2199,g5h4,15,0.5333333333333333,0.5297771067616026,0.24205,0.539012628285822,0.5215,False,False
r1bqrnk1/pp2bppp/2p2n2/3p2B1/3P4/2NBP3/PPQ1NPPP/R4RK1 w - -,2000-2199,h2h3,14,0.25,0.27443673301371885,0.0021,0.5629714239257031,0.5195,False,False
r1bqrnk1/pp2bppp/2p2n2/3p2B1/3P4/2NBPN2/PP3PPP/2RQ1RK1 w - -,2000-2199,a2a3,18,0.5833333333333334,0.5758160691311317,0.339,0.507159317120657,0.512,False,False
r1bqrnk1/pp2bppp/2p2n2/3p2B1/3P4/2NBPN2/PP3PPP/2RQ1RK1 w - -,2000-2199,d1c2,10,0.3,0.3264097777545474,0.01675,0.6719208312685828,0.5265,True,False
r1bqrnk1/pp2bppp/2p2n2/3p2B1/3P4/2NBPN2/PP3PPP/2RQ1RK1 w - -,2000-2199,d3b1,15,0.4,0.4100667511619358,0.02935,0.5086180834989228,0.499,False,False
r1bqrnk1/pp2bppp/2p2n2/3p2B1/3P4/2NBPN2/PP3PPP/2RQ1RK1 w - -,2000-2199,f3e5,40,0.5875,0.5845745353820851,0.32165,0.528520865214634,0.528,False,False
r1bqrnk1/pp2bppp/2p2n2/3p2B1/3P4/2NBPN2/PP3PPP/2RQ1RK1 w - -,2000-2199,h2h3,15,0.5666666666666667,0.5611992234190807,0.29325,0.6398645215344132,0.532,False,True
r1bqrnk1/pp2bppp/2p2n2/3p2B1/3P4/2NBPN2/PPQ2PPP/R4RK1 w - -,2000-2199,a1b1,368,0.5801630434782609,0.5797309011765578,0.3481,0.5814233301699112,0.54,False,False
r1bqrnk1/pp2bppp/2p2n2/3p2B1/3P4/2NBPN2/PPQ2PPP/R4RK1 w - -,2000-2199,a2a3,37,0.43243243243243246,0.43466503127710066,0.01515,0.6214597084118737,0.528,True,False
r1bqrnk1/pp2bppp/2p2n2/3p2B1/3P4/2NBPN2/PPQ2PPP/R4RK1 w - -,2000-2199,f3e5,121,0.5702479338842975,0.5692718024406634,0.2897,0.47524740519305814,0.527,False,False
r1bqrnk1/pp2bppp/2p2n2/3p2B1/3P4/2NBPN2/PPQ2PPP/R4RK1 w - -,2000-2199,g5f6,45,0.5444444444444444,0.5434642544379827,0.2219,0.5028546527948818,0.488,False,False
r1bqrnk1/pp2bppp/2p2n2/3p2B1/3P4/2NBPN2/PPQ2PPP/R4RK1 w - -,2000-2199,h2h3,165,0.5515151515151515,0.5512692977716059,0.12515,0.6177028236073876,0.566,False,True
r1br2k1/ppp2pbp/5np1/4p1B1/2P5/2N3P1/PP2PPBP/R4RK1 b - -,2000-2199,c7c6,60,0.3416666666666667,0.34548320860774795,0.00595,0.41126157450277134,0.0,False,False
r1br2k1/ppp2pbp/5np1/4p1B1/2P5/2N3P1/PP2PPBP/R4RK1 b - -,2000-2199,d8d4,14,0.42857142857142855,0.43569029167073503,0.2041,0.5121478362677782,0.492,False,False
r1br2k1/ppp2pbp/5np1/4p1B1/2P5/2N3P1/PP2PPBP/R4RK1 b - -,2000-2199,d8d7,10,0.4,0.4127988489099359,0.1697,0.557050701140136,0.4945,False,True
r1br2k1/ppp2pbp/5np1/4p1B1/2P5/2N3P1/PP2PPBP/R4RK1 b - -,2000-2199,d8e8,32,0.46875,0.4680892973220939,0.23245,0.5806455876306128,0.0345,True,False
r1br2k1/ppp2pbp/5np1/4p1B1/2P5/2N3P1/PP2PPBP/R4RK1 b - -,2000-2199,h7h6,32,0.5,0.49888729157517375,0.3878,0.4604907566056692,0.3745,False,False
r1q2rk1/pp2bppp/2n1pn2/3p4/3P1Bb1/1QPB1N2/PP1N1PPP/R4RK1 w - -,2000-2199,a1e1,74,0.5202702702702703,0.5200702019885615,0.4337,0.6184267792651179,0.541,False,True
r1q2rk1/pp2bppp/2n1pn2/3p4/3P1Bb1/1QPB1N2/PP1N1PPP/R4RK1 w - -,2000-2199,f1e1,92,0.5,0.5006603780470636,0.2589,0.6394208812006946,0.532,True,False
r1q2rk1/pp2bppp/2n1pn2/3p4/3P1Bb1/1QPB1N2/PP1N1PPP/R4RK1 w - -,2000-2199,f3e5,58,0.5,0.500193591473193,0.2885,0.5762941291045004,0.5305,False,False
r1q2rk1/pp2bppp/2n1pn2/3p4/3P1Bb1/1QPB1N2/PP1N1PPP/R4RK1 w - -,2000-2199,h2h3,27,0.35185185185185186,0.35941981266690115,0.0189,0.542107384749938,0.5315,False,False
r2q1rk1/1b1nppbp/pp1p1np1/2p5/P2P1B2/2P1PN1P/1P1NBPP1/R2Q1RK1 w - -,2000-2199,b2b4,17,0.5,0.5007607126334445,0.1064,0.2718749001159076,0.2355,False,False
r2q1rk1/1b1nppbp/pp1p1np1/2p5/P2P1B2/2P1PN1P/1P1NBPP1/R2Q1RK1 w - -,2000-2199,d1b3,50,0.55,0.548400654719178,0.12405,0.5412734215874254,0.51,False,False
r2q1rk1/1b1nppbp/pp1p1np1/2p5/P2P1B2/2P1PN1P/1P1NBPP1/R2Q1RK1 w - -,2000-2199,d1c2,10,0.4,0.4126872320608418,0.05255,0.4944097772884131,0.5025,False,False
r2q1rk1/1b1nppbp/pp1p1np1/2p5/P2P1B2/2P1PN1P/1P1NBPP1/R2Q1RK1 w - -,2000-2199,d2c4,22,0.6590909090909091,0.6492802576742203,0.7087,0.4458097588547951,0.486,False,False
r2q1rk1/1b1nppbp/pp1p1np1/2p5/P2P1B2/2P1PN1P/1P1NBPP1/R2Q1RK1 w - -,2000-2199,f1e1,49,0.41836734693877553,0.4210022970477656,0.00315,0.766750651337033,0.5245,True,True
r2q1rk1/1b1nppbp/pp1p1np1/2p5/P2P1B2/2P1PN1P/1P1NBPP1/R2Q1RK1 w - -,2000-2199,f4h2,83,0.463855421686747,0.4649678288336847,0.00515,0.7338583555703937,0.5205,False,False
r2q1rk1/1bp1bpp1/p1np1n1p/1p2p3/3PP3/1BP2N1P/PP3PP1/RNBQR1K1 w - -,2000-2199,a2a4,12,0.7083333333333334,0.6842707779254504,0.6777,0.6216727750331285,0.5225,False,False
r2q1rk1/1bp1bpp1/p1np1n1p/1p2p3/3PP3/1BP2N1P/PP3PP1/RNBQR1K1 w - -,2000-2199,b1d2,75,0.6333333333333333,0.6300624478647756,0.3223,0.7466971194770607,0.609,True,True
r2q1rk1/1bpnbppp/p3pn2/1p4B1/3P4/1BN1PN2/PP3PPP/R2Q1RK1 w - -,2000-2199,a1c1,15,0.23333333333333334,0.257806306052493,0.0398,0.37584435516303105,0.4315,False,False
r2q1rk1/1bpnbppp/p3pn2/1p4B1/3P4/1BN1PN2/PP3PPP/R2Q1RK1 w - -,2000-2199,d1e2,22,0.4772727272727273,0.478430815418031,0.9602,0.3870543825818842,0.4605,True,True
r2q1rk1/1bpnbppp/p3pn2/1p4B1/3P4/2NBPN2/PP3PPP/2RQ1RK1 w - -,2000-2199,a2a3,19,0.34210526315789475,0.35338355668196647,0.031,0.5039092615760637,0.478,True,False
r2q1rk1/1bpnbppp/p3pn2/1p4B1/3P4/2NBPN2/PP3PPP/2RQ1RK1 w - -,2000-2199,d1e2,12,0.2916666666666667,0.31513087579533644,0.03065,0.42030467441304675,0.479,False,True
r2q1rk1/1bpnbppp/p3pn2/1p4B1/3P4/2NBPN2/PP3PPP/2RQ1RK1 w - -,2000-2199,d3b1,16,0.625,0.6144757971450764,0.93835,0.44289342994552255,0.4725,False,False
r2q1rk1/1bpnbppp/p3pn2/1p4B1/3P4/2NBPN2/PP3PPP/R2Q1RK1 w - -,2000-2199,a1c1,58,0.4224137931034483,0.42436282975640727,0.02505,0.36674844359620584,0.4565,False,False
r2q1rk1/1bpnbppp/p3pn2/1p4B1/3P4/2NBPN2/PP3PPP/R2Q1RK1 w - -,2000-2199,a2a3,22,0.5909090909090909,0.5840111889176307,0.6263,0.4506400876576397,0.455,False,False
r2q1rk1/1bpnbppp/p3pn2/1p4B1/3P4/2NBPN2/PP3PPP/R2Q1RK1 w - -,2000-2199,d1e2,30,0.45,0.45163269947981616,0.09015,0.3739817702943739,0.467,False,True
r2q1rk1/1bpnbppp/p3pn2/1p4B1/3P4/2NBPN2/PP3PPP/R2Q1RK1 w - -,2000-2199,e3e4,12,0.5,0.5003268664120799,0.2585,0.4612075528522126,0.366,True,False
r2q1rk1/1p1bppbp/p1np1np1/8/2PNP3/2N1B2P/PP2BPP1/R2Q1RK1 w - -,2000-2199,a1c1,35,0.5,0.499802950398649,0.03505,0.47934551711720197,0.534,False,False
r2q1rk1/1p1bppbp/p1np1np1/8/2PNP3/2N1B2P/PP2BPP1/R2Q1RK1 w - -,2000-2199,d1d2,38,0.6052631578947368,0.6024502218741585,0.27125,0.6562428974642328,0.543,True,True
r2q1rk1/1p1bppbp/p1np1np1/8/2PNP3/2N1B2P/PP2BPP1/R2Q1RK1 w - -,2000-2199,f2f4,10,0.7,0.6747324430783102,0.6937,0.5911753227173383,0.533,False,False
r2q1rk1/1p1bppbp/p1np1np1/8/2PNP3/2N1B3/PP1QBPPP/R4RK1 w - -,2000-2199,a1c1,28,0.39285714285714285,0.39885829000892,0.12055,0.625944638933763,0.537,False,False
r2q1rk1/1p1bppbp/p1np1np1/8/2PNP3/2N1B3/PP1QBPPP/R4RK1 w - -,2000-2199,f1d1,17,0.35294117647058826,0.36408182943507966,0.10245,0.5977963008123005,0.5355,False,False
r2q1rk1/1p1bppbp/p1np1np1/8/2PNP3/2N1B3/PP1QBPPP/R4RK1 w - -,2000-2199,f2f3,67,0.5074626865671642,0.5065908059421036,0.777,0.6567885122297881,0.6075,True,True
r2q1rk1/1p1bppbp/p1np1np1/8/2PNP3/2N1B3/PP2BPPP/2RQ1RK1 w - -,2000-2199,a2a3,15,0.3333333333333333,0.3492343640620558,0.00415,0.5190868867970487,0.5355,False,False
r2q1rk1/1p1bppbp/p1np1np1/8/2PNP3/2N1B3/PP2BPPP/2RQ1RK1 w - -,2000-2199,b2b3,64,0.546875,0.5454069374565707,0.0328,0.5728231803952518,0.53,False,False
r2q1rk1/1p1bppbp/p1np1np1/8/2PNP3/2N1B3/PP2BPPP/2RQ1RK1 w - -,2000-2199,d1d2,49,0.5714285714285714,0.5696870878088204,0.0779,0.607995028153164,0.5335,False,False
r2q1rk1/1p1bppbp/p1np1np1/8/2PNP3/2N1B3/PP2BPPP/2RQ1RK1 w - -,2000-2199,f2f3,78,0.5641025641025641,0.5635357627160225,0.04805,0.6380550997707689,0.533,True,False
r2q1rk1/1p1bppbp/p1np1np1/8/2PNP3/2N1B3/PP2BPPP/2RQ1RK1 w - -,2000-2199,f2f4,37,0.40540540540540543,0.40920093108108024,0.00085,0.5413872866558511,0.5255,False,False
r2q1rk1/1p1bppbp/p1np1np1/8/2PNP3/2N1B3/PP2BPPP/2RQ1RK1 w - -,2000-2199,g1h1,18,0.6111111111111112,0.6033644372341195,0.2636,0.6192570266489246,0.5555,False,True
r2q1rk1/1p1bppbp/p1np1np1/8/2PNP3/2N1B3/PP2BPPP/2RQ1RK1 w - -,2000-2199,h2h3,19,0.6842105263157895,0.6690945626755022,0.57265,0.5876133893813328,0.5355,False,False
r2q1rk1/1p1bppbp/p1np1np1/8/2PNP3/2N1BP2/PP1QB1PP/R3K2R w KQ -,2000-2199,a1c1,18,0.6388888888888888,0.6287150808996773,0.72265,0.6291860252705892,0.5295,False,False
r2q1rk1/1p1bppbp/p1np1np1/8/2PNP3/2N1BP2/PP1QB1PP/R3K2R w KQ -,2000-2199,e1g1,166,0.5662650602409639,0.565643750271807,0.27735,0.6505994571217607,0.6025,True,True
r2q1rk1/1p1bppbp/p1np1np1/8/2PNP3/2N1BP2/PP2B1PP/R2Q1RK1 w - -,2000-2199,a1c1,87,0.5574712643678161,0.5560777500531328,0.1616,0.6331866806349823,0.541,False,False
r2q1rk1/1p1bppbp/p1np1np1/8/2PNP3/2N1BP2/PP2B1PP/R2Q1RK1 w - -,2000-2199,a2a3,10,0.5,0.5000298697432497,0.21095,0.5950379114994367,0.5555,False,False
r2q1rk1/1p1bppbp/p1np1np1/8/2PNP3/2N1BP2/PP2B1PP/R2Q1RK1 w - -,2000-2199,c3d5,12,0.4583333333333333,0.4618709859505666,0.10625,0.5091904656114093,0.5025,False,False
r2q1rk1/1p1bppbp/p1np1np1/8/2PNP3/2N1BP2/PP2B1PP/R2Q1RK1 w - -,2000-2199,d1d2,266,0.5789473684210527,0.578450162986955,0.26595,0.6514442279102862,0.612,True,True
r2q1rk1/1p1bppbp/p1np1np1/8/2PNP3/2N1BP2/PP2B1PP/R2Q1RK1 w - -,2000-2199,g1h1,12,0.5416666666666666,0.5364327958385317,0.25525,0.6432737306872612,0.567,False,False
r2q1rk1/1p1nbppp/p2pbn2/4p3/4P3/1NN1BP2/PPP1B1PP/R2Q1RK1 w - -,2000-2199,a2a4,12,0.5833333333333334,0.5729483550859101,0.64375,0.5435364937647893,0.501,True,True
r2q1rk1/1p1nbppp/p2pbn2/4p3/4P3/1NN1BP2/PPP1B1PP/R2Q1RK1 w - -,2000-2199,c3d5,35,0.5,0.49973554232439754,0.26735,0.5097387182205859,0.4835,False,False
r2q1rk1/1p1nbppp/p2pbn2/4p3/4P3/1NN1BP2/PPP1B1PP/R2Q1RK1 w - -,2000-2199,d1d2,39,0.3333333333333333,0.33979454876067045,0.00745,0.3066550857671726,0.459,False,False
r2q1rk1/1p1nbppp/p2pbn2/4p3/4P3/1NN1BP2/PPP1B1PP/R2Q1RK1 w - -,2000-2199,d1e1,12,0.2916666666666667,0.31547629696776613,0.02605,0.44641828777856923,0.4265,False,False
r2q1rk1/1p1nbppp/p2pbn2/4p3/4P3/1NN1BP2/PPP1B1PP/R2Q1RK1 w - -,2000-2199,g1h1,11,0.36363636363636365,0.3805637151975582,0.0554,0.3553637889439466,0.4785,False,False
r2q1rk1/1p1nbppp/p2pbn2/4p3/4P3/1NN1BP2/PPPQ2PP/2KR1B1R w - -,2000-2199,c1b1,159,0.4748427672955975,0.4751192385754549,0.4312,0.5913822577855286,0.506,True,False
r2q1rk1/1p1nbppp/p2pbn2/4p3/4P3/1NN1BP2/PPPQ2PP/2KR1B1R w - -,2000-2199,g2g4,687,0.48253275109170307,0.48235885419697827,0.5688,0.524491455518598,0.5525,False,True
r2q1rk1/1p1nbppp/p2pbn2/4p3/4P3/1NN1BP2/PPPQB1PP/R3K2R w KQ -,2000-2199,e1c1,38,0.39473684210526316,0.40013122346114777,0.5331,0.45804413005118594,0.4,False,False
r2q1rk1/1p1nbppp/p2pbn2/4p3/4P3/1NN1BP2/PPPQB1PP/R3K2R w KQ -,2000-2199,e1g1,11,0.36363636363636365,0.3790280396504894,0.4184,0.3048116326140858,0.46,False,False
r2q1rk1/1p1nbppp/p2pbn2/4p3/4P3/1NN1BP2/PPPQB1PP/R3K2R w KQ -,2000-2199,g2g4,30,0.25,0.2624053046631006,0.0485,0.5411894131280122,0.4915,True,True
r2q1rk1/1p1nbppp/p2pbn2/4p3/P3P3/1NN1B3/1PP1BPPP/R2Q1RK1 w - -,2000-2199,a4a5,45,0.5333333333333333,0.5321623935424311,0.60025,0.5605152756480778,0.5265,True,True
r2q1rk1/1p1nbppp/p2pbn2/4p3/P3P3/1NN1B3/1PP1BPPP/R2Q1RK1 w - -,2000-2199,f2f3,20,0.45,0.45244619852473106,0.21035,0.5032696832955591,0.507,False,False
r2q1rk1/1p1nbppp/p2pbn2/4p3/P3P3/1NN1B3/1PP1BPPP/R2Q1RK1 w - -,2000-2199,f2f4,28,0.44642857142857145,0.44969328604944087,0.17435,0.5566808879701302,0.504,False,False
r2q1rk1/1p1nbppp/p2pbn2/4p3/P3P3/1NN1B3/1PP1BPPP/R2Q1RK1 w - -,2000-2199,g1h1,11,0.22727272727272727,0.25979254389665946,0.01505,0.5060883694171185,0.497,False,False
r2q1rk1/1p2bppp/p1npbn2/4p3/P3P3/1NN1B3/1PP1BPPP/R2Q1RK1 w - -,2000-2199,a4a5,14,0.6071428571428571,0.5977274595122312,0.67515,0.5571165213891557,0.4965,True,True
r2q1rk1/1p2bppp/p1npbn2/4p3/P3P3/1NN1B3/1PP1BPPP/R2Q1RK1 w - -,2000-2199,f2f3,17,0.3235294117647059,0.33817620766879597,0.0154,0.4760805968201097,0.3745,False,False
r2q1rk1/1p2bppp/p1npbn2/4p3/P3P3/1NN1B3/1PP1BPPP/R2Q1RK1 w - -,2000-2199,f2f4,16,0.5,0.4989312648063529,0.24065,0.4899511623519905,0.47,False,False
r2q1rk1/1p2bppp/p1npbn2/4p3/P3P3/1NN1B3/1PP1BPPP/R2Q1RK1 w - -,2000-2199,g1h1,12,0.375,0.39020167823759366,0.0688,0.5078712732271984,0.486,False,False
r2q1rk1/2p1bppp/p1np1n2/1p2p2b/B3P3/2PP1N1P/PP1N1PP1/R1BQR1K1 w - b6,2000-2199,a4b3,12,0.6666666666666666,0.6481740775839608,0.53915,0.6268704717190624,0.609,False,False
r2q1rk1/2p1bppp/p1np1n2/1p2p2b/B3P3/2PP1N1P/PP1N1PP1/R1BQR1K1 w - b6,2000-2199,a4c2,38,0.6447368421052632,0.6392096950529872,0.46085,0.6997048724767877,0.615,True,True
r2q1rk1/2p1bppp/p1np1n2/1p2p3/3PP3/1BP2b1P/PP3PP1/RNBQR1K1 w - -,2000-2199,d1f3,24,0.3333333333333333,0.3429167538091383,0.3031,0.24475521242653359,0.452,False,False
r2q1rk1/2p1bppp/p1np1n2/1p2p3/3PP3/1BP2b1P/PP3PP1/RNBQR1K1 w - -,2000-2199,g2f3,26,0.40384615384615385,0.4084829996107021,0.6969,0.2918826947733492,0.488,True,True
r2q1rk1/2p1bppp/p1np1n2/1p6/3PP1b1/1B3N2/PP3PPP/RNBQR1K1 w - -,2000-2199,c1e3,12,0.6666666666666666,0.6472885197076441,0.96745,0.7196847490173817,0.53,True,True
r2q1rk1/2p1bppp/p1np1n2/1p6/3PP1b1/1B3N2/PP3PPP/RNBQR1K1 w - -,2000-2199,d4d5,17,0.3235294117647059,0.3395282870222851,0.03255,0.5796211919810822,0.511,False,False
r2q1rk1/2p2ppp/p1n1b3/1pbpP3/4n3/1BP2N2/PP1N1PPP/R1BQ1RK1 w - -,2000-2199,b3c2,76,0.48026315789473684,0.480257088564342,0.30455,0.5001776905726073,0.5465,False,True
r2q1rk1/2p2ppp/p1n1b3/1pbpP3/4n3/1BP2N2/PP1N1PPP/R1BQ1RK1 w - -,2000-2199,d1e2,28,0.44642857142857145,0.449861173761401,0.2247,0.7362156692483705,0.5,True,False
r2q1rk1/2p2ppp/p1n1b3/1pbpP3/4n3/1BP2N2/PP1N1PPP/R1BQ1RK1 w - -,2000-2199,d2e4,39,0.5,0.49919145807100523,0.47075,0.4226646285046975,0.492,False,False
r2q1rk1/3nppbp/b2p1np1/2pP4/8/2N2NP1/PP2PPBP/1RBQK2R w K -,2000-2199,b2b3,25,0.42,0.4244718517340894,0.1135,0.5999604821512101,0.5565,True,False
r2q1rk1/3nppbp/b2p1np1/2pP4/8/2N2NP1/PP2PPBP/1RBQK2R w K -,2000-2199,e1g1,151,0.5463576158940397,0.5456501160190637,0.8865,0.43310198969551417,0.5905,False,True
r2q1rk1/3nppbp/b2p1np1/2pP4/8/2N2NP1/PP2PPBP/R1BQ1RK1 w - -,2000-2199,a1b1,427,0.5925058548009368,0.5918461457051064,0.9519,0.5240397985338141,0.583,False,True
r2q1rk1/3nppbp/b2p1np1/2pP4/8/2N2NP1/PP2PPBP/R1BQ1RK1 w - -,2000-2199,d1c2,184,0.5217391304347826,0.5212753722716705,0.0465,0.6192149601052396,0.582,True,False
r2q1rk1/3nppbp/b2p1np1/2pP4/8/2N2NP1/PP2PPBP/R1BQ1RK1 w - -,2000-2199,f1e1,310,0.40161290322580645,0.40173105316266705,0.0,0.4481001675822651,0.535,False,False
r2q1rk1/3nppbp/b2p1np1/2pP4/8/2N2NP1/PP2PPBP/R1BQ1RK1 w - -,2000-2199,h2h3,102,0.4362745098039216,0.4375096850625649,0.0016,0.5574751368760994,0.523,False,False
r2q1rk1/4ppbp/n2p1np1/2pP4/4P3/2N2N2/PP3PPP/R1BQ1RK1 w - -,2000-2199,a2a3,26,0.5,0.4997956754609438,0.04295,0.5927885072649696,0.6055,False,False
r2q1rk1/4ppbp/n2p1np1/2pP4/4P3/2N2N2/PP3PPP/R1BQ1RK1 w - -,2000-2199,a2a4,17,0.5588235294117647,0.5548379642932524,0.1634,0.6112344051208267,0.6405,False,True
r2q1rk1/4ppbp/n2p1np1/2pP4/4P3/2N2N2/PP3PPP/R1BQ1RK1 w - -,2000-2199,c1f4,10,0.55,0.5441928511401014,0.2027,0.7791180657887969,0.5955,False,False
r2q1rk1/4ppbp/n2p1np1/2pP4/4P3/2N2N2/PP3PPP/R1BQ1RK1 w - -,2000-2199,c1g5,21,0.5238095238095238,0.5229993092923421,0.0909,0.9039634911287936,0.62,True,False
r2q1rk1/4ppbp/n2p1np1/2pP4/4P3/2N2N2/PP3PPP/R1BQ1RK1 w - -,2000-2199,d1e2,25,0.62,0.6135773195927965,0.3602,0.8187206900463743,0.5835,False,False
r2q1rk1/4ppbp/n2p1np1/2pP4/4P3/2N2N2/PP3PPP/R1BQ1RK1 w - -,2000-2199,f1e1,71,0.528169014084507,0.5280868852231388,0.0313,0.7433372644659227,0.589,False,False
r2q1rk1/4ppbp/n2p1np1/2pP4/4P3/2N2N2/PP3PPP/R1BQ1RK1 w - -,2000-2199,f3d2,14,0.39285714285714285,0.40384360775023687,0.01775,0.6823251714577756,0.5965,False,False
r2q1rk1/4ppbp/n2p1np1/2pP4/4P3/2N2N2/PP3PPP/R1BQ1RK1 w - -,2000-2199,h2h3,20,0.525,0.5232479881247456,0.0908,0.7441708364888127,0.61,False,False
r2q1rk1/p1pb1ppp/2p5/2bpP3/3Nn3/2P5/PP3PPP/RNBQ1RK1 w - -,2000-2199,b1d2,40,0.4625,0.46420514523063566,0.10505,0.512107546468986,0.487,False,False
r2q1rk1/p1pb1ppp/2p5/2bpP3/3Nn3/2P5/PP3PPP/RNBQ1RK1 w - -,2000-2199,c1e3,39,0.41025641025641024,0.41406793397486663,0.03205,0.4139087367534918,0.3635,False,False
r2q1rk1/p1pb1ppp/2p5/2bpP3/3Nn3/2P5/PP3PPP/RNBQ1RK1 w - -,2000-2199,f2f3,60,0.5833333333333334,0.5812690843400501,0.8629,0.5995988127550775,0.4985,True,True
r2q1rk1/p1pb1ppp/2p5/2bpP3/3Nn3/4B3/PPP2PPP/RN1Q1RK1 w - -,2000-2199,b1d2,67,0.47761194029850745,0.47834460060722095,0.09095,0.5304158323896274,0.516,False,False
r2q1rk1/p1pb1ppp/2p5/2bpP3/3Nn3/4B3/PPP2PPP/RN1Q1RK1 w - -,2000-2199,f2f3,283,0.5618374558303887,0.5614205729520243,0.90905,0.5837927071863613,0.5185,True,True
r2q1rk1/pb1nbpp1/1pp1pn1p/3p4/2PP3B/2NBPN2/PP3PPP/2RQ1RK1 w - -,2000-2199,a2a3,12,0.7083333333333334,0.6847426776810595,0.40995,0.482677543579504,0.509,False,False
r2q1rk1/pb1nbpp1/1pp1pn1p/3p4/2PP3B/2NBPN2/PP3PPP/2RQ1RK1 w - -,2000-2199,c4d5,22,0.6136363636363636,0.6061061069169092,0.12275,0.6295885472927187,0.546,False,True
r2q1rk1/pb1nbpp1/1pp1pn1p/3p4/2PP3B/2NBPN2/PP3PPP/2RQ1RK1 w - -,2000-2199,d1e2,20,0.525,0.5240138723986312,0.03055,0.6297642926925737,0.54,True,False
r2q1rk1/pb1nbpp1/1pp1pn1p/3p4/2PP3B/2NBPN2/PP3PPP/2RQ1RK1 w - -,2000-2199,f1e1,17,0.7058823529411765,0.6899009338376142,0.43675,0.5071016939454234,0.5105,False,False
r2q1rk1/pb1nbppp/1p2pn2/3p2B1/3P4/2NBPN2/PP3PPP/2RQ1RK1 w - -,2000-2199,d1e2,12,0.5,0.5002724481497256,0.1904,0.6319751683967192,0.6015,True,True
r2q1rk1/pb1nbppp/1p2pn2/3p2B1/3P4/2NBPN2/PP3PPP/2RQ1RK1 w - -,2000-2199,d3b1,12,0.6666666666666666,0.6492388973154254,0.8096,0.5099599391092116,0.541,False,False
r2q1rk1/pb1nbppp/1p3n2/2pp2B1/3P4/2NBPN2/PP3PPP/2RQ1RK1 w - c6,2000-2199,d1e2,10,0.45,0.45496403088992576,0.2026,0.5148345611700313,0.527,False,True
r2q1rk1/pb1nbppp/1p3n2/2pp2B1/3P4/2NBPN2/PP3PPP/2RQ1RK1 w - c6,2000-2199,d3b1,29,0.29310344827586204,0.302713237204018,0.005,0.5888980731649652,0.5135,False,False
r2q1rk1/pb1nbppp/1p3n2/2pp2B1/3P4/2NBPN2/PP3PPP/2RQ1RK1 w - c6,2000-2199,d4c5,21,0.5952380952380952,0.5890381596204208,0.7924,0.6403687788300249,0.518,True,False
r2q1rk1/pb1nbppp/1pn1p3/2ppP3/8/3P1NP1/PPP2PBP/R1BQRNK1 w - -,2000-2199,c1f4,28,0.5178571428571429,0.5168406139214696,0.0876,0.6165251633227764,0.519,False,False
r2q1rk1/pb1nbppp/1pn1p3/2ppP3/8/3P1NP1/PPP2PBP/R1BQRNK1 w - -,2000-2199,h2h4,151,0.6490066225165563,0.6476977266523692,0.9124,0.6527749451703472,0.5345,True,True
r2q1rk1/pb1nbppp/1pp1pn2/8/2PPN3/5NP1/PPQ2PBP/R1B2RK1 w - -,2000-2199,c1f4,20,0.7,0.685643048789545,0.71075,0.6496498975110573,0.519,False,False
r2q1rk1/pb1nbppp/1pp1pn2/8/2PPN3/5NP1/PPQ2PBP/R1B2RK1 w - -,2000-2199,e4f6,14,0.42857142857142855,0.43557298240055753,0.02185,0.6976067250372455,0.6435,False,True
r2q1rk1/pb1nbppp/1pp1pn2/8/2PPN3/5NP1/PPQ2PBP/R1B2RK1 w - -,2000-2199,f1d1,173,0.5895953757225434,0.5888788417856606,0.0811,0.8029793071931013,0.576,True,False
r2q1rk1/pb1nbppp/1pp1pn2/8/2PPN3/5NP1/PPQ2PBP/R1B2RK1 w - -,2000-2199,f3e5,25,0.6,0.5943158113835655,0.1863,0.6814469806712762,0.507,False,False
r2q1rk1/pb1nbppp/2p1pn2/1p4B1/3P4/2NBPN2/PP3PPP/R2Q1RK1 w - -,2000-2199,a1c1,40,0.6,0.5960712640649661,0.1248,0.5053516743841835,0.5465,False,True
r2q1rk1/pb1nbppp/2p1pn2/1p4B1/3P4/2NBPN2/PP3PPP/R2Q1RK1 w - -,2000-2199,a2a3,23,0.41304347826086957,0.41911432502825247,0.0046,0.5328075387621348,0.5365,False,False
r2q1rk1/pb1nbppp/2p1pn2/1p4B1/3P4/2NBPN2/PP3PPP/R2Q1RK1 w - -,2000-2199,d1e2,18,0.75,0.7306117599622075,0.85895,0.6179950885717611,0.517,True,False
r2q1rk1/pb1nbppp/2p1pn2/1p4B1/3P4/2NBPN2/PP3PPP/R2Q1RK1 w - -,2000-2199,e3e4,15,0.4,0.40860519164752707,0.01165,0.5600829950957835,0.4655,False,False
r2q1rk1/pbp1bppp/1p2pn2/6B1/3P4/2PB1N2/PP3PPP/R2Q1RK1 w - -,2000-2199,d1e2,21,0.5238095238095238,0.5225007431934412,0.6013,0.5798175709500621,0.512,False,False
r2q1rk1/pbp1bppp/1p2pn2/6B1/3P4/2PB1N2/PP3PPP/R2Q1RK1 w - -,2000-2199,f1e1,22,0.3181818181818182,0.3301969899704981,0.02235,0.5128561900582467,0.5125,False,True
r2q1rk1/pbp1bppp/1p2pn2/6B1/3P4/2PB1N2/PP3PPP/R2Q1RK1 w - -,2000-2199,f3e5,37,0.4864864864864865,0.4870111507302946,0.37635,0.6376368414359485,0.5005,True,False
r2q1rk1/pbpnbpp1/1p2pn1p/8/2BP3B/2N1PN2/PP3PPP/R2Q1RK1 w - -,2000-2199,a1c1,39,0.4358974358974359,0.4379375559710396,0.0473,0.5287491009352928,0.5075,False,False
r2q1rk1/pbpnbpp1/1p2pn1p/8/2BP3B/2N1PN2/PP3PPP/R2Q1RK1 w - -,2000-2199,d1e2,32,0.625,0.6194726235527434,0.94965,0.6202229061192789,0.5215,True,True
r2q1rk1/pbpnbpp1/1p2pn1p/8/2BP3B/2N1PN2/PP3PPP/R2Q1RK1 w - -,2000-2199,f1e1,15,0.26666666666666666,0.28747305394646605,0.00305,0.48099062935170966,0.4975,False,False
r2q1rk1/pbpnbpp1/1p3n1p/3p4/3P3B/2NBPN2/PP3PPP/R2Q1RK1 w - -,2000-2199,a1c1,74,0.5878378378378378,0.5858168912594353,0.73055,0.5460569851178283,0.5325,False,False
r2q1rk1/pbpnbpp1/1p3n1p/3p4/3P3B/2NBPN2/PP3PPP/R2Q1RK1 w - -,2000-2199,d1c2,13,0.5,0.5016307172720722,0.26945,0.5629778044078909,0.572,True,True
r2q1rk1/pbpnnppp/1p2p3/8/3P4/2NBPN2/PP3PPP/R2Q1RK1 w - -,2000-2199,a1c1,40,0.5625,0.5600698874511378,0.80615,0.4091931600674909,0.5185,False,True
r2q1rk1/pbpnnppp/1p2p3/8/3P4/2NBPN2/PP3PPP/R2Q1RK1 w - -,2000-2199,d1e2,21,0.4523809523809524,0.45647088948511944,0.19385,0.5348656095859442,0.5165,True,False
r2q1rk1/pp1bppb1/2np1np1/7p/2BNP2P/2N1BP2/PPPQ2P1/R3K2R w KQ h6,2000-2199,c4b3,11,0.5,0.5007793237285354,0.32665,0.7326445719879716,0.6105,True,False
r2q1rk1/pp1bppb1/2np1np1/7p/2BNP2P/2N1BP2/PPPQ2P1/R3K2R w KQ h6,2000-2199,e1c1,101,0.5643564356435643,0.5636797443455924,0.67335,0.6674303084081903,0.673,False,True
r2q1rk1/pp1bppbp/3p1np1/4n3/3NP3/1BN1BP2/PPPQ2PP/R3K2R w KQ -,2000-2199,e1c1,192,0.4791666666666667,0.47900109192243434,0.0618,0.766781505143339,0.633,True,True
r2q1rk1/pp1bppbp/3p1np1/4n3/3NP3/1BN1BP2/PPPQ2PP/R3K2R w KQ -,2000-2199,e3h6,14,0.5357142857142857,0.5334156256588088,0.4194,0.6733298717230405,0.496,False,False
r2q1rk1/pp1bppbp/3p1np1/4n3/3NP3/1BN1BP2/PPPQ2PP/R3K2R w KQ -,2000-2199,h2h4,52,0.5576923076923077,0.5568500956546553,0.5188,0.6665340086203526,0.62,False,False
r2q1rk1/pp1bppbp/3p1np1/8/2PBP3/2N2P2/PP1QB1PP/R3K2R b KQ -,2000-2199,a7a5,67,0.5,0.49971511833756804,0.2106,0.39851646512348854,0.198,True,True
r2q1rk1/pp1bppbp/3p1np1/8/2PBP3/2N2P2/PP1QB1PP/R3K2R b KQ -,2000-2199,d7c6,149,0.5536912751677853,0.5530976782878065,0.7894,0.20624181356529808,0.1575,False,False
r2q1rk1/pp1bppbp/3p1np1/8/2PBP3/2N2P2/PP2B1PP/R2Q1RK1 b - -,2000-2199,a7a5,107,0.5467289719626168,0.5460614436765948,0.84715,0.4791475542764043,0.45,True,True
r2q1rk1/pp1bppbp/3p1np1/8/2PBP3/2N2P2/PP2B1PP/R2Q1RK1 b - -,2000-2199,d7c6,218,0.4908256880733945,0.4907868088725888,0.15285,0.4695562639362262,0.4245,False,False
r2q1rk1/pp1bppbp/3p1np1/8/2PBP3/2N5/PP2BPPP/2RQ1RK1 b - -,2000-2199,a7a5,21,0.5714285714285714,0.5665269243734848,0.6625,0.4718248676135562,0.4725,False,True
r2q1rk1/pp1bppbp/3p1np1/8/2PBP3/2N5/PP2BPPP/2RQ1RK1 b - -,2000-2199,d7c6,274,0.5218978102189781,0.5215970093327009,0.3375,0.5225139655492106,0.457,True,False
r2q1rk1/pp1bppbp/3p1np1/8/2PBP3/2N5/PP2BPPP/R2Q1RK1 w - -,2000-2199,a1c1,40,0.575,0.5724440783741347,0.306,0.5383005076405414,0.5155,False,False
r2q1rk1/pp1bppbp/3p1np1/8/2PBP3/2N5/PP2BPPP/R2Q1RK1 w - -,2000-2199,d1d2,35,0.44285714285714284,0.44501558922888973,0.0232,0.6147535084681955,0.56,True,False
r2q1rk1/pp1bppbp/3p1np1/8/2PBP3/2N5/PP2BPPP/R2Q1RK1 w - -,2000-2199,f2f3,53,0.49056603773584906,0.490613141205298,0.0432,0.558299873832745,0.562,False,True
r2q1rk1/pp1bppbp/3p1np1/8/2PBP3/2N5/PP2BPPP/R2Q1RK1 w - -,2000-2199,f2f4,19,0.631578947368421,0.6216015268826097,0.6276,0.526750270705066,0.546,False,False
r2q1rk1/pp1bppbp/3p1np1/8/3BP3/1BN2P2/PPPQ2PP/R3K2R b KQ -,2000-2199,b7b5,197,0.5329949238578681,0.532913100715356,0.9346,0.47256097992614404,0.4805,True,True
r2q1rk1/pp1bppbp/3p1np1/8/3BP3/1BN2P2/PPPQ2PP/R3K2R b KQ -,2000-2199,d7c6,15,0.3333333333333333,0.34906052161348294,0.0654,0.32594956641023165,0.1065,False,False
r2q1rk1/pp1n1pp1/2pb1n1p/3p4/3P2bB/2PB1N2/PP1N1PPP/R2Q1RK1 w - -,2000-2199,d1c2,124,0.47580645161290325,0.47617261688722556,0.54025,0.49837631166151214,0.5075,False,True
r2q1rk1/pp1n1pp1/2pb1n1p/3p4/3P2bB/2PB1N2/PP1N1PPP/R2Q1RK1 w - -,2000-2199,f1e1,13,0.46153846153846156,0.4654511700206466,0.45975,0.5040130732585887,0.506,True,False
r2q1rk1/pp1n1ppp/2pb1n2/3p2Bb/3P4/2N2N1P/PPP1BPP1/R2Q1RK1 w - -,2000-2199,d1d2,15,0.4,0.4095095168776124,0.25685,0.310454944757595,0.3115,True,False
r2q1rk1/pp1n1ppp/2pb1n2/3p2Bb/3P4/2N2N1P/PPP1BPP1/R2Q1RK1 w - -,2000-2199,f1e1,11,0.5,0.5000449726658687,0.63065,0.30668117911616527,0.4305,False,True
r2q1rk1/pp1n1ppp/2pb1n2/3p2Bb/3P4/2N2N1P/PPP1BPP1/R2Q1RK1 w - -,2000-2199,f3e5,19,0.34210526315789475,0.3535369693415666,0.1125,0.310069462881154,0.2965,False,False
r2q1rk1/pp1n1ppp/2pb1n2/3p2Bb/3P4/2NB1N1P/PPP2PP1/R2QR1K1 w - -,2000-2199,d3e2,29,0.5517241379310345,0.548853885314523,0.57175,0.26402175002225814,0.3995,False,False
r2q1rk1/pp1n1ppp/2pb1n2/3p2Bb/3P4/2NB1N1P/PPP2PP1/R2QR1K1 w - -,2000-2199,d3f5,25,0.42,0.4245024819459192,0.09035,0.4413978321794456,0.443,True,False
r2q1rk1/pp1n1ppp/2pb1n2/3p2Bb/3P4/2NB1N1P/PPP2PP1/R2QR1K1 w - -,2000-2199,g2g4,35,0.5142857142857142,0.5131125171610972,0.3379,0.34440989508576936,0.4575,False,True
r2q1rk1/pp1n1ppp/2pb1n2/3p2Bb/3P4/2PB1N1P/PP1N1PP1/R2Q1RK1 w - -,2000-2199,d1b3,20,0.35,0.3607068897473222,0.18185,0.49497987217986233,0.497,False,False
r2q1rk1/pp1n1ppp/2pb1n2/3p2Bb/3P4/2PB1N1P/PP1N1PP1/R2Q1RK1 w - -,2000-2199,d1c2,204,0.45588235294117646,0.4559728193244582,0.804,0.5117103313755695,0.506,True,True
r2q1rk1/pp1n1ppp/2pb1n2/3p2Bb/3P4/2PB1N1P/PP1N1PP1/R2Q1RK1 w - -,2000-2199,f1e1,44,0.29545454545454547,0.3017890237792769,0.01415,0.5026016598053887,0.5055,False,False
r2q1rk1/pp1n1ppp/2pb1n2/3p2Bb/3P4/3B1N1P/PPPN1PP1/R2QR1K1 w - -,2000-2199,c2c3,45,0.5444444444444444,0.5423666773236875,0.34105,0.5038944290934394,0.5095,False,False
r2q1rk1/pp1n1ppp/2pb1n2/3p2Bb/3P4/3B1N1P/PPPN1PP1/R2QR1K1 w - -,2000-2199,c2c4,19,0.5789473684210527,0.5723604606727055,0.54475,0.5623125827489444,0.517,True,True
r2q1rk1/pp1n1ppp/2pb1n2/3p2Bb/3P4/3B1N1P/PPPN1PP1/R2QR1K1 w - -,2000-2199,d2f1,12,0.4166666666666667,0.4264940979708772,0.1142,0.24868800045712808,0.466,False,False
r2q1rk1/pp1n1ppp/2pb1p2/7b/3P4/2PB1N1P/PP3PP1/R1BQ1RK1 w - -,2000-2199,c1e3,31,0.4032258064516129,0.4068053414639861,0.0645,0.4740329691891286,0.493,False,False
r2q1rk1/pp1n1ppp/2pb1p2/7b/3P4/2PB1N1P/PP3PP1/R1BQ1RK1 w - -,2000-2199,d1c2,22,0.4772727272727273,0.4795077537499538,0.2606,0.26876314512482463,0.464,False,False
r2q1rk1/pp1n1ppp/2pb1p2/7b/3P4/2PB1N1P/PP3PP1/R1BQ1RK1 w - -,2000-2199,d3e2,14,0.25,0.27287754365911465,0.0074,0.46046987144575174,0.491,False,False
r2q1rk1/pp1n1ppp/2pb1p2/7b/3P4/2PB1N1P/PP3PP1/R1BQ1RK1 w - -,2000-2199,f1e1,39,0.3717948717948718,0.37645421925539935,0.0242,0.49088246985115963,0.5065,False,True
r2q1rk1/pp1n1ppp/2pb1p2/7b/3P4/2PB1N1P/PP3PP1/R1BQ1RK1 w - -,2000-2199,g2g4,17,0.5588235294117647,0.5536363875492909,0.6433,0.5793180521394703,0.5055,True,False
r2q1rk1/pp1nbpp1/2p1bn1p/3p4/3P3B/2NBP3/PPQ1NPPP/R3K2R w KQ -,2000-2199,e1g1,146,0.6541095890410958,0.6526731738884172,0.32015,0.5201804088143896,0.5475,False,False
r2q1rk1/pp1nbpp1/2p1bn1p/3p4/3P3B/2NBP3/PPQ1NPPP/R3K2R w KQ -,2000-2199,e2f4,33,0.6818181818181818,0.6744722464061267,0.55135,0.7353487882340194,0.639,True,True
r2q1rk1/pp1nbpp1/2p1bn1p/3p4/3P3B/2NBP3/PPQ1NPPP/R3K2R w KQ -,2000-2199,f2f3,16,0.5625,0.5555638227590888,0.1285,0.5435068773265812,0.559,False,False
r2q1rk1/pp1nbpp1/2p1bn1p/3p4/3P3B/2NBPN2/PPQ2PPP/R3K2R w KQ -,2000-2199,e1c1,12,0.5833333333333334,0.5742283189215988,0.5364,0.22066198931507744,0.3445,False,False
r2q1rk1/pp1nbpp1/2p1bn1p/3p4/3P3B/2NBPN2/PPQ2PPP/R3K2R w KQ -,2000-2199,e1g1,123,0.5650406504065041,0.5645059550702717,0.4636,0.556822942987783,0.5485,True,True
r2q1rk1/pp1nbppp/2p2n2/3p2B1/3P4/2NQPN2/PP3PPP/R4RK1 w - -,2000-2199,a1b1,57,0.38596491228070173,0.3895435771578047,0.0027,0.4980053951726334,0.4965,True,False
r2q1rk1/pp1nbppp/2p2n2/3p2B1/3P4/2NQPN2/PP3PPP/R4RK1 w - -,2000-2199,a1c1,18,0.3333333333333333,0.3454730663622971,0.0075,0.49256096438997443,0.4965,False,False
r2q1rk1/pp1nbppp/2p2n2/3p2B1/3P4/2NQPN2/PP3PPP/R4RK1 w - -,2000-2199,a2a3,47,0.40425531914893614,0.40672026447085435,0.00765,0.49654115433590595,0.4985,False,True
r2q1rk1/pp1nbppp/2p2n2/3p2B1/3P4/2NQPN2/PP3PPP/R4RK1 w - -,2000-2199,f1e1,13,0.6153846153846154,0.6046512861052418,0.51555,0.49388559274634813,0.4935,False,False
r2q1rk1/pp1nbppp/2p2n2/3p2B1/3P4/2NQPN2/PP3PPP/R4RK1 w - -,2000-2199,f3e5,19,0.6052631578947368,0.5972490443414002,0.4666,0.4907725012858366,0.473,False,False
r2q1rk1/pp1nbppp/2p2n2/3p2Bb/3P4/2NBPN1P/PP3PP1/R2Q1RK1 w - -,2000-2199,a1c1,22,0.4318181818181818,0.43663074609115593,0.3345,0.5049776557624771,0.498,True,True
r2q1rk1/pp1nbppp/2p2n2/3p2Bb/3P4/2NBPN1P/PP3PP1/R2Q1RK1 w - -,2000-2199,a2a3,13,0.34615384615384615,0.36267486901011187,0.13425,0.4996818498494454,0.497,False,False
r2q1rk1/pp1nbppp/2p2n2/3p2Bb/3P4/2NBPN1P/PP3PP1/R2Q1RK1 w - -,2000-2199,d3e2,20,0.425,0.43107703133315733,0.31855,0.41392995706188007,0.498,False,False
r2q1rk1/pp1nbppp/2p2n2/3p2Bb/3P4/2NBPN1P/PP3PP1/R2Q1RK1 w - -,2000-2199,g2g4,19,0.39473684210526316,0.4023234489277358,0.2127,0.42364284778134964,0.486,False,False
r2q1rk1/pp1nbppp/2p2n2/3p2Bb/3P4/2PB1N1P/PP1N1PP1/R2Q1RK1 w - -,2000-2199,d1c2,28,0.5714285714285714,0.5683653476455299,0.9349,0.525458805931039,0.517,True,True
r2q1rk1/pp1nbppp/2p2n2/3p2Bb/3P4/2PB1N1P/PP1N1PP1/R2Q1RK1 w - -,2000-2199,f1e1,11,0.3181818181818182,0.3401010115196542,0.0651,0.5209694585682741,0.516,False,False
r2q1rk1/pp1nppbp/2p2np1/8/2BP4/2N1PQ1P/PP3PP1/R1B2RK1 w - -,2000-2199,e3e4,13,0.46153846153846156,0.4643313867347277,0.0345,0.6819160082605991,0.545,False,False
r2q1rk1/pp1nppbp/2p2np1/8/2BP4/2N1PQ1P/PP3PP1/R1B2RK1 w - -,2000-2199,f1d1,39,0.7307692307692307,0.7214726546400748,0.9655,0.7870818475189396,0.5825,True,True
r2q1rk1/pp2bpp1/2n1pn1p/3p2B1/3P2b1/2PB1N2/PPQN1PPP/R4RK1 w - -,2000-2199,g5f4,15,0.6666666666666666,0.6504988444420967,0.7795,0.5417109270679712,0.505,False,False
r2q1rk1/pp2bpp1/2n1pn1p/3p2B1/3P2b1/2PB1N2/PPQN1PPP/R4RK1 w - -,2000-2199,g5f6,13,0.4230769230769231,0.4304649482848351,0.05125,0.5672857226027306,0.524,True,True
r2q1rk1/pp2bpp1/2n1pn1p/3p2B1/3P2b1/2PB1N2/PPQN1PPP/R4RK1 w - -,2000-2199,g5h4,89,0.5449438202247191,0.5440240128434713,0.16925,0.5462051439279021,0.516,False,False
r2q1rk1/pp2bppp/2bppn2/6B1/3QP3/2N2N2/PPP2PPP/2KRR3 w - -,2000-2199,c1b1,52,0.5192307692307693,0.5185823901008881,0.194,0.2662476447117903,0.465,False,False
r2q1rk1/pp2bppp/2bppn2/6B1/3QP3/2N2N2/PPP2PPP/2KRR3 w - -,2000-2199,d4d2,27,0.6111111111111112,0.6044832206585167,0.76955,0.6022494836805843,0.455,True,False
r2q1rk1/pp2bppp/2bppn2/6B1/3QP3/2N2N2/PPP2PPP/2KRR3 w - -,2000-2199,e4e5,27,0.4074074074074074,0.41279132959539494,0.03505,0.5115848214997041,0.5005,False,True
r2q1rk1/pp2bppp/2bppn2/6B1/3QP3/2N2N2/PPP2PPP/2KRR3 w - -,2000-2199,g5f6,24,0.2708333333333333,0.28419410418211066,0.0014,0.23321932799166292,0.473,False,False
r2q1rk1/pp2bppp/2n1bn2/3pN1B1/2pP4/2N3P1/PP2PPBP/R2Q1RK1 w - -,2000-2199,a1c1,12,0.2916666666666667,0.3146948873227563,0.00765,0.48246660992170604,0.5045,False,False
r2q1rk1/pp2bppp/2n1bn2/3pN1B1/2pP4/2N3P1/PP2PPBP/R2Q1RK1 w - -,2000-2199,b2b3,27,0.48148148148148145,0.4828305528742231,0.1134,0.7614938916313464,0.528,True,False
r2q1rk1/pp2bppp/2n1bn2/3pN1B1/2pP4/2N3P1/PP2PPBP/R2Q1RK1 w - -,2000-2199,e2e3,18,0.5555555555555556,0.5506104954652645,0.3872,0.5843084480752757,0.5255,False,False
r2q1rk1/pp2bppp/2n1bn2/3pN1B1/2pP4/2N3P1/PP2PPBP/R2Q1RK1 w - -,2000-2199,e2e4,13,0.46153846153846156,0.46584583485254805,0.1399,0.2534506474543808,0.444,False,False
r2q1rk1/pp2bppp/2n1bn2/3pN1B1/2pP4/2N3P1/PP2PPBP/R2Q1RK1 w - -,2000-2199,e5c6,63,0.4126984126984127,0.41495148769161605,0.0078,0.41380218071030817,0.526,False,False
r2q1rk1/pp2bppp/2n1bn2/3pN1B1/2pP4/2N3P1/PP2PPBP/R2Q1RK1 w - -,2000-2199,f2f4,46,0.5543478260869565,0.5527190824411867,0.34405,0.5867936464901454,0.529,False,True
r2q1rk1/pp2bppp/2n1pn2/1B1p2B1/3P4/2N2Q1P/PPP2PP1/R4RK1 w - -,2000-2199,a1d1,26,0.40384615384615385,0.4090383971789945,0.3753,0.4425692191533365,0.468,False,False
r2q1rk1/pp2bppp/2n1pn2/1B1p2B1/3P4/2N2Q1P/PPP2PP1/R4RK1 w - -,2000-2199,b5c6,33,0.3939393939393939,0.39837133014576437,0.30745,0.3604152400624848,0.4925,False,True
r2q1rk1/pp2bppp/2n1pn2/1B1p2B1/3P4/2N2Q1P/PPP2PP1/R4RK1 w - -,2000-2199,c3e2,11,0.36363636363636365,0.3822527096980649,0.31725,0.4584437688749486,0.485,True,False
r2q1rk1/pp2bppp/2n1pn2/3p2Bb/3P4/2PB1N1P/PP1N1PP1/R2Q1RK1 w - -,2000-2199,d1b3,54,0.46296296296296297,0.46439890899219133,0.0709,0.5537463928413282,0.506,True,False
r2q1rk1/pp2bppp/2n1pn2/3p2Bb/3P4/2PB1N1P/PP1N1PP1/R2Q1RK1 w - -,2000-2199,d1c2,93,0.44086021505376344,0.4420723590129656,0.02,0.49586260306343705,0.5205,False,False
r2q1rk1/pp2bppp/2n1pn2/3p2Bb/3P4/2PB1N1P/PP1N1PP1/R2Q1RK1 w - -,2000-2199,d1e1,14,0.5714285714285714,0.5639723421158335,0.579,0.5115376854836655,0.5195,False,False
r2q1rk1/pp2bppp/2n1pn2/3p2Bb/3P4/2PB1N1P/PP1N1PP1/R2Q1RK1 w - -,2000-2199,f1e1,89,0.5337078651685393,0.5325148509817165,0.3301,0.5262386798711184,0.521,False,True
r2q1rk1/pp2bppp/2n1pn2/3p3b/3P1B2/2PB1N1P/PP1N1PP1/R2Q1RK1 w - -,2000-2199,d1b3,14,0.21428571428571427,0.241540642474274,0.0074,0.5449765401735859,0.528,True,False
r2q1rk1/pp2bppp/2n1pn2/3p3b/3P1B2/2PB1N1P/PP1N1PP1/R2Q1RK1 w - -,2000-2199,d1c2,18,0.6111111111111112,0.6025069184258173,0.8659,0.42869366167164535,0.53,False,False
r2q1rk1/pp2bppp/2n1pn2/3p3b/3P1B2/2PB1N1P/PP1N1PP1/R2Q1RK1 w - -,2000-2199,f1e1,13,0.4230769230769231,0.43136698845957344,0.1267,0.5153356492753761,0.5315,False,True
r2q1rk1/pp2ppbp/1nnp2p1/8/2PP2b1/1PN1BN2/P3BPPP/R2QK2R w KQ -,2000-2199,a1c1,45,0.3333333333333333,0.3386019392353082,0.04575,0.6222184870057236,0.4905,True,False
r2q1rk1/pp2ppbp/1nnp2p1/8/2PP2b1/1PN1BN2/P3BPPP/R2QK2R w KQ -,2000-2199,e1g1,72,0.4722222222222222,0.4726492127083562,0.7862,0.6216527983652803,0.527,False,False
r2q1rk1/pp2ppbp/1nnp2p1/8/2PP2b1/1PN1BN2/P3BPPP/R2QK2R w KQ -,2000-2199,h2h3,13,0.34615384615384615,0.3620490687014463,0.16805,0.5552843405117852,0.5475,False,True
r2q1rk1/pp2ppbp/1nnp2p1/8/2PP2b1/1PN1BN2/P4PPP/2RQKB1R w K -,2000-2199,d4d5,11,0.36363636363636365,0.38087522659798684,0.3353,0.6178372698297031,0.57,False,True
r2q1rk1/pp2ppbp/1nnp2p1/8/2PP2b1/1PN1BN2/P4PPP/2RQKB1R w K -,2000-2199,f1e2,123,0.4349593495934959,0.43541500682735157,0.6647,0.6188897423251446,0.4955,True,False
r2q1rk1/pp2ppbp/1nnp2p1/8/2PP2b1/2N1BN2/PP2BPPP/R2Q1RK1 w - -,2000-2199,a1c1,25,0.28,0.2926219029150275,0.0917,0.38345381045932114,0.426,False,False
r2q1rk1/pp2ppbp/1nnp2p1/8/2PP2b1/2N1BN2/PP2BPPP/R2Q1RK1 w - -,2000-2199,b2b3,219,0.4132420091324201,0.4138630927783077,0.8255,0.6259896606439324,0.514,True,True
r2q1rk1/pp2ppbp/1nnp2p1/8/2PP2b1/2N1BN2/PP2BPPP/R2Q1RK1 w - -,2000-2199,d4d5,47,0.2978723404255319,0.3039812041279499,0.05915,0.27568053366358486,0.414,False,False
r2q1rk1/pp2ppbp/1nnp2p1/8/2PP2b1/2N1BN2/PP2BPPP/R2Q1RK1 w - -,2000-2199,h2h3,66,0.2878787878787879,0.29263797932413005,0.02365,0.08307181262457221,0.313,False,False
r2q1rk1/pp2ppbp/1nnp2p1/8/2PP2b1/2NBBN2/PP3PPP/R2Q1RK1 w - -,2000-2199,d3e2,11,0.2727272727272727,0.2998281547071373,0.47655,0.28486853182018335,0.351,True,False
r2q1rk1/pp2ppbp/1nnp2p1/8/2PP2b1/2NBBN2/PP3PPP/R2Q1RK1 w - -,2000-2199,d4d5,24,0.20833333333333334,0.22571520736278586,0.15105,0.12729820657147478,0.1575,False,False
r2q1rk1/pp2ppbp/1nnp2p1/8/2PP2b1/2NBBN2/PP3PPP/R2Q1RK1 w - -,2000-2199,h2h3,21,0.2619047619047619,0.2782935989176023,0.3724,0.25717001936614103,0.474,False,True
r2q1rk1/pp2ppbp/2n3p1/2p5/2BPP1b1/2P1BN2/P4PPP/R2Q1RK1 w - -,2000-2199,a1b1,11,0.5909090909090909,0.5792904229943209,0.4298,0.42996861752400517,0.4505,False,False
r2q1rk1/pp2ppbp/2n3p1/2p5/2BPP1b1/2P1BN2/P4PPP/R2Q1RK1 w - -,2000-2199,c4d5,11,0.5909090909090909,0.5796061342889814,0.43015,0.4924921770590704,0.487,False,False
r2q1rk1/pp2ppbp/2n3p1/2p5/2BPP1b1/2P1BN2/P4PPP/R2Q1RK1 w - -,2000-2199,d4d5,23,0.43478260869565216,0.43876373210829017,0.0431,0.5632033744261383,0.5035,True,True
r2q1rk1/pp2ppbp/2n3p1/2p5/2BPP1b1/2P1BN2/P4PPP/R2Q1RK1 w - -,2000-2199,e4e5,37,0.44594594594594594,0.44766676783848186,0.0349,0.3737096227587325,0.482,False,False
r2q1rk1/pp2ppbp/2n3p1/2p5/2BPP1b1/2P1BN2/P4PPP/R2Q1RK1 w - -,2000-2199,h2h3,12,0.4166666666666667,0.42577041346930017,0.06205,0.13578226115413317,0.1225,False,False
r2q1rk1/pp2ppbp/2n3p1/2p5/2BPP1b1/2P1BP2/P3N1PP/R2Q1RK1 b - -,2000-2199,c5d4,153,0.49019607843137253,0.4902800370557187,0.18505,0.4232893511339039,0.478,False,True
r2q1rk1/pp2ppbp/2n3p1/2p5/2BPP1b1/2P1BP2/P3N1PP/R2Q1RK1 b - -,2000-2199,c6a5,336,0.46130952380952384,0.4614265519949701,0.02225,0.47051057792930107,0.455,True,False
r2q1rk1/pp2ppbp/2n3p1/2p5/2BPP1b1/2P1BP2/P3N1PP/R2Q1RK1 b - -,2000-2199,g4d7,222,0.5337837837837838,0.533508615225725,0.7927,0.3603252590175899,0.473,False,False
r2q1rk1/pp2ppbp/3p1np1/2p5/3nPP2/2NP1QPP/PPP3B1/R1B2RK1 w - -,2000-2199,f3d1,32,0.421875,0.4251934441162815,0.1163,0.5120761712057549,0.5095,False,False
r2q1rk1/pp2ppbp/3p1np1/2p5/3nPP2/2NP1QPP/PPP3B1/R1B2RK1 w - -,2000-2199,f3f2,125,0.536,0.5352549273470544,0.8837,0.5315376823558616,0.5505,True,True
r2q1rk1/pp2ppbp/3pbnp1/8/2BBP3/2N2P2/PPPQ2PP/R3K2R w KQ -,2000-2199,c4b3,62,0.532258064516129,0.5318768475931919,0.7444,0.641621834170074,0.5385,False,False
r2q1rk1/pp2ppbp/3pbnp1/8/2BBP3/2N2P2/PPPQ2PP/R3K2R w KQ -,2000-2199,c4e6,64,0.4765625,0.4772492137366261,0.2556,0.6686975356979767,0.5405,True,True
r2q1rk1/pp2ppbp/3pbnp1/8/2PBP3/2N2P2/PP1Q2PP/R3KB1R w KQ -,2000-2199,a1c1,31,0.532258064516129,0.5312949862996107,0.30835,0.542254251984934,0.5155,False,False
r2q1rk1/pp2ppbp/3pbnp1/8/2PBP3/2N2P2/PP1Q2PP/R3KB1R w KQ -,2000-2199,b2b3,14,0.2857142857142857,0.306195722671511,0.0133,0.5801181269088566,0.5255,False,True
r2q1rk1/pp2ppbp/3pbnp1/8/2PBP3/2N2P2/PP1Q2PP/R3KB1R w KQ -,2000-2199,e1c1,24,0.5208333333333334,0.5193947574471203,0.2881,0.656186812916659,0.5175,True,False
r2q1rk1/pp2ppbp/3pbnp1/8/2PBP3/2N2P2/PP1Q2PP/R3KB1R w KQ -,2000-2199,f1e2,94,0.5531914893617021,0.5517458265850872,0.39025,0.5553643145685057,0.5255,False,False
r2q1rk1/pp2ppbp/3pbnp1/8/2PBP3/2N5/PP2BPPP/R2Q1RK1 w - -,2000-2199,a1c1,156,0.5,0.5001501846954319,0.0043,0.5927192191301905,0.608,False,False
r2q1rk1/pp2ppbp/3pbnp1/8/2PBP3/2N5/PP2BPPP/R2Q1RK1 w - -,2000-2199,b2b3,51,0.6372549019607843,0.6333334613190984,0.62715,0.5981613279116738,0.6465,False,True
r2q1rk1/pp2ppbp/3pbnp1/8/2PBP3/2N5/PP2BPPP/R2Q1RK1 w - -,2000-2199,d1d2,53,0.5849056603773585,0.5827124844522462,0.2198,0.6167156321970234,0.608,True,False
r2q1rk1/pp2ppbp/3pbnp1/8/2PBP3/2N5/PP2BPPP/R2Q1RK1 w - -,2000-2199,f2f3,77,0.525974025974026,0.5251458450988121,0.0381,0.5409812972189711,0.586,False,False
r2q1rk1/pp2ppbp/3pbnp1/8/2PBP3/2N5/PP2BPPP/R2Q1RK1 w - -,2000-2199,f2f4,35,0.5428571428571428,0.5403097925203472,0.11065,0.5523258334417218,0.644,False,False
r2q1rk1/pp2ppbp/3pbnp1/8/3BP1P1/2N2P2/PPPQ3P/R3KB1R w KQ -,2000-2199,c3d5,23,0.45652173913043476,0.45883855168236587,0.2071,0.8441338422188944,0.5185,True,False
r2q1rk1/pp2ppbp/3pbnp1/8/3BP1P1/2N2P2/PPPQ3P/R3KB1R w KQ -,2000-2199,e1c1,83,0.5301204819277109,0.5296900489765318,0.59795,0.4432241779450168,0.5125,False,False
r2q1rk1/pp2ppbp/3pbnp1/8/3BP1P1/2N2P2/PPPQ3P/R3KB1R w KQ -,2000-2199,h2h4,90,0.48333333333333334,0.4835452669607134,0.19495,0.5408886070628696,0.8385,False,True
r2q1rk1/pp2ppbp/3pbnp1/8/3BP3/2N2P2/PPPQB1PP/R3K2R w KQ -,2000-2199,e1c1,29,0.5172413793103449,0.5164894649025344,0.69715,0.5267742791808074,0.5075,False,False
r2q1rk1/pp2ppbp/3pbnp1/8/3BP3/2N2P2/PPPQB1PP/R3K2R w KQ -,2000-2199,g2g4,17,0.4411764705882353,0.446123498915416,0.30285,0.6719653622761759,0.597,True,True
r2q1rk1/pp3ppp/2n1bn2/2bp2B1/8/2N2NP1/PP2PPBP/R2Q1RK1 w - -,2000-2199,a1c1,99,0.5303030303030303,0.529335962298235,0.1653,0.7515442949736063,0.602,False,False
r2q1rk1/pp3ppp/2n1bn2/2bp2B1/8/2N2NP1/PP2PPBP/R2Q1RK1 w - -,2000-2199,e2e3,38,0.5394736842105263,0.5383324211065342,0.30375,0.7975503273970991,0.541,True,False
r2q1rk1/pp3ppp/2n1bn2/2bp2B1/8/2N2NP1/PP2PPBP/R2Q1RK1 w - -,2000-2199,e2e4,14,0.2857142857142857,0.30561499990569335,0.00385,0.46117014909308945,0.3845,False,False
r2q1rk1/pp3ppp/2n1bn2/2bp2B1/8/2N2NP1/PP2PPBP/R2Q1RK1 w - -,2000-2199,g5f6,74,0.5743243243243243,0.572673552095179,0.5271,0.7274074941158823,0.6765,False,True
r2q1rk1/pp3ppp/2n2n2/1Bbp3b/8/2N1PN1P/PP3PP1/R1BQ1RK1 w - -,2000-2199,a2a3,10,0.65,0.6298305525651021,0.9605,0.49847613895964155,0.483,True,False
r2q1rk1/pp3ppp/2n2n2/1Bbp3b/8/2N1PN1P/PP3PP1/R1BQ1RK1 w - -,2000-2199,b5e2,40,0.3375,0.3430695837241021,0.02485,0.4931445389810845,0.487,False,True
r2q1rk1/pp3ppp/2n2n2/1Bbp3b/8/2N1PN1P/PP3PP1/R1BQ1RK1 w - -,2000-2199,g2g4,11,0.22727272727272727,0.2608931849691558,0.01465,0.45786124878884854,0.325,False,False
r2q1rk1/pp3ppp/2nbpn2/3p3b/3P4/2PB1N1P/PP1N1PP1/R1BQR1K1 w - -,2000-2199,d1b3,17,0.08823529411764706,0.12117969519186779,0.00015,0.4047545020650669,0.3765,False,False
r2q1rk1/pp3ppp/2nbpn2/3p3b/3P4/2PB1N1P/PP1N1PP1/R1BQR1K1 w - -,2000-2199,d1c2,22,0.5227272727272727,0.5209859960304095,0.71815,0.32571187926150796,0.3735,False,False
r2q1rk1/pp3ppp/2nbpn2/3p3b/3P4/2PB1N1P/PP1N1PP1/R1BQR1K1 w - -,2000-2199,d2f1,66,0.45454545454545453,0.4556035747369432,0.2817,0.4968838527414616,0.4645,True,True
r2q1rk1/ppp1bppp/1nn1p3/4Pb2/2PP4/2N1BN2/PP2B1PP/R2Q1RK1 b - -,2000-2199,d8d7,10,0.5,0.49961349984446407,0.41435,0.3281481724651472,0.235,False,False
r2q1rk1/ppp1bppp/1nn1p3/4Pb2/2PP4/2N1BN2/PP2B1PP/R2Q1RK1 b - -,2000-2199,f5g4,11,0.45454545454545453,0.45837116939869177,0.274,0.4106043255981248,0.163,False,False
r2q1rk1/ppp1bppp/1nn1p3/4Pb2/2PP4/2N1BN2/PP2B1PP/R2Q1RK1 b - -,2000-2199,f7f6,134,0.4962686567164179,0.4961914633137828,0.31165,0.434461944099648,0.334,True,True
r2q1rk1/ppp2ppp/1nnp1b2/8/2PP2b1/1P3N2/PB2BPPP/RN1Q1RK1 w - -,2000-2199,b1a3,11,0.4090909090909091,0.4211984314447811,0.10785,0.5510986139964204,0.511,True,True
r2q1rk1/ppp2ppp/1nnp1b2/8/2PP2b1/1P3N2/PB2BPPP/RN1Q1RK1 w - -,2000-2199,b1d2,37,0.5675675675675675,0.5646674187683574,0.5047,0.4182308846530184,0.503,False,False
r2q1rk1/ppp2ppp/1nnp1b2/8/2PP2b1/1P3N2/PB2BPPP/RN1Q1RK1 w - -,2000-2199,h2h3,23,0.5434782608695652,0.5422882822896686,0.38745,0.4859566170839468,0.499,False,False
r2q1rk1/ppp2ppp/1nnp1b2/8/2PP2b1/1PN1BN2/P3BPPP/R2Q1RK1 b - -,2000-2199,d6d5,16,0.53125,0.5292472535412509,0.61575,0.30747129877256685,0.3755,False,True
r2q1rk1/ppp2ppp/1nnp1b2/8/2PP2b1/1PN1BN2/P3BPPP/R2Q1RK1 b - -,2000-2199,f8e8,63,0.49206349206349204,0.4918420663933909,0.38425,0.3281811517414258,0.322,True,False
r2qk1nr/1p1bbppp/p1np4/4p3/2B1PB2/2N2N2/PP2QPPP/R2R2K1 w kq -,2000-2199,f4e3,131,0.4580152671755725,0.4584205116808129,0.68015,0.611385876963581,0.484,True,True
r2qk1nr/1p1bbppp/p1np4/4p3/2B1PB2/2N2N2/PP2QPPP/R2R2K1 w kq -,2000-2199,f4g3,42,0.4166666666666667,0.4204952591668399,0.31985,0.3633227064685581,0.418,False,False
r2qk2r/1b1nbppp/p1p1pn2/1p4B1/3P4/2NBPN2/PP3PPP/R2Q1RK1 w kq -,2000-2199,a1c1,43,0.5116279069767442,0.510903104085534,0.0902,0.47715354244477476,0.557,False,True
r2qk2r/1b1nbppp/p1p1pn2/1p4B1/3P4/2NBPN2/PP3PPP/R2Q1RK1 w kq -,2000-2199,a2a3,19,0.5,0.5005614193392024,0.11605,0.5050136206535646,0.475,False,False
r2qk2r/1b1nbppp/p1p1pn2/1p4B1/3P4/2NBPN2/PP3PPP/R2Q1RK1 w kq -,2000-2199,a2a4,11,0.5454545454545454,0.5401716846820059,0.2828,0.5302154178022203,0.538,False,False
r2qk2r/1b1nbppp/p1p1pn2/1p4B1/3P4/2NBPN2/PP3PPP/R2Q1RK1 w kq -,2000-2199,d1e2,26,0.5384615384615384,0.5368894930994023,0.18165,0.505727211426305,0.5135,False,False
r2qk2r/1b1nbppp/p1p1pn2/1p4B1/3P4/2NBPN2/PP3PPP/R2Q1RK1 w kq -,2000-2199,e3e4,20,0.575,0.570697158904844,0.3293,0.6714715332825462,0.506,True,False
r2qk2r/1b1nbppp/p2ppn2/1p6/3NP3/P1N1BP2/1PP1B1PP/R2Q1RK1 w kq -,2000-2199,d1d2,27,0.3888888888888889,0.3938086202644962,0.1757,0.2727059884226172,0.448,False,False
r2qk2r/1b1nbppp/p2ppn2/1p6/3NP3/P1N1BP2/1PP1B1PP/R2Q1RK1 w kq -,2000-2199,d1e1,11,0.18181818181818182,0.22069066565560375,0.02095,0.2983889546815522,0.4605,True,False
r2qk2r/1b1nbppp/p2ppn2/1p6/3NP3/P1N1BP2/1PP1B1PP/R2Q1RK1 w kq -,2000-2199,g1h1,11,0.5454545454545454,0.5386112874511279,0.80335,0.2965976152871937,0.4615,False,True
r2qk2r/1p1nbpp1/p2pbn2/4p2p/4P3/1NN1BP2/PPPQ2PP/2KR1B1R w kq -,2000-2199,c1b1,108,0.4537037037037037,0.45473554796928795,0.006,0.549794400441027,0.514,False,True
r2qk2r/1p1nbpp1/p2pbn2/4p2p/4P3/1NN1BP2/PPPQ2PP/2KR1B1R w kq -,2000-2199,c3d5,27,0.6481481481481481,0.6405104935279358,0.7003,0.5339335579788942,0.511,False,False
r2qk2r/1p1nbpp1/p2pbn2/4p2p/4P3/1NN1BP2/PPPQ2PP/2KR1B1R w kq -,2000-2199,f1e2,24,0.5,0.4995334571853569,0.0976,0.5458283748743528,0.4955,False,False
r2qk2r/1p1nbpp1/p2pbn2/4p2p/4P3/1NN1BP2/PPPQ2PP/2KR1B1R w kq -,2000-2199,g2g3,21,0.4523809523809524,0.45521797549940846,0.049,0.5818615572830741,0.5095,False,False
r2qk2r/1p1nbpp1/p2pbn2/4p2p/4P3/1NN1BP2/PPPQ2PP/2KR1B1R w kq -,2000-2199,h2h3,24,0.3958333333333333,0.4021413182654861,0.01445,0.6338833727837462,0.497,True,False
r2qk2r/1p1nbpp1/p2pbn2/4p2p/4P3/1NN1BP2/PPPQ2PP/2KR1B1R w kq -,2000-2199,h2h4,16,0.5,0.5003011297491926,0.13265,0.5555789408525906,0.5095,False,False
r2qk2r/1p3ppp/p1nbpn2/3p4/3P1B2/2NQPN2/PP3PPP/R4RK1 w kq -,2000-2199,f3e5,17,0.35294117647058826,0.36450246214298715,0.00625,0.5147793887479155,0.5005,True,False
r2qk2r/1p3ppp/p1nbpn2/3p4/3P1B2/2NQPN2/PP3PPP/R4RK1 w kq -,2000-2199,f4d6,80,0.5625,0.5614509680853291,0.1225,0.5025978965765746,0.514,False,True
r2qk2r/1p3ppp/p1nbpn2/3p4/3P1B2/2NQPN2/PP3PPP/R4RK1 w kq -,2000-2199,f4g3,30,0.4666666666666667,0.4671283334498538,0.01795,0.497867038548676,0.5005,False,False
r2qk2r/1p3ppp/p1nbpn2/3p4/3P1B2/2NQPN2/PP3PPP/R4RK1 w kq -,2000-2199,f4g5,36,0.6666666666666666,0.659845928493167,0.8533,0.5056058285310041,0.5055,False,False
r2qk2r/1p3ppp/p1npbb2/3Np3/4P3/N7/PPP2PPP/R2QKB1R w KQkq -,2000-2199,a3c4,15,0.6333333333333333,0.6221794153450725,0.68425,0.5623082990761842,0.531,False,True
r2qk2r/1p3ppp/p1npbb2/3Np3/4P3/N7/PPP2PPP/R2QKB1R w KQkq -,2000-2199,c2c3,35,0.42857142857142855,0.432454926945818,0.0295,0.6192446953305567,0.5155,True,False
r2qk2r/1p3ppp/p1npbb2/3Np3/4P3/N7/PPP2PPP/R2QKB1R w KQkq -,2000-2199,c2c4,21,0.5476190476190477,0.544314383020909,0.28625,0.4042498059274647,0.453,False,False
r2qk2r/3nbppp/p2pbn2/1p2p3/4P3/1NN1BP2/PPPQ2PP/2KR1B1R w kq -,2000-2199,c1b1,25,0.56,0.5571342682608678,0.7595,0.5149739873046971,0.513,False,False
r2qk2r/3nbppp/p2pbn2/1p2p3/4P3/1NN1BP2/PPPQ2PP/2KR1B1R w kq -,2000-2199,g2g4,88,0.48295454545454547,0.48384788287982766,0.2405,0.6009557096137714,0.55,True,True
r2qk2r/3nbppp/p2pbn2/1p2p3/4P3/1NN1BP2/PPPQ2PP/2KR1B1R w kq b6,2000-2199,c1b1,57,0.4824561403508772,0.48326080920655,0.32505,0.524357451625709,0.513,False,False
r2qk2r/3nbppp/p2pbn2/1p2p3/4P3/1NN1BP2/PPPQ2PP/2KR1B1R w kq b6,2000-2199,g2g4,185,0.5162162162162162,0.5156737775803213,0.67495,0.6186536361370212,0.55,True,True
r2qk2r/3nppbp/3p1np1/2pP4/4P3/2N2NP1/PP3PKP/R1BQ3R b kq -,2000-2199,e8g8,326,0.4708588957055215,0.47124547951919693,0.7535,0.4212755606243642,0.278,False,True
r2qk2r/3nppbp/3p1np1/2pP4/4P3/2N2NP1/PP3PKP/R1BQ3R b kq -,2000-2199,f6g4,18,0.3888888888888889,0.39740834770893096,0.2465,0.45235534600425387,0.096,True,False
r2qk2r/3nppbp/3p1np1/2pP4/4P3/2N3P1/PP3PKP/R1BQ2NR w kq -,2000-2199,f2f4,23,0.43478260869565216,0.4387663492058769,0.0837,0.5696783356943566,0.551,False,False
r2qk2r/3nppbp/3p1np1/2pP4/4P3/2N3P1/PP3PKP/R1BQ2NR w kq -,2000-2199,g1e2,33,0.5,0.5001393024211788,0.2056,0.6696242518387094,0.5955,True,False
r2qk2r/3nppbp/3p1np1/2pP4/4P3/2N3P1/PP3PKP/R1BQ2NR w kq -,2000-2199,g1f3,145,0.5379310344827586,0.5382301148488555,0.3327,0.5306853540062368,0.727,False,True
r2qk2r/3nppbp/3p1np1/2pP4/4P3/2N3P1/PP3PKP/R1BQ2NR w kq -,2000-2199,h2h3,18,0.5277777777777778,0.5268185228623598,0.378,0.5529335337131643,0.644,False,False
r2qk2r/p1pb1ppp/1bp5/3pP3/3Nn3/4B3/PPP2PPP/RN1Q1RK1 w kq -,2000-2199,b1d2,30,0.5333333333333333,0.5311931880879686,0.0123,0.44675094041896163,0.497,False,True
r2qk2r/p1pb1ppp/1bp5/3pP3/3Nn3/4B3/PPP2PPP/RN1Q1RK1 w kq -,2000-2199,c2c3,12,0.8333333333333334,0.7966953661775235,0.9435,0.4783221580874283,0.486,True,False
r2qk2r/p1pb1ppp/1bp5/3pP3/3Nn3/4B3/PPP2PPP/RN1Q1RK1 w kq -,2000-2199,f2f3,143,0.6223776223776224,0.6216130866256269,0.0442,0.47759075990544886,0.4815,False,False
r2qk2r/p1pb1ppp/2p5/2bpP1n1/3N4/5P2/PPP3PP/RNBQ1RK1 w kq -,2000-2199,c1e3,267,0.5674157303370787,0.5675010130146536,0.37835,0.5525327797557378,0.5055,False,False
r2qk2r/p1pb1ppp/2p5/2bpP1n1/3N4/5P2/PPP3PP/RNBQ1RK1 w kq -,2000-2199,f3f4,706,0.5779036827195467,0.577738001542574,0.62165,0.5779802647361382,0.507,True,True
r2qk2r/p1pbbppp/2p5/2npP3/3N4/5P2/PPP3PP/RNBQ1RK1 w kq -,2000-2199,b1c3,32,0.40625,0.41097767707805677,0.02275,0.5255452672155019,0.492,False,False
r2qk2r/p1pbbppp/2p5/2npP3/3N4/5P2/PPP3PP/RNBQ1RK1 w kq -,2000-2199,c1e3,49,0.6020408163265306,0.5992173019122571,0.82595,0.47005930707709526,0.484,False,False
r2qk2r/p1pbbppp/2p5/2npP3/3N4/5P2/PPP3PP/RNBQ1RK1 w kq -,2000-2199,f3f4,142,0.5246478873239436,0.5248038785808044,0.1513,0.5933540912970434,0.525,True,True
r2qk2r/p2bbppp/2Q2n2/4p1N1/8/8/PPPP1PPP/RNB1K2R w KQkq -,2000-2199,c6a6,12,0.5416666666666666,0.5378126839129719,0.6414,0.3002798741147136,0.3655,False,False
r2qk2r/p2bbppp/2Q2n2/4p1N1/8/8/PPPP1PPP/RNB1K2R w KQkq -,2000-2199,c6c4,82,0.3353658536585366,0.33826991742571,0.0036,0.21598895843985685,0.165,False,False
r2qk2r/p2bbppp/2Q2n2/4p1N1/8/8/PPPP1PPP/RNB1K2R w KQkq -,2000-2199,c6f3,82,0.4878048780487805,0.4883755128633999,0.355,0.6199155490746442,0.403,True,True
r2qk2r/pp1n1ppp/2pbpn2/8/3P4/2PQ1NN1/PP3PPP/R1B2RK1 w kq -,2000-2199,c1g5,17,0.4411764705882353,0.44522368453566097,0.43435,0.5085342247838316,0.5045,False,False
r2qk2r/pp1n1ppp/2pbpn2/8/3P4/2PQ1NN1/PP3PPP/R1B2RK1 w kq -,2000-2199,f1e1,16,0.46875,0.4714274793879806,0.56565,0.5432195571933227,0.5055,True,True
r2qk2r/pp1nbppp/2p1pn2/8/3P4/3Q1NN1/PPP2PPP/R1B1R1K1 w kq -,2000-2199,c1f4,15,0.4,0.4081852903259392,0.1627,0.5565610530902798,0.518,True,True
r2qk2r/pp1nbppp/2p1pn2/8/3P4/3Q1NN1/PPP2PPP/R1B1R1K1 w kq -,2000-2199,c2c3,12,0.4166666666666667,0.4251698773738085,0.22305,0.5084101778684463,0.502,False,False
r2qk2r/pp1nbppp/2p1pn2/8/3P4/3Q1NN1/PPP2PPP/R1B1R1K1 w kq -,2000-2199,c2c4,26,0.5192307692307693,0.5173727790062702,0.61425,0.5181783931006012,0.516,False,False
r2qk2r/pp2bppp/2n1b3/3pPp2/3P4/2N2N2/PP3PPP/R1BQ1RK1 w kq -,2000-2199,a2a3,85,0.5529411764705883,0.5514205792159615,0.04995,0.5311808882777591,0.4605,False,False
r2qk2r/pp2bppp/2n1b3/3pPp2/3P4/2N2N2/PP3PPP/R1BQ1RK1 w kq -,2000-2199,c1e3,44,0.4431818181818182,0.44509457839281197,0.00475,0.37102666409887614,0.4625,False,False
r2qk2r/pp2bppp/2n1b3/3pPp2/3P4/2N2N2/PP3PPP/R1BQ1RK1 w kq -,2000-2199,c3e2,16,0.625,0.613666629728988,0.3168,0.5695921720659034,0.5,False,False
r2qk2r/pp2bppp/2n1b3/3pPp2/3P4/2N2N2/PP3PPP/R1BQ1RK1 w kq -,2000-2199,d1b3,14,0.35714285714285715,0.371329686418897,0.00535,0.6326191965308,0.503,True,True
r2qk2r/pp2bppp/2n1b3/3pPp2/3P4/2N2N2/PP3PPP/R1BQ1RK1 w kq -,2000-2199,f1e1,19,0.6842105263157895,0.6707855377229766,0.59615,0.48455282020463886,0.4535,False,False
r2qk2r/pp2bppp/2n1b3/3pPp2/3P4/2N2N2/PP3PPP/R1BQ1RK1 w kq -,2000-2199,g2g3,13,0.4230769230769231,0.4303371588548199,0.027,0.60081261505827,0.4805,False,False
r2qk2r/pp2bppp/2n1p3/3n3b/3P4/2N2N1P/PP2BPP1/R1BQ1RK1 w kq -,2000-2199,a2a3,17,0.3235294117647059,0.3384734558007467,0.03335,0.4774908819545411,0.4755,False,False
r2qk2r/pp2bppp/2n1p3/3n3b/3P4/2N2N1P/PP2BPP1/R1BQ1RK1 w kq -,2000-2199,c1e3,33,0.42424242424242425,0.4276562137218436,0.11655,0.47346017545949654,0.483,False,False
r2qk2r/pp2bppp/2n1p3/3n3b/3P4/2N2N1P/PP2BPP1/R1BQ1RK1 w kq -,2000-2199,c3d5,35,0.37142857142857144,0.3766632392728707,0.03835,0.47656030708451597,0.4835,False,False
r2qk2r/pp2bppp/2n1p3/3n3b/3P4/2N2N1P/PP2BPP1/R1BQ1RK1 w kq -,2000-2199,c3e4,11,0.36363636363636365,0.37915934948382735,0.1325,0.21860693131426723,0.4255,False,False
r2qk2r/pp2bppp/2n1p3/3n3b/3P4/2N2N1P/PP2BPP1/R1BQ1RK1 w kq -,2000-2199,d1b3,24,0.4166666666666667,0.4212336004277216,0.1331,0.6522801620810266,0.4985,True,True
r2qk2r/pp2bppp/2n1p3/3n3b/3P4/2N2N1P/PP2BPP1/R1BQ1RK1 w kq -,2000-2199,f1e1,27,0.48148148148148145,0.48314742361382584,0.3397,0.40383845683296893,0.4835,False,False
r2qk2r/pp2bppp/2n1p3/3n3b/3P4/2N2N1P/PP2BPP1/R1BQ1RK1 w kq -,2000-2199,f3e5,18,0.4444444444444444,0.44855328853910104,0.20645,0.510871105577915,0.491,False,False
r2qk2r/pp2bppp/2n1pn2/8/3P2b1/2N1BN2/PP2BPPP/R2Q1RK1 w kq -,2000-2199,a1c1,12,0.25,0.2777410556787409,0.00065,0.5280169170609046,0.535,False,False
r2qk2r/pp2bppp/2n1pn2/8/3P2b1/2N1BN2/PP2BPPP/R2Q1RK1 w kq -,2000-2199,a2a3,11,0.45454545454545453,0.4612303042496718,0.04925,0.5273633571166905,0.5145,False,False
r2qk2r/pp2bppp/2n1pn2/8/3P2b1/2N1BN2/PP2BPPP/R2Q1RK1 w kq -,2000-2199,d1b3,28,0.6607142857142857,0.6533673785773547,0.52325,0.6233081738876303,0.548,True,False
r2qk2r/pp2bppp/2n1pn2/8/3P2b1/2N1BN2/PP2BPPP/R2Q1RK1 w kq -,2000-2199,h2h3,41,0.6463414634146342,0.6411263395219251,0.42685,0.594763689572236,0.5615,False,True
r2qk2r/pp2bppp/2p1pn2/8/3P2b1/2PB1N2/PP3PPP/R1BQ1RK1 w kq -,2000-2199,c1f4,16,0.53125,0.5297874993541607,0.5743,0.5303562474784338,0.502,True,False
r2qk2r/pp2bppp/2p1pn2/8/3P2b1/2PB1N2/PP3PPP/R1BQ1RK1 w kq -,2000-2199,f1e1,14,0.4642857142857143,0.4677594431282664,0.29835,0.5156399998762375,0.516,False,True
r2qk2r/pp2bppp/2p1pn2/8/3P2b1/2PB1N2/PP3PPP/R1BQ1RK1 w kq -,2000-2199,h2h3,45,0.43333333333333335,0.4356106427913461,0.12735,0.5083448304351249,0.516,False,False
r2qk2r/pp2npbp/2n1p1p1/3pP3/3P4/2N2B1P/PP3PP1/R1BQ1RK1 b kq -,2000-2199,e7f5,40,0.6875,0.6805967117361964,0.9152,0.6612950924318574,0.597,True,True
r2qk2r/pp2npbp/2n1p1p1/3pP3/3P4/2N2B1P/PP3PP1/R1BQ1RK1 b kq -,2000-2199,e8g8,33,0.5454545454545454,0.5423462653647351,0.0848,0.5894872696658701,0.5305,False,False
r2qk2r/pp2ppbp/1nnp2p1/8/2PP4/2N1BQ1P/PP3PP1/R3KB1R w KQkq -,2000-2199,a1d1,47,0.48936170212765956,0.48862188452592564,0.21845,0.6135797881432455,0.5745,False,False
r2qk2r/pp2ppbp/1nnp2p1/8/2PP4/2N1BQ1P/PP3PP1/R3KB1R w KQkq -,2000-2199,e1c1,26,0.5769230769230769,0.5728534060520182,0.78155,0.6518262674424029,0.5795,True,True
r2qk2r/pp3ppp/2pbpn2/8/3P2b1/2PB1N2/PP3PPP/R1BQ1RK1 w kq -,2000-2199,c1g5,28,0.5357142857142857,0.5336941681147112,0.39815,0.5494180351977306,0.471,False,False
r2qk2r/pp3ppp/2pbpn2/8/3P2b1/2PB1N2/PP3PPP/R1BQ1RK1 w kq -,2000-2199,f1e1,22,0.5681818181818182,0.5638361526714428,0.5904,0.5827632158301435,0.5065,True,False
r2qk2r/pp3ppp/2pbpn2/8/3P2b1/2PB1N2/PP3PPP/R1BQ1RK1 w kq -,2000-2199,h2h3,53,0.3867924528301887,0.3895908026949573,0.01145,0.5145050731827802,0.507,False,True
r2qkb1r/1b1n1ppp/p3pn2/1pp5/3P4/P1NBPN2/1P3PPP/R1BQ1RK1 w kq -,2000-2199,b2b3,10,0.55,0.5425048826468697,0.5047,0.4141055023389986,0.441,False,False
r2qkb1r/1b1n1ppp/p3pn2/1pp5/3P4/P1NBPN2/1P3PPP/R1BQ1RK1 w kq -,2000-2199,d1e2,34,0.3088235294117647,0.3178579444990049,0.0093,0.5427625390389581,0.472,True,False
r2qkb1r/1b1n1ppp/p3pn2/1pp5/3P4/P1NBPN2/1P3PPP/R1BQ1RK1 w kq -,2000-2199,d4c5,42,0.36904761904761907,0.3732420848594782,0.025,0.46713263025320695,0.4785,False,True
r2qkb1r/1b1n1ppp/p3pn2/1pp5/3P4/P1NBPN2/1P3PPP/R1BQ1RK1 w kq -,2000-2199,f1e1,13,0.5384615384615384,0.5336997355133193,0.461,0.50808552068989,0.4315,False,False
r2qkb1r/1b1n1ppp/p3pn2/1pp5/3PP3/2NB1N2/PP3PPP/R1BQ1RK1 w kq -,2000-2199,d4d5,93,0.6827956989247311,0.6801987558331909,0.99375,0.669256148478979,0.528,True,True
r2qkb1r/1b1n1ppp/p3pn2/1pp5/3PP3/2NB1N2/PP3PPP/R1BQ1RK1 w kq -,2000-2199,e4e5,74,0.49324324324324326,0.4934967353743157,0.00625,0.24719756026967352,0.5045,False,False
r2qkb1r/1b3ppp/pn1ppn2/1p6/3NP1P1/2N1BP2/PPPQ3P/2KR1B1R w kq -,2000-2199,c1b1,10,0.8,0.7601176308449573,0.948,0.6152539593626514,0.522,False,False
r2qkb1r/1b3ppp/pn1ppn2/1p6/3NP1P1/2N1BP2/PPPQ3P/2KR1B1R w kq -,2000-2199,d2f2,10,0.4,0.41177399869367926,0.02715,0.7966213716117909,0.503,True,False
r2qkb1r/1b3ppp/pn1ppn2/1p6/3NP1P1/2N1BP2/PPPQ3P/2KR1B1R w kq -,2000-2199,g4g5,47,0.4787234042553192,0.4786977947796683,0.02375,0.5581043884060811,0.6275,False,True
r2qkb1r/1b3ppp/pn1ppn2/1p6/3NP1P1/2N1BP2/PPPQ3P/2KR1B1R w kq -,2000-2199,h2h4,67,0.373134328358209,0.3756250471047129,0.0011,0.5097037113283635,0.5275,False,False
r2qkb1r/pQ3ppp/4p3/1n1n4/8/2N2P2/PP3P1P/R1B1K2R w KQkq -,2000-2199,b7b5,44,0.5681818181818182,0.5657322121448789,0.6878,0.5020850633554893,0.4995,False,False
r2qkb1r/pQ3ppp/4p3/1n1n4/8/2N2P2/PP3P1P/R1B1K2R w KQkq -,2000-2199,b7c6,273,0.5311355311355311,0.5308994966586486,0.3122,0.7936022315214949,0.51,True,True
r2qkb1r/pp1nppp1/2p2n1p/7P/3P4/3Q1NN1/PPP2PP1/R1B1K2R w KQkq -,2000-2199,c1d2,915,0.5562841530054645,0.5561696105225127,0.1745,0.563333548293216,0.5225,False,False
r2qkb1r/pp1nppp1/2p2n1p/7P/3P4/3Q1NN1/PPP2PP1/R1B1K2R w KQkq -,2000-2199,c1f4,574,0.5618466898954704,0.5617078325499028,0.26895,0.6058147706278235,0.526,True,True
r2qkb1r/pp1nppp1/2p2n1p/7P/3P4/3Q1NN1/PPP2PP1/R1B1K2R w KQkq -,2000-2199,c2c4,50,0.58,0.5781881290408644,0.55655,0.518574853259976,0.4935,False,False
r2qkb1r/pp3ppp/2p1pn2/7b/3P4/2PB1N1P/PP3PP1/R1BQK2R w KQkq -,2000-2199,c1f4,33,0.48484848484848486,0.4848739609231307,0.0551,0.4890077461131648,0.503,False,False
r2qkb1r/pp3ppp/2p1pn2/7b/3P4/2PB1N1P/PP3PP1/R1BQK2R w KQkq -,2000-2199,c1g5,40,0.6,0.596253950347497,0.4159,0.48060660885394707,0.4885,False,False
r2qkb1r/pp3ppp/2p1pn2/7b/3P4/2PB1N1P/PP3PP1/R1BQK2R w KQkq -,2000-2199,e1g1,44,0.5681818181818182,0.5646282109677897,0.22265,0.5165134243760111,0.5065,True,True
r2qkb1r/pp3ppp/2p1pn2/7b/3P4/2PB1N1P/PP3PP1/R1BQK2R w KQkq -,2000-2199,g2g4,37,0.581081081081081,0.5783335901247426,0.30635,0.4897415117391629,0.5045,False,False
r2qkbnr/pp1n1pp1/2p1p2p/7P/3P4/3Q1NN1/PPP2PP1/R1B1K2R w KQkq -,2000-2199,c1d2,1700,0.5517647058823529,0.5518577431310447,0.98545,0.5585443286316223,0.5205,False,True
r2qkbnr/pp1n1pp1/2p1p2p/7P/3P4/3Q1NN1/PPP2PP1/R1B1K2R w KQkq -,2000-2199,c1f4,1198,0.4941569282136895,0.49430423415754565,0.0006,0.5967554956341378,0.52,True,False
r2qkbnr/pp1n1pp1/2p1p2p/7P/3P4/3Q1NN1/PPP2PP1/R1B1K2R w KQkq -,2000-2199,e1g1,118,0.4533898305084746,0.4543692832868761,0.01395,0.5536925565552552,0.503,False,False
r2qr1k1/1bp1bppp/p1np1n2/1p2p3/3PP3/1BP2N1P/PP3PP1/RNBQR1K1 w - -,2000-2199,a2a4,16,0.5625,0.5568987872913158,0.491,0.5273420834563809,0.525,False,False
r2qr1k1/1bp1bppp/p1np1n2/1p2p3/3PP3/1BP2N1P/PP3PP1/RNBQR1K1 w - -,2000-2199,b1d2,128,0.484375,0.48460233910973904,0.0741,0.6543959329492282,0.5495,True,False
r2qr1k1/1bp1bppp/p1np1n2/1p2p3/3PP3/1BP2N1P/PP3PP1/RNBQR1K1 w - -,2000-2199,c1g5,14,0.2857142857142857,0.3051001508612345,0.0149,0.5608178765584242,0.4665,False,False
r2qr1k1/1bp1bppp/p1np1n2/1p2p3/3PP3/1BP2N1P/PP3PP1/RNBQR1K1 w - -,2000-2199,d4d5,22,0.3409090909090909,0.35150698343872394,0.0146,0.4849755989708552,0.502,False,False
r2qr1k1/1bp1bppp/p1np1n2/1p2p3/3PP3/1BP2N1P/PP3PP1/RNBQR1K1 w - -,2000-2199,f3g5,41,0.5487804878048781,0.5482376464103482,0.4054,0.5619870247420194,0.556,False,True
r3k2r/1bqnbppp/pp1ppn2/8/2PNP3/2N1BP2/PP2B1PP/2RQ1RK1 w kq -,2000-2199,b2b3,19,0.7368421052631579,0.7209182212031903,0.8166,0.5772801471121286,0.575,True,False
r3k2r/1bqnbppp/pp1ppn2/8/2PNP3/2N1BP2/PP2B1PP/2RQ1RK1 w kq -,2000-2199,b2b4,16,0.4375,0.44321667539650145,0.01585,0.5368559070674142,0.6025,False,False
r3k2r/1bqnbppp/pp1ppn2/8/2PNP3/2N1BP2/PP2B1PP/2RQ1RK1 w kq -,2000-2199,d1d2,75,0.62,0.6172212290152828,0.1646,0.5759953481798967,0.594,False,False
r3k2r/1bqnbppp/pp1ppn2/8/2PNP3/2N1BP2/PP2B1PP/2RQ1RK1 w kq -,2000-2199,d1e1,15,0.3333333333333333,0.3470804634625383,0.00295,0.5293797067272737,0.606,False,True
r3k2r/1pqnbppp/p2pbn2/4p3/4P3/1NN1BP2/PPPQ2PP/2KR1B1R w kq -,2000-2199,c1b1,57,0.631578947368421,0.6281797252421955,0.93055,0.6522867461290838,0.543,True,False
r3k2r/1pqnbppp/p2pbn2/4p3/4P3/1NN1BP2/PPPQ2PP/2KR1B1R w kq -,2000-2199,g2g4,134,0.5186567164179104,0.5185669800268441,0.06945,0.568904575913988,0.595,False,True
r3k2r/p1ppqpbp/b1p3p1/3nP3/2P5/1P6/PB2QPPP/RN2KB1R w KQkq -,2000-2199,b1d2,46,0.358695652173913,0.36289746524558264,0.13665,0.532621856836562,0.495,False,False
r3k2r/p1ppqpbp/b1p3p1/3nP3/2P5/1P6/PB2QPPP/RN2KB1R w KQkq -,2000-2199,e2e4,13,0.2692307692307692,0.2932991589829875,0.08985,0.5452360277881604,0.046,True,False
r3k2r/p1ppqpbp/b1p3p1/3nP3/2P5/1P6/PB2QPPP/RN2KB1R w KQkq -,2000-2199,g2g3,54,0.4537037037037037,0.4546201442315467,0.7735,0.5373328332682904,0.503,False,True
r3k2r/pp1bbppp/1qn1p3/3pPn2/3P4/5N2/PPN1BPPP/R1BQ1RK1 w kq -,2000-2199,a2a3,10,0.6,0.585956297779363,0.6791,0.6747357493559103,0.4865,True,False
r3k2r/pp1bbppp/1qn1p3/3pPn2/3P4/5N2/PPN1BPPP/R1BQ1RK1 w kq -,2000-2199,b2b3,12,0.5,0.49833594665118464,0.3209,0.48922424055905805,0.5095,False,True
r3k2r/pp3ppp/2nqpn2/3p3b/3P4/2PB1N1P/PP1N1PP1/R2QK2R w KQkq -,2000-2199,d1b3,32,0.515625,0.5156048208633986,0.37975,0.5147134262040051,0.508,True,False
r3k2r/pp3ppp/2nqpn2/3p3b/3P4/2PB1N1P/PP1N1PP1/R2QK2R w KQkq -,2000-2199,d1c2,25,0.44,0.4425288160415004,0.11945,0.457494034805822,0.5125,False,False
r3k2r/pp3ppp/2nqpn2/3p3b/3P4/2PB1N1P/PP1N1PP1/R2QK2R w KQkq -,2000-2199,d1e2,18,0.2777777777777778,0.2953426389147669,0.00395,0.43649022925076664,0.511,False,False
r3k2r/pp3ppp/2nqpn2/3p3b/3P4/2PB1N1P/PP1N1PP1/R2QK2R w KQkq -,2000-2199,e1g1,100,0.535,0.5344722101292145,0.49685,0.5114402242144014,0.5145,False,True
r3k2r/ppp2ppp/2n1bP2/2b2qN1/2pp4/2N5/PPP2PPP/R1BQR1K1 w kq -,2000-2199,c3e4,251,0.47410358565737054,0.4739400350244828,0.5441,0.1673937923398527,0.5,False,True
r3k2r/ppp2ppp/2n1bP2/2b2qN1/2pp4/2N5/PPP2PPP/R1BQR1K1 w kq -,2000-2199,g2g4,91,0.46703296703296704,0.4681715149746814,0.4559,0.4225400413661182,0.5,True,False
r3kb1r/1bqn1ppp/p2ppn2/1p4B1/3NPP2/2NB1Q2/PPP3PP/2KR3R w kq -,2000-2199,c1b1,14,0.6785714285714286,0.660763498988723,0.56695,0.5493699373380714,0.4845,False,False
r3kb1r/1bqn1ppp/p2ppn2/1p4B1/3NPP2/2NB1Q2/PPP3PP/2KR3R w kq -,2000-2199,g2g4,11,0.6363636363636364,0.6219793444478402,0.39965,0.46813709019723393,0.4465,False,False
r3kb1r/1bqn1ppp/p2ppn2/1p4B1/3NPP2/2NB1Q2/PPP3PP/2KR3R w kq -,2000-2199,h1e1,159,0.5188679245283019,0.5184409546974391,0.0334,0.7501112224390725,0.516,True,True
r3kb1r/pp1b1ppp/1qn5/3pPp2/3P4/P4N2/1P3PPP/RNBQK2R w KQkq -,2000-2199,b1c3,29,0.41379310344827586,0.4169151095921743,0.1641,0.5850441963152525,0.518,True,False
r3kb1r/pp1b1ppp/1qn5/3pPp2/3P4/P4N2/1P3PPP/RNBQK2R w KQkq -,2000-2199,e1g1,28,0.5357142857142857,0.5333610206706668,0.8359,0.5217514397952662,0.5255,False,True
r3kb1r/pp1bnppp/1q2p3/3pP3/8/3B1N2/PP3PPP/R1BQ1RK1 w kq -,2000-2199,c1e3,127,0.5196850393700787,0.5194298901421728,0.41645,0.564440626814451,0.5185,True,True
r3kb1r/pp1bnppp/1q2p3/3pP3/8/3B1N2/PP3PPP/R1BQ1RK1 w kq -,2000-2199,f3g5,23,0.5434782608695652,0.5412480501970476,0.58355,0.37837030960887846,0.4345,False,False
r3kb1r/pp1bnppp/4p3/3pP3/3q4/2NB4/PP3PPP/R1BQ1RK1 w kq -,2000-2199,c3b5,31,0.4838709677419355,0.4852172064736662,0.6891,0.97802136532445,0.527,True,True
r3kb1r/pp1bnppp/4p3/3pP3/3q4/2NB4/PP3PPP/R1BQ1RK1 w kq -,2000-2199,f1e1,17,0.4117647058823529,0.4188399010507153,0.3109,0.6020391622723049,0.3315,False,False
r3kb1r/ppqb1ppp/2n1p3/3pPn2/N2P4/5N2/PP2BPPP/R1BQ1RK1 w kq -,2000-2199,a2a3,10,0.7,0.6748921344092923,0.8311,0.7898615832366315,0.635,True,True
r3kb1r/ppqb1ppp/2n1p3/3pPn2/N2P4/5N2/PP2BPPP/R1BQ1RK1 w kq -,2000-2199,g2g4,11,0.5,0.5007350681262024,0.1689,0.7288477132044509,0.6085,False,False
r3kbnr/1p1b1ppp/p3p3/3pP3/3q4/2NB4/PP3PPP/R1BQ1RK1 w kq -,2000-2199,c1e3,97,0.4329896907216495,0.43411450064356466,0.04835,0.7341830887711515,0.005,True,False
r3kbnr/1p1b1ppp/p3p3/3pP3/3q4/2NB4/PP3PPP/R1BQ1RK1 w kq -,2000-2199,d1e2,328,0.48323170731707316,0.48330040891841436,0.1643,0.43124457219107687,0.2995,False,False
r3kbnr/1p1b1ppp/p3p3/3pP3/3q4/2NB4/PP3PPP/R1BQ1RK1 w kq -,2000-2199,d1f3,73,0.5136986301369864,0.5130373044846639,0.55515,0.2291154209653159,0.185,False,False
r3kbnr/1p1b1ppp/p3p3/3pP3/3q4/2NB4/PP3PPP/R1BQ1RK1 w kq -,2000-2199,f1e1,150,0.4766666666666667,0.47724641478561797,0.17365,0.6472878315489988,0.3355,False,True
r3kbnr/1p1b1ppp/p3p3/3pP3/3q4/2NB4/PP3PPP/R1BQ1RK1 w kq -,2000-2199,g1h1,98,0.4387755102040816,0.43935593725382444,0.05855,0.3563755126672484,0.013,False,False
r3kbnr/pp1b1ppp/1q2p3/3pP3/8/2NB4/PP3PPP/R1BQ1RK1 w kq -,2000-2199,a2a3,14,0.6428571428571429,0.6291988338122197,0.25175,0.38785650422212886,0.483,False,True
r3kbnr/pp1b1ppp/1q2p3/3pP3/8/2NB4/PP3PPP/R1BQ1RK1 w kq -,2000-2199,a2a4,21,0.6904761904761905,0.6767063132077503,0.4341,0.6010207772890584,0.4455,False,False
r3kbnr/pp1b1ppp/1q2p3/3pP3/8/2NB4/PP3PPP/R1BQ1RK1 w kq -,2000-2199,c1e3,16,0.3125,0.3290684992277926,0.0005,0.768651724635928,0.0005,True,False
r3kbnr/pp1b1ppp/1q2p3/3pP3/8/2NB4/PP3PPP/R1BQ1RK1 w kq -,2000-2199,c3a4,19,0.6578947368421053,0.645434336573778,0.2792,0.5683937015318798,0.3285,False,False
r3kbnr/pp1b1ppp/1q2p3/3pP3/8/2NB4/PP3PPP/R1BQ1RK1 w kq -,2000-2199,d1e2,22,0.36363636363636365,0.37188607322621475,0.00095,0.4916627706382953,0.4215,False,False
r3kbnr/pp1b1ppp/1q2p3/3pP3/8/2NB4/PP3PPP/R1BQ1RK1 w kq -,2000-2199,d1f3,11,0.4090909090909091,0.41956593385828056,0.01405,0.4363996153820968,0.4765,False,False
r3kbnr/pp1b1ppp/1q2p3/3pP3/8/2NB4/PP3PPP/R1BQ1RK1 w kq -,2000-2199,d1g4,20,0.475,0.4758390980346936,0.01495,0.4440509282636721,0.4375,False,False
r3kbnr/pp1b1ppp/1q2p3/3pP3/8/2NB4/PP3PPP/R1BQ1RK1 w kq -,2000-2199,g1h1,64,0.5078125,0.5073362775769323,0.0045,0.372398077271178,0.4065,False,False
r3kbnr/ppqnppp1/2p4p/7P/3P4/3Q1NN1/PPP2PP1/R1B1K2R w KQkq -,2000-2199,c1d2,417,0.49160671462829736,0.4920184505869849,0.15055,0.6510233645452782,0.5365,True,False
r3kbnr/ppqnppp1/2p4p/7P/3P4/3Q1NN1/PPP2PP1/R1B1K2R w KQkq -,2000-2199,c1e3,42,0.42857142857142855,0.4310115801622634,0.07175,0.5801403921705113,0.5145,False,False
r3kbnr/ppqnppp1/2p4p/7P/3P4/3Q1NN1/PPP2PP1/R1B1K2R w KQkq -,2000-2199,e1g1,29,0.5,0.5007301117204421,0.34095,0.5326615110015203,0.5005,False,False
r3kbnr/ppqnppp1/2p4p/7P/3P4/3Q1NN1/PPP2PP1/R1B1K2R w KQkq -,2000-2199,g3e4,15,0.43333333333333335,0.43885399626223914,0.1823,0.5417232310085675,0.554,False,True
r3kbnr/ppqnppp1/2p4p/7P/3P4/3Q1NN1/PPP2PP1/R1B1K2R w KQkq -,2000-2199,h1h4,28,0.48214285714285715,0.4830877585068959,0.25445,0.647571029190768,0.519,False,False
r4rk1/1bqnbppp/pp1ppn2/8/2PNP3/2N1BP2/PP1QB1PP/2R2RK1 w - -,2000-2199,b2b3,21,0.16666666666666666,0.18792825369364033,0.00025,0.5672245673535281,0.5715,False,False
r4rk1/1bqnbppp/pp1ppn2/8/2PNP3/2N1BP2/PP1QB1PP/2R2RK1 w - -,2000-2199,b2b4,16,0.375,0.3848915878193082,0.117,0.5893206055658707,0.618,True,True
r4rk1/1bqnbppp/pp1ppn2/8/2PNP3/2N1BP2/PP1QB1PP/2R2RK1 w - -,2000-2199,f1d1,152,0.5296052631578947,0.5295806293099997,0.88275,0.5813942963299776,0.6005,False,False
r4rk1/pp1bppbp/2np1np1/q7/2BNP3/2N1BP2/PPPQ2PP/2KR3R w - -,2000-2199,c1b1,125,0.392,0.3930540436462609,0.001,0.8090473186228682,0.7165,False,False
r4rk1/pp1bppbp/2np1np1/q7/2BNP3/2N1BP2/PPPQ2PP/2KR3R w - -,2000-2199,c4b3,87,0.4482758620689655,0.4495496495765499,0.01755,0.8307626469129141,0.7205,True,True
r4rk1/pp1bppbp/2np1np1/q7/2BNP3/2N1BP2/PPPQ2PP/2KR3R w - -,2000-2199,d4b3,21,0.6428571428571429,0.6324274855493565,0.83005,0.7387568224334614,0.569,False,False
r4rk1/pp1bppbp/2np1np1/q7/2BNP3/2N1BP2/PPPQ2PP/2KR3R w - -,2000-2199,h2h4,38,0.5131578947368421,0.5124652430019717,0.1514,0.8015152484959462,0.711,False,False
r4rk1/pp1bppbp/2np1np1/q7/3NP3/1BN1B2P/PPP2PP1/R2Q1RK1 w - -,2000-2199,d1d2,41,0.47560975609756095,0.47675042644754256,0.0214,0.41252566784078504,0.49,False,False
r4rk1/pp1bppbp/2np1np1/q7/3NP3/1BN1B2P/PPP2PP1/R2Q1RK1 w - -,2000-2199,f1e1,83,0.6385542168674698,0.6361556258816704,0.8404,0.5723425481187217,0.545,False,True
r4rk1/pp1bppbp/2np1np1/q7/3NP3/1BN1B2P/PPP2PP1/R2Q1RK1 w - -,2000-2199,f2f4,124,0.5685483870967742,0.5683041841985382,0.1382,0.584737863511764,0.514,True,False
r4rk1/pp1bppbp/2np1np1/q7/3NP3/1BN1BP2/PPPQ2PP/R3K2R w KQ -,2000-2199,e1c1,236,0.4576271186440678,0.45763745160697256,0.14765,0.8096726614521413,0.7075,True,True
r4rk1/pp1bppbp/2np1np1/q7/3NP3/1BN1BP2/PPPQ2PP/R3K2R w KQ -,2000-2199,e1g1,13,0.5,0.5007050117808317,0.48635,0.5449534620787522,0.5165,False,False
r4rk1/pp1bppbp/2np1np1/q7/3NP3/1BN1BP2/PPPQ2PP/R3K2R w KQ -,2000-2199,h2h4,35,0.4857142857142857,0.48562954052526947,0.366,0.8016692666319559,0.6855,False,False
r4rk1/pp1qppbp/2np1np1/8/2PNP3/2N1BP2/PP4PP/R2QK2R w KQ -,2000-2199,a1c1,32,0.546875,0.5445137110690051,0.2576,0.5348553926456497,0.5105,False,False
r4rk1/pp1qppbp/2np1np1/8/2PNP3/2N1BP2/PP4PP/R2QK2R w KQ -,2000-2199,b2b3,16,0.5,0.49944837471082726,0.17505,0.5509154172531816,0.5075,True,False
r4rk1/pp1qppbp/2np1np1/8/2PNP3/2N1BP2/PP4PP/R2QK2R w KQ -,2000-2199,d1d2,28,0.5714285714285714,0.5674162081265607,0.37895,0.5464337762617965,0.498,False,False
r4rk1/pp1qppbp/2np1np1/8/2PNP3/2N1BP2/PP4PP/R2QK2R w KQ -,2000-2199,e1g1,99,0.5505050505050505,0.5488849754659122,0.1884,0.5304533052390251,0.515,False,True
r4rk1/pp1qppbp/2np1np1/8/3PP3/2N2N2/PP3PPP/R1BQR1K1 w - -,2000-2199,c1f4,14,0.5714285714285714,0.5636860742316911,0.4456,0.654164588621165,0.552,True,False
r4rk1/pp1qppbp/2np1np1/8/3PP3/2N2N2/PP3PPP/R1BQR1K1 w - -,2000-2199,c1g5,53,0.42452830188679247,0.4263654153825659,0.02125,0.5287730397731665,0.5255,False,False
r4rk1/pp1qppbp/2np1np1/8/3PP3/2N2N2/PP3PPP/R1BQR1K1 w - -,2000-2199,h2h3,30,0.5833333333333334,0.5800569569723709,0.53315,0.5722625070630196,0.557,False,True
r4rk1/pp3ppp/2nqpn2/3p4/3P2b1/2P2N2/PP1NBPPP/R2Q1RK1 w - -,2000-2199,f1e1,23,0.41304347826086957,0.4182270799288206,0.78235,0.5252859325915485,0.5075,True,True
r4rk1/pp3ppp/2nqpn2/3p4/3P2b1/2P2N2/PP1NBPPP/R2Q1RK1 w - -,2000-2199,h2h3,18,0.3055555555555556,0.31952543387132043,0.21765,0.5078691901121787,0.5015,False,False
r4rk1/pp3ppp/2nqpn2/3p4/3P2b1/2PB1N2/PP1N1PPP/R2Q1RK1 w - -,2000-2199,d1b3,44,0.4772727272727273,0.4782638544098633,0.0591,0.5828723831292941,0.512,False,False
r4rk1/pp3ppp/2nqpn2/3p4/3P2b1/2PB1N2/PP1N1PPP/R2Q1RK1 w - -,2000-2199,d1c2,38,0.3684210526315789,0.3736201224279752,0.0037,0.5294471163558339,0.51,False,False
r4rk1/pp3ppp/2nqpn2/3p4/3P2b1/2PB1N2/PP1N1PPP/R2Q1RK1 w - -,2000-2199,d1e1,20,0.65,0.6399482912346741,0.7795,0.7081525274664426,0.5055,True,False
r4rk1/pp3ppp/2nqpn2/3p4/3P2b1/2PB1N2/PP1N1PPP/R2Q1RK1 w - -,2000-2199,d1e2,18,0.5,0.49908073768055483,0.1443,0.5808166673721732,0.5055,False,False
r4rk1/pp3ppp/2nqpn2/3p4/3P2b1/2PB1N2/PP1N1PPP/R2Q1RK1 w - -,2000-2199,f1e1,153,0.434640522875817,0.4348295948930736,0.0042,0.5119249651401943,0.515,False,True
r4rk1/pp3ppp/2nqpn2/3p4/3P2b1/2PB1N2/PP1N1PPP/R2Q1RK1 w - -,2000-2199,h2h3,89,0.43258426966292135,0.43386782559925285,0.0092,0.4947272879239297,0.5045,False,False
r4rk1/ppp2ppp/2n2n2/3q4/3P2b1/2P2N2/P3BPPP/R1BQ1RK1 w - -,2000-2199,c1e3,12,0.625,0.611146479050323,0.33135,0.6137270464819755,0.549,False,False
r4rk1/ppp2ppp/2n2n2/3q4/3P2b1/2P2N2/P3BPPP/R1BQ1RK1 w - -,2000-2199,c3c4,45,0.6444444444444445,0.639703000821231,0.3556,0.6347476038114609,0.525,False,False
r4rk1/ppp2ppp/2n2n2/3q4/3P2b1/2P2N2/P3BPPP/R1BQ1RK1 w - -,2000-2199,h2h3,47,0.6382978723404256,0.6341770318224731,0.31305,0.6578115007990945,0.596,True,True
r4rk1/ppqn1ppp/2pb1n2/3p2B1/3P2b1/2PB1N2/PP1N1PPP/R2QR1K1 w - -,2000-2199,d1a4,11,0.7727272727272727,0.7406867976267675,0.9783,0.5103149389257651,0.4955,True,False
r4rk1/ppqn1ppp/2pb1n2/3p2B1/3P2b1/2PB1N2/PP1N1PPP/R2QR1K1 w - -,2000-2199,d1c2,130,0.5038461538461538,0.50369542694251,0.0186,0.5013037428863866,0.505,False,False
r4rk1/ppqn1ppp/2pb1n2/3p2B1/3P2b1/2PB1N2/PP1N1PPP/R2QR1K1 w - -,2000-2199,h2h3,52,0.4230769230769231,0.4249717408838359,0.0031,0.5026836394461552,0.5075,False,True
r4rk1/ppqn1ppp/2pb1n2/3p2B1/3P2b1/2PB1N2/PPQN1PPP/R4RK1 w - -,2000-2199,a1e1,111,0.481981981981982,0.4823664048149242,0.16225,0.4932469663912344,0.5065,False,False
r4rk1/ppqn1ppp/2pb1n2/3p2B1/3P2b1/2PB1N2/PPQN1PPP/R4RK1 w - -,2000-2199,d3f5,44,0.4431818181818182,0.4445664692354136,0.09355,0.488811887133098,0.4835,False,False
r4rk1/ppqn1ppp/2pb1n2/3p2B1/3P2b1/2PB1N2/PPQN1PPP/R4RK1 w - -,2000-2199,f1e1,235,0.5297872340425532,0.5296837272713295,0.71935,0.5029203841309087,0.5075,False,False
r4rk1/ppqn1ppp/2pb1n2/3p2B1/3P2b1/2PB1N2/PPQN1PPP/R4RK1 w - -,2000-2199,g5h4,45,0.37777777777777777,0.38204862813415796,0.0162,0.5030213235703108,0.5035,True,False
r4rk1/ppqn1ppp/2pb1n2/3p2B1/3P2b1/2PB1N2/PPQN1PPP/R4RK1 w - -,2000-2199,h2h3,168,0.43154761904761907,0.43245783797352244,0.00865,0.5027479587558135,0.511,False,True
rn1q1rk1/1b2bppp/p2ppn2/1p6/3NP3/1BN1BP2/PPPQ2PP/R3K2R w KQ -,2000-2199,b3e6,13,0.5,0.49883192369400303,0.3254,0.4915901490609188,0.4745,False,False
rn1q1rk1/1b2bppp/p2ppn2/1p6/3NP3/1BN1BP2/PPPQ2PP/R3K2R w KQ -,2000-2199,e1c1,60,0.55,0.5485025638411882,0.54445,0.5758061863001033,0.5,True,True
rn1q1rk1/1b2bppp/p2ppn2/1p6/3NP3/1BN1BP2/PPPQ2PP/R3K2R w KQ -,2000-2199,g2g4,12,0.4166666666666667,0.42747734906028634,0.13015,0.5334067353439315,0.489,False,False
rn1q1rk1/1p2bppp/3pbn2/p3p3/4P3/1NN1BP2/PPPQ2PP/2KR1B1R w - -,2000-2199,a2a4,67,0.5,0.5004724495532118,0.08575,0.7436948024142934,0.7035,True,True
rn1q1rk1/1p2bppp/3pbn2/p3p3/4P3/1NN1BP2/PPPQ2PP/2KR1B1R w - -,2000-2199,c1b1,89,0.3707865168539326,0.3734989641156666,0.0002,0.6643140382898236,0.544,False,False
rn1q1rk1/1p2bppp/3pbn2/p3p3/4P3/1NN1BP2/PPPQ2PP/2KR1B1R w - -,2000-2199,f1b5,71,0.6126760563380281,0.609869003033958,0.89445,0.7243002441604628,0.632,False,False
rn1q1rk1/1p2bppp/3pbn2/p3p3/4P3/1NN1BP2/PPPQ2PP/2KR1B1R w - -,2000-2199,g2g4,37,0.4189189189189189,0.4228562313985498,0.0196,0.40536219533016965,0.4885,False,False
rn1q1rk1/1p2bppp/p2pbn2/8/4Pp2/1NN1B3/PPP1B1PP/R2Q1RK1 w - -,2000-2199,e3f4,109,0.45871559633027525,0.45974534703346,0.21465,0.4334855309456276,0.5065,False,True
rn1q1rk1/1p2bppp/p2pbn2/8/4Pp2/1NN1B3/PPP1B1PP/R2Q1RK1 w - -,2000-2199,f1f4,25,0.54,0.5379343981985051,0.78535,0.4895345160124644,0.5,True,False
rn1q1rk1/1p3pbp/p2p1np1/2pP4/P3P1b1/2N2N2/1P2BPPP/R1BQ1RK1 w - -,2000-2199,c1f4,36,0.5555555555555556,0.5531792874397119,0.5085,0.6552317981457532,0.577,False,True
rn1q1rk1/1p3pbp/p2p1np1/2pP4/P3P1b1/2N2N2/1P2BPPP/R1BQ1RK1 w - -,2000-2199,f3d2,87,0.5517241379310345,0.5513924323310457,0.4879,0.6873047127204621,0.5485,True,False
rn1q1rk1/1p3pbp/p2p1np1/2pP4/P3P1b1/2N2N2/1P2BPPP/R1BQ1RK1 w - -,2000-2199,h2h3,37,0.35135135135135137,0.35589507965927464,0.0036,0.5730846209334332,0.5395,False,False
rn1q1rk1/4bppp/p2pbn2/1p2p3/4P3/1NN1BP2/PPPQ2PP/2KR1B1R w - b6,2000-2199,c1b1,33,0.5606060606060606,0.5581751380970943,0.6366,0.613500009878446,0.5165,False,False
rn1q1rk1/4bppp/p2pbn2/1p2p3/4P3/1NN1BP2/PPPQ2PP/2KR1B1R w - b6,2000-2199,c3d5,10,0.45,0.45610145503649785,0.2277,0.7797685169766227,0.598,True,True
rn1q1rk1/4bppp/p2pbn2/1p2p3/4P3/1NN1BP2/PPPQ2PP/2KR1B1R w - b6,2000-2199,g2g4,165,0.48484848484848486,0.48511013470876385,0.1357,0.635937943543361,0.567,False,False
rn1q1rk1/4ppbp/3p1np1/2pP4/4P3/2N2NP1/PP3PKP/R1BQ3R b - -,2000-2199,b8a6,38,0.42105263157894735,0.4244733490544925,0.04935,0.2661497255162485,0.275,False,False
rn1q1rk1/4ppbp/3p1np1/2pP4/4P3/2N2NP1/PP3PKP/R1BQ3R b - -,2000-2199,b8d7,512,0.4619140625,0.46186679572376005,0.02045,0.42884654911208797,0.301,False,False
rn1q1rk1/4ppbp/3p1np1/2pP4/4P3/2N2NP1/PP3PKP/R1BQ3R b - -,2000-2199,d8a5,46,0.5652173913043478,0.5636342243645653,0.7121,0.386868220982042,0.245,False,False
rn1q1rk1/4ppbp/3p1np1/2pP4/4P3/2N2NP1/PP3PKP/R1BQ3R b - -,2000-2199,d8b6,62,0.5,0.5011897440099872,0.2181,0.43659107019131055,0.3505,True,True
rn1q1rk1/4ppbp/3p1np1/2pP4/4P3/2N3P1/PP3PKP/R1BQ2NR w - -,2000-2199,f2f4,38,0.5263157894736842,0.5258632290595703,0.40255,0.4762047364090515,0.5195,False,False
rn1q1rk1/4ppbp/3p1np1/2pP4/4P3/2N3P1/PP3PKP/R1BQ2NR w - -,2000-2199,g1e2,80,0.3625,0.3645230031428057,0.0009,0.47066971629320997,0.5605,False,False
rn1q1rk1/4ppbp/3p1np1/2pP4/4P3/2N3P1/PP3PKP/R1BQ2NR w - -,2000-2199,g1f3,356,0.4901685393258427,0.4902892301502571,0.0888,0.5604542138800993,0.6725,True,True
rn1q1rk1/4ppbp/3p1np1/2pP4/4P3/2N3P1/PP3PKP/R1BQ2NR w - -,2000-2199,h2h3,47,0.5425531914893617,0.5412571172566549,0.50775,0.5370552509691192,0.5645,False,False
rn1q1rk1/pp2bppp/2p2nb1/3p2B1/3P2P1/2NBPN1P/PP3P2/R2QK2R w KQ -,2000-2199,d3g6,21,0.5238095238095238,0.521932914079401,0.29435,0.4592568922828666,0.516,False,True
rn1q1rk1/pp2bppp/2p2nb1/3p2B1/3P2P1/2NBPN1P/PP3P2/R2QK2R w KQ -,2000-2199,f3e5,38,0.5921052631578947,0.5886991471735776,0.70565,0.5214205325126343,0.4855,True,False
rn1q1rk1/pp3pbp/3p1np1/2pP4/2P5/2NB1Q1P/PP3PP1/R1B2RK1 b - -,2000-2199,a7a6,10,0.6,0.5858736896691138,0.8522,0.28833406428763436,0.311,False,False
rn1q1rk1/pp3pbp/3p1np1/2pP4/2P5/2NB1Q1P/PP3PP1/R1B2RK1 b - -,2000-2199,b8d7,76,0.4407894736842105,0.4419821243760583,0.1478,0.496955305617305,0.4445,True,True
rn1q1rk1/pp3ppp/2pb1nb1/3p2B1/3P2P1/2NB1N1P/PPP2P2/R2Q1RK1 w - -,2000-2199,d3g6,25,0.52,0.5191093509041476,0.6663,0.24121263829467,0.438,False,False
rn1q1rk1/pp3ppp/2pb1nb1/3p2B1/3P2P1/2NB1N1P/PPP2P2/R2Q1RK1 w - -,2000-2199,f3e5,80,0.475,0.47462412369874957,0.3337,0.43682621190338267,0.4735,True,True
rn1qkb1r/pp3pp1/2p1pn1p/7P/3P4/3Q1NN1/PPP2PP1/R1B1K2R w KQkq -,2000-2199,c1d2,412,0.6067961165048543,0.6064940803341651,0.07255,0.5436499228770877,0.517,True,True
rn1qkb1r/pp3pp1/2p1pn1p/7P/3P4/3Q1NN1/PPP2PP1/R1B1K2R w KQkq -,2000-2199,c1e3,34,0.7205882352941176,0.7111661761230713,0.90835,0.5244836818281428,0.5045,False,False
rn1qkb1r/pp3pp1/2p1pn1p/7P/3P4/3Q1NN1/PPP2PP1/R1B1K2R w KQkq -,2000-2199,c1f4,303,0.5561056105610561,0.5558184225275744,0.004,0.5235623437031093,0.5065,False,False
rn1qkb1r/pp3pp1/2p1pn1p/7P/3P4/3Q1NN1/PPP2PP1/R1B1K2R w KQkq -,2000-2199,c2c3,21,0.23809523809523808,0.25539661467995134,0.0,0.31870430733086175,0.5005,False,False
rn1qkb1r/pp3pp1/2p1pn1p/7P/3P4/3Q1NN1/PPP2PP1/R1B1K2R w KQkq -,2000-2199,e1g1,36,0.5,0.5002623878966274,0.0151,0.480438120649016,0.4935,False,False
rn1qkb1r/pp3ppn/2p1p2p/7P/3P4/5NN1/PPP2PP1/R1BQK2R w KQkq -,2000-2199,c1f4,18,0.3611111111111111,0.37240827697015705,0.02105,0.5252512630728263,0.5255,False,True
rn1qkb1r/pp3ppn/2p1p2p/7P/3P4/5NN1/PPP2PP1/R1BQK2R w KQkq -,2000-2199,d1d3,13,0.6923076923076923,0.672529417706462,0.97895,0.5852943045880531,0.518,True,False
rn1qr1k1/pp3pbp/3p1np1/2pP4/4PPb1/2NB1N2/PP4PP/R1BQ1RK1 w - -,2000-2199,d1c2,18,0.3888888888888889,0.3985229115077818,0.03605,0.34325422921606685,0.496,False,False
rn1qr1k1/pp3pbp/3p1np1/2pP4/4PPb1/2NB1N2/PP4PP/R1BQ1RK1 w - -,2000-2199,f1e1,14,0.6785714285714286,0.6615204102273211,0.9119,0.5206881683993195,0.554,False,False
rn1qr1k1/pp3pbp/3p1np1/2pP4/4PPb1/2NB1N2/PP4PP/R1BQ1RK1 w - -,2000-2199,h2h3,79,0.46835443037974683,0.46936493106585814,0.05205,0.5492037922143368,0.617,True,True
rn3rk1/1pq1bppp/p2pbn2/4p3/4P3/1NN1BP2/PPPQ2PP/2KR1B1R w - -,2000-2199,c1b1,42,0.5952380952380952,0.5917178138656556,0.47475,0.6088955516234229,0.5805,True,False
rn3rk1/1pq1bppp/p2pbn2/4p3/4P3/1NN1BP2/PPPQ2PP/2KR1B1R w - -,2000-2199,g2g4,91,0.5989010989010989,0.5978992586645427,0.52525,0.603154804118489,0.62,False,True
rnb1k2r/pp3p1p/2p2p2/3p4/3P4/2q1P3/P2N1PPP/R2QKB1R w KQkq -,2000-2199,a1c1,53,0.6415094339622641,0.6371271670438027,0.77615,0.6834472310471306,0.509,True,False
rnb1k2r/pp3p1p/2p2p2/3p4/3P4/2q1P3/P2N1PPP/R2QKB1R w KQkq -,2000-2199,f1e2,61,0.5737704918032787,0.5716697777329726,0.22385,0.49957292318712526,0.5165,False,True
rnb1kb1r/1p3pp1/p2ppn1p/8/3NPP1B/q1N5/P1PQ2PP/1R2KB1R w Kkq -,2000-2199,b1b3,10,0.25,0.282121410874145,0.0035,0.302615741489985,0.481,False,False
rnb1kb1r/1p3pp1/p2ppn1p/8/3NPP1B/q1N5/P1PQ2PP/1R2KB1R w Kkq -,2000-2199,e4e5,76,0.5986842105263158,0.5959846463084056,0.25725,0.529439021426779,0.5515,False,True
rnb1kb1r/1p3pp1/p2ppn1p/8/3NPP1B/q1N5/P1PQ2PP/1R2KB1R w Kkq -,2000-2199,f1c4,11,0.3181818181818182,0.3397798163812218,0.01005,0.4670623387107173,0.435,False,False
rnb1kb1r/1p3pp1/p2ppn1p/8/3NPP1B/q1N5/P1PQ2PP/1R2KB1R w Kkq -,2000-2199,f1e2,12,0.08333333333333333,0.12952192236817844,0.0,0.5892521902545914,0.489,False,False
rnb1kb1r/1p3pp1/p2ppn1p/8/3NPP1B/q1N5/P1PQ2PP/1R2KB1R w Kkq -,2000-2199,f4f5,22,0.5909090909090909,0.5848910621293476,0.30335,0.6439293465035121,0.5125,True,False
rnb1kb1r/1p3pp1/p2ppn1p/8/3NPP1B/q1N5/P1PQ2PP/1R2KB1R w Kkq -,2000-2199,h4f6,29,0.6206896551724138,0.614520543065543,0.42585,0.4226057031231259,0.511,False,False
rnb1r1k1/ppp2pbp/6p1/3Pp1B1/4P3/5N2/PP2BPPP/R3K2R b KQ -,2000-2199,c7c6,295,0.4406779661016949,0.44091625974643894,0.3352,0.5324655581161537,0.501,True,True
rnb1r1k1/ppp2pbp/6p1/3Pp1B1/4P3/5N2/PP2BPPP/R3K2R b KQ -,2000-2199,f7f6,37,0.3918918918918919,0.3963461736798061,0.1656,0.46536631905156806,0.462,False,False
rnb1r1k1/ppp2pbp/6p1/3Pp1B1/4P3/5N2/PP2BPPP/R3K2R b KQ -,2000-2199,h7h6,21,0.4523809523809524,0.4552354748528819,0.4992,0.4500328261150531,0.4945,False,False
rnb1r3/ppp2kpp/5n2/8/4P3/8/PB1N1PPP/R3K1NR w KQ -,2000-2199,b2f6,14,0.5,0.5006029588756293,0.4438,0.4689008702826219,0.4945,False,False
rnb1r3/ppp2kpp/5n2/8/4P3/8/PB1N1PPP/R3K1NR w KQ -,2000-2199,f2f3,71,0.4859154929577465,0.4853465620219868,0.25415,0.5455109451426401,0.5005,False,True
rnb1r3/ppp2kpp/5n2/8/4P3/8/PB1N1PPP/R3K1NR w KQ -,2000-2199,g1f3,77,0.4935064935064935,0.4939573861255538,0.30205,0.6288728574348401,0.4995,True,False
rnb2rk1/p1p1qpp1/1p5p/3p4/3P4/4PN2/PP3PPP/R2QKB1R w KQ -,2000-2199,a1c1,48,0.4270833333333333,0.4298908196830001,0.20085,0.8758806591884123,0.5,True,True
rnb2rk1/p1p1qpp1/1p5p/3p4/3P4/4PN2/PP3PPP/R2QKB1R w KQ -,2000-2199,d1a4,17,0.38235294117647056,0.391665811516798,0.16245,0.47384917042272295,0.4955,False,False
rnb2rk1/p1p1qpp1/1p5p/3p4/3P4/4PN2/PP3PPP/R2QKB1R w KQ -,2000-2199,d1b3,11,0.22727272727272727,0.2593341272526358,0.02715,0.49094690189937795,0.499,False,False
rnb2rk1/p1p1qpp1/1p5p/3p4/3P4/4PN2/PP3PPP/R2QKB1R w KQ -,2000-2199,f1d3,109,0.39908256880733944,0.39993865793434413,0.0551,0.5036003855553304,0.499,False,False
rnb2rk1/p1p1qpp1/1p5p/3p4/3P4/4PN2/PP3PPP/R2QKB1R w KQ -,2000-2199,f1e2,33,0.48484848484848486,0.48524273435756643,0.55445,0.617947847170987,0.5,False,False
rnb2rk1/pp2ppbp/6p1/q7/3PP3/5N2/P3BPPP/1RBQK2R w K -,2000-2199,c1d2,133,0.556390977443609,0.5560504737567852,0.9065,0.6813050533460854,0.527,True,True
rnb2rk1/pp2ppbp/6p1/q7/3PP3/5N2/P3BPPP/1RBQK2R w K -,2000-2199,d1d2,75,0.4666666666666667,0.46695867044018113,0.0935,0.6692949153753048,0.508,False,False
rnb2rk1/pp3ppp/5q2/3Q4/1b6/2N1PN2/PP3PPP/R3KB1R w KQ -,2000-2199,d5b3,30,0.6666666666666666,0.6580683852967796,0.7379,0.5396971261395368,0.606,False,False
rnb2rk1/pp3ppp/5q2/3Q4/1b6/2N1PN2/PP3PPP/R3KB1R w KQ -,2000-2199,d5d4,23,0.5869565217391305,0.5814906340001976,0.2621,0.6889817104166268,0.6195,True,True
rnb2rk1/ppp1q1p1/4p2p/5p2/2PPp3/4P3/PP1N1PPP/R2QKB1R w KQ f6,2000-2199,d1b3,10,0.55,0.5436732634073558,0.31185,0.48776896000455144,0.4735,True,True
rnb2rk1/ppp1q1p1/4p2p/5p2/2PPp3/4P3/PP1N1PPP/R2QKB1R w KQ f6,2000-2199,f1e2,32,0.609375,0.6042670737412388,0.5399,0.32504141800188385,0.471,False,False
rnb2rk1/ppp1q1p1/4p2p/5p2/2PPp3/4P3/PP1N1PPP/R2QKB1R w KQ f6,2000-2199,g2g3,12,0.5,0.49902122836930446,0.14825,0.27715702015459454,0.362,False,False
rnb2rk1/ppp1qpp1/7p/3p4/3P4/2P1PN2/P4PPP/R2QKB1R w KQ -,2000-2199,d1b3,32,0.640625,0.6337069571576968,0.74195,0.5339626444393961,0.5045,True,False
rnb2rk1/ppp1qpp1/7p/3p4/3P4/2P1PN2/P4PPP/R2QKB1R w KQ -,2000-2199,f1d3,41,0.5,0.5008914602175953,0.06475,0.5255763006575924,0.507,False,True
rnb2rk1/ppp1qpp1/7p/3p4/3P4/2P1PN2/P4PPP/R2QKB1R w KQ -,2000-2199,f1e2,16,0.53125,0.5293512025054862,0.1933,0.502236477869858,0.5,False,False
rnbq1k1r/pp3pp1/4p2p/2ppP3/3P2Q1/2PB4/P1PK1PPP/R5NR w - c6,2000-2199,d4c5,15,0.5333333333333333,0.5305848575528408,0.2808,0.48173730069964316,0.52,False,False
rnbq1k1r/pp3pp1/4p2p/2ppP3/3P2Q1/2PB4/P1PK1PPP/R5NR w - c6,2000-2199,f2f4,16,0.53125,0.5284700491662693,0.25945,0.5699482451831136,0.5035,False,False
rnbq1k1r/pp3pp1/4p2p/2ppP3/3P2Q1/2PB4/P1PK1PPP/R5NR w - c6,2000-2199,g1f3,65,0.5076923076923077,0.5074993706251858,0.0715,0.5594600236427015,0.5265,False,False
rnbq1k1r/pp3pp1/4p2p/2ppP3/3P2Q1/2PB4/P1PK1PPP/R5NR w - c6,2000-2199,h2h4,95,0.5789473684210527,0.5775865764130486,0.38825,0.7233904254100473,0.5375,True,True
rnbq1rk1/pp3ppp/4p3/8/3PP3/5N2/P2Q1PPP/R3KB1R w KQ -,2000-2199,f1b5,29,0.3620689655172414,0.3681734158622314,0.01555,0.5340918560005186,0.506,True,False
rnbq1rk1/pp3ppp/4p3/8/3PP3/5N2/P2Q1PPP/R3KB1R w KQ -,2000-2199,f1c4,179,0.553072625698324,0.5522203508266075,0.88355,0.5283333734350179,0.512,False,False
rnbq1rk1/pp3ppp/4p3/8/3PP3/5N2/P2Q1PPP/R3KB1R w KQ -,2000-2199,f1d3,145,0.4068965517241379,0.4073904774920073,0.0014,0.4743690529560011,0.5145,False,True
rnbq1rk1/pp3ppp/4p3/8/3PP3/5N2/P2Q1PPP/R3KB1R w KQ -,2000-2199,f1e2,105,0.48095238095238096,0.48150757811111633,0.0995,0.5238847284424177,0.503,False,False
rnbqk2r/1p2ppb1/p2p3p/4n1p1/3NP3/2N3BP/PPP2PP1/R2QKB1R w KQkq -,2000-2199,d1d2,40,0.4625,0.4636936757998384,0.10915,0.5589938104198932,0.5135,False,False
rnbqk2r/1p2ppb1/p2p3p/4n1p1/3NP3/2N3BP/PPP2PP1/R2QKB1R w KQkq -,2000-2199,d4f5,14,0.6071428571428571,0.5959263536924824,0.72175,0.6230778031901032,0.5395,True,True
rnbqk2r/1p2ppb1/p2p3p/4n1p1/3NP3/2N3BP/PPP2PP1/R2QKB1R w KQkq -,2000-2199,f1e2,39,0.41025641025641024,0.41351441131221006,0.03735,0.5985930499795707,0.5095,False,False
rnbqk2r/1p2ppb1/p2p3p/4n1p1/3NP3/2N3BP/PPP2PP1/R2QKB1R w KQkq -,2000-2199,f2f3,28,0.4642857142857143,0.4654348536911967,0.13175,0.4953847974073632,0.516,False,False
rnbqr1k1/1p3pbp/p2p1np1/2pP4/4PP2/2NB1N2/PP4PP/R1BQ1RK1 w - -,2000-2199,a2a4,99,0.5454545454545454,0.5444792600417623,0.38585,0.6089649558115338,0.6445,True,True
rnbqr1k1/1p3pbp/p2p1np1/2pP4/4PP2/2NB1N2/PP4PP/R1BQ1RK1 w - -,2000-2199,f1e1,11,0.5909090909090909,0.5799667693585656,0.61415,0.5104277798660902,0.5,False,False
rnbqr1k1/1p3pbp/p2p1np1/2pP4/P7/2N2NP1/1P2PPBP/R1BQ1RK1 w - -,2000-2199,c1f4,109,0.591743119266055,0.5908630189174826,0.7909,0.566508949719998,0.551,False,True
rnbqr1k1/1p3pbp/p2p1np1/2pP4/P7/2N2NP1/1P2PPBP/R1BQ1RK1 w - -,2000-2199,f1e1,37,0.4864864864864865,0.4861650370017186,0.1132,0.6043397033417831,0.537,False,False
rnbqr1k1/1p3pbp/p2p1np1/2pP4/P7/2N2NP1/1P2PPBP/R1BQ1RK1 w - -,2000-2199,f3d2,170,0.4647058823529412,0.4654690921157592,0.00845,0.7073193625242064,0.526,True,False
rnbqr1k1/1p3pbp/p2p1np1/2pP4/P7/2N2NP1/1P2PPBP/R1BQ1RK1 w - -,2000-2199,h2h3,30,0.4666666666666667,0.4676422596273131,0.08745,0.5618782441248892,0.531,False,False
rqb1k2r/pp2bppp/2nppn2/1N6/2B1P3/5N2/PP2QPPP/R1BR2K1 w kq -,2000-2199,c1f4,68,0.6617647058823529,0.658706156576526,0.747,0.6556229214128515,0.569,True,True
rqb1k2r/pp2bppp/2nppn2/1N6/2B1P3/5N2/PP2QPPP/R1BR2K1 w kq -,2000-2199,c1g5,13,0.5769230769230769,0.5686850777950357,0.253,0.44008979526512854,0.425,False,False
1rbq1rk1/p3ppbp/2Bp1np1/8/2P5/2N3P1/PP2PP1P/R1BQ1RK1 w - -,2200-2399,b2b3,11,0.6818181818181818,0.6589042713845276,0.82215,0.5811717698367169,0.509,False,False
1rbq1rk1/p3ppbp/2Bp1np1/8/2P5/2N3P1/PP2PP1P/R1BQ1RK1 w - -,2200-2399,c6g2,59,0.5338983050847458,0.5328055651215327,0.17785,0.6386620874294312,0.589,True,True
1rbqk2r/p2pppbp/6p1/3QP3/8/4B3/PPP2PPP/R3KB1R w KQk -,2200-2399,e1c1,42,0.5476190476190477,0.5459589169855991,0.0308,0.48285605035117757,0.7025,False,True
1rbqk2r/p2pppbp/6p1/3QP3/8/4B3/PPP2PPP/R3KB1R w KQk -,2200-2399,e3a7,12,0.5416666666666666,0.5369377241522273,0.07075,0.5220169903451823,0.5015,True,False
1rbqk2r/p2pppbp/6p1/3QP3/8/4B3/PPP2PPP/R3KB1R w KQk -,2200-2399,f1c4,60,0.7083333333333334,0.7037850347086414,0.89845,0.5129004532269889,0.504,False,False
2rq1rk1/pp1bppbp/2np1np1/8/2PNP3/2N1BP2/PP2B1PP/R2Q1RK1 w - -,2200-2399,a1c1,15,0.8333333333333334,0.8030977433857732,0.7242,0.6536141702591082,0.566,False,False
2rq1rk1/pp1bppbp/2np1np1/8/2PNP3/2N1BP2/PP2B1PP/R2Q1RK1 w - -,2200-2399,d1d2,24,0.75,0.7359270690804134,0.2758,0.6820359865981444,0.634,True,True
2rq1rk1/pp1bppbp/2np1np1/8/3NP3/1BN1BP2/PPPQ2PP/R3K2R w KQ -,2200-2399,e1c1,175,0.4342857142857143,0.4347851531455799,0.01985,0.6206370720277682,0.633,False,True
2rq1rk1/pp1bppbp/2np1np1/8/3NP3/1BN1BP2/PPPQ2PP/R3K2R w KQ -,2200-2399,g2g4,23,0.5434782608695652,0.5403923552297915,0.5325,0.7337089583305911,0.6015,True,False
2rq1rk1/pp1bppbp/2np1np1/8/3NP3/1BN1BP2/PPPQ2PP/R3K2R w KQ -,2200-2399,h2h4,63,0.5317460317460317,0.5313391076587777,0.44765,0.6947945009736775,0.6245,False,False
r1b1k2r/1p2qppp/p1n1p3/2npP3/5P2/2N2N2/PPPQ2PP/R3KB1R w KQkq -,2200-2399,e1c1,20,0.45,0.4536840282445326,0.10355,0.4211747229872163,0.508,False,False
r1b1k2r/1p2qppp/p1n1p3/2npP3/5P2/2N2N2/PPPQ2PP/R3KB1R w KQkq -,2200-2399,f1d3,28,0.625,0.6192005512814941,0.89645,0.5217875875140386,0.513,True,True
r1b1k2r/1p2qppp/p1n1p3/2npP3/5P2/2NB1N2/PPP3PP/R2QK2R w KQkq -,2200-2399,d1d2,15,0.5,0.49972872322213524,0.27555,0.4698988146693364,0.5145,False,True
r1b1k2r/1p2qppp/p1n1p3/2npP3/5P2/2NB1N2/PPP3PP/R2QK2R w KQkq -,2200-2399,d1e2,11,0.5,0.49960556126176,0.29295,0.4383263481278284,0.514,False,False
r1b1k2r/1p2qppp/p1n1p3/2npP3/5P2/2NB1N2/PPP3PP/R2QK2R w KQkq -,2200-2399,e1g1,22,0.5454545454545454,0.542373530165954,0.4315,0.8078782217978294,0.514,True,False
r1b1k2r/1pq1bppp/p1nppn2/8/2B1PB2/2N2N2/PP2QPPP/R2R2K1 w kq -,2200-2399,a1c1,40,0.4125,0.4166246913197848,0.20295,0.6228348849586381,0.5,True,True
r1b1k2r/1pq1bppp/p1nppn2/8/2B1PB2/2N2N2/PP2QPPP/R2R2K1 w kq -,2200-2399,e4e5,10,0.55,0.5431361672674586,0.79705,0.5563995492782758,0.4725,False,False
r1b1k2r/1pqnbpp1/p2ppn1p/8/3NPP1B/2N2Q2/PPP3PP/2KR1B1R w kq -,2200-2399,c1b1,10,0.5,0.4996732926793289,0.22675,0.48181332964187595,0.519,False,False
r1b1k2r/1pqnbpp1/p2ppn1p/8/3NPP1B/2N2Q2/PPP3PP/2KR1B1R w kq -,2200-2399,f1d3,34,0.45588235294117646,0.45805911488489337,0.0553,0.6711240181308998,0.5315,True,False
r1b1k2r/1pqnbpp1/p2ppn1p/8/3NPP1B/2N2Q2/PPP3PP/2KR1B1R w kq -,2200-2399,f1e2,26,0.5961538461538461,0.5902498168069213,0.5174,0.43830357090006167,0.697,False,True
r1b1k2r/1pqnbpp1/p2ppn1p/8/3NPP1B/2N2Q2/PPP3PP/2KR1B1R w kq -,2200-2399,g2g4,33,0.3787878787878788,0.3844993881432721,0.01075,0.3152530767446358,0.5335,False,False
r1b1k2r/1pqnbpp1/p2ppn1p/8/3NPP1B/2N2Q2/PPP3PP/2KR1B1R w kq -,2200-2399,h4f2,14,0.5,0.49900152707256623,0.1898,0.2954724180004099,0.489,False,False
r1b1k2r/2q1bppp/p2p1n2/npp1p3/3PP3/2P2N2/PPB2PPP/RNBQR1K1 w kq -,2200-2399,a2a4,11,0.4090909090909091,0.4206776166276431,0.10465,0.7850366274897997,0.6045,True,True
r1b1k2r/2q1bppp/p2p1n2/npp1p3/3PP3/2P2N2/PPB2PPP/RNBQR1K1 w kq -,2200-2399,b1d2,12,0.625,0.6110681913431474,0.72685,0.5559123000844998,0.559,False,False
r1b1k2r/2q1bppp/p2p1n2/npp1p3/3PP3/2P2N2/PPB2PPP/RNBQR1K1 w kq -,2200-2399,h2h3,10,0.45,0.45756567087416705,0.1685,0.6288599204367356,0.602,False,False
r1b1k2r/2qnbppp/p2ppn2/1p4B1/3NPP2/2NB1Q2/PPP3PP/2KR3R w kq b6,2200-2399,e4e5,12,0.5833333333333334,0.5743388839937218,0.4208,0.12390873510811053,0.379,False,False
r1b1k2r/2qnbppp/p2ppn2/1p4B1/3NPP2/2NB1Q2/PPP3PP/2KR3R w kq b6,2200-2399,h1e1,37,0.6081081081081081,0.6047707711371753,0.5792,0.5419329854896591,0.5145,True,True
r1b1k2r/ppp1q1pp/2np1n2/8/2P2B2/2PQ1N2/P3PPPP/R3KB1R w KQkq -,2200-2399,e2e3,16,0.46875,0.4707454902689,0.27695,0.5551176143747808,0.5195,False,False
r1b1k2r/ppp1q1pp/2np1n2/8/2P2B2/2PQ1N2/P3PPPP/R3KB1R w KQkq -,2200-2399,g2g3,14,0.5714285714285714,0.5636315922492758,0.72305,0.6917192512074346,0.5455,True,True
r1b1k2r/ppp1qppp/3p4/4n3/2P2B2/P3P3/1P1Q1PPP/R3KB1R w KQkq -,2200-2399,d2c3,19,0.42105263157894735,0.4282367347423542,0.1693,0.4676368516995264,0.511,False,False
r1b1k2r/ppp1qppp/3p4/4n3/2P2B2/P3P3/1P1Q1PPP/R3KB1R w KQkq -,2200-2399,f1e2,52,0.5384615384615384,0.5371173080591137,0.8307,0.6101624330662532,0.525,True,True
r1b1kb1r/1p3ppp/p2qpn2/8/2BN4/8/PPP2PPP/R1BQ1RK1 w kq -,2200-2399,a2a4,12,0.625,0.6113811114581891,0.64905,0.4968856590201761,0.5,False,False
r1b1kb1r/1p3ppp/p2qpn2/8/2BN4/8/PPP2PPP/R1BQ1RK1 w kq -,2200-2399,c2c3,43,0.5232558139534884,0.5229483353688302,0.1624,0.4625953848947198,0.499,False,False
r1b1kb1r/1p3ppp/p2qpn2/8/2BN4/8/PPP2PPP/R1BQ1RK1 w kq -,2200-2399,c4b3,11,0.36363636363636365,0.37994426896376343,0.03715,0.5225284365312026,0.508,False,False
r1b1kb1r/1p3ppp/p2qpn2/8/2BN4/8/PPP2PPP/R1BQ1RK1 w kq -,2200-2399,f1e1,36,0.5138888888888888,0.5132500904738893,0.1514,0.5263662823416723,0.51,True,True
r1b1r1k1/ppqn1pbp/2pp1np1/4p3/2PPP3/2N1BNPP/PP3PB1/R2Q1RK1 w - -,2200-2399,d1c2,34,0.6764705882352942,0.6698719086709171,0.92465,0.8244869718560615,0.7435,False,False
r1b1r1k1/ppqn1pbp/2pp1np1/4p3/2PPP3/2N1BNPP/PP3PB1/R2Q1RK1 w - -,2200-2399,d4d5,14,0.4642857142857143,0.4688671471552255,0.07535,0.8375108717695343,0.756,True,True
r1b2rk1/1pq1bppp/p1nppn2/8/P2NPP2/2N1B3/1PP1B1PP/R2Q1RK1 w - -,2200-2399,d4b3,10,0.75,0.7175979294105495,0.89425,0.6063972101762577,0.509,True,False
r1b2rk1/1pq1bppp/p1nppn2/8/P2NPP2/2N1B3/1PP1B1PP/R2Q1RK1 w - -,2200-2399,e2f3,12,0.375,0.3886937820850369,0.01645,0.4908047434555181,0.5175,False,False
r1b2rk1/1pq1bppp/p1nppn2/8/P2NPP2/2N1B3/1PP1B1PP/R2Q1RK1 w - -,2200-2399,g1h1,25,0.52,0.5183495537140179,0.0893,0.5404691192906019,0.5255,False,True
r1b2rk1/1pq1ppbp/p1np1np1/8/2PN4/1PN3P1/PB2PPBP/R2Q1RK1 w - -,2200-2399,a1c1,52,0.5769230769230769,0.5748221729237797,0.63735,0.6283803556542029,0.612,False,True
r1b2rk1/1pq1ppbp/p1np1np1/8/2PN4/1PN3P1/PB2PPBP/R2Q1RK1 w - -,2200-2399,d4c2,16,0.53125,0.5282768659479548,0.36265,0.6883399267116053,0.6105,True,False
r1b2rk1/p1p1qppp/4pn2/8/2pP4/6P1/PP2PP1P/RNBQ1RK1 w - -,2200-2399,d1a4,132,0.5,0.4997159723584474,0.36685,0.5567385993123015,0.5075,True,True
r1b2rk1/p1p1qppp/4pn2/8/2pP4/6P1/PP2PP1P/RNBQ1RK1 w - -,2200-2399,d1c2,32,0.53125,0.5303687510843011,0.63315,0.5541358604348974,0.5025,False,False
r1b2rk1/p1qnbppp/2n1p3/1pppP3/8/3P1NP1/PPPNQPBP/R1B1R1K1 w - b6,2200-2399,c2c3,13,0.5769230769230769,0.5677530553669872,0.3696,0.40533825629390424,0.4705,False,False
r1b2rk1/p1qnbppp/2n1p3/1pppP3/8/3P1NP1/PPPNQPBP/R1B1R1K1 w - b6,2200-2399,d2f1,67,0.5373134328358209,0.5364291711616058,0.1464,0.48388672891528123,0.4785,False,False
r1b2rk1/p1qnbppp/2n1p3/1pppP3/8/3P1NP1/PPPNQPBP/R1B1R1K1 w - b6,2200-2399,h2h4,25,0.6,0.5945922988426956,0.484,0.4898995277368006,0.4815,True,True
r1b2rk1/pp2ppbp/2n3p1/3q4/3N4/4B3/PPP1BPPP/R2Q1RK1 w - -,2200-2399,d4c6,15,0.5,0.4999287180389689,0.1331,0.5379978650601611,0.5105,False,False
r1b2rk1/pp2ppbp/2n3p1/3q4/3N4/4B3/PPP1BPPP/R2Q1RK1 w - -,2200-2399,e2f3,50,0.65,0.645174084543522,0.8669,0.5405770644943783,0.513,True,True
r1bq1b1r/pp1nk1pp/4pp2/3pP2Q/3n1N2/3B4/PP1N1PPP/R1B1K2R w KQ -,2200-2399,e5f6,94,0.526595744680851,0.5261529572152863,0.59985,0.4845771631481029,0.5065,True,True
r1bq1b1r/pp1nk1pp/4pp2/3pP2Q/3n1N2/3B4/PP1N1PPP/R1B1K2R w KQ -,2200-2399,f4g6,71,0.5070422535211268,0.5069427837197986,0.40015,0.00034323129366302954,0.5015,False,False
r1bq1rk1/1p1n1pbp/p2p1np1/2pP4/P7/2N2NP1/1P2PPBP/R1BQ1RK1 w - -,2200-2399,c1f4,48,0.5833333333333334,0.5806813610698885,0.37175,0.7122975208338151,0.567,True,True
r1bq1rk1/1p1n1pbp/p2p1np1/2pP4/P7/2N2NP1/1P2PPBP/R1BQ1RK1 w - -,2200-2399,f3d2,36,0.5555555555555556,0.5532442423829721,0.23725,0.6314786370011797,0.5305,False,False
r1bq1rk1/1p1n1pbp/p2p1np1/2pP4/P7/2N2NP1/1P2PPBP/R1BQ1RK1 w - -,2200-2399,h2h3,13,0.5769230769230769,0.5697592102730014,0.391,0.6179783404326232,0.5305,False,False
r1bq1rk1/1pp1npbp/3p1np1/3Pp3/1BP1P3/2N2N2/P3BPPP/R2Q1RK1 b - -,2200-2399,b7b6,128,0.44140625,0.44208460493950624,0.01925,0.33115424813622574,0.4205,False,True
r1bq1rk1/1pp1npbp/3p1np1/3Pp3/1BP1P3/2N2N2/P3BPPP/R2Q1RK1 b - -,2200-2399,f6d7,45,0.45555555555555555,0.4569747780069969,0.05045,0.34826765566942725,0.3315,True,False
r1bq1rk1/1pp1npbp/3p1np1/3Pp3/1BP1P3/2N2N2/P3BPPP/R2Q1RK1 b - -,2200-2399,f6e8,13,0.3076923076923077,0.3288002967224236,0.01235,0.24335724662516314,0.3315,False,False
r1bq1rk1/1pp1npbp/3p1np1/3Pp3/1BP1P3/2N2N2/P3BPPP/R2Q1RK1 b - -,2200-2399,f8e8,13,0.6923076923076923,0.6725381518102869,0.91795,0.13337812355825074,0.38,False,False
r1bq1rk1/1pp2pb1/3p1npp/p1nPp1B1/2P1P3/2N2N2/PPQ1BPPP/R4RK1 w - -,2200-2399,g5e3,110,0.6318181818181818,0.6307700725623714,0.99855,0.5517435993695955,0.532,True,True
r1bq1rk1/1pp2pb1/3p1npp/p1nPp1B1/2P1P3/2N2N2/PPQ1BPPP/R4RK1 w - -,2200-2399,g5h4,21,0.2857142857142857,0.2992595308949471,0.00145,0.3184647680698848,0.445,False,False
r1bq1rk1/2p1bppp/p1n5/1p1n4/3p4/1BP2N2/PP3PPP/RNBQR1K1 w - -,2200-2399,c3d4,10,0.55,0.5446070964545267,0.50605,0.6366853274296974,0.499,True,True
r1bq1rk1/2p1bppp/p1n5/1p1n4/3p4/1BP2N2/PP3PPP/RNBQR1K1 w - -,2200-2399,f3d4,22,0.5454545454545454,0.5423550969291898,0.49395,0.6116887269887594,0.496,False,False
r1bq1rk1/2p1bppp/p7/1p1nR3/8/1BP5/PP1P1PPP/RNBQ2K1 b - -,2200-2399,c7c6,149,0.4899328859060403,0.48976446818834213,0.51785,0.4466028936566057,0.418,True,True
r1bq1rk1/2p1bppp/p7/1p1nR3/8/1BP5/PP1P1PPP/RNBQ2K1 b - -,2200-2399,d5f6,68,0.4852941176470588,0.48665420073531923,0.48215,0.33443161336829236,0.3765,False,False
r1bq1rk1/2p2pp1/pbnp1n1p/1p2p3/3PP3/1BP2N1P/PP3PP1/RNBQR1K1 w - -,2200-2399,a2a4,14,0.4642857142857143,0.46805151934282174,0.8634,0.5732262980648519,0.514,False,False
r1bq1rk1/2p2pp1/pbnp1n1p/1p2p3/3PP3/1BP2N1P/PP3PP1/RNBQR1K1 w - -,2200-2399,c1e3,10,0.25,0.28298849522993635,0.1366,0.6532822099871624,0.5415,True,True
r1bq1rk1/2pnbppp/p2p1n2/1p2p3/3PP3/1BP2N1P/PP3PP1/RNBQR1K1 w - -,2200-2399,a2a4,38,0.4868421052631579,0.4880165002646444,0.1408,0.5376598665201252,0.533,False,False
r1bq1rk1/2pnbppp/p2p1n2/1p2p3/3PP3/1BP2N1P/PP3PP1/RNBQR1K1 w - -,2200-2399,b1d2,336,0.5580357142857143,0.557751169032741,0.4818,0.5635289754613739,0.564,False,True
r1bq1rk1/2pnbppp/p2p1n2/1p2p3/3PP3/1BP2N1P/PP3PP1/RNBQR1K1 w - -,2200-2399,c3c4,26,0.5384615384615384,0.5363498517780924,0.3774,0.6280874164416446,0.537,True,False
r1bq1rk1/3nbppp/2n1p3/ppppP3/8/3P1NP1/PPP2PBP/R1BQRNK1 w - a6,2200-2399,c1f4,15,0.5,0.49915493465874744,0.4298,0.44563323244845626,0.361,False,False
r1bq1rk1/3nbppp/2n1p3/ppppP3/8/3P1NP1/PPP2PBP/R1BQRNK1 w - a6,2200-2399,h2h4,99,0.5202020202020202,0.5203085822370556,0.5702,0.5116799176600914,0.5,True,True
r1bq1rk1/4bppp/p2p1n2/npp1p3/4P3/2P2N1P/PPBP1PP1/RNBQR1K1 w - c6,2200-2399,d2d3,49,0.5816326530612245,0.579468919795471,0.7954,0.5288761513383656,0.5125,False,False
r1bq1rk1/4bppp/p2p1n2/npp1p3/4P3/2P2N1P/PPBP1PP1/RNBQR1K1 w - c6,2200-2399,d2d4,502,0.5219123505976095,0.5217957564692823,0.2046,0.6078768792576663,0.5795,True,True
r1bq1rk1/4bppp/p2p1n2/npp1p3/4P3/2PP1N1P/PPB2PP1/RNBQ1RK1 w - c6,2200-2399,b1d2,24,0.5,0.5000010053383115,0.35465,0.5188514737954764,0.512,False,True
r1bq1rk1/4bppp/p2p1n2/npp1p3/4P3/2PP1N1P/PPB2PP1/RNBQ1RK1 w - c6,2200-2399,d3d4,10,0.2,0.24056273760900304,0.01475,0.5702199591414996,0.509,True,False
r1bq1rk1/4bppp/p2p1n2/npp1p3/4P3/2PP1N1P/PPB2PP1/RNBQ1RK1 w - c6,2200-2399,f1e1,33,0.5454545454545454,0.5442043187863966,0.6306,0.5191982537555683,0.511,False,False
r1bq1rk1/p3ppbp/1pn3p1/2p5/2BPP3/2P1B3/P3NPPP/R2Q1RK1 w - -,2200-2399,a1c1,18,0.5277777777777778,0.5255399552059847,0.3854,0.5773795166159946,0.515,True,True
r1bq1rk1/p3ppbp/1pn3p1/2p5/2BPP3/2P1B3/P3NPPP/R2Q1RK1 w - -,2200-2399,d1d2,23,0.5,0.49975228231416996,0.2637,0.5759581728586661,0.515,False,False
r1bq1rk1/p3ppbp/1pn3p1/2p5/2BPP3/2P1B3/P3NPPP/R2Q1RK1 w - -,2200-2399,d4c5,20,0.525,0.5225967578483773,0.3509,0.5042588430353631,0.5115,False,False
r1bq1rk1/p3ppbp/2p2np1/3p4/4P3/2N1BP2/PPPQ2PP/2KR1B1R w - -,2200-2399,e3h6,34,0.5441176470588235,0.5422923926043619,0.4433,0.46668598688649465,0.56,False,True
r1bq1rk1/p3ppbp/2p2np1/3p4/4P3/2N1BP2/PPPQ2PP/2KR1B1R w - -,2200-2399,e4d5,41,0.4146341463414634,0.4178902073360627,0.03655,0.6692281994531066,0.5165,True,False
r1bq1rk1/p3ppbp/2p2np1/3p4/4P3/2N1BP2/PPPQ2PP/2KR1B1R w - -,2200-2399,e4e5,17,0.5588235294117647,0.5536571741879154,0.52015,0.5892993119884997,0.508,False,False
r1bq1rk1/p3ppbp/2p3p1/3n4/8/2N1B3/PPP1BPPP/R2Q1RK1 w - -,2200-2399,c3d5,16,0.21875,0.24231775849349996,0.042,0.5211550560995121,0.4925,True,True
r1bq1rk1/p3ppbp/2p3p1/3n4/8/2N1B3/PPP1BPPP/R2Q1RK1 w - -,2200-2399,e3d4,11,0.5,0.4996420773695604,0.958,0.5068848059891873,0.4815,False,False
r1bq1rk1/p3ppbp/2p3p1/3n4/8/2N1BP2/PPPQ2PP/R3KB1R w KQ -,2200-2399,c3d5,16,0.40625,0.4143691099968931,0.5793,0.24857683898465005,0.3035,False,True
r1bq1rk1/p3ppbp/2p3p1/3n4/8/2N1BP2/PPPQ2PP/R3KB1R w KQ -,2200-2399,e3d4,16,0.375,0.38566953047455843,0.4207,0.3441464377152902,0.055,True,False
r1bq1rk1/p4pbp/2p1pnp1/3p4/3P4/2N3P1/PP2PPBP/R1BQ1RK1 w - -,2200-2399,b2b3,11,0.5454545454545454,0.5402033963398735,0.19595,0.508335336673107,0.5065,False,False
r1bq1rk1/p4pbp/2p1pnp1/3p4/3P4/2N3P1/PP2PPBP/R1BQ1RK1 w - -,2200-2399,c1f4,26,0.6538461538461539,0.6454610406585395,0.70195,0.6723258022725355,0.53,True,True
r1bq1rk1/p4pbp/2p1pnp1/3p4/3P4/2N3P1/PP2PPBP/R1BQ1RK1 w - -,2200-2399,c3a4,25,0.52,0.5192772803441456,0.1021,0.5282524259060131,0.517,False,False
r1bq1rk1/p4ppp/2p2n2/3p2B1/1b6/2NB4/PPP2PPP/R2Q1RK1 w - -,2200-2399,a2a3,40,0.525,0.5236000466659709,0.3141,0.49953767850145514,0.5,False,False
r1bq1rk1/p4ppp/2p2n2/3p2B1/1b6/2NB4/PPP2PPP/R2Q1RK1 w - -,2200-2399,c3a4,42,0.5595238095238095,0.557115881272427,0.5629,0.5005782886210807,0.494,True,False
r1bq1rk1/p4ppp/2p2n2/3p2B1/1b6/2NB4/PPP2PPP/R2Q1RK1 w - -,2200-2399,c3e2,38,0.4473684210526316,0.4488434045570886,0.06765,0.47483628746044787,0.492,False,False
r1bq1rk1/p4ppp/2p2n2/3p2B1/1b6/2NB4/PPP2PPP/R2Q1RK1 w - -,2200-2399,d1f3,395,0.49240506329113926,0.49214965007632044,0.05535,0.44633595061605486,0.5035,False,True
r1bq1rk1/p4ppp/2p2n2/3p4/1b6/2NB3P/PPP2PP1/R1BQ1RK1 w - -,2200-2399,c1g5,11,0.3181818181818182,0.33959559540792716,0.03945,0.53348058566716,0.5025,True,False
r1bq1rk1/p4ppp/2p2n2/3p4/1b6/2NB3P/PPP2PP1/R1BQ1RK1 w - -,2200-2399,d1f3,173,0.5751445086705202,0.5741778612274188,0.96055,0.5159358323074283,0.507,False,True
r1bq1rk1/pp2bpp1/2n2n1p/3p2B1/3N4/2N3P1/PP2PPBP/R2Q1RK1 w - -,2200-2399,g5e3,137,0.5328467153284672,0.5321958483628291,0.8638,0.6811952753371369,0.5655,True,True
r1bq1rk1/pp2bpp1/2n2n1p/3p2B1/3N4/2N3P1/PP2PPBP/R2Q1RK1 w - -,2200-2399,g5f4,58,0.4051724137931034,0.4079602019428206,0.0293,0.5823966909690328,0.5155,False,False
r1bq1rk1/pp2bpp1/2n2n1p/3p2B1/3N4/2N3P1/PP2PPBP/R2Q1RK1 w - -,2200-2399,g5f6,33,0.42424242424242425,0.42768702384711105,0.1069,0.4969240206451436,0.516,False,False
r1bq1rk1/pp2bppp/2np1n2/4p3/2B1P3/2N2N1P/PP2QPP1/R1BR2K1 w - -,2200-2399,c1e3,16,0.3125,0.3302046920634703,0.05475,0.4310823566269083,0.4805,False,True
r1bq1rk1/pp2bppp/2np1n2/4p3/2B1P3/2N2N1P/PP2QPP1/R1BR2K1 w - -,2200-2399,c1g5,47,0.5212765957446809,0.5198725506554394,0.94525,0.4612075548560962,0.4615,True,False
r1bq1rk1/pp2pp1p/2n3p1/2pP4/4P3/5N2/P2QBPPP/1R2K2R b K -,2200-2399,c6a5,12,0.5416666666666666,0.5369868231687025,0.92835,0.22959201882243294,0.196,False,False
r1bq1rk1/pp2pp1p/2n3p1/2pP4/4P3/5N2/P2QBPPP/1R2K2R b K -,2200-2399,c6d4,13,0.3076923076923077,0.32788208395165064,0.07165,0.28413684879562656,0.42,True,True
r1bq1rk1/pp3pbp/2n1p1p1/3n4/3P4/2N2NP1/PP3PBP/R1BQ1RK1 w - -,2200-2399,c1g5,11,0.4090909090909091,0.41942221075143415,0.36445,0.4510167586568898,0.5135,False,True
r1bq1rk1/pp3pbp/2n1p1p1/3n4/3P4/2N2NP1/PP3PBP/R1BQ1RK1 w - -,2200-2399,c3d5,19,0.47368421052631576,0.47745808431391396,0.63555,0.5033812895306973,0.4905,True,False
r1bq1rk1/pp3ppp/2n2n2/2b3B1/3p4/2N2NP1/PP2PPBP/R2Q1RK1 w - -,2200-2399,c3a4,15,0.5666666666666667,0.5618694054492764,0.3627,0.4823086740284414,0.506,False,False
r1bq1rk1/pp3ppp/2n2n2/2b3B1/3p4/2N2NP1/PP2PPBP/R2Q1RK1 w - -,2200-2399,c3e4,67,0.417910447761194,0.41993195634394087,0.00315,0.5158872445479861,0.532,False,True
r1bq1rk1/pp3ppp/2n2n2/2b3B1/3p4/2N2NP1/PP2PPBP/R2Q1RK1 w - -,2200-2399,g5f6,78,0.6089743589743589,0.6071116820757962,0.63415,0.5201342103845605,0.523,True,False
r1bq1rk1/pp3ppp/2n2n2/3p4/8/P1NB4/1PP2PPP/R1BQ1RK1 b - -,2200-2399,c8g4,34,0.3382352941176471,0.344934430578722,0.00595,0.3140995947810198,0.474,False,True
r1bq1rk1/pp3ppp/2n2n2/3p4/8/P1NB4/1PP2PPP/R1BQ1RK1 b - -,2200-2399,d5d4,117,0.5299145299145299,0.5294012485370442,0.4212,0.4521733678015362,0.4595,True,False
r1bq1rk1/pp3ppp/2n2n2/3p4/8/P1NB4/1PP2PPP/R1BQ1RK1 b - -,2200-2399,h7h6,19,0.5526315789473685,0.5489568031351165,0.57285,0.34575524295610754,0.4595,False,False
r1bq1rk1/ppp1n1bp/3p2p1/3Ppp1n/1PP1P3/2N2N2/P3BPPP/R1BQR1K1 w - f6,2200-2399,a2a4,14,0.5714285714285714,0.5644945057101428,0.4478,0.8275766544846513,0.6045,True,False
r1bq1rk1/ppp1n1bp/3p2p1/3Ppp1n/1PP1P3/2N2N2/P3BPPP/R1BQR1K1 w - f6,2200-2399,c4c5,12,0.4166666666666667,0.42446327066901457,0.09425,0.5988043230029302,0.622,False,True
r1bq1rk1/ppp1n1bp/3p2p1/3Ppp1n/1PP1P3/2N2N2/P3BPPP/R1BQR1K1 w - f6,2200-2399,f3g5,96,0.5729166666666666,0.5717717131905806,0.45795,0.6309719389889732,0.6005,False,False
r1bq1rk1/ppp2ppp/2n5/3n4/2BP4/5N2/PP1N1PPP/R2Q1RK1 w - -,2200-2399,a1c1,19,0.5,0.5000586360235995,0.49695,0.44128396642059325,0.501,True,True
r1bq1rk1/ppp2ppp/2n5/3n4/2BP4/5N2/PP1N1PPP/R2Q1RK1 w - -,2200-2399,h2h3,10,0.5,0.49985237270858035,0.50305,0.41670425295738384,0.473,False,False
r1bq1rk1/pppnn1bp/3p2p1/3Ppp2/2P1P3/2N1BP2/PP2B1PP/R2QNRK1 b - -,2200-2399,d7f6,32,0.359375,0.3657957040435457,0.09985,0.3739410895642692,0.2215,True,False
r1bq1rk1/pppnn1bp/3p2p1/3Ppp2/2P1P3/2N1BP2/PP2B1PP/R2QNRK1 b - -,2200-2399,f5f4,437,0.4759725400457666,0.47582415376904863,0.90015,0.35064730743933703,0.3705,False,True
r1bq1rk1/pppnn1bp/3p2p1/3Ppp2/2P1P3/2N2P2/PP2B1PP/R1BQNRK1 w - f6,2200-2399,c1e3,38,0.4868421052631579,0.4876722182526941,0.04355,0.6348488707192627,0.6165,True,True
r1bq1rk1/pppnn1bp/3p2p1/3Ppp2/2P1P3/2N2P2/PP2B1PP/R1BQNRK1 w - f6,2200-2399,g2g4,61,0.6557377049180327,0.6521236114018442,0.95645,0.4615112118349049,0.538,False,False
r1bq1rk1/pppnn1bp/3p2p1/3Ppp2/2P1P3/2NN4/PP2BPPP/R1BQ1RK1 w - f6,2200-2399,c1d2,230,0.5956521739130435,0.5950592142385711,0.5742,0.5819123681119492,0.537,False,False
r1bq1rk1/pppnn1bp/3p2p1/3Ppp2/2P1P3/2NN4/PP2BPPP/R1BQ1RK1 w - f6,2200-2399,f2f3,71,0.5845070422535211,0.5830942111751962,0.4258,0.6000474785517148,0.614,True,True
r1bq3r/ppp2kpp/8/3p4/1n1Pn3/1Q3N2/PP3PPP/RN2K2R w KQ d6,2200-2399,b3b4,34,0.6176470588235294,0.6122568483619386,0.71935,0.5887437328585186,0.5035,False,False
r1bq3r/ppp2kpp/8/3p4/1n1Pn3/1Q3N2/PP3PPP/RN2K2R w KQ d6,2200-2399,f3e5,14,0.5357142857142857,0.5311738652532355,0.28065,0.5931837811197449,0.512,True,True
r1bqk2r/5pbp/p1np1p2/1p1Np3/4P3/N7/PPP2PPP/R2QKB1R w KQkq -,2200-2399,c2c3,184,0.4592391304347826,0.4594185382764244,0.0032,0.5697813514913397,0.5165,False,True
r1bqk2r/5pbp/p1np1p2/1p1Np3/4P3/N7/PPP2PPP/R2QKB1R w KQkq -,2200-2399,c2c4,33,0.5757575757575758,0.5728420035048817,0.43735,0.7025046832120841,0.498,True,False
r1bqk2r/5pbp/p1np1p2/1p1Np3/4P3/N7/PPP2PPP/R2QKB1R w KQkq -,2200-2399,f1d3,174,0.5459770114942529,0.5456296880353542,0.1823,0.6688224970422123,0.511,False,False
r1bqk2r/5pbp/p1np1p2/1p1Np3/4P3/N7/PPP2PPP/R2QKB1R w KQkq -,2200-2399,g2g3,30,0.5666666666666667,0.5632435907789979,0.37715,0.5588580546570817,0.5095,False,False
r1bqk2r/5ppp/p1np1b2/1p1Np3/4P3/N7/PPP2PPP/R2QKB1R w KQkq -,2200-2399,c2c3,796,0.5345477386934674,0.5345134235623633,0.20575,0.5429352678874971,0.524,False,True
r1bqk2r/5ppp/p1np1b2/1p1Np3/4P3/N7/PPP2PPP/R2QKB1R w KQkq -,2200-2399,c2c4,560,0.55625,0.5562259896222025,0.79425,0.5715496674532394,0.5115,True,False
r1bqk2r/p4pp1/2p2n1p/n1b1N3/4p3/8/PPPPBPPP/RNBQK2R w KQkq -,2200-2399,c2c3,11,0.5,0.4988425595799266,0.16955,0.5493876743845648,0.4665,True,False
r1bqk2r/p4pp1/2p2n1p/n1b1N3/4p3/8/PPPPBPPP/RNBQK2R w KQkq -,2200-2399,e1g1,10,0.7,0.6739149282113684,0.83045,0.4061774077360259,0.4965,False,True
r1bqk2r/pp4pp/2nbpn2/3p4/3P4/3B1N2/PP1N1PPP/R1BQ1RK1 w kq -,2200-2399,b2b3,12,0.4583333333333333,0.4621506062619238,0.09565,0.5437347563179633,0.5275,False,False
r1bqk2r/pp4pp/2nbpn2/3p4/3P4/3B1N2/PP1N1PPP/R1BQ1RK1 w kq -,2200-2399,f1e1,23,0.6739130434782609,0.6638414483023269,0.90435,0.577866026010589,0.5555,True,True
r1bqk2r/pp4pp/2nbpn2/3p4/3P4/3B1N2/PP2NPPP/R1BQK2R w KQkq -,2200-2399,c1f4,27,0.24074074074074073,0.25448072948592326,0.0007,0.5026358139824593,0.509,False,False
r1bqk2r/pp4pp/2nbpn2/3p4/3P4/3B1N2/PP2NPPP/R1BQK2R w KQkq -,2200-2399,e1g1,312,0.5288461538461539,0.5288466938579363,0.9993,0.5184381287128743,0.531,True,True
r1bqkb1r/5p1p/p1np4/1p1Npp2/4P3/N7/PPP2PPP/R2QKB1R w KQkq -,2200-2399,c2c3,121,0.6198347107438017,0.6184928633223519,0.9777,0.5655566468022758,0.5145,False,False
r1bqkb1r/5p1p/p1np4/1p1Npp2/4P3/N7/PPP2PPP/R2QKB1R w KQkq -,2200-2399,e4f5,95,0.4631578947368421,0.4638688288094396,0.0088,0.3940941534116237,0.511,False,False
r1bqkb1r/5p1p/p1np4/1p1Npp2/4P3/N7/PPP2PPP/R2QKB1R w KQkq -,2200-2399,f1b5,54,0.4444444444444444,0.44618673054788177,0.0123,0.33041798086313423,0.529,False,True
r1bqkb1r/5p1p/p1np4/1p1Npp2/4P3/N7/PPP2PPP/R2QKB1R w KQkq -,2200-2399,f1d3,299,0.47157190635451507,0.4717758898212418,0.0012,0.6571416471384411,0.5155,True,False
r1bqkb1r/5ppp/p1np1n2/1p1Np3/4P3/N7/PPPB1PPP/R2QKB1R w KQkq -,2200-2399,c2c4,13,0.6538461538461539,0.6385408269572782,0.75575,0.7539696219481011,0.603,True,True
r1bqkb1r/5ppp/p1np1n2/1p1Np3/4P3/N7/PPPB1PPP/R2QKB1R w KQkq -,2200-2399,d2g5,42,0.5476190476190477,0.5455151503672587,0.24425,0.5157604178683538,0.521,False,False
r1bqkb1r/p2n1p2/2p1pn2/1p2P1B1/2pP4/2N5/PP3PPP/R2QKB1R w KQkq -,2200-2399,e5f6,141,0.5035460992907801,0.503084400525908,0.497,0.538226869977159,0.5545,False,False
r1bqkb1r/p2n1p2/2p1pn2/1p2P1B1/2pP4/2N5/PP3PPP/R2QKB1R w KQkq -,2200-2399,g2g3,141,0.5035460992907801,0.5035055570459704,0.503,0.6790498462253681,0.57,True,True
r1bqnrk1/ppp1n1bp/3p2p1/2PPpp2/1P2P3/2N2N2/P3BPPP/R1BQ1RK1 w - f6,2200-2399,a2a4,12,0.75,0.7219835254841858,0.9091,0.7743336132217886,0.6645,False,False
r1bqnrk1/ppp1n1bp/3p2p1/2PPpp2/1P2P3/2N2N2/P3BPPP/R1BQ1RK1 w - f6,2200-2399,f3d2,34,0.4852941176470588,0.4851106629765506,0.0414,0.6647454850001386,0.7005,False,True
r1bqnrk1/ppp1n1bp/3p2p1/2PPpp2/1P2P3/2N2N2/P3BPPP/R1BQ1RK1 w - f6,2200-2399,f3g5,23,0.4782608695652174,0.48047774712870617,0.0495,0.865700979707359,0.561,True,False
r1bqnrk1/ppp1n1bp/3p2p1/3Ppp2/1PP1P3/2N5/P2NBPPP/R1BQ1RK1 w - f6,2200-2399,a2a4,21,0.6904761904761905,0.6777709950911996,0.8078,0.7110260936538524,0.666,True,False
r1bqnrk1/ppp1n1bp/3p2p1/3Ppp2/1PP1P3/2N5/P2NBPPP/R1BQ1RK1 w - f6,2200-2399,c4c5,32,0.546875,0.5464271226209058,0.1288,0.706272950021551,0.6935,False,True
r1bqnrk1/ppp1n1bp/3p2p1/3Ppp2/1PP1P3/2N5/P2NBPPP/R1BQ1RK1 w - f6,2200-2399,f2f3,14,0.4642857142857143,0.4663015132153051,0.0634,0.5912856629044446,0.5725,False,False
r1bqnrk1/ppp1n1bp/3p2p1/3Ppp2/2P1P3/2N1BP2/PP2B1PP/R2QNRK1 b - -,2200-2399,e8f6,13,0.4230769230769231,0.42995258875912534,0.15215,0.3888315988015869,0.1915,True,False
r1bqnrk1/ppp1n1bp/3p2p1/3Ppp2/2P1P3/2N1BP2/PP2B1PP/R2QNRK1 b - -,2200-2399,f5f4,211,0.5616113744075829,0.561049335936196,0.84785,0.36288453344356153,0.324,False,True
r1bqnrk1/ppp1n1bp/3p2p1/3Ppp2/2P1P3/2NN4/PP2BPPP/R1BQ1RK1 w - f6,2200-2399,c1d2,76,0.47368421052631576,0.4741380053634736,0.02495,0.5948186760878214,0.5315,False,False
r1bqnrk1/ppp1n1bp/3p2p1/3Ppp2/2P1P3/2NN4/PP2BPPP/R1BQ1RK1 w - f6,2200-2399,e4f5,10,0.65,0.6296523297650995,0.5866,0.5280086829706301,0.526,False,False
r1bqnrk1/ppp1n1bp/3p2p1/3Ppp2/2P1P3/2NN4/PP2BPPP/R1BQ1RK1 w - f6,2200-2399,f2f3,33,0.4696969696969697,0.4711871614459489,0.0486,0.6019082485297018,0.608,False,True
r1bqnrk1/ppp1n1bp/3p2p1/3Ppp2/2P1P3/2NN4/PP2BPPP/R1BQ1RK1 w - f6,2200-2399,f2f4,17,0.5882352941176471,0.5808802656294195,0.33985,0.6102636067330508,0.5535,True,False
r1bqr1k1/pp1n1pp1/2pb1n1p/3p4/3P3B/2NBP3/PPQ1NPPP/R3K2R w KQ -,2200-2399,e1c1,17,0.6470588235294118,0.6368841888273808,0.9491,0.49683226103748507,0.4845,False,False
r1bqr1k1/pp1n1pp1/2pb1n1p/3p4/3P3B/2NBP3/PPQ1NPPP/R3K2R w KQ -,2200-2399,h4g3,14,0.35714285714285715,0.37003169880132497,0.0509,0.5410699358673354,0.507,True,True
r1bqr1k1/pp1n1pp1/2pb1n1p/3p4/3P3B/2NBPN2/PPQ2PPP/R3K2R w KQ -,2200-2399,e1c1,22,0.4772727272727273,0.4790467519961522,0.423,0.6469969681658259,0.521,True,False
r1bqr1k1/pp1n1pp1/2pb1n1p/3p4/3P3B/2NBPN2/PPQ2PPP/R3K2R w KQ -,2200-2399,e1g1,73,0.5,0.5002198471366369,0.577,0.5771574940118193,0.563,False,True
r1bqr1k1/pp1nbpp1/2p2n1p/3p4/3P3B/2NBP3/PPQ1NPPP/R3K2R w KQ -,2200-2399,e1c1,18,0.5555555555555556,0.5515666881200263,0.054,0.1637105309276346,0.3065,False,False
r1bqr1k1/pp1nbpp1/2p2n1p/3p4/3P3B/2NBP3/PPQ1NPPP/R3K2R w KQ -,2200-2399,e1g1,96,0.59375,0.5927000356077259,0.03145,0.5347026551064393,0.5275,True,True
r1bqr1k1/pp1nbpp1/2p2n1p/3p4/3P3B/2NBP3/PPQ1NPPP/R3K2R w KQ -,2200-2399,f2f3,31,0.7580645161290323,0.7452994456233669,0.91455,0.5099322468800617,0.507,False,False
r1bqr1k1/pp1nbpp1/2p2n1p/3p4/3P3B/2NBPN2/PPQ2PPP/R3K2R w KQ -,2200-2399,e1c1,22,0.4318181818181818,0.43533902171730954,0.0479,0.2147352695993377,0.4655,False,False
r1bqr1k1/pp1nbpp1/2p2n1p/3p4/3P3B/2NBPN2/PPQ2PPP/R3K2R w KQ -,2200-2399,e1g1,110,0.6045454545454545,0.6031209600401798,0.85725,0.5235931620123562,0.5315,True,True
r1bqr1k1/pp1nbpp1/2p2n1p/3p4/3P3B/2NBPN2/PPQ2PPP/R3K2R w KQ -,2200-2399,h2h3,14,0.42857142857142855,0.4352893963763478,0.09485,0.49587188964267676,0.5095,False,False
r1bqrnk1/pp2bppp/2p2n2/3p2B1/3P4/2NBP3/PPQ1NPPP/R4RK1 w - -,2200-2399,a1b1,16,0.6875,0.6702322332379669,0.6915,0.5750060010306259,0.5255,False,False
r1bqrnk1/pp2bppp/2p2n2/3p2B1/3P4/2NBP3/PPQ1NPPP/R4RK1 w - -,2200-2399,a1d1,24,0.5416666666666666,0.5383543663722128,0.1089,0.5735309333866558,0.524,False,False
r1bqrnk1/pp2bppp/2p2n2/3p2B1/3P4/2NBP3/PPQ1NPPP/R4RK1 w - -,2200-2399,a1e1,26,0.5769230769230769,0.5727023101205702,0.17055,0.5437386603939053,0.5265,False,False
r1bqrnk1/pp2bppp/2p2n2/3p2B1/3P4/2NBP3/PPQ1NPPP/R4RK1 w - -,2200-2399,f2f3,102,0.5294117647058824,0.5288833181353211,0.02905,0.6646597905982604,0.532,True,True
r1bqrnk1/pp2bppp/2p2n2/3p2B1/3P4/2NBPN2/PPQ2PPP/R4RK1 w - -,2200-2399,a1b1,120,0.5166666666666667,0.5163086039040893,0.0871,0.5708541826174187,0.54,False,False
r1bqrnk1/pp2bppp/2p2n2/3p2B1/3P4/2NBPN2/PPQ2PPP/R4RK1 w - -,2200-2399,a1e1,25,0.5,0.4997690469125171,0.1678,0.748079516215908,0.5265,True,False
r1bqrnk1/pp2bppp/2p2n2/3p2B1/3P4/2NBPN2/PPQ2PPP/R4RK1 w - -,2200-2399,f3e5,31,0.4838709677419355,0.48507495152205427,0.11695,0.43755768303065457,0.527,False,False
r1bqrnk1/pp2bppp/2p2n2/3p2B1/3P4/2NBPN2/PPQ2PPP/R4RK1 w - -,2200-2399,g5f6,12,0.4583333333333333,0.46424606514525796,0.16265,0.5032800428617308,0.488,False,False
r1bqrnk1/pp2bppp/2p2n2/3p2B1/3P4/2NBPN2/PPQ2PPP/R4RK1 w - -,2200-2399,h2h3,76,0.5723684210526315,0.5708591872855356,0.4655,0.5932357955832022,0.566,False,True
r1q2rk1/pp2bppp/2n1pn2/3p4/3P1Bb1/1QPB1N2/PP1N1PPP/R4RK1 w - -,2200-2399,a1e1,40,0.6875,0.6790367779911111,0.67865,0.6179730343614299,0.541,False,True
r1q2rk1/pp2bppp/2n1pn2/3p4/3P1Bb1/1QPB1N2/PP1N1PPP/R4RK1 w - -,2200-2399,f1e1,24,0.625,0.617457421905904,0.27265,0.6370557493632611,0.532,True,False
r1q2rk1/pp2bppp/2n1pn2/3p4/3P1Bb1/1QPB1N2/PP1N1PPP/R4RK1 w - -,2200-2399,f3e5,14,0.5,0.49923632985194083,0.0487,0.5554052924726101,0.5305,False,False
r2q1rk1/1b1nppbp/pp1p1np1/2p5/P2P1B2/2P1PN1P/1P1NBPP1/R2Q1RK1 w - -,2200-2399,d1b3,44,0.6363636363636364,0.631171667883305,0.9126,0.6478474663920478,0.51,False,False
r2q1rk1/1b1nppbp/pp1p1np1/2p5/P2P1B2/2P1PN1P/1P1NBPP1/R2Q1RK1 w - -,2200-2399,f1e1,19,0.3684210526315789,0.3779142094012956,0.01525,0.7650745013490796,0.5245,True,True
r2q1rk1/1b1nppbp/pp1p1np1/2p5/P2P1B2/2P1PN1P/1P1NBPP1/R2Q1RK1 w - -,2200-2399,f4h2,79,0.5063291139240507,0.5066706710433154,0.07215,0.7506665482792859,0.5205,False,False
r2q1rk1/1p1bppbp/p1np1np1/8/2PNP3/2N1B3/PP2BPPP/2RQ1RK1 w - -,2200-2399,d1d2,11,0.5454545454545454,0.5392930314726228,0.05785,0.5939908163882872,0.5335,False,True
r2q1rk1/1p1bppbp/p1np1np1/8/2PNP3/2N1B3/PP2BPPP/2RQ1RK1 w - -,2200-2399,f2f3,11,0.8181818181818182,0.7801343933498525,0.94215,0.6191675670586169,0.533,True,False
r2q1rk1/1p1bppbp/p1np1np1/8/2PNP3/2N1BP2/PP2B1PP/R2Q1RK1 w - -,2200-2399,a1c1,16,0.53125,0.5296938849638557,0.5186,0.6163377379380182,0.541,False,False
r2q1rk1/1p1bppbp/p1np1np1/8/2PNP3/2N1BP2/PP2B1PP/R2Q1RK1 w - -,2200-2399,d1d2,60,0.525,0.5247193632832036,0.4814,0.6280348901415912,0.612,True,True
r2q1rk1/1p1nbppp/p2pbn2/4p3/4P3/1NN1BP2/PPPQ2PP/2KR1B1R w - -,2200-2399,c1b1,21,0.42857142857142855,0.432339355607964,0.2738,0.6129913876673571,0.506,True,False
r2q1rk1/1p1nbppp/p2pbn2/4p3/4P3/1NN1BP2/PPPQ2PP/2KR1B1R w - -,2200-2399,g2g4,236,0.4957627118644068,0.4957014120451905,0.7262,0.5172312021758486,0.5525,False,True
r2q1rk1/2p2ppp/p1n1b3/1pbpP3/4n3/1BP2N2/PP1N1PPP/R1BQ1RK1 w - -,2200-2399,b3c2,47,0.35106382978723405,0.356139042382193,0.01955,0.4966639019044043,0.5465,False,True
r2q1rk1/2p2ppp/p1n1b3/1pbpP3/4n3/1BP2N2/PP1N1PPP/R1BQ1RK1 w - -,2200-2399,d1e2,13,0.6538461538461539,0.6383895422081381,0.98045,0.7426357691918323,0.5,True,False
r2q1rk1/3nppbp/b2p1np1/2pP4/8/2N2NP1/PP2PPBP/R1BQ1RK1 w - -,2200-2399,a1b1,132,0.625,0.623646047127387,0.5895,0.6213233250475731,0.583,True,True
r2q1rk1/3nppbp/b2p1np1/2pP4/8/2N2NP1/PP2PPBP/R1BQ1RK1 w - -,2200-2399,d1c2,36,0.5555555555555556,0.5536208268083328,0.17365,0.5764983554871695,0.582,False,False
r2q1rk1/3nppbp/b2p1np1/2pP4/8/2N2NP1/PP2PPBP/R1BQ1RK1 w - -,2200-2399,f1e1,44,0.36363636363636365,0.366842705447761,0.00045,0.47336189524970657,0.535,False,False
r2q1rk1/3nppbp/b2p1np1/2pP4/8/2N2NP1/PP2PPBP/R1BQ1RK1 w - -,2200-2399,h2h3,17,0.5588235294117647,0.5543135090348512,0.2364,0.5385404344136558,0.523,False,False
r2q1rk1/p1pb1ppp/2p5/2bpP3/3Nn3/4B3/PPP2PPP/RN1Q1RK1 w - -,2200-2399,b1d2,19,0.42105263157894735,0.42757217893065547,0.4455,0.44774760380423084,0.516,False,False
r2q1rk1/p1pb1ppp/2p5/2bpP3/3Nn3/4B3/PPP2PPP/RN1Q1RK1 w - -,2200-2399,f2f3,43,0.4418604651162791,0.4435696142555965,0.5545,0.5890773263244713,0.5185,True,True
r2q1rk1/pb1nbppp/1pp1pn2/8/2PPN3/5NP1/PPQ2PBP/R1B2RK1 w - -,2200-2399,f1d1,78,0.6602564102564102,0.6577226898279518,0.70465,0.7825937558741597,0.576,True,True
r2q1rk1/pb1nbppp/1pp1pn2/8/2PPN3/5NP1/PPQ2PBP/R1B2RK1 w - -,2200-2399,f3e5,19,0.6052631578947368,0.5975904252900709,0.29535,0.6821021413405506,0.507,False,False
r2q1rk1/pp1bppbp/3p1np1/4n3/3NP3/1BN1BP2/PPPQ2PP/R3K2R w KQ -,2200-2399,e1c1,56,0.5446428571428571,0.5439099313834392,0.94245,0.7725920348673234,0.633,True,True
r2q1rk1/pp1bppbp/3p1np1/4n3/3NP3/1BN1BP2/PPPQ2PP/R3K2R w KQ -,2200-2399,h2h4,27,0.37037037037037035,0.3776238610397407,0.05755,0.6748744024457652,0.62,False,False
r2q1rk1/pp1bppbp/3p1np1/8/2PBP3/2N2P2/PP1QB1PP/R3K2R b KQ -,2200-2399,a7a5,53,0.4528301886792453,0.4529456595295288,0.1975,0.4352850435735285,0.198,True,True
r2q1rk1/pp1bppbp/3p1np1/8/2PBP3/2N2P2/PP1QB1PP/R3K2R b KQ -,2200-2399,d7c6,55,0.5272727272727272,0.5270157858217491,0.8025,0.37171048501190507,0.1575,False,False
r2q1rk1/pp1bppbp/3p1np1/8/2PBP3/2N2P2/PP2B1PP/R2Q1RK1 b - -,2200-2399,a7a5,58,0.49137931034482757,0.4908961526889258,0.87385,0.483944820466242,0.45,True,True
r2q1rk1/pp1bppbp/3p1np1/8/2PBP3/2N2P2/PP2B1PP/R2Q1RK1 b - -,2200-2399,d7c6,69,0.39855072463768115,0.4011872455996588,0.12615,0.4368788059107436,0.4245,False,False
r2q1rk1/pp1bppbp/3p1np1/8/2PBP3/2N5/PP2BPPP/R2Q1RK1 w - -,2200-2399,a1c1,11,0.6818181818181818,0.6595991790773933,0.8682,0.5455583181594849,0.5155,False,False
r2q1rk1/pp1bppbp/3p1np1/8/2PBP3/2N5/PP2BPPP/R2Q1RK1 w - -,2200-2399,d1d2,27,0.48148148148148145,0.48380941038917974,0.1162,0.57239375447277,0.56,True,False
r2q1rk1/pp1bppbp/3p1np1/8/2PBP3/2N5/PP2BPPP/R2Q1RK1 w - -,2200-2399,f2f3,14,0.32142857142857145,0.33903103861330963,0.0156,0.5700575417016718,0.562,False,True
r2q1rk1/pp1n1ppp/2pb1p2/7b/3P4/2PB1N1P/PP3PP1/R1BQ1RK1 w - -,2200-2399,c1e3,10,0.6,0.5869242787793852,0.89785,0.47687434252640293,0.493,False,False
r2q1rk1/pp1n1ppp/2pb1p2/7b/3P4/2PB1N1P/PP3PP1/R1BQ1RK1 w - -,2200-2399,f1e1,28,0.375,0.38128553091145506,0.10215,0.4966940350045001,0.5065,True,True
r2q1rk1/pp1nbpp1/2p1bn1p/3p4/3P3B/2NBP3/PPQ1NPPP/R3K2R w KQ -,2200-2399,e1g1,27,0.5925925925925926,0.5886656439572283,0.28045,0.5499394045622946,0.5475,False,False
r2q1rk1/pp1nbpp1/2p1bn1p/3p4/3P3B/2NBP3/PPQ1NPPP/R3K2R w KQ -,2200-2399,e2f4,10,0.7,0.6736471604586017,0.71955,0.7482902179802112,0.639,True,True
r2q1rk1/pp1nbppp/2p2n2/3p2B1/3P4/2NQPN2/PP3PPP/R4RK1 w - -,2200-2399,a1b1,41,0.4024390243902439,0.4057284712801889,0.31365,0.49330148203297414,0.4965,False,False
r2q1rk1/pp1nbppp/2p2n2/3p2B1/3P4/2NQPN2/PP3PPP/R4RK1 w - -,2200-2399,a2a3,14,0.4642857142857143,0.46866969433499706,0.68635,0.49411967026844733,0.4985,True,True
r2q1rk1/pp2bppp/2bppn2/6B1/3QP3/2N2N2/PPP2PPP/2KRR3 w - -,2200-2399,c1b1,56,0.5982142857142857,0.5953106045774784,0.1191,0.2760597563957604,0.465,False,False
r2q1rk1/pp2bppp/2bppn2/6B1/3QP3/2N2N2/PPP2PPP/2KRR3 w - -,2200-2399,d4d2,29,0.603448275862069,0.5978837210781386,0.1642,0.6079260033116126,0.455,True,False
r2q1rk1/pp2bppp/2bppn2/6B1/3QP3/2N2N2/PPP2PPP/2KRR3 w - -,2200-2399,d4d3,12,0.6666666666666666,0.6469153364256545,0.4217,0.2455720879196198,0.49,False,False
r2q1rk1/pp2bppp/2bppn2/6B1/3QP3/2N2N2/PPP2PPP/2KRR3 w - -,2200-2399,e4e5,15,0.6333333333333333,0.6207764926245479,0.295,0.5848568550153577,0.5005,False,True
r2q1rk1/pp2bppp/2n1bn2/3pN1B1/2pP4/2N3P1/PP2PPBP/R2Q1RK1 w - -,2200-2399,b2b3,36,0.6111111111111112,0.6065583210171985,0.4909,0.745015831860357,0.528,True,False
r2q1rk1/pp2bppp/2n1bn2/3pN1B1/2pP4/2N3P1/PP2PPBP/R2Q1RK1 w - -,2200-2399,e2e3,11,0.5909090909090909,0.5801792531833666,0.41005,0.547577721790561,0.5255,False,False
r2q1rk1/pp2bppp/2n1bn2/3pN1B1/2pP4/2N3P1/PP2PPBP/R2Q1RK1 w - -,2200-2399,e5c6,51,0.43137254901960786,0.4329773823023715,0.00745,0.5114611329424064,0.526,False,False
r2q1rk1/pp2bppp/2n1bn2/3pN1B1/2pP4/2N3P1/PP2PPBP/R2Q1RK1 w - -,2200-2399,f2f4,38,0.5131578947368421,0.512006526399338,0.0916,0.5833899846383066,0.529,False,True
r2q1rk1/pp2ppbp/2n3p1/2p5/2BPP1b1/2P1BP2/P3N1PP/R2Q1RK1 b - -,2200-2399,c5d4,46,0.5108695652173914,0.5110221605881146,0.12785,0.4244175909122119,0.478,False,True
r2q1rk1/pp2ppbp/2n3p1/2p5/2BPP1b1/2P1BP2/P3N1PP/R2Q1RK1 b - -,2200-2399,c6a5,62,0.6048387096774194,0.6030213923449183,0.7865,0.44948731973605094,0.455,True,False
r2q1rk1/pp2ppbp/2n3p1/2p5/2BPP1b1/2P1BP2/P3N1PP/R2Q1RK1 b - -,2200-2399,g4d7,76,0.506578947368421,0.5069471099370361,0.08565,0.3874432711340821,0.473,False,False
r2q1rk1/pp2ppbp/3pbnp1/8/2BBP3/2N2P2/PPPQ2PP/R3K2R w KQ -,2200-2399,c4b3,24,0.4583333333333333,0.4602648467738258,0.162,0.5764924835132911,0.5385,False,False
r2q1rk1/pp2ppbp/3pbnp1/8/2BBP3/2N2P2/PPPQ2PP/R3K2R w KQ -,2200-2399,c4e6,13,0.6153846153846154,0.6043701218463773,0.838,0.7228578889612851,0.5405,True,True
r2q1rk1/pp2ppbp/3pbnp1/8/2PBP3/2N2P2/PP1Q2PP/R3KB1R w KQ -,2200-2399,a1c1,15,0.5666666666666667,0.561104961016145,0.69825,0.5360055290589153,0.5155,True,False
r2q1rk1/pp2ppbp/3pbnp1/8/2PBP3/2N2P2/PP1Q2PP/R3KB1R w KQ -,2200-2399,f1e2,39,0.5,0.5002577296808152,0.30175,0.5316017083629228,0.5255,False,True
r2q1rk1/pp2ppbp/3pbnp1/8/2PBP3/2N5/PP2BPPP/R2Q1RK1 w - -,2200-2399,a1c1,46,0.6630434782608695,0.6578731649520969,0.56715,0.5623208269729971,0.608,False,False
r2q1rk1/pp2ppbp/3pbnp1/8/2PBP3/2N5/PP2BPPP/R2Q1RK1 w - -,2200-2399,b2b3,24,0.5,0.5003475098771049,0.04215,0.5291832973455171,0.6465,False,True
r2q1rk1/pp2ppbp/3pbnp1/8/2PBP3/2N5/PP2BPPP/R2Q1RK1 w - -,2200-2399,d1d2,21,0.40476190476190477,0.4116300912355111,0.0035,0.5876407644155307,0.608,True,False
r2q1rk1/pp2ppbp/3pbnp1/8/2PBP3/2N5/PP2BPPP/R2Q1RK1 w - -,2200-2399,f2f4,15,0.6333333333333333,0.6226174071501632,0.3872,0.5613076889892892,0.644,False,False
r2q1rk1/pp2ppbp/3pbnp1/8/3BP1P1/2N2P2/PPPQ3P/R3KB1R w KQ -,2200-2399,c3d5,12,0.5,0.5021590624399431,0.46605,0.8262259018392968,0.5185,True,False
r2q1rk1/pp2ppbp/3pbnp1/8/3BP1P1/2N2P2/PPPQ3P/R3KB1R w KQ -,2200-2399,e1c1,22,0.3409090909090909,0.3502230899298115,0.03685,0.42148675708149114,0.5125,False,False
r2q1rk1/pp2ppbp/3pbnp1/8/3BP1P1/2N2P2/PPPQ3P/R3KB1R w KQ -,2200-2399,h2h4,51,0.5098039215686274,0.50925160780836,0.4971,0.5547227274869491,0.8385,False,True
r2q1rk1/pp3ppp/2n1bn2/2bp2B1/8/2N2NP1/PP2PPBP/R2Q1RK1 w - -,2200-2399,a1c1,36,0.6527777777777778,0.645341218807413,0.44465,0.7291978099804337,0.602,True,False
r2q1rk1/pp3ppp/2n1bn2/2bp2B1/8/2N2NP1/PP2PPBP/R2Q1RK1 w - -,2200-2399,e2e3,10,0.4,0.41480734342486375,0.02485,0.7215436702684243,0.541,False,False
r2q1rk1/pp3ppp/2n1bn2/2bp2B1/8/2N2NP1/PP2PPBP/R2Q1RK1 w - -,2200-2399,g5f6,21,0.6666666666666666,0.6561799485417372,0.5305,0.6578347328498386,0.6765,False,True
r2q1rk1/ppp2ppp/1nnp1b2/8/2PP2b1/1PN1BN2/P3BPPP/R2Q1RK1 b - -,2200-2399,d6d5,17,0.7058823529411765,0.6894215652971125,0.92095,0.236498828868758,0.3755,False,True
r2q1rk1/ppp2ppp/1nnp1b2/8/2PP2b1/1PN1BN2/P3BPPP/R2Q1RK1 b - -,2200-2399,f8e8,13,0.46153846153846156,0.4664784223036529,0.07905,0.31463551045251575,0.322,True,False
r2qk2r/1p1nbpp1/p2pbn2/4p2p/4P3/1NN1BP2/PPPQ2PP/2KR1B1R w kq -,2200-2399,c1b1,32,0.546875,0.5442300572192874,0.9457,0.5445349460178343,0.514,True,True
r2qk2r/1p1nbpp1/p2pbn2/4p2p/4P3/1NN1BP2/PPPQ2PP/2KR1B1R w kq -,2200-2399,h2h3,11,0.2727272727272727,0.3000703027573214,0.0543,0.524566690875095,0.497,False,False
r2qk2r/1p3ppp/p1nbpn2/3p4/3P1B2/2NQPN2/PP3PPP/R4RK1 w kq -,2200-2399,f4d6,23,0.5652173913043478,0.5617710126883777,0.6874,0.5024596228934861,0.514,True,True
r2qk2r/1p3ppp/p1nbpn2/3p4/3P1B2/2NQPN2/PP3PPP/R4RK1 w kq -,2200-2399,f4g5,20,0.5,0.5001342058339767,0.3126,0.5007387049982532,0.5055,False,False
r2qk2r/3nppbp/3p1np1/2pP4/4P3/2N3P1/PP3PKP/R1BQ2NR w kq -,2200-2399,g1e2,12,0.20833333333333334,0.23996902880196644,0.0065,0.6853352647881965,0.5955,True,False
r2qk2r/3nppbp/3p1np1/2pP4/4P3/2N3P1/PP3PKP/R1BQ2NR w kq -,2200-2399,g1f3,41,0.5853658536585366,0.5828015521103621,0.9935,0.6013080562255501,0.727,False,True
r2qk2r/p1pb1ppp/1bp5/3pP3/3Nn3/4B3/PPP2PPP/RN1Q1RK1 w kq -,2200-2399,b1d2,16,0.4375,0.444234601825671,0.6612,0.43801398938964126,0.497,False,True
r2qk2r/p1pb1ppp/1bp5/3pP3/3Nn3/4B3/PPP2PPP/RN1Q1RK1 w kq -,2200-2399,f2f3,34,0.38235294117647056,0.38775029548707685,0.3388,0.45068648421719265,0.4815,True,False
r2qk2r/p1pb1ppp/2p5/2bpP1n1/3N4/5P2/PPP3PP/RNBQ1RK1 w kq -,2200-2399,c1e3,92,0.6358695652173914,0.6335403205606215,0.935,0.5220297071855636,0.5055,False,False
r2qk2r/p1pb1ppp/2p5/2bpP1n1/3N4/5P2/PPP3PP/RNBQ1RK1 w kq -,2200-2399,f3f4,147,0.5408163265306123,0.5404473705091989,0.065,0.5534291521339142,0.507,True,True
r2qk2r/p1pbbppp/2p5/2npP3/3N4/5P2/PPP3PP/RNBQ1RK1 w kq -,2200-2399,c1e3,11,0.5,0.4988529501689624,0.3976,0.46302901341197045,0.484,False,False
r2qk2r/p1pbbppp/2p5/2npP3/3N4/5P2/PPP3PP/RNBQ1RK1 w kq -,2200-2399,f3f4,22,0.5454545454545454,0.5421426848469171,0.6024,0.552522424546049,0.525,True,True
r2qk2r/pp2bppp/2n1b3/3pPp2/3P4/2N2N2/PP3PPP/R1BQ1RK1 w kq -,2200-2399,a2a3,17,0.47058823529411764,0.4733576630041447,0.06685,0.6350396065006225,0.4605,True,False
r2qk2r/pp2bppp/2n1b3/3pPp2/3P4/2N2N2/PP3PPP/R1BQ1RK1 w kq -,2200-2399,c1e3,13,0.7307692307692307,0.7066675889805362,0.93315,0.5362420516591556,0.4625,False,True
r2qkb1r/1b1n1ppp/p3pn2/1pp5/3PP3/2NB1N2/PP3PPP/R1BQ1RK1 w kq -,2200-2399,d4d5,36,0.6805555555555556,0.6733800858540253,0.6822,0.6249776811395444,0.528,True,True
r2qkb1r/1b1n1ppp/p3pn2/1pp5/3PP3/2NB1N2/PP3PPP/R1BQ1RK1 w kq -,2200-2399,e4e5,13,0.6153846153846154,0.6037713187173661,0.3178,0.2845985349977283,0.5045,False,False
r2qkb1r/1b3ppp/pn1ppn2/1p6/3NP1P1/2N1BP2/PPPQ3P/2KR1B1R w kq -,2200-2399,g4g5,24,0.625,0.6172417159025867,0.8816,0.5107446720841243,0.6275,True,True
r2qkb1r/1b3ppp/pn1ppn2/1p6/3NP1P1/2N1BP2/PPPQ3P/2KR1B1R w kq -,2200-2399,h2h4,16,0.4375,0.4430742970362028,0.1184,0.4948094576948525,0.5275,False,False
r2qkb1r/pQ3ppp/4p3/1n1n4/8/2N2P2/PP3P1P/R1B1K2R w KQkq -,2200-2399,b7b5,20,0.4,0.4069989594362963,0.1557,0.503,0.4995,False,False
r2qkb1r/pQ3ppp/4p3/1n1n4/8/2N2P2/PP3P1P/R1B1K2R w KQkq -,2200-2399,b7c6,148,0.5067567567567568,0.5067756803455788,0.8443,0.7418629841427752,0.51,True,True
r2qkb1r/pp1nppp1/2p2n1p/7P/3P4/3Q1NN1/PPP2PP1/R1B1K2R w KQkq -,2200-2399,c1d2,173,0.5751445086705202,0.5745413368507027,0.1822,0.5626567732007041,0.5225,False,False
r2qkb1r/pp1nppp1/2p2n1p/7P/3P4/3Q1NN1/PPP2PP1/R1B1K2R w KQkq -,2200-2399,c1f4,107,0.6261682242990654,0.6243478012888669,0.8178,0.6261256592113551,0.526,True,True
r2qkb1r/pp3ppp/2p1pn2/7b/3P4/2PB1N1P/PP3PP1/R1BQK2R w KQkq -,2200-2399,c1f4,10,0.3,0.32621358665862366,0.0376,0.4901016654961776,0.503,False,False
r2qkb1r/pp3ppp/2p1pn2/7b/3P4/2PB1N1P/PP3PP1/R1BQK2R w KQkq -,2200-2399,c1g5,10,0.4,0.41263638572258077,0.1287,0.48365343758025287,0.4885,False,False
r2qkb1r/pp3ppp/2p1pn2/7b/3P4/2PB1N1P/PP3PP1/R1BQK2R w KQkq -,2200-2399,e1g1,13,0.5,0.4999651553055072,0.32805,0.5139221068511949,0.5065,True,True
r2qkb1r/pp3ppp/2p1pn2/7b/3P4/2PB1N1P/PP3PP1/R1BQK2R w KQkq -,2200-2399,g2g4,11,0.5454545454545454,0.5398417442486102,0.50565,0.49561700123813734,0.5045,False,False
r2qkbnr/pp1n1pp1/2p1p2p/7P/3P4/3Q1NN1/PPP2PP1/R1B1K2R w KQkq -,2200-2399,c1d2,619,0.5387722132471728,0.5385169002025416,0.89295,0.5597163738822144,0.5205,False,True
r2qkbnr/pp1n1pp1/2p1p2p/7P/3P4/3Q1NN1/PPP2PP1/R1B1K2R w KQkq -,2200-2399,c1f4,323,0.4984520123839009,0.4985250016702021,0.10705,0.6095950286799128,0.52,True,False
r2qr1k1/1bp1bppp/p1np1n2/1p2p3/3PP3/1BP2N1P/PP3PP1/RNBQR1K1 w - -,2200-2399,a2a4,11,0.45454545454545453,0.4600019469049356,0.1422,0.5312246044039165,0.525,False,False
r2qr1k1/1bp1bppp/p1np1n2/1p2p3/3PP3/1BP2N1P/PP3PP1/RNBQR1K1 w - -,2200-2399,b1d2,163,0.5153374233128835,0.5153102467844252,0.088,0.6517805976559156,0.5495,True,False
r2qr1k1/1bp1bppp/p1np1n2/1p2p3/3PP3/1BP2N1P/PP3PP1/RNBQR1K1 w - -,2200-2399,f3g5,47,0.6063829787234043,0.6034699202468371,0.7698,0.5578332215542042,0.556,False,True
r3k2r/p1ppqpbp/b1p3p1/3nP3/2P5/1P6/PB2QPPP/RN2KB1R w KQkq -,2200-2399,b1d2,22,0.4772727272727273,0.47807214475612647,0.68055,0.5082990101545034,0.495,False,False
r3k2r/p1ppqpbp/b1p3p1/3nP3/2P5/1P6/PB2QPPP/RN2KB1R w KQkq -,2200-2399,g2g3,16,0.40625,0.41385356817148083,0.31945,0.5182327932695587,0.503,True,True
r3k2r/ppp2ppp/2n1bP2/2b2qN1/2pp4/2N5/PPP2PPP/R1BQR1K1 w kq -,2200-2399,c3e4,43,0.45348837209302323,0.45417436112816734,0.9235,0.15932471544202953,0.5,False,True
r3k2r/ppp2ppp/2n1bP2/2b2qN1/2pp4/2N5/PPP2PPP/R1BQR1K1 w kq -,2200-2399,g2g4,11,0.22727272727272727,0.26003634093230715,0.0765,0.44170183098221766,0.5,True,False
r3kbnr/1p1b1ppp/p3p3/3pP3/3q4/2NB4/PP3PPP/R1BQ1RK1 w kq -,2200-2399,c1e3,17,0.4117647058823529,0.41830139358618906,0.0123,0.7734748625162924,0.005,True,False
r3kbnr/1p1b1ppp/p3p3/3pP3/3q4/2NB4/PP3PPP/R1BQ1RK1 w kq -,2200-2399,d1e2,71,0.4225352112676056,0.42439319083168275,0.00055,0.44646535603227655,0.2995,False,False
r3kbnr/1p1b1ppp/p3p3/3pP3/3q4/2NB4/PP3PPP/R1BQ1RK1 w kq -,2200-2399,d1f3,29,0.6896551724137931,0.6798140715658872,0.66465,0.1682219648896581,0.185,False,False
r3kbnr/1p1b1ppp/p3p3/3pP3/3q4/2NB4/PP3PPP/R1BQ1RK1 w kq -,2200-2399,f1e1,21,0.35714285714285715,0.36629734321141216,0.0029,0.7189292085296232,0.3355,False,True
r3kbnr/1p1b1ppp/p3p3/3pP3/3q4/2NB4/PP3PPP/R1BQ1RK1 w kq -,2200-2399,g1h1,12,0.625,0.61141691226913,0.3196,0.32358742484304936,0.013,False,False
r4rk1/1bqnbppp/pp1ppn2/8/2PNP3/2N1BP2/PP1QB1PP/2R2RK1 w - -,2200-2399,b2b4,11,0.6363636363636364,0.6201201727747832,0.8544,0.5915197576993559,0.618,True,True
r4rk1/1bqnbppp/pp1ppn2/8/2PNP3/2N1BP2/PP1QB1PP/2R2RK1 w - -,2200-2399,f1d1,79,0.46835443037974683,0.46905614170817506,0.1456,0.5656777174868579,0.6005,False,False
r4rk1/pp1bppbp/2np1np1/q7/2BNP3/2N1BP2/PPPQ2PP/2KR3R w - -,2200-2399,c1b1,57,0.5263157894736842,0.5254310036297843,0.5882,0.6951738051750371,0.7165,False,False
r4rk1/pp1bppbp/2np1np1/q7/2BNP3/2N1BP2/PPPQ2PP/2KR3R w - -,2200-2399,c4b3,26,0.5,0.5009350773865852,0.4118,0.7304393858593111,0.7205,True,True
r4rk1/pp1bppbp/2np1np1/q7/3NP3/1BN1B2P/PPP2PP1/R2Q1RK1 w - -,2200-2399,d1d2,19,0.5,0.49959168927694325,0.14935,0.4558027926985138,0.49,False,False
r4rk1/pp1bppbp/2np1np1/q7/3NP3/1BN1B2P/PPP2PP1/R2Q1RK1 w - -,2200-2399,f1e1,110,0.6045454545454545,0.6032648880334396,0.6892,0.5898345316950193,0.545,False,True
r4rk1/pp1bppbp/2np1np1/q7/3NP3/1BN1B2P/PPP2PP1/R2Q1RK1 w - -,2200-2399,f2f4,105,0.5523809523809524,0.5515194696899116,0.16145,0.5946863141279349,0.514,True,False
r4rk1/pp1qppbp/2np1np1/8/2PNP3/2N1BP2/PP4PP/R2QK2R w KQ -,2200-2399,a1c1,34,0.6323529411764706,0.6267121768989481,0.1984,0.5167457335182642,0.5105,True,False
r4rk1/pp1qppbp/2np1np1/8/2PNP3/2N1BP2/PP4PP/R2QK2R w KQ -,2200-2399,d1d2,16,0.75,0.7280151277539378,0.79835,0.5163462984279575,0.498,False,False
r4rk1/pp1qppbp/2np1np1/8/2PNP3/2N1BP2/PP4PP/R2QK2R w KQ -,2200-2399,e1g1,95,0.5,0.5001141522325672,0.00325,0.4901914036579208,0.515,False,True
r4rk1/pp3ppp/2nqpn2/3p4/3P2b1/2PB1N2/PP1N1PPP/R2Q1RK1 w - -,2200-2399,d1e1,26,0.7692307692307693,0.754391348966913,0.96735,0.643752634480093,0.5055,True,False
r4rk1/pp3ppp/2nqpn2/3p4/3P2b1/2PB1N2/PP1N1PPP/R2Q1RK1 w - -,2200-2399,f1e1,33,0.4393939393939394,0.44211421483159946,0.00095,0.5092154578560488,0.515,False,True
r4rk1/pp3ppp/2nqpn2/3p4/3P2b1/2PB1N2/PP1N1PPP/R2Q1RK1 w - -,2200-2399,h2h3,13,0.5,0.5001629778236377,0.0317,0.5019041696491026,0.5045,False,False
r4rk1/ppp2ppp/2n2n2/3q4/3P2b1/2P2N2/P3BPPP/R1BQ1RK1 w - -,2200-2399,c3c4,11,0.36363636363636365,0.38131757745593853,0.1293,0.6358291865211403,0.525,False,False
r4rk1/ppp2ppp/2n2n2/3q4/3P2b1/2P2N2/P3BPPP/R1BQ1RK1 w - -,2200-2399,h2h3,12,0.5833333333333334,0.5741835806303452,0.8707,0.6665894587724188,0.596,True,True
r4rk1/ppqn1ppp/2pb1n2/3p2B1/3P2b1/2PB1N2/PPQN1PPP/R4RK1 w - -,2200-2399,a1e1,26,0.5,0.49968164310367813,0.11685,0.5288790163844315,0.5065,True,False
r4rk1/ppqn1ppp/2pb1n2/3p2B1/3P2b1/2PB1N2/PPQN1PPP/R4RK1 w - -,2200-2399,f1e1,38,0.40789473684210525,0.4117558388605577,0.01575,0.5091214219061705,0.5075,False,False
r4rk1/ppqn1ppp/2pb1n2/3p2B1/3P2b1/2PB1N2/PPQN1PPP/R4RK1 w - -,2200-2399,g5h4,28,0.4642857142857143,0.46604942184824666,0.06185,0.5069367964645166,0.5035,False,False
r4rk1/ppqn1ppp/2pb1n2/3p2B1/3P2b1/2PB1N2/PPQN1PPP/R4RK1 w - -,2200-2399,h2h3,12,0.6666666666666666,0.6479645020267062,0.80555,0.5003435093051974,0.511,False,True
rn1q1rk1/1p2bppp/3pbn2/p3p3/4P3/1NN1BP2/PPPQ2PP/2KR1B1R w - -,2200-2399,a2a4,44,0.48863636363636365,0.48868894692284864,0.29735,0.7437960459193949,0.7035,False,True
rn1q1rk1/1p2bppp/3pbn2/p3p3/4P3/1NN1BP2/PPPQ2PP/2KR1B1R w - -,2200-2399,c1b1,16,0.5,0.5000353081360281,0.4055,0.6824972664402307,0.544,False,False
rn1q1rk1/1p2bppp/3pbn2/p3p3/4P3/1NN1BP2/PPPQ2PP/2KR1B1R w - -,2200-2399,f1b5,34,0.4852941176470588,0.48628041138252165,0.29715,0.789822713063354,0.632,True,False
rn1q1rk1/1p2bppp/p2pbn2/8/4Pp2/1NN1B3/PPP1B1PP/R2Q1RK1 w - -,2200-2399,e3f4,14,0.5,0.5006659754298887,0.7682,0.4675260486613099,0.5065,False,True
rn1q1rk1/1p2bppp/p2pbn2/8/4Pp2/1NN1B3/PPP1B1PP/R2Q1RK1 w - -,2200-2399,f1f4,10,0.35,0.3700122734995615,0.2318,0.4749266675484873,0.5,True,False
rn1q1rk1/1p3pbp/p2p1np1/2pP4/P3P1b1/2N2N2/1P2BPPP/R1BQ1RK1 w - -,2200-2399,c1f4,13,0.5769230769230769,0.5689772247568401,0.75475,0.6551063586495909,0.577,False,True
rn1q1rk1/1p3pbp/p2p1np1/2pP4/P3P1b1/2N2N2/1P2BPPP/R1BQ1RK1 w - -,2200-2399,f3d2,26,0.4423076923076923,0.44614201065995246,0.1813,0.6961377381764439,0.5485,True,False
rn1q1rk1/1p3pbp/p2p1np1/2pP4/P3P1b1/2N2N2/1P2BPPP/R1BQ1RK1 w - -,2200-2399,h2h3,10,0.3,0.326191625684628,0.06395,0.5494315755809197,0.5395,False,False
rn1q1rk1/4ppbp/3p1np1/2pP4/4P3/2N2NP1/PP3PKP/R1BQ3R b - -,2200-2399,b8a6,19,0.5789473684210527,0.5717533656362872,0.34075,0.29366514509493574,0.275,False,False
rn1q1rk1/4ppbp/3p1np1/2pP4/4P3/2N2NP1/PP3PKP/R1BQ3R b - -,2200-2399,b8d7,169,0.3905325443786982,0.39180977693450664,0.0006,0.3811943135474368,0.301,True,False
rn1q1rk1/4ppbp/3p1np1/2pP4/4P3/2N2NP1/PP3PKP/R1BQ3R b - -,2200-2399,d8a5,22,0.5909090909090909,0.5848277588252658,0.39975,0.32489855852882643,0.245,False,False
rn1q1rk1/4ppbp/3p1np1/2pP4/4P3/2N2NP1/PP3PKP/R1BQ3R b - -,2200-2399,d8b6,12,0.5416666666666666,0.5376644198752055,0.2589,0.3600400917616602,0.3505,False,True
rn1q1rk1/4ppbp/3p1np1/2pP4/4P3/2N3P1/PP3PKP/R1BQ2NR w - -,2200-2399,g1e2,27,0.5740740740740741,0.5714161482767341,0.46835,0.6108374072980927,0.5605,False,False
rn1q1rk1/4ppbp/3p1np1/2pP4/4P3/2N3P1/PP3PKP/R1BQ2NR w - -,2200-2399,g1f3,129,0.5813953488372093,0.580500773406248,0.53165,0.6442461102922444,0.6725,True,True
rn1qkb1r/pp3pp1/2p1pn1p/7P/3P4/3Q1NN1/PPP2PP1/R1B1K2R w KQkq -,2200-2399,c1d2,108,0.47685185185185186,0.4769469916969405,0.54815,0.5538606274737129,0.517,True,True
rn1qkb1r/pp3pp1/2p1pn1p/7P/3P4/3Q1NN1/PPP2PP1/R1B1K2R w KQkq -,2200-2399,c1f4,63,0.46825396825396826,0.46862434350587745,0.45185,0.538057993507322,0.5065,False,False
rnb1kb1r/1p3pp1/p2ppn1p/8/3NPP1B/q1N5/P1PQ2PP/1R2KB1R w Kkq -,2200-2399,e4e5,59,0.3898305084745763,0.3926598084249385,0.0019,0.5244085586071008,0.5515,False,True
rnb1kb1r/1p3pp1/p2ppn1p/8/3NPP1B/q1N5/P1PQ2PP/1R2KB1R w Kkq -,2200-2399,f4f5,22,0.6136363636363636,0.6053878664245118,0.4144,0.6586013028493206,0.5125,True,False
rnb1kb1r/1p3pp1/p2ppn1p/8/3NPP1B/q1N5/P1PQ2PP/1R2KB1R w Kkq -,2200-2399,h4f6,21,0.6428571428571429,0.6332443669287616,0.5837,0.457569292729571,0.511,False,False
rnb2rk1/p1p1qpp1/1p5p/3p4/3P4/4PN2/PP3PPP/R2QKB1R w KQ -,2200-2399,a1c1,22,0.4090909090909091,0.414552728772283,0.4316,0.8189980931781742,0.5,True,True
rnb2rk1/p1p1qpp1/1p5p/3p4/3P4/4PN2/PP3PPP/R2QKB1R w KQ -,2200-2399,f1d3,29,0.43103448275862066,0.43493607331240003,0.5684,0.4972567134494144,0.499,False,False
rnb2rk1/pp2ppbp/6p1/q7/3PP3/5N2/P3BPPP/1RBQK2R w K -,2200-2399,c1d2,93,0.34946236559139787,0.35167076249389123,0.0773,0.6793985486443874,0.527,True,True
rnb2rk1/pp2ppbp/6p1/q7/3PP3/5N2/P3BPPP/1RBQK2R w K -,2200-2399,d1d2,59,0.4491525423728814,0.45072019984398964,0.9227,0.6302461898696731,0.508,False,False
rnb2rk1/ppp1qpp1/7p/3p4/3P4/2P1PN2/P4PPP/R2QKB1R w KQ -,2200-2399,d1b3,25,0.46,0.4623696010661821,0.63015,0.5261844989339513,0.5045,True,False
rnb2rk1/ppp1qpp1/7p/3p4/3P4/2P1PN2/P4PPP/R2QKB1R w KQ -,2200-2399,f1d3,17,0.4117647058823529,0.4182111358264797,0.36985,0.5210973372286342,0.507,False,True
rnbq1k1r/pp3pp1/4p2p/2ppP3/3P2Q1/2PB4/P1PK1PPP/R5NR w - c6,2200-2399,g1f3,28,0.44642857142857145,0.44948519796830916,0.61565,0.5292798626857688,0.5265,False,False
rnbq1k1r/pp3pp1/4p2p/2ppP3/3P2Q1/2PB4/P1PK1PPP/R5NR w - c6,2200-2399,h2h4,47,0.4148936170212766,0.41711184155223263,0.38435,0.730438504107636,0.5375,True,True
rnbq1rk1/p4pbp/3p2p1/1BpP4/4n3/2N2N1P/PP3PP1/R1BQK2R w KQ -,2200-2399,c3e4,99,0.51010101010101,0.509579903721777,0.76935,0.16333469964367436,0.545,False,True
rnbq1rk1/p4pbp/3p2p1/1BpP4/4n3/2N2N1P/PP3PP1/R1BQK2R w KQ -,2200-2399,e1g1,10,0.4,0.4123408195048199,0.23065,0.5510027020554468,0.4975,True,False
rnbq1rk1/pp3ppp/4p3/8/3PP3/5N2/P2Q1PPP/R3KB1R w KQ -,2200-2399,f1b5,29,0.4482758620689655,0.45046761173090355,0.1271,0.5367802344766105,0.506,True,False
rnbq1rk1/pp3ppp/4p3/8/3PP3/5N2/P2Q1PPP/R3KB1R w KQ -,2200-2399,f1c4,343,0.5393586005830904,0.5393769085075403,0.5807,0.5298501242405513,0.512,False,False
rnbq1rk1/pp3ppp/4p3/8/3PP3/5N2/P2Q1PPP/R3KB1R w KQ -,2200-2399,f1d3,130,0.5153846153846153,0.5148838365328429,0.25595,0.5235423830054459,0.5145,False,True
rnbq1rk1/pp3ppp/4p3/8/3PP3/5N2/P2Q1PPP/R3KB1R w KQ -,2200-2399,f1e2,103,0.46116504854368934,0.46176658797841336,0.03625,0.5193576241439509,0.503,False,False
rnbqk2r/1p2ppb1/p2p3p/4n1p1/3NP3/2N3BP/PPP2PP1/R2QKB1R w KQkq -,2200-2399,d4f5,13,0.5769230769230769,0.5670500025385637,0.2615,0.586554170952344,0.5395,True,True
rnbqk2r/1p2ppb1/p2p3p/4n1p1/3NP3/2N3BP/PPP2PP1/R2QKB1R w KQkq -,2200-2399,f2f3,20,0.675,0.6639834507311554,0.7385,0.49208744838982743,0.516,False,False
rnbqr1k1/1p3pbp/p2p1np1/2pP4/P7/2N2NP1/1P2PPBP/R1BQ1RK1 w - -,2200-2399,c1f4,73,0.6027397260273972,0.6004975068477298,0.63085,0.6672641958594042,0.551,True,True
rnbqr1k1/1p3pbp/p2p1np1/2pP4/P7/2N2NP1/1P2PPBP/R1BQ1RK1 w - -,2200-2399,f1e1,14,0.39285714285714285,0.4028410418973737,0.04525,0.6540501228288217,0.537,False,False
rnbqr1k1/1p3pbp/p2p1np1/2pP4/P7/2N2NP1/1P2PPBP/R1BQ1RK1 w - -,2200-2399,f3d2,89,0.5730337078651685,0.5716662777001521,0.3239,0.6371763900852989,0.526,False,False
